dataset,subject_id,model,seed,action,status,job_dir,checkpoint_id,subject_metric,num_recordings,error,source_protocol
weissbart_tf64,P00,ridge,0,reuse_existing,success,experiments/gate0_gate2_full_subject_single_seed/jobs/weissbart_tf64/P00/ridge/seed_0,ridge_alpha_100.0,0.13254733446979064,15,,gate0_gate2_full_subject_single_seed_v1
weissbart_tf64,P00,cca,0,reuse_existing,success,experiments/gate0_gate2_full_subject_single_seed/jobs/weissbart_tf64/P00/cca/seed_0,cca_nc_2,0.06411140220705791,15,,gate0_gate2_full_subject_single_seed_v1
weissbart_tf64,P00,fcnn,0,reuse_existing,success,experiments/gate0_gate2_full_subject_single_seed/jobs/weissbart_tf64/P00/fcnn/seed_0,fcnn_epoch_7,0.06643642328319224,15,,gate0_gate2_full_subject_single_seed_v1
weissbart_tf64,P00,adt,0,reuse_existing,success,experiments/gate0_gate2_full_subject_single_seed/jobs/weissbart_tf64/P00/adt/seed_0,adt_epoch_5,0.20621424426632606,15,,gate0_gate2_full_subject_single_seed_v1
weissbart_tf64,P00,dnn,0,reuse_existing,success,experiments/gate0_gate2_full_subject_single_seed/jobs/weissbart_tf64/P00/dnn/seed_0,dnn_epoch_7,0.06553855512055622,15,,gate0_gate2_full_subject_single_seed_v1
weissbart_tf64,P00,cnn,0,reuse_existing,success,experiments/gate0_gate2_full_subject_single_seed/jobs/weissbart_tf64/P00/cnn/seed_0,cnn_epoch_6,0.154926323613149,15,,gate0_gate2_full_subject_single_seed_v1
weissbart_tf64,P00,eegnet,0,reuse_existing,success,experiments/gate0_gate2_full_subject_single_seed/jobs/weissbart_tf64/P00/eegnet/seed_0,eegnet_epoch_29,0.1558581841991332,15,,gate0_gate2_full_subject_single_seed_v1
weissbart_tf64,P01,ridge,0,reuse_existing,success,experiments/gate0_gate2_full_subject_single_seed/jobs/weissbart_tf64/P01/ridge/seed_0,ridge_alpha_1.0,0.08419014163262838,15,,gate0_gate2_full_subject_single_seed_v1
weissbart_tf64,P01,cca,0,reuse_existing,success,experiments/gate0_gate2_full_subject_single_seed/jobs/weissbart_tf64/P01/cca/seed_0,cca_nc_4,0.09495414914277106,15,,gate0_gate2_full_subject_single_seed_v1
weissbart_tf64,P01,fcnn,0,reuse_existing,success,experiments/gate0_gate2_full_subject_single_seed/jobs/weissbart_tf64/P01/fcnn/seed_0,fcnn_epoch_5,0.09669471547538426,15,,gate0_gate2_full_subject_single_seed_v1
weissbart_tf64,P01,adt,0,reuse_existing,success,experiments/gate0_gate2_full_subject_single_seed/jobs/weissbart_tf64/P01/adt/seed_0,adt_epoch_5,0.0942752946739429,15,,gate0_gate2_full_subject_single_seed_v1
weissbart_tf64,P01,dnn,0,reuse_existing,success,experiments/gate0_gate2_full_subject_single_seed/jobs/weissbart_tf64/P01/dnn/seed_0,dnn_epoch_5,0.09668409091070873,15,,gate0_gate2_full_subject_single_seed_v1
weissbart_tf64,P01,cnn,0,reuse_existing,success,experiments/gate0_gate2_full_subject_single_seed/jobs/weissbart_tf64/P01/cnn/seed_0,cnn_epoch_7,0.07925825299208823,15,,gate0_gate2_full_subject_single_seed_v1
weissbart_tf64,P01,eegnet,0,reuse_existing,success,experiments/gate0_gate2_full_subject_single_seed/jobs/weissbart_tf64/P01/eegnet/seed_0,eegnet_epoch_20,0.0932276792611222,15,,gate0_gate2_full_subject_single_seed_v1
weissbart_tf64,P02,ridge,0,reuse_existing,success,experiments/gate0_gate2_full_subject_single_seed/jobs/weissbart_tf64/P02/ridge/seed_0,ridge_alpha_100.0,0.1461383795288638,15,,gate0_gate2_full_subject_single_seed_v1
weissbart_tf64,P02,cca,0,reuse_existing,success,experiments/gate0_gate2_full_subject_single_seed/jobs/weissbart_tf64/P02/cca/seed_0,cca_nc_4,0.04335437285897882,15,,gate0_gate2_full_subject_single_seed_v1
weissbart_tf64,P02,fcnn,0,reuse_existing,success,experiments/gate0_gate2_full_subject_single_seed/jobs/weissbart_tf64/P02/fcnn/seed_0,fcnn_epoch_3,0.11354478030750972,15,,gate0_gate2_full_subject_single_seed_v1
weissbart_tf64,P02,adt,0,reuse_existing,success,experiments/gate0_gate2_full_subject_single_seed/jobs/weissbart_tf64/P02/adt/seed_0,adt_epoch_10,0.1335702987037615,15,,gate0_gate2_full_subject_single_seed_v1
weissbart_tf64,P02,dnn,0,reuse_existing,success,experiments/gate0_gate2_full_subject_single_seed/jobs/weissbart_tf64/P02/dnn/seed_0,dnn_epoch_3,0.11354515352130458,15,,gate0_gate2_full_subject_single_seed_v1
weissbart_tf64,P02,cnn,0,reuse_existing,success,experiments/gate0_gate2_full_subject_single_seed/jobs/weissbart_tf64/P02/cnn/seed_0,cnn_epoch_1,0.11026934512054705,15,,gate0_gate2_full_subject_single_seed_v1
weissbart_tf64,P02,eegnet,0,reuse_existing,success,experiments/gate0_gate2_full_subject_single_seed/jobs/weissbart_tf64/P02/eegnet/seed_0,eegnet_epoch_16,0.1787322480163093,15,,gate0_gate2_full_subject_single_seed_v1
weissbart_tf64,P03,ridge,0,reuse_existing,success,experiments/gate0_gate2_full_subject_single_seed/jobs/weissbart_tf64/P03/ridge/seed_0,ridge_alpha_100.0,0.15328675079009205,15,,gate0_gate2_full_subject_single_seed_v1
weissbart_tf64,P03,cca,0,reuse_existing,success,experiments/gate0_gate2_full_subject_single_seed/jobs/weissbart_tf64/P03/cca/seed_0,cca_nc_4,0.09235633099448197,15,,gate0_gate2_full_subject_single_seed_v1
weissbart_tf64,P03,fcnn,0,reuse_existing,success,experiments/gate0_gate2_full_subject_single_seed/jobs/weissbart_tf64/P03/fcnn/seed_0,fcnn_epoch_0,0.09301722644919923,15,,gate0_gate2_full_subject_single_seed_v1
weissbart_tf64,P03,adt,0,reuse_existing,success,experiments/gate0_gate2_full_subject_single_seed/jobs/weissbart_tf64/P03/adt/seed_0,adt_epoch_3,0.17165821755137783,15,,gate0_gate2_full_subject_single_seed_v1
weissbart_tf64,P03,dnn,0,reuse_existing,success,experiments/gate0_gate2_full_subject_single_seed/jobs/weissbart_tf64/P03/dnn/seed_0,dnn_epoch_0,0.09301722353610266,15,,gate0_gate2_full_subject_single_seed_v1
weissbart_tf64,P03,cnn,0,reuse_existing,success,experiments/gate0_gate2_full_subject_single_seed/jobs/weissbart_tf64/P03/cnn/seed_0,cnn_epoch_7,0.15045817846035278,15,,gate0_gate2_full_subject_single_seed_v1
weissbart_tf64,P03,eegnet,0,reuse_existing,success,experiments/gate0_gate2_full_subject_single_seed/jobs/weissbart_tf64/P03/eegnet/seed_0,eegnet_epoch_26,0.17204582147225905,15,,gate0_gate2_full_subject_single_seed_v1
weissbart_tf64,P04,ridge,0,reuse_existing,success,experiments/gate0_gate2_full_subject_single_seed/jobs/weissbart_tf64/P04/ridge/seed_0,ridge_alpha_100.0,0.15641946834537293,15,,gate0_gate2_full_subject_single_seed_v1
weissbart_tf64,P04,cca,0,reuse_existing,success,experiments/gate0_gate2_full_subject_single_seed/jobs/weissbart_tf64/P04/cca/seed_0,cca_nc_4,0.07927436820213123,15,,gate0_gate2_full_subject_single_seed_v1
weissbart_tf64,P04,fcnn,0,reuse_existing,success,experiments/gate0_gate2_full_subject_single_seed/jobs/weissbart_tf64/P04/fcnn/seed_0,fcnn_epoch_0,0.0941646004628128,15,,gate0_gate2_full_subject_single_seed_v1
weissbart_tf64,P04,adt,0,reuse_existing,success,experiments/gate0_gate2_full_subject_single_seed/jobs/weissbart_tf64/P04/adt/seed_0,adt_epoch_1,0.10152927546619955,15,,gate0_gate2_full_subject_single_seed_v1
weissbart_tf64,P04,dnn,0,reuse_existing,success,experiments/gate0_gate2_full_subject_single_seed/jobs/weissbart_tf64/P04/dnn/seed_0,dnn_epoch_0,0.09416459974981307,15,,gate0_gate2_full_subject_single_seed_v1
weissbart_tf64,P04,cnn,0,reuse_existing,success,experiments/gate0_gate2_full_subject_single_seed/jobs/weissbart_tf64/P04/cnn/seed_0,cnn_epoch_7,0.1597996544040672,15,,gate0_gate2_full_subject_single_seed_v1
weissbart_tf64,P04,eegnet,0,reuse_existing,success,experiments/gate0_gate2_full_subject_single_seed/jobs/weissbart_tf64/P04/eegnet/seed_0,eegnet_epoch_22,0.1561388287915893,15,,gate0_gate2_full_subject_single_seed_v1
weissbart_tf64,P05,ridge,0,reuse_existing,success,experiments/gate0_gate2_full_subject_single_seed/jobs/weissbart_tf64/P05/ridge/seed_0,ridge_alpha_1.0,0.15318522294329492,15,,gate0_gate2_full_subject_single_seed_v1
weissbart_tf64,P05,cca,0,reuse_existing,success,experiments/gate0_gate2_full_subject_single_seed/jobs/weissbart_tf64/P05/cca/seed_0,cca_nc_4,0.09124425320427514,15,,gate0_gate2_full_subject_single_seed_v1
weissbart_tf64,P05,fcnn,0,reuse_existing,success,experiments/gate0_gate2_full_subject_single_seed/jobs/weissbart_tf64/P05/fcnn/seed_0,fcnn_epoch_1,0.06978308367439218,15,,gate0_gate2_full_subject_single_seed_v1
weissbart_tf64,P05,adt,0,reuse_existing,success,experiments/gate0_gate2_full_subject_single_seed/jobs/weissbart_tf64/P05/adt/seed_0,adt_epoch_12,0.10389705364696104,15,,gate0_gate2_full_subject_single_seed_v1
weissbart_tf64,P05,dnn,0,reuse_existing,success,experiments/gate0_gate2_full_subject_single_seed/jobs/weissbart_tf64/P05/dnn/seed_0,dnn_epoch_1,0.06978313146330399,15,,gate0_gate2_full_subject_single_seed_v1
weissbart_tf64,P05,cnn,0,reuse_existing,success,experiments/gate0_gate2_full_subject_single_seed/jobs/weissbart_tf64/P05/cnn/seed_0,cnn_epoch_2,0.11631922498328137,15,,gate0_gate2_full_subject_single_seed_v1
weissbart_tf64,P05,eegnet,0,reuse_existing,success,experiments/gate0_gate2_full_subject_single_seed/jobs/weissbart_tf64/P05/eegnet/seed_0,eegnet_epoch_7,0.13498359765850224,15,,gate0_gate2_full_subject_single_seed_v1
weissbart_tf64,P06,ridge,0,reuse_existing,success,experiments/gate0_gate2_full_subject_single_seed/jobs/weissbart_tf64/P06/ridge/seed_0,ridge_alpha_10.0,0.06673353980209834,15,,gate0_gate2_full_subject_single_seed_v1
weissbart_tf64,P06,cca,0,reuse_existing,success,experiments/gate0_gate2_full_subject_single_seed/jobs/weissbart_tf64/P06/cca/seed_0,cca_nc_1,0.04920611017410582,15,,gate0_gate2_full_subject_single_seed_v1
weissbart_tf64,P06,fcnn,0,reuse_existing,success,experiments/gate0_gate2_full_subject_single_seed/jobs/weissbart_tf64/P06/fcnn/seed_0,fcnn_epoch_6,0.0022999500064735407,15,,gate0_gate2_full_subject_single_seed_v1
weissbart_tf64,P06,adt,0,reuse_existing,success,experiments/gate0_gate2_full_subject_single_seed/jobs/weissbart_tf64/P06/adt/seed_0,adt_epoch_2,0.11759718002086622,15,,gate0_gate2_full_subject_single_seed_v1
weissbart_tf64,P06,dnn,0,reuse_existing,success,experiments/gate0_gate2_full_subject_single_seed/jobs/weissbart_tf64/P06/dnn/seed_0,dnn_epoch_6,0.0020317051401170516,15,,gate0_gate2_full_subject_single_seed_v1
weissbart_tf64,P06,cnn,0,reuse_existing,success,experiments/gate0_gate2_full_subject_single_seed/jobs/weissbart_tf64/P06/cnn/seed_0,cnn_epoch_4,0.06586882154656479,15,,gate0_gate2_full_subject_single_seed_v1
weissbart_tf64,P06,eegnet,0,reuse_existing,success,experiments/gate0_gate2_full_subject_single_seed/jobs/weissbart_tf64/P06/eegnet/seed_0,eegnet_epoch_48,0.07786007898250835,15,,gate0_gate2_full_subject_single_seed_v1
weissbart_tf64,P07,ridge,0,reuse_existing,success,experiments/gate0_gate2_full_subject_single_seed/jobs/weissbart_tf64/P07/ridge/seed_0,ridge_alpha_10.0,0.13858419702944305,15,,gate0_gate2_full_subject_single_seed_v1
weissbart_tf64,P07,cca,0,reuse_existing,success,experiments/gate0_gate2_full_subject_single_seed/jobs/weissbart_tf64/P07/cca/seed_0,cca_nc_2,0.11135284179342281,15,,gate0_gate2_full_subject_single_seed_v1
weissbart_tf64,P07,fcnn,0,reuse_existing,success,experiments/gate0_gate2_full_subject_single_seed/jobs/weissbart_tf64/P07/fcnn/seed_0,fcnn_epoch_1,0.1261473819149195,15,,gate0_gate2_full_subject_single_seed_v1
weissbart_tf64,P07,adt,0,reuse_existing,success,experiments/gate0_gate2_full_subject_single_seed/jobs/weissbart_tf64/P07/adt/seed_0,adt_epoch_1,0.11841530013922809,15,,gate0_gate2_full_subject_single_seed_v1
weissbart_tf64,P07,dnn,0,reuse_existing,success,experiments/gate0_gate2_full_subject_single_seed/jobs/weissbart_tf64/P07/dnn/seed_0,dnn_epoch_1,0.1261473752590004,15,,gate0_gate2_full_subject_single_seed_v1
weissbart_tf64,P07,cnn,0,reuse_existing,success,experiments/gate0_gate2_full_subject_single_seed/jobs/weissbart_tf64/P07/cnn/seed_0,cnn_epoch_0,0.13158945649228865,15,,gate0_gate2_full_subject_single_seed_v1
weissbart_tf64,P07,eegnet,0,reuse_existing,success,experiments/gate0_gate2_full_subject_single_seed/jobs/weissbart_tf64/P07/eegnet/seed_0,eegnet_epoch_4,0.14121259408896025,15,,gate0_gate2_full_subject_single_seed_v1
weissbart_tf64,P08,ridge,0,reuse_existing,success,experiments/gate0_gate2_full_subject_single_seed/jobs/weissbart_tf64/P08/ridge/seed_0,ridge_alpha_100.0,0.10332106633028906,15,,gate0_gate2_full_subject_single_seed_v1
weissbart_tf64,P08,cca,0,reuse_existing,success,experiments/gate0_gate2_full_subject_single_seed/jobs/weissbart_tf64/P08/cca/seed_0,cca_nc_4,0.10176183935137799,15,,gate0_gate2_full_subject_single_seed_v1
weissbart_tf64,P08,fcnn,0,reuse_existing,success,experiments/gate0_gate2_full_subject_single_seed/jobs/weissbart_tf64/P08/fcnn/seed_0,fcnn_epoch_1,0.08469970304270623,15,,gate0_gate2_full_subject_single_seed_v1
weissbart_tf64,P08,adt,0,reuse_existing,success,experiments/gate0_gate2_full_subject_single_seed/jobs/weissbart_tf64/P08/adt/seed_0,adt_epoch_29,0.06968193262957317,15,,gate0_gate2_full_subject_single_seed_v1
weissbart_tf64,P08,dnn,0,reuse_existing,success,experiments/gate0_gate2_full_subject_single_seed/jobs/weissbart_tf64/P08/dnn/seed_0,dnn_epoch_1,0.08469970102109593,15,,gate0_gate2_full_subject_single_seed_v1
weissbart_tf64,P08,cnn,0,reuse_existing,success,experiments/gate0_gate2_full_subject_single_seed/jobs/weissbart_tf64/P08/cnn/seed_0,cnn_epoch_10,0.11240072782455354,15,,gate0_gate2_full_subject_single_seed_v1
weissbart_tf64,P08,eegnet,0,reuse_existing,success,experiments/gate0_gate2_full_subject_single_seed/jobs/weissbart_tf64/P08/eegnet/seed_0,eegnet_epoch_4,0.13751796289052148,15,,gate0_gate2_full_subject_single_seed_v1
weissbart_tf64,P09,ridge,0,reuse_existing,success,experiments/gate0_gate2_full_subject_single_seed/jobs/weissbart_tf64/P09/ridge/seed_0,ridge_alpha_10.0,0.14148315889106838,15,,gate0_gate2_full_subject_single_seed_v1
weissbart_tf64,P09,cca,0,reuse_existing,success,experiments/gate0_gate2_full_subject_single_seed/jobs/weissbart_tf64/P09/cca/seed_0,cca_nc_4,0.1166026776245573,15,,gate0_gate2_full_subject_single_seed_v1
weissbart_tf64,P09,fcnn,0,reuse_existing,success,experiments/gate0_gate2_full_subject_single_seed/jobs/weissbart_tf64/P09/fcnn/seed_0,fcnn_epoch_2,0.11950139632887627,15,,gate0_gate2_full_subject_single_seed_v1
weissbart_tf64,P09,adt,0,reuse_existing,success,experiments/gate0_gate2_full_subject_single_seed/jobs/weissbart_tf64/P09/adt/seed_0,adt_epoch_2,0.17893387249741985,15,,gate0_gate2_full_subject_single_seed_v1
weissbart_tf64,P09,dnn,0,reuse_existing,success,experiments/gate0_gate2_full_subject_single_seed/jobs/weissbart_tf64/P09/dnn/seed_0,dnn_epoch_2,0.11950121680871648,15,,gate0_gate2_full_subject_single_seed_v1
weissbart_tf64,P09,cnn,0,reuse_existing,success,experiments/gate0_gate2_full_subject_single_seed/jobs/weissbart_tf64/P09/cnn/seed_0,cnn_epoch_4,0.12776042309188115,15,,gate0_gate2_full_subject_single_seed_v1
weissbart_tf64,P09,eegnet,0,reuse_existing,success,experiments/gate0_gate2_full_subject_single_seed/jobs/weissbart_tf64/P09/eegnet/seed_0,eegnet_epoch_13,0.16936706399115245,15,,gate0_gate2_full_subject_single_seed_v1
weissbart_tf64,P10,ridge,0,reuse_existing,success,experiments/gate0_gate2_full_subject_single_seed/jobs/weissbart_tf64/P10/ridge/seed_0,ridge_alpha_100.0,0.13112665731121304,15,,gate0_gate2_full_subject_single_seed_v1
weissbart_tf64,P10,cca,0,reuse_existing,success,experiments/gate0_gate2_full_subject_single_seed/jobs/weissbart_tf64/P10/cca/seed_0,cca_nc_4,0.09218244704746066,15,,gate0_gate2_full_subject_single_seed_v1
weissbart_tf64,P10,fcnn,0,reuse_existing,success,experiments/gate0_gate2_full_subject_single_seed/jobs/weissbart_tf64/P10/fcnn/seed_0,fcnn_epoch_2,0.06012010503899434,15,,gate0_gate2_full_subject_single_seed_v1
weissbart_tf64,P10,adt,0,reuse_existing,success,experiments/gate0_gate2_full_subject_single_seed/jobs/weissbart_tf64/P10/adt/seed_0,adt_epoch_7,0.0956011076730103,15,,gate0_gate2_full_subject_single_seed_v1
weissbart_tf64,P10,dnn,0,reuse_existing,success,experiments/gate0_gate2_full_subject_single_seed/jobs/weissbart_tf64/P10/dnn/seed_0,dnn_epoch_2,0.0601201826871298,15,,gate0_gate2_full_subject_single_seed_v1
weissbart_tf64,P10,cnn,0,reuse_existing,success,experiments/gate0_gate2_full_subject_single_seed/jobs/weissbart_tf64/P10/cnn/seed_0,cnn_epoch_7,0.1196922337151288,15,,gate0_gate2_full_subject_single_seed_v1
weissbart_tf64,P10,eegnet,0,reuse_existing,success,experiments/gate0_gate2_full_subject_single_seed/jobs/weissbart_tf64/P10/eegnet/seed_0,eegnet_epoch_21,0.12190049828687434,15,,gate0_gate2_full_subject_single_seed_v1
weissbart_tf64,P11,ridge,0,reuse_existing,success,experiments/gate0_gate2_full_subject_single_seed/jobs/weissbart_tf64/P11/ridge/seed_0,ridge_alpha_10.0,0.1506067789566798,15,,gate0_gate2_full_subject_single_seed_v1
weissbart_tf64,P11,cca,0,reuse_existing,success,experiments/gate0_gate2_full_subject_single_seed/jobs/weissbart_tf64/P11/cca/seed_0,cca_nc_4,0.08922455910492093,15,,gate0_gate2_full_subject_single_seed_v1
weissbart_tf64,P11,fcnn,0,reuse_existing,success,experiments/gate0_gate2_full_subject_single_seed/jobs/weissbart_tf64/P11/fcnn/seed_0,fcnn_epoch_1,0.09074733462673669,15,,gate0_gate2_full_subject_single_seed_v1
weissbart_tf64,P11,adt,0,reuse_existing,success,experiments/gate0_gate2_full_subject_single_seed/jobs/weissbart_tf64/P11/adt/seed_0,adt_epoch_2,0.1626934130193955,15,,gate0_gate2_full_subject_single_seed_v1
weissbart_tf64,P11,dnn,0,reuse_existing,success,experiments/gate0_gate2_full_subject_single_seed/jobs/weissbart_tf64/P11/dnn/seed_0,dnn_epoch_1,0.0907472356125782,15,,gate0_gate2_full_subject_single_seed_v1
weissbart_tf64,P11,cnn,0,reuse_existing,success,experiments/gate0_gate2_full_subject_single_seed/jobs/weissbart_tf64/P11/cnn/seed_0,cnn_epoch_1,0.12854878628568925,15,,gate0_gate2_full_subject_single_seed_v1
weissbart_tf64,P11,eegnet,0,reuse_existing,success,experiments/gate0_gate2_full_subject_single_seed/jobs/weissbart_tf64/P11/eegnet/seed_0,eegnet_epoch_18,0.14839113678460514,15,,gate0_gate2_full_subject_single_seed_v1
weissbart_tf64,P12,ridge,0,reuse_existing,success,experiments/gate0_gate2_full_subject_single_seed/jobs/weissbart_tf64/P12/ridge/seed_0,ridge_alpha_10.0,0.17372779956779152,15,,gate0_gate2_full_subject_single_seed_v1
weissbart_tf64,P12,cca,0,reuse_existing,success,experiments/gate0_gate2_full_subject_single_seed/jobs/weissbart_tf64/P12/cca/seed_0,cca_nc_2,0.1363743607291315,15,,gate0_gate2_full_subject_single_seed_v1
weissbart_tf64,P12,fcnn,0,reuse_existing,success,experiments/gate0_gate2_full_subject_single_seed/jobs/weissbart_tf64/P12/fcnn/seed_0,fcnn_epoch_1,0.17704273413877203,15,,gate0_gate2_full_subject_single_seed_v1
weissbart_tf64,P12,adt,0,reuse_existing,success,experiments/gate0_gate2_full_subject_single_seed/jobs/weissbart_tf64/P12/adt/seed_0,adt_epoch_3,0.20441027148312615,15,,gate0_gate2_full_subject_single_seed_v1
weissbart_tf64,P12,dnn,0,reuse_existing,success,experiments/gate0_gate2_full_subject_single_seed/jobs/weissbart_tf64/P12/dnn/seed_0,dnn_epoch_1,0.17704274109017717,15,,gate0_gate2_full_subject_single_seed_v1
weissbart_tf64,P12,cnn,0,reuse_existing,success,experiments/gate0_gate2_full_subject_single_seed/jobs/weissbart_tf64/P12/cnn/seed_0,cnn_epoch_11,0.20075091678744028,15,,gate0_gate2_full_subject_single_seed_v1
weissbart_tf64,P12,eegnet,0,reuse_existing,success,experiments/gate0_gate2_full_subject_single_seed/jobs/weissbart_tf64/P12/eegnet/seed_0,eegnet_epoch_27,0.21059654682046705,15,,gate0_gate2_full_subject_single_seed_v1
weissbart_tf64,P00,ridge,42,reuse_existing,success,experiments/gate0_gate2_full_subject_single_seed/jobs/weissbart_tf64/P00/ridge/seed_42,ridge_alpha_100.0,0.13254733446979064,15,,gate0_gate2_full_subject_single_seed_v1
weissbart_tf64,P00,cca,42,reuse_existing,success,experiments/gate0_gate2_full_subject_single_seed/jobs/weissbart_tf64/P00/cca/seed_42,cca_nc_2,0.06411140220705791,15,,gate0_gate2_full_subject_single_seed_v1
weissbart_tf64,P00,fcnn,42,reuse_existing,success,experiments/gate0_gate2_full_subject_single_seed/jobs/weissbart_tf64/P00/fcnn/seed_42,fcnn_epoch_12,0.05737855751060155,15,,gate0_gate2_full_subject_single_seed_v1
weissbart_tf64,P00,adt,42,reuse_existing,success,experiments/gate0_gate2_full_subject_single_seed/jobs/weissbart_tf64/P00/adt/seed_42,adt_epoch_6,0.16151028554816366,15,,gate0_gate2_full_subject_single_seed_v1
weissbart_tf64,P00,dnn,42,reuse_existing,success,experiments/gate0_gate2_full_subject_single_seed/jobs/weissbart_tf64/P00/dnn/seed_42,dnn_epoch_1,0.08768385323880803,15,,gate0_gate2_full_subject_single_seed_v1
weissbart_tf64,P00,cnn,42,reuse_existing,success,experiments/gate0_gate2_full_subject_single_seed/jobs/weissbart_tf64/P00/cnn/seed_42,cnn_epoch_1,0.11917892528606157,15,,gate0_gate2_full_subject_single_seed_v1
weissbart_tf64,P00,eegnet,42,reuse_existing,success,experiments/gate0_gate2_full_subject_single_seed/jobs/weissbart_tf64/P00/eegnet/seed_42,eegnet_epoch_1,0.10629178550810586,15,,gate0_gate2_full_subject_single_seed_v1
weissbart_tf64,P01,ridge,42,reuse_existing,success,experiments/gate0_gate2_full_subject_single_seed/jobs/weissbart_tf64/P01/ridge/seed_42,ridge_alpha_1.0,0.08419014163262838,15,,gate0_gate2_full_subject_single_seed_v1
weissbart_tf64,P01,cca,42,reuse_existing,success,experiments/gate0_gate2_full_subject_single_seed/jobs/weissbart_tf64/P01/cca/seed_42,cca_nc_4,0.09495414914277106,15,,gate0_gate2_full_subject_single_seed_v1
weissbart_tf64,P01,fcnn,42,reuse_existing,success,experiments/gate0_gate2_full_subject_single_seed/jobs/weissbart_tf64/P01/fcnn/seed_42,fcnn_epoch_6,0.07113115167909066,15,,gate0_gate2_full_subject_single_seed_v1
weissbart_tf64,P01,adt,42,reuse_existing,success,experiments/gate0_gate2_full_subject_single_seed/jobs/weissbart_tf64/P01/adt/seed_42,adt_epoch_9,0.07370236670586854,15,,gate0_gate2_full_subject_single_seed_v1
weissbart_tf64,P01,dnn,42,reuse_existing,success,experiments/gate0_gate2_full_subject_single_seed/jobs/weissbart_tf64/P01/dnn/seed_42,dnn_epoch_6,0.07111086323133688,15,,gate0_gate2_full_subject_single_seed_v1
weissbart_tf64,P01,cnn,42,reuse_existing,success,experiments/gate0_gate2_full_subject_single_seed/jobs/weissbart_tf64/P01/cnn/seed_42,cnn_epoch_7,0.08336561032939374,15,,gate0_gate2_full_subject_single_seed_v1
weissbart_tf64,P01,eegnet,42,reuse_existing,success,experiments/gate0_gate2_full_subject_single_seed/jobs/weissbart_tf64/P01/eegnet/seed_42,eegnet_epoch_10,0.11072784667355914,15,,gate0_gate2_full_subject_single_seed_v1
weissbart_tf64,P02,ridge,42,reuse_existing,success,experiments/gate0_gate2_full_subject_single_seed/jobs/weissbart_tf64/P02/ridge/seed_42,ridge_alpha_100.0,0.1461383795288638,15,,gate0_gate2_full_subject_single_seed_v1
weissbart_tf64,P02,cca,42,reuse_existing,success,experiments/gate0_gate2_full_subject_single_seed/jobs/weissbart_tf64/P02/cca/seed_42,cca_nc_4,0.04335437285897882,15,,gate0_gate2_full_subject_single_seed_v1
weissbart_tf64,P02,fcnn,42,reuse_existing,success,experiments/gate0_gate2_full_subject_single_seed/jobs/weissbart_tf64/P02/fcnn/seed_42,fcnn_epoch_3,0.11458896569910054,15,,gate0_gate2_full_subject_single_seed_v1
weissbart_tf64,P02,adt,42,reuse_existing,success,experiments/gate0_gate2_full_subject_single_seed/jobs/weissbart_tf64/P02/adt/seed_42,adt_epoch_12,0.142945988064525,15,,gate0_gate2_full_subject_single_seed_v1
weissbart_tf64,P02,dnn,42,reuse_existing,success,experiments/gate0_gate2_full_subject_single_seed/jobs/weissbart_tf64/P02/dnn/seed_42,dnn_epoch_3,0.11459103636425207,15,,gate0_gate2_full_subject_single_seed_v1
weissbart_tf64,P02,cnn,42,reuse_existing,success,experiments/gate0_gate2_full_subject_single_seed/jobs/weissbart_tf64/P02/cnn/seed_42,cnn_epoch_3,0.1407004925086576,15,,gate0_gate2_full_subject_single_seed_v1
weissbart_tf64,P02,eegnet,42,reuse_existing,success,experiments/gate0_gate2_full_subject_single_seed/jobs/weissbart_tf64/P02/eegnet/seed_42,eegnet_epoch_9,0.1601402026984393,15,,gate0_gate2_full_subject_single_seed_v1
weissbart_tf64,P03,ridge,42,reuse_existing,success,experiments/gate0_gate2_full_subject_single_seed/jobs/weissbart_tf64/P03/ridge/seed_42,ridge_alpha_100.0,0.15328675079009205,15,,gate0_gate2_full_subject_single_seed_v1
weissbart_tf64,P03,cca,42,reuse_existing,success,experiments/gate0_gate2_full_subject_single_seed/jobs/weissbart_tf64/P03/cca/seed_42,cca_nc_4,0.09235633099448197,15,,gate0_gate2_full_subject_single_seed_v1
weissbart_tf64,P03,fcnn,42,reuse_existing,success,experiments/gate0_gate2_full_subject_single_seed/jobs/weissbart_tf64/P03/fcnn/seed_42,fcnn_epoch_2,0.13286296021175023,15,,gate0_gate2_full_subject_single_seed_v1
weissbart_tf64,P03,adt,42,reuse_existing,success,experiments/gate0_gate2_full_subject_single_seed/jobs/weissbart_tf64/P03/adt/seed_42,adt_epoch_1,0.15161635786511152,15,,gate0_gate2_full_subject_single_seed_v1
weissbart_tf64,P03,dnn,42,reuse_existing,success,experiments/gate0_gate2_full_subject_single_seed/jobs/weissbart_tf64/P03/dnn/seed_42,dnn_epoch_2,0.13286261100136718,15,,gate0_gate2_full_subject_single_seed_v1
weissbart_tf64,P03,cnn,42,reuse_existing,success,experiments/gate0_gate2_full_subject_single_seed/jobs/weissbart_tf64/P03/cnn/seed_42,cnn_epoch_5,0.10666415928541598,15,,gate0_gate2_full_subject_single_seed_v1
weissbart_tf64,P03,eegnet,42,reuse_existing,success,experiments/gate0_gate2_full_subject_single_seed/jobs/weissbart_tf64/P03/eegnet/seed_42,eegnet_epoch_17,0.15826427176830615,15,,gate0_gate2_full_subject_single_seed_v1
weissbart_tf64,P04,ridge,42,reuse_existing,success,experiments/gate0_gate2_full_subject_single_seed/jobs/weissbart_tf64/P04/ridge/seed_42,ridge_alpha_100.0,0.15641946834537293,15,,gate0_gate2_full_subject_single_seed_v1
weissbart_tf64,P04,cca,42,reuse_existing,success,experiments/gate0_gate2_full_subject_single_seed/jobs/weissbart_tf64/P04/cca/seed_42,cca_nc_4,0.07927436820213123,15,,gate0_gate2_full_subject_single_seed_v1
weissbart_tf64,P04,fcnn,42,reuse_existing,success,experiments/gate0_gate2_full_subject_single_seed/jobs/weissbart_tf64/P04/fcnn/seed_42,fcnn_epoch_2,0.08493477592500125,15,,gate0_gate2_full_subject_single_seed_v1
weissbart_tf64,P04,adt,42,reuse_existing,success,experiments/gate0_gate2_full_subject_single_seed/jobs/weissbart_tf64/P04/adt/seed_42,adt_epoch_3,0.08221304040818346,15,,gate0_gate2_full_subject_single_seed_v1
weissbart_tf64,P04,dnn,42,reuse_existing,success,experiments/gate0_gate2_full_subject_single_seed/jobs/weissbart_tf64/P04/dnn/seed_42,dnn_epoch_2,0.08493466000198249,15,,gate0_gate2_full_subject_single_seed_v1
weissbart_tf64,P04,cnn,42,reuse_existing,success,experiments/gate0_gate2_full_subject_single_seed/jobs/weissbart_tf64/P04/cnn/seed_42,cnn_epoch_5,0.14345139768256118,15,,gate0_gate2_full_subject_single_seed_v1
weissbart_tf64,P04,eegnet,42,reuse_existing,success,experiments/gate0_gate2_full_subject_single_seed/jobs/weissbart_tf64/P04/eegnet/seed_42,eegnet_epoch_15,0.1715077405932082,15,,gate0_gate2_full_subject_single_seed_v1
weissbart_tf64,P05,ridge,42,reuse_existing,success,experiments/gate0_gate2_full_subject_single_seed/jobs/weissbart_tf64/P05/ridge/seed_42,ridge_alpha_1.0,0.15318522294329492,15,,gate0_gate2_full_subject_single_seed_v1
weissbart_tf64,P05,cca,42,reuse_existing,success,experiments/gate0_gate2_full_subject_single_seed/jobs/weissbart_tf64/P05/cca/seed_42,cca_nc_4,0.09124425320427514,15,,gate0_gate2_full_subject_single_seed_v1
weissbart_tf64,P05,fcnn,42,reuse_existing,success,experiments/gate0_gate2_full_subject_single_seed/jobs/weissbart_tf64/P05/fcnn/seed_42,fcnn_epoch_3,0.056697345175727436,15,,gate0_gate2_full_subject_single_seed_v1
weissbart_tf64,P05,adt,42,reuse_existing,success,experiments/gate0_gate2_full_subject_single_seed/jobs/weissbart_tf64/P05/adt/seed_42,adt_epoch_5,0.16307278899629732,15,,gate0_gate2_full_subject_single_seed_v1
weissbart_tf64,P05,dnn,42,reuse_existing,success,experiments/gate0_gate2_full_subject_single_seed/jobs/weissbart_tf64/P05/dnn/seed_42,dnn_epoch_3,0.05669683351400339,15,,gate0_gate2_full_subject_single_seed_v1
weissbart_tf64,P05,cnn,42,reuse_existing,success,experiments/gate0_gate2_full_subject_single_seed/jobs/weissbart_tf64/P05/cnn/seed_42,cnn_epoch_4,0.1321889875527083,15,,gate0_gate2_full_subject_single_seed_v1
weissbart_tf64,P05,eegnet,42,reuse_existing,success,experiments/gate0_gate2_full_subject_single_seed/jobs/weissbart_tf64/P05/eegnet/seed_42,eegnet_epoch_8,0.15820542084131367,15,,gate0_gate2_full_subject_single_seed_v1
weissbart_tf64,P06,ridge,42,reuse_existing,success,experiments/gate0_gate2_full_subject_single_seed/jobs/weissbart_tf64/P06/ridge/seed_42,ridge_alpha_10.0,0.06673353980209834,15,,gate0_gate2_full_subject_single_seed_v1
weissbart_tf64,P06,cca,42,reuse_existing,success,experiments/gate0_gate2_full_subject_single_seed/jobs/weissbart_tf64/P06/cca/seed_42,cca_nc_1,0.04920611017410582,15,,gate0_gate2_full_subject_single_seed_v1
weissbart_tf64,P06,fcnn,42,reuse_existing,success,experiments/gate0_gate2_full_subject_single_seed/jobs/weissbart_tf64/P06/fcnn/seed_42,fcnn_epoch_12,0.00261080492535098,15,,gate0_gate2_full_subject_single_seed_v1
weissbart_tf64,P06,adt,42,reuse_existing,success,experiments/gate0_gate2_full_subject_single_seed/jobs/weissbart_tf64/P06/adt/seed_42,adt_epoch_6,0.10931358221886854,15,,gate0_gate2_full_subject_single_seed_v1
weissbart_tf64,P06,dnn,42,reuse_existing,success,experiments/gate0_gate2_full_subject_single_seed/jobs/weissbart_tf64/P06/dnn/seed_42,dnn_epoch_10,0.0027582539276648876,15,,gate0_gate2_full_subject_single_seed_v1
weissbart_tf64,P06,cnn,42,reuse_existing,success,experiments/gate0_gate2_full_subject_single_seed/jobs/weissbart_tf64/P06/cnn/seed_42,cnn_epoch_19,0.041635683105181606,15,,gate0_gate2_full_subject_single_seed_v1
weissbart_tf64,P06,eegnet,42,reuse_existing,success,experiments/gate0_gate2_full_subject_single_seed/jobs/weissbart_tf64/P06/eegnet/seed_42,eegnet_epoch_31,0.07212040968978266,15,,gate0_gate2_full_subject_single_seed_v1
weissbart_tf64,P07,ridge,42,reuse_existing,success,experiments/gate0_gate2_full_subject_single_seed/jobs/weissbart_tf64/P07/ridge/seed_42,ridge_alpha_10.0,0.13858419702944305,15,,gate0_gate2_full_subject_single_seed_v1
weissbart_tf64,P07,cca,42,reuse_existing,success,experiments/gate0_gate2_full_subject_single_seed/jobs/weissbart_tf64/P07/cca/seed_42,cca_nc_2,0.11135284179342281,15,,gate0_gate2_full_subject_single_seed_v1
weissbart_tf64,P07,fcnn,42,reuse_existing,success,experiments/gate0_gate2_full_subject_single_seed/jobs/weissbart_tf64/P07/fcnn/seed_42,fcnn_epoch_0,0.1027934334669891,15,,gate0_gate2_full_subject_single_seed_v1
weissbart_tf64,P07,adt,42,reuse_existing,success,experiments/gate0_gate2_full_subject_single_seed/jobs/weissbart_tf64/P07/adt/seed_42,adt_epoch_1,0.08586057688102011,15,,gate0_gate2_full_subject_single_seed_v1
weissbart_tf64,P07,dnn,42,reuse_existing,success,experiments/gate0_gate2_full_subject_single_seed/jobs/weissbart_tf64/P07/dnn/seed_42,dnn_epoch_0,0.10279343135809754,15,,gate0_gate2_full_subject_single_seed_v1
weissbart_tf64,P07,cnn,42,reuse_existing,success,experiments/gate0_gate2_full_subject_single_seed/jobs/weissbart_tf64/P07/cnn/seed_42,cnn_epoch_0,0.12212520839630801,15,,gate0_gate2_full_subject_single_seed_v1
weissbart_tf64,P07,eegnet,42,reuse_existing,success,experiments/gate0_gate2_full_subject_single_seed/jobs/weissbart_tf64/P07/eegnet/seed_42,eegnet_epoch_3,0.1427964886698971,15,,gate0_gate2_full_subject_single_seed_v1
weissbart_tf64,P08,ridge,42,reuse_existing,success,experiments/gate0_gate2_full_subject_single_seed/jobs/weissbart_tf64/P08/ridge/seed_42,ridge_alpha_100.0,0.10332106633028906,15,,gate0_gate2_full_subject_single_seed_v1
weissbart_tf64,P08,cca,42,reuse_existing,success,experiments/gate0_gate2_full_subject_single_seed/jobs/weissbart_tf64/P08/cca/seed_42,cca_nc_4,0.10176183935137799,15,,gate0_gate2_full_subject_single_seed_v1
weissbart_tf64,P08,fcnn,42,reuse_existing,success,experiments/gate0_gate2_full_subject_single_seed/jobs/weissbart_tf64/P08/fcnn/seed_42,fcnn_epoch_3,0.10365959751025126,15,,gate0_gate2_full_subject_single_seed_v1
weissbart_tf64,P08,adt,42,reuse_existing,success,experiments/gate0_gate2_full_subject_single_seed/jobs/weissbart_tf64/P08/adt/seed_42,adt_epoch_3,0.07465057620912924,15,,gate0_gate2_full_subject_single_seed_v1
weissbart_tf64,P08,dnn,42,reuse_existing,success,experiments/gate0_gate2_full_subject_single_seed/jobs/weissbart_tf64/P08/dnn/seed_42,dnn_epoch_3,0.10365894652804404,15,,gate0_gate2_full_subject_single_seed_v1
weissbart_tf64,P08,cnn,42,reuse_existing,success,experiments/gate0_gate2_full_subject_single_seed/jobs/weissbart_tf64/P08/cnn/seed_42,cnn_epoch_17,0.05912743480709577,15,,gate0_gate2_full_subject_single_seed_v1
weissbart_tf64,P08,eegnet,42,reuse_existing,success,experiments/gate0_gate2_full_subject_single_seed/jobs/weissbart_tf64/P08/eegnet/seed_42,eegnet_epoch_5,0.11633432981566058,15,,gate0_gate2_full_subject_single_seed_v1
weissbart_tf64,P09,ridge,42,reuse_existing,success,experiments/gate0_gate2_full_subject_single_seed/jobs/weissbart_tf64/P09/ridge/seed_42,ridge_alpha_10.0,0.14148315889106838,15,,gate0_gate2_full_subject_single_seed_v1
weissbart_tf64,P09,cca,42,reuse_existing,success,experiments/gate0_gate2_full_subject_single_seed/jobs/weissbart_tf64/P09/cca/seed_42,cca_nc_4,0.1166026776245573,15,,gate0_gate2_full_subject_single_seed_v1
weissbart_tf64,P09,fcnn,42,reuse_existing,success,experiments/gate0_gate2_full_subject_single_seed/jobs/weissbart_tf64/P09/fcnn/seed_42,fcnn_epoch_0,0.10919880317367124,15,,gate0_gate2_full_subject_single_seed_v1
weissbart_tf64,P09,adt,42,reuse_existing,success,experiments/gate0_gate2_full_subject_single_seed/jobs/weissbart_tf64/P09/adt/seed_42,adt_epoch_4,0.17598438582446457,15,,gate0_gate2_full_subject_single_seed_v1
weissbart_tf64,P09,dnn,42,reuse_existing,success,experiments/gate0_gate2_full_subject_single_seed/jobs/weissbart_tf64/P09/dnn/seed_42,dnn_epoch_0,0.1091988005023688,15,,gate0_gate2_full_subject_single_seed_v1
weissbart_tf64,P09,cnn,42,reuse_existing,success,experiments/gate0_gate2_full_subject_single_seed/jobs/weissbart_tf64/P09/cnn/seed_42,cnn_epoch_2,0.1427266503895398,15,,gate0_gate2_full_subject_single_seed_v1
weissbart_tf64,P09,eegnet,42,reuse_existing,success,experiments/gate0_gate2_full_subject_single_seed/jobs/weissbart_tf64/P09/eegnet/seed_42,eegnet_epoch_20,0.1623591001053133,15,,gate0_gate2_full_subject_single_seed_v1
weissbart_tf64,P10,ridge,42,reuse_existing,success,experiments/gate0_gate2_full_subject_single_seed/jobs/weissbart_tf64/P10/ridge/seed_42,ridge_alpha_100.0,0.13112665731121304,15,,gate0_gate2_full_subject_single_seed_v1
weissbart_tf64,P10,cca,42,reuse_existing,success,experiments/gate0_gate2_full_subject_single_seed/jobs/weissbart_tf64/P10/cca/seed_42,cca_nc_4,0.09218244704746066,15,,gate0_gate2_full_subject_single_seed_v1
weissbart_tf64,P10,fcnn,42,reuse_existing,success,experiments/gate0_gate2_full_subject_single_seed/jobs/weissbart_tf64/P10/fcnn/seed_42,fcnn_epoch_1,0.05665238477393187,15,,gate0_gate2_full_subject_single_seed_v1
weissbart_tf64,P10,adt,42,reuse_existing,success,experiments/gate0_gate2_full_subject_single_seed/jobs/weissbart_tf64/P10/adt/seed_42,adt_epoch_14,0.11387207321874383,15,,gate0_gate2_full_subject_single_seed_v1
weissbart_tf64,P10,dnn,42,reuse_existing,success,experiments/gate0_gate2_full_subject_single_seed/jobs/weissbart_tf64/P10/dnn/seed_42,dnn_epoch_1,0.0566523911215344,15,,gate0_gate2_full_subject_single_seed_v1
weissbart_tf64,P10,cnn,42,reuse_existing,success,experiments/gate0_gate2_full_subject_single_seed/jobs/weissbart_tf64/P10/cnn/seed_42,cnn_epoch_13,0.10938203940091192,15,,gate0_gate2_full_subject_single_seed_v1
weissbart_tf64,P10,eegnet,42,reuse_existing,success,experiments/gate0_gate2_full_subject_single_seed/jobs/weissbart_tf64/P10/eegnet/seed_42,eegnet_epoch_24,0.12482781900370682,15,,gate0_gate2_full_subject_single_seed_v1
weissbart_tf64,P11,ridge,42,reuse_existing,success,experiments/gate0_gate2_full_subject_single_seed/jobs/weissbart_tf64/P11/ridge/seed_42,ridge_alpha_10.0,0.1506067789566798,15,,gate0_gate2_full_subject_single_seed_v1
weissbart_tf64,P11,cca,42,reuse_existing,success,experiments/gate0_gate2_full_subject_single_seed/jobs/weissbart_tf64/P11/cca/seed_42,cca_nc_4,0.08922455910492093,15,,gate0_gate2_full_subject_single_seed_v1
weissbart_tf64,P11,fcnn,42,reuse_existing,success,experiments/gate0_gate2_full_subject_single_seed/jobs/weissbart_tf64/P11/fcnn/seed_42,fcnn_epoch_0,0.1073741625755264,15,,gate0_gate2_full_subject_single_seed_v1
weissbart_tf64,P11,adt,42,reuse_existing,success,experiments/gate0_gate2_full_subject_single_seed/jobs/weissbart_tf64/P11/adt/seed_42,adt_epoch_5,0.180651136296568,15,,gate0_gate2_full_subject_single_seed_v1
weissbart_tf64,P11,dnn,42,reuse_existing,success,experiments/gate0_gate2_full_subject_single_seed/jobs/weissbart_tf64/P11/dnn/seed_42,dnn_epoch_0,0.10737416423538254,15,,gate0_gate2_full_subject_single_seed_v1
weissbart_tf64,P11,cnn,42,reuse_existing,success,experiments/gate0_gate2_full_subject_single_seed/jobs/weissbart_tf64/P11/cnn/seed_42,cnn_epoch_1,0.10668818123828575,15,,gate0_gate2_full_subject_single_seed_v1
weissbart_tf64,P11,eegnet,42,reuse_existing,success,experiments/gate0_gate2_full_subject_single_seed/jobs/weissbart_tf64/P11/eegnet/seed_42,eegnet_epoch_7,0.11271013275724165,15,,gate0_gate2_full_subject_single_seed_v1
weissbart_tf64,P12,ridge,42,reuse_existing,success,experiments/gate0_gate2_full_subject_single_seed/jobs/weissbart_tf64/P12/ridge/seed_42,ridge_alpha_10.0,0.17372779956779152,15,,gate0_gate2_full_subject_single_seed_v1
weissbart_tf64,P12,cca,42,reuse_existing,success,experiments/gate0_gate2_full_subject_single_seed/jobs/weissbart_tf64/P12/cca/seed_42,cca_nc_2,0.1363743607291315,15,,gate0_gate2_full_subject_single_seed_v1
weissbart_tf64,P12,fcnn,42,reuse_existing,success,experiments/gate0_gate2_full_subject_single_seed/jobs/weissbart_tf64/P12/fcnn/seed_42,fcnn_epoch_2,0.17910841032020988,15,,gate0_gate2_full_subject_single_seed_v1
weissbart_tf64,P12,adt,42,reuse_existing,success,experiments/gate0_gate2_full_subject_single_seed/jobs/weissbart_tf64/P12/adt/seed_42,adt_epoch_3,0.20470608768357818,15,,gate0_gate2_full_subject_single_seed_v1
weissbart_tf64,P12,dnn,42,reuse_existing,success,experiments/gate0_gate2_full_subject_single_seed/jobs/weissbart_tf64/P12/dnn/seed_42,dnn_epoch_2,0.1791085501660175,15,,gate0_gate2_full_subject_single_seed_v1
weissbart_tf64,P12,cnn,42,reuse_existing,success,experiments/gate0_gate2_full_subject_single_seed/jobs/weissbart_tf64/P12/cnn/seed_42,cnn_epoch_7,0.19984958353536159,15,,gate0_gate2_full_subject_single_seed_v1
weissbart_tf64,P12,eegnet,42,reuse_existing,success,experiments/gate0_gate2_full_subject_single_seed/jobs/weissbart_tf64/P12/eegnet/seed_42,eegnet_epoch_22,0.2140838968167133,15,,gate0_gate2_full_subject_single_seed_v1
weissbart_tf64,P00,ridge,2026,reuse_existing,success,experiments/gate0_gate2_full_subject_single_seed/jobs/weissbart_tf64/P00/ridge/seed_2026,ridge_alpha_100.0,0.13254733446979064,15,,gate0_gate2_full_subject_single_seed_v1
weissbart_tf64,P00,cca,2026,reuse_existing,success,experiments/gate0_gate2_full_subject_single_seed/jobs/weissbart_tf64/P00/cca/seed_2026,cca_nc_2,0.06411140220705791,15,,gate0_gate2_full_subject_single_seed_v1
weissbart_tf64,P00,fcnn,2026,reuse_existing,success,experiments/gate0_gate2_full_subject_single_seed/jobs/weissbart_tf64/P00/fcnn/seed_2026,fcnn_epoch_5,0.0704019774916806,15,,gate0_gate2_full_subject_single_seed_v1
weissbart_tf64,P00,adt,2026,reuse_existing,success,experiments/gate0_gate2_full_subject_single_seed/jobs/weissbart_tf64/P00/adt/seed_2026,adt_epoch_8,0.16175281099610483,15,,gate0_gate2_full_subject_single_seed_v1
weissbart_tf64,P00,dnn,2026,reuse_existing,success,experiments/gate0_gate2_full_subject_single_seed/jobs/weissbart_tf64/P00/dnn/seed_2026,dnn_epoch_13,0.05879752146009197,15,,gate0_gate2_full_subject_single_seed_v1
weissbart_tf64,P00,cnn,2026,reuse_existing,success,experiments/gate0_gate2_full_subject_single_seed/jobs/weissbart_tf64/P00/cnn/seed_2026,cnn_epoch_5,0.12292050913809867,15,,gate0_gate2_full_subject_single_seed_v1
weissbart_tf64,P00,eegnet,2026,reuse_existing,success,experiments/gate0_gate2_full_subject_single_seed/jobs/weissbart_tf64/P00/eegnet/seed_2026,eegnet_epoch_17,0.16370551131043168,15,,gate0_gate2_full_subject_single_seed_v1
weissbart_tf64,P01,ridge,2026,reuse_existing,success,experiments/gate0_gate2_full_subject_single_seed/jobs/weissbart_tf64/P01/ridge/seed_2026,ridge_alpha_1.0,0.08419014163262838,15,,gate0_gate2_full_subject_single_seed_v1
weissbart_tf64,P01,cca,2026,reuse_existing,success,experiments/gate0_gate2_full_subject_single_seed/jobs/weissbart_tf64/P01/cca/seed_2026,cca_nc_4,0.09495414914277106,15,,gate0_gate2_full_subject_single_seed_v1
weissbart_tf64,P01,fcnn,2026,reuse_existing,success,experiments/gate0_gate2_full_subject_single_seed/jobs/weissbart_tf64/P01/fcnn/seed_2026,fcnn_epoch_2,0.12681560842549597,15,,gate0_gate2_full_subject_single_seed_v1
weissbart_tf64,P01,adt,2026,reuse_existing,success,experiments/gate0_gate2_full_subject_single_seed/jobs/weissbart_tf64/P01/adt/seed_2026,adt_epoch_7,0.09925820378089485,15,,gate0_gate2_full_subject_single_seed_v1
weissbart_tf64,P01,dnn,2026,reuse_existing,success,experiments/gate0_gate2_full_subject_single_seed/jobs/weissbart_tf64/P01/dnn/seed_2026,dnn_epoch_2,0.12681569307937646,15,,gate0_gate2_full_subject_single_seed_v1
weissbart_tf64,P01,cnn,2026,reuse_existing,success,experiments/gate0_gate2_full_subject_single_seed/jobs/weissbart_tf64/P01/cnn/seed_2026,cnn_epoch_6,0.129382371182222,15,,gate0_gate2_full_subject_single_seed_v1
weissbart_tf64,P01,eegnet,2026,reuse_existing,success,experiments/gate0_gate2_full_subject_single_seed/jobs/weissbart_tf64/P01/eegnet/seed_2026,eegnet_epoch_17,0.09677083503463504,15,,gate0_gate2_full_subject_single_seed_v1
weissbart_tf64,P02,ridge,2026,reuse_existing,success,experiments/gate0_gate2_full_subject_single_seed/jobs/weissbart_tf64/P02/ridge/seed_2026,ridge_alpha_100.0,0.1461383795288638,15,,gate0_gate2_full_subject_single_seed_v1
weissbart_tf64,P02,cca,2026,reuse_existing,success,experiments/gate0_gate2_full_subject_single_seed/jobs/weissbart_tf64/P02/cca/seed_2026,cca_nc_4,0.04335437285897882,15,,gate0_gate2_full_subject_single_seed_v1
weissbart_tf64,P02,fcnn,2026,reuse_existing,success,experiments/gate0_gate2_full_subject_single_seed/jobs/weissbart_tf64/P02/fcnn/seed_2026,fcnn_epoch_1,0.08581154004274433,15,,gate0_gate2_full_subject_single_seed_v1
weissbart_tf64,P02,adt,2026,reuse_existing,success,experiments/gate0_gate2_full_subject_single_seed/jobs/weissbart_tf64/P02/adt/seed_2026,adt_epoch_11,0.13594003800438886,15,,gate0_gate2_full_subject_single_seed_v1
weissbart_tf64,P02,dnn,2026,reuse_existing,success,experiments/gate0_gate2_full_subject_single_seed/jobs/weissbart_tf64/P02/dnn/seed_2026,dnn_epoch_1,0.08581154903314822,15,,gate0_gate2_full_subject_single_seed_v1
weissbart_tf64,P02,cnn,2026,reuse_existing,success,experiments/gate0_gate2_full_subject_single_seed/jobs/weissbart_tf64/P02/cnn/seed_2026,cnn_epoch_6,0.11867930322076782,15,,gate0_gate2_full_subject_single_seed_v1
weissbart_tf64,P02,eegnet,2026,reuse_existing,success,experiments/gate0_gate2_full_subject_single_seed/jobs/weissbart_tf64/P02/eegnet/seed_2026,eegnet_epoch_30,0.17510276981619913,15,,gate0_gate2_full_subject_single_seed_v1
weissbart_tf64,P03,ridge,2026,reuse_existing,success,experiments/gate0_gate2_full_subject_single_seed/jobs/weissbart_tf64/P03/ridge/seed_2026,ridge_alpha_100.0,0.15328675079009205,15,,gate0_gate2_full_subject_single_seed_v1
weissbart_tf64,P03,cca,2026,reuse_existing,success,experiments/gate0_gate2_full_subject_single_seed/jobs/weissbart_tf64/P03/cca/seed_2026,cca_nc_4,0.09235633099448197,15,,gate0_gate2_full_subject_single_seed_v1
weissbart_tf64,P03,fcnn,2026,reuse_existing,success,experiments/gate0_gate2_full_subject_single_seed/jobs/weissbart_tf64/P03/fcnn/seed_2026,fcnn_epoch_2,0.1428273098312781,15,,gate0_gate2_full_subject_single_seed_v1
weissbart_tf64,P03,adt,2026,reuse_existing,success,experiments/gate0_gate2_full_subject_single_seed/jobs/weissbart_tf64/P03/adt/seed_2026,adt_epoch_3,0.16489320443333025,15,,gate0_gate2_full_subject_single_seed_v1
weissbart_tf64,P03,dnn,2026,reuse_existing,success,experiments/gate0_gate2_full_subject_single_seed/jobs/weissbart_tf64/P03/dnn/seed_2026,dnn_epoch_2,0.14282725905069354,15,,gate0_gate2_full_subject_single_seed_v1
weissbart_tf64,P03,cnn,2026,reuse_existing,success,experiments/gate0_gate2_full_subject_single_seed/jobs/weissbart_tf64/P03/cnn/seed_2026,cnn_epoch_9,0.17171088469384083,15,,gate0_gate2_full_subject_single_seed_v1
weissbart_tf64,P03,eegnet,2026,reuse_existing,success,experiments/gate0_gate2_full_subject_single_seed/jobs/weissbart_tf64/P03/eegnet/seed_2026,eegnet_epoch_14,0.1581631229435222,15,,gate0_gate2_full_subject_single_seed_v1
weissbart_tf64,P04,ridge,2026,reuse_existing,success,experiments/gate0_gate2_full_subject_single_seed/jobs/weissbart_tf64/P04/ridge/seed_2026,ridge_alpha_100.0,0.15641946834537293,15,,gate0_gate2_full_subject_single_seed_v1
weissbart_tf64,P04,cca,2026,reuse_existing,success,experiments/gate0_gate2_full_subject_single_seed/jobs/weissbart_tf64/P04/cca/seed_2026,cca_nc_4,0.07927436820213123,15,,gate0_gate2_full_subject_single_seed_v1
weissbart_tf64,P04,fcnn,2026,reuse_existing,success,experiments/gate0_gate2_full_subject_single_seed/jobs/weissbart_tf64/P04/fcnn/seed_2026,fcnn_epoch_4,0.10591600766627231,15,,gate0_gate2_full_subject_single_seed_v1
weissbart_tf64,P04,adt,2026,reuse_existing,success,experiments/gate0_gate2_full_subject_single_seed/jobs/weissbart_tf64/P04/adt/seed_2026,adt_epoch_3,0.09229305602147655,15,,gate0_gate2_full_subject_single_seed_v1
weissbart_tf64,P04,dnn,2026,reuse_existing,success,experiments/gate0_gate2_full_subject_single_seed/jobs/weissbart_tf64/P04/dnn/seed_2026,dnn_epoch_4,0.10591655955116933,15,,gate0_gate2_full_subject_single_seed_v1
weissbart_tf64,P04,cnn,2026,reuse_existing,success,experiments/gate0_gate2_full_subject_single_seed/jobs/weissbart_tf64/P04/cnn/seed_2026,cnn_epoch_4,0.15077291621451142,15,,gate0_gate2_full_subject_single_seed_v1
weissbart_tf64,P04,eegnet,2026,reuse_existing,success,experiments/gate0_gate2_full_subject_single_seed/jobs/weissbart_tf64/P04/eegnet/seed_2026,eegnet_epoch_17,0.1636355832825438,15,,gate0_gate2_full_subject_single_seed_v1
weissbart_tf64,P05,ridge,2026,reuse_existing,success,experiments/gate0_gate2_full_subject_single_seed/jobs/weissbart_tf64/P05/ridge/seed_2026,ridge_alpha_1.0,0.15318522294329492,15,,gate0_gate2_full_subject_single_seed_v1
weissbart_tf64,P05,cca,2026,reuse_existing,success,experiments/gate0_gate2_full_subject_single_seed/jobs/weissbart_tf64/P05/cca/seed_2026,cca_nc_4,0.09124425320427514,15,,gate0_gate2_full_subject_single_seed_v1
weissbart_tf64,P05,fcnn,2026,reuse_existing,success,experiments/gate0_gate2_full_subject_single_seed/jobs/weissbart_tf64/P05/fcnn/seed_2026,fcnn_epoch_4,0.08133111417016951,15,,gate0_gate2_full_subject_single_seed_v1
weissbart_tf64,P05,adt,2026,reuse_existing,success,experiments/gate0_gate2_full_subject_single_seed/jobs/weissbart_tf64/P05/adt/seed_2026,adt_epoch_9,0.14894581122791462,15,,gate0_gate2_full_subject_single_seed_v1
weissbart_tf64,P05,dnn,2026,reuse_existing,success,experiments/gate0_gate2_full_subject_single_seed/jobs/weissbart_tf64/P05/dnn/seed_2026,dnn_epoch_4,0.0813295098134402,15,,gate0_gate2_full_subject_single_seed_v1
weissbart_tf64,P05,cnn,2026,reuse_existing,success,experiments/gate0_gate2_full_subject_single_seed/jobs/weissbart_tf64/P05/cnn/seed_2026,cnn_epoch_2,0.13548359398775034,15,,gate0_gate2_full_subject_single_seed_v1
weissbart_tf64,P05,eegnet,2026,reuse_existing,success,experiments/gate0_gate2_full_subject_single_seed/jobs/weissbart_tf64/P05/eegnet/seed_2026,eegnet_epoch_10,0.1520936147911582,15,,gate0_gate2_full_subject_single_seed_v1
weissbart_tf64,P06,ridge,2026,reuse_existing,success,experiments/gate0_gate2_full_subject_single_seed/jobs/weissbart_tf64/P06/ridge/seed_2026,ridge_alpha_10.0,0.06673353980209834,15,,gate0_gate2_full_subject_single_seed_v1
weissbart_tf64,P06,cca,2026,reuse_existing,success,experiments/gate0_gate2_full_subject_single_seed/jobs/weissbart_tf64/P06/cca/seed_2026,cca_nc_1,0.04920611017410582,15,,gate0_gate2_full_subject_single_seed_v1
weissbart_tf64,P06,fcnn,2026,reuse_existing,success,experiments/gate0_gate2_full_subject_single_seed/jobs/weissbart_tf64/P06/fcnn/seed_2026,fcnn_epoch_9,0.014364226850250643,15,,gate0_gate2_full_subject_single_seed_v1
weissbart_tf64,P06,adt,2026,reuse_existing,success,experiments/gate0_gate2_full_subject_single_seed/jobs/weissbart_tf64/P06/adt/seed_2026,adt_epoch_7,0.10456160623305952,15,,gate0_gate2_full_subject_single_seed_v1
weissbart_tf64,P06,dnn,2026,reuse_existing,success,experiments/gate0_gate2_full_subject_single_seed/jobs/weissbart_tf64/P06/dnn/seed_2026,dnn_epoch_9,0.015696717908468605,15,,gate0_gate2_full_subject_single_seed_v1
weissbart_tf64,P06,cnn,2026,reuse_existing,success,experiments/gate0_gate2_full_subject_single_seed/jobs/weissbart_tf64/P06/cnn/seed_2026,cnn_epoch_21,0.07300263751415897,15,,gate0_gate2_full_subject_single_seed_v1
weissbart_tf64,P06,eegnet,2026,reuse_existing,success,experiments/gate0_gate2_full_subject_single_seed/jobs/weissbart_tf64/P06/eegnet/seed_2026,eegnet_epoch_40,0.07416579488890522,15,,gate0_gate2_full_subject_single_seed_v1
weissbart_tf64,P07,ridge,2026,reuse_existing,success,experiments/gate0_gate2_full_subject_single_seed/jobs/weissbart_tf64/P07/ridge/seed_2026,ridge_alpha_10.0,0.13858419702944305,15,,gate0_gate2_full_subject_single_seed_v1
weissbart_tf64,P07,cca,2026,reuse_existing,success,experiments/gate0_gate2_full_subject_single_seed/jobs/weissbart_tf64/P07/cca/seed_2026,cca_nc_2,0.11135284179342281,15,,gate0_gate2_full_subject_single_seed_v1
weissbart_tf64,P07,fcnn,2026,reuse_existing,success,experiments/gate0_gate2_full_subject_single_seed/jobs/weissbart_tf64/P07/fcnn/seed_2026,fcnn_epoch_1,0.12131907985274418,15,,gate0_gate2_full_subject_single_seed_v1
weissbart_tf64,P07,adt,2026,reuse_existing,success,experiments/gate0_gate2_full_subject_single_seed/jobs/weissbart_tf64/P07/adt/seed_2026,adt_epoch_1,0.10851277169978722,15,,gate0_gate2_full_subject_single_seed_v1
weissbart_tf64,P07,dnn,2026,reuse_existing,success,experiments/gate0_gate2_full_subject_single_seed/jobs/weissbart_tf64/P07/dnn/seed_2026,dnn_epoch_1,0.12131909386124112,15,,gate0_gate2_full_subject_single_seed_v1
weissbart_tf64,P07,cnn,2026,reuse_existing,success,experiments/gate0_gate2_full_subject_single_seed/jobs/weissbart_tf64/P07/cnn/seed_2026,cnn_epoch_1,0.13817470007089766,15,,gate0_gate2_full_subject_single_seed_v1
weissbart_tf64,P07,eegnet,2026,reuse_existing,success,experiments/gate0_gate2_full_subject_single_seed/jobs/weissbart_tf64/P07/eegnet/seed_2026,eegnet_epoch_5,0.12271241447298457,15,,gate0_gate2_full_subject_single_seed_v1
weissbart_tf64,P08,ridge,2026,reuse_existing,success,experiments/gate0_gate2_full_subject_single_seed/jobs/weissbart_tf64/P08/ridge/seed_2026,ridge_alpha_100.0,0.10332106633028906,15,,gate0_gate2_full_subject_single_seed_v1
weissbart_tf64,P08,cca,2026,reuse_existing,success,experiments/gate0_gate2_full_subject_single_seed/jobs/weissbart_tf64/P08/cca/seed_2026,cca_nc_4,0.10176183935137799,15,,gate0_gate2_full_subject_single_seed_v1
weissbart_tf64,P08,fcnn,2026,reuse_existing,success,experiments/gate0_gate2_full_subject_single_seed/jobs/weissbart_tf64/P08/fcnn/seed_2026,fcnn_epoch_6,0.08536221482546372,15,,gate0_gate2_full_subject_single_seed_v1
weissbart_tf64,P08,adt,2026,reuse_existing,success,experiments/gate0_gate2_full_subject_single_seed/jobs/weissbart_tf64/P08/adt/seed_2026,adt_epoch_5,0.042914473945972045,15,,gate0_gate2_full_subject_single_seed_v1
weissbart_tf64,P08,dnn,2026,reuse_existing,success,experiments/gate0_gate2_full_subject_single_seed/jobs/weissbart_tf64/P08/dnn/seed_2026,dnn_epoch_6,0.08535967414270565,15,,gate0_gate2_full_subject_single_seed_v1
weissbart_tf64,P08,cnn,2026,reuse_existing,success,experiments/gate0_gate2_full_subject_single_seed/jobs/weissbart_tf64/P08/cnn/seed_2026,cnn_epoch_9,0.11739244688374202,15,,gate0_gate2_full_subject_single_seed_v1
weissbart_tf64,P08,eegnet,2026,reuse_existing,success,experiments/gate0_gate2_full_subject_single_seed/jobs/weissbart_tf64/P08/eegnet/seed_2026,eegnet_epoch_22,0.1062287251669677,15,,gate0_gate2_full_subject_single_seed_v1
weissbart_tf64,P09,ridge,2026,reuse_existing,success,experiments/gate0_gate2_full_subject_single_seed/jobs/weissbart_tf64/P09/ridge/seed_2026,ridge_alpha_10.0,0.14148315889106838,15,,gate0_gate2_full_subject_single_seed_v1
weissbart_tf64,P09,cca,2026,reuse_existing,success,experiments/gate0_gate2_full_subject_single_seed/jobs/weissbart_tf64/P09/cca/seed_2026,cca_nc_4,0.1166026776245573,15,,gate0_gate2_full_subject_single_seed_v1
weissbart_tf64,P09,fcnn,2026,reuse_existing,success,experiments/gate0_gate2_full_subject_single_seed/jobs/weissbart_tf64/P09/fcnn/seed_2026,fcnn_epoch_2,0.1011757016271256,15,,gate0_gate2_full_subject_single_seed_v1
weissbart_tf64,P09,adt,2026,reuse_existing,success,experiments/gate0_gate2_full_subject_single_seed/jobs/weissbart_tf64/P09/adt/seed_2026,adt_epoch_2,0.17359494463346342,15,,gate0_gate2_full_subject_single_seed_v1
weissbart_tf64,P09,dnn,2026,reuse_existing,success,experiments/gate0_gate2_full_subject_single_seed/jobs/weissbart_tf64/P09/dnn/seed_2026,dnn_epoch_2,0.10117564137981563,15,,gate0_gate2_full_subject_single_seed_v1
weissbart_tf64,P09,cnn,2026,reuse_existing,success,experiments/gate0_gate2_full_subject_single_seed/jobs/weissbart_tf64/P09/cnn/seed_2026,cnn_epoch_9,0.12743782633895737,15,,gate0_gate2_full_subject_single_seed_v1
weissbart_tf64,P09,eegnet,2026,reuse_existing,success,experiments/gate0_gate2_full_subject_single_seed/jobs/weissbart_tf64/P09/eegnet/seed_2026,eegnet_epoch_20,0.14853459269931085,15,,gate0_gate2_full_subject_single_seed_v1
weissbart_tf64,P10,ridge,2026,reuse_existing,success,experiments/gate0_gate2_full_subject_single_seed/jobs/weissbart_tf64/P10/ridge/seed_2026,ridge_alpha_100.0,0.13112665731121304,15,,gate0_gate2_full_subject_single_seed_v1
weissbart_tf64,P10,cca,2026,reuse_existing,success,experiments/gate0_gate2_full_subject_single_seed/jobs/weissbart_tf64/P10/cca/seed_2026,cca_nc_4,0.09218244704746066,15,,gate0_gate2_full_subject_single_seed_v1
weissbart_tf64,P10,fcnn,2026,reuse_existing,success,experiments/gate0_gate2_full_subject_single_seed/jobs/weissbart_tf64/P10/fcnn/seed_2026,fcnn_epoch_1,0.07175438839919579,15,,gate0_gate2_full_subject_single_seed_v1
weissbart_tf64,P10,adt,2026,reuse_existing,success,experiments/gate0_gate2_full_subject_single_seed/jobs/weissbart_tf64/P10/adt/seed_2026,adt_epoch_9,0.06533362349900014,15,,gate0_gate2_full_subject_single_seed_v1
weissbart_tf64,P10,dnn,2026,reuse_existing,success,experiments/gate0_gate2_full_subject_single_seed/jobs/weissbart_tf64/P10/dnn/seed_2026,dnn_epoch_1,0.0717543971001195,15,,gate0_gate2_full_subject_single_seed_v1
weissbart_tf64,P10,cnn,2026,reuse_existing,success,experiments/gate0_gate2_full_subject_single_seed/jobs/weissbart_tf64/P10/cnn/seed_2026,cnn_epoch_16,0.12710258145056816,15,,gate0_gate2_full_subject_single_seed_v1
weissbart_tf64,P10,eegnet,2026,reuse_existing,success,experiments/gate0_gate2_full_subject_single_seed/jobs/weissbart_tf64/P10/eegnet/seed_2026,eegnet_epoch_22,0.13759935429492715,15,,gate0_gate2_full_subject_single_seed_v1
weissbart_tf64,P11,ridge,2026,reuse_existing,success,experiments/gate0_gate2_full_subject_single_seed/jobs/weissbart_tf64/P11/ridge/seed_2026,ridge_alpha_10.0,0.1506067789566798,15,,gate0_gate2_full_subject_single_seed_v1
weissbart_tf64,P11,cca,2026,reuse_existing,success,experiments/gate0_gate2_full_subject_single_seed/jobs/weissbart_tf64/P11/cca/seed_2026,cca_nc_4,0.08922455910492093,15,,gate0_gate2_full_subject_single_seed_v1
weissbart_tf64,P11,fcnn,2026,reuse_existing,success,experiments/gate0_gate2_full_subject_single_seed/jobs/weissbart_tf64/P11/fcnn/seed_2026,fcnn_epoch_2,0.0990324419127542,15,,gate0_gate2_full_subject_single_seed_v1
weissbart_tf64,P11,adt,2026,reuse_existing,success,experiments/gate0_gate2_full_subject_single_seed/jobs/weissbart_tf64/P11/adt/seed_2026,adt_epoch_4,0.14018455003404562,15,,gate0_gate2_full_subject_single_seed_v1
weissbart_tf64,P11,dnn,2026,reuse_existing,success,experiments/gate0_gate2_full_subject_single_seed/jobs/weissbart_tf64/P11/dnn/seed_2026,dnn_epoch_2,0.09903246753512833,15,,gate0_gate2_full_subject_single_seed_v1
weissbart_tf64,P11,cnn,2026,reuse_existing,success,experiments/gate0_gate2_full_subject_single_seed/jobs/weissbart_tf64/P11/cnn/seed_2026,cnn_epoch_18,0.08231709200102691,15,,gate0_gate2_full_subject_single_seed_v1
weissbart_tf64,P11,eegnet,2026,reuse_existing,success,experiments/gate0_gate2_full_subject_single_seed/jobs/weissbart_tf64/P11/eegnet/seed_2026,eegnet_epoch_14,0.13884530286929814,15,,gate0_gate2_full_subject_single_seed_v1
weissbart_tf64,P12,ridge,2026,reuse_existing,success,experiments/gate0_gate2_full_subject_single_seed/jobs/weissbart_tf64/P12/ridge/seed_2026,ridge_alpha_10.0,0.17372779956779152,15,,gate0_gate2_full_subject_single_seed_v1
weissbart_tf64,P12,cca,2026,reuse_existing,success,experiments/gate0_gate2_full_subject_single_seed/jobs/weissbart_tf64/P12/cca/seed_2026,cca_nc_2,0.1363743607291315,15,,gate0_gate2_full_subject_single_seed_v1
weissbart_tf64,P12,fcnn,2026,reuse_existing,success,experiments/gate0_gate2_full_subject_single_seed/jobs/weissbart_tf64/P12/fcnn/seed_2026,fcnn_epoch_4,0.1553552080151553,15,,gate0_gate2_full_subject_single_seed_v1
weissbart_tf64,P12,adt,2026,reuse_existing,success,experiments/gate0_gate2_full_subject_single_seed/jobs/weissbart_tf64/P12/adt/seed_2026,adt_epoch_7,0.20658832498179866,15,,gate0_gate2_full_subject_single_seed_v1
weissbart_tf64,P12,dnn,2026,reuse_existing,success,experiments/gate0_gate2_full_subject_single_seed/jobs/weissbart_tf64/P12/dnn/seed_2026,dnn_epoch_4,0.155356818919451,15,,gate0_gate2_full_subject_single_seed_v1
weissbart_tf64,P12,cnn,2026,reuse_existing,success,experiments/gate0_gate2_full_subject_single_seed/jobs/weissbart_tf64/P12/cnn/seed_2026,cnn_epoch_7,0.20247473732909127,15,,gate0_gate2_full_subject_single_seed_v1
weissbart_tf64,P12,eegnet,2026,reuse_existing,success,experiments/gate0_gate2_full_subject_single_seed/jobs/weissbart_tf64/P12/eegnet/seed_2026,eegnet_epoch_28,0.20079475217462234,15,,gate0_gate2_full_subject_single_seed_v1
etard_tf64,P00,ridge,0,reuse_existing,success,experiments/gate0_gate2_full_subject_single_seed/jobs/etard_tf64/P00/ridge/seed_0,ridge_alpha_10.0,0.08856015451578379,24,,gate0_gate2_full_subject_single_seed_v1
etard_tf64,P00,cca,0,reuse_existing,success,experiments/gate0_gate2_full_subject_single_seed/jobs/etard_tf64/P00/cca/seed_0,cca_nc_1,0.06378096758274915,24,,gate0_gate2_full_subject_single_seed_v1
etard_tf64,P00,fcnn,0,reuse_existing,success,experiments/gate0_gate2_full_subject_single_seed/jobs/etard_tf64/P00/fcnn/seed_0,fcnn_epoch_3,0.03089972592054757,24,,gate0_gate2_full_subject_single_seed_v1
etard_tf64,P00,adt,0,reuse_existing,success,experiments/gate0_gate2_full_subject_single_seed/jobs/etard_tf64/P00/adt/seed_0,adt_epoch_2,0.09653654483556096,24,,gate0_gate2_full_subject_single_seed_v1
etard_tf64,P00,dnn,0,reuse_existing,success,experiments/gate0_gate2_full_subject_single_seed/jobs/etard_tf64/P00/dnn/seed_0,dnn_epoch_3,0.030763128998412787,24,,gate0_gate2_full_subject_single_seed_v1
etard_tf64,P00,cnn,0,reuse_existing,success,experiments/gate0_gate2_full_subject_single_seed/jobs/etard_tf64/P00/cnn/seed_0,cnn_epoch_7,0.10372100556580743,24,,gate0_gate2_full_subject_single_seed_v1
etard_tf64,P00,eegnet,0,reuse_existing,success,experiments/gate0_gate2_full_subject_single_seed/jobs/etard_tf64/P00/eegnet/seed_0,eegnet_epoch_21,0.12139537100669524,24,,gate0_gate2_full_subject_single_seed_v1
etard_tf64,P01,ridge,0,reuse_existing,success,experiments/gate0_gate2_full_subject_single_seed/jobs/etard_tf64/P01/ridge/seed_0,ridge_alpha_1.0,0.09348833170812972,24,,gate0_gate2_full_subject_single_seed_v1
etard_tf64,P01,cca,0,reuse_existing,success,experiments/gate0_gate2_full_subject_single_seed/jobs/etard_tf64/P01/cca/seed_0,cca_nc_2,0.09750530042163968,24,,gate0_gate2_full_subject_single_seed_v1
etard_tf64,P01,fcnn,0,reuse_existing,success,experiments/gate0_gate2_full_subject_single_seed/jobs/etard_tf64/P01/fcnn/seed_0,fcnn_epoch_4,0.05831217376563641,24,,gate0_gate2_full_subject_single_seed_v1
etard_tf64,P01,adt,0,reuse_existing,success,experiments/gate0_gate2_full_subject_single_seed/jobs/etard_tf64/P01/adt/seed_0,adt_epoch_4,0.11405033885718106,24,,gate0_gate2_full_subject_single_seed_v1
etard_tf64,P01,dnn,0,reuse_existing,success,experiments/gate0_gate2_full_subject_single_seed/jobs/etard_tf64/P01/dnn/seed_0,dnn_epoch_4,0.05850848982264917,24,,gate0_gate2_full_subject_single_seed_v1
etard_tf64,P01,cnn,0,reuse_existing,success,experiments/gate0_gate2_full_subject_single_seed/jobs/etard_tf64/P01/cnn/seed_0,cnn_epoch_5,0.11210362231868476,24,,gate0_gate2_full_subject_single_seed_v1
etard_tf64,P01,eegnet,0,reuse_existing,success,experiments/gate0_gate2_full_subject_single_seed/jobs/etard_tf64/P01/eegnet/seed_0,eegnet_epoch_7,0.11195246096872623,24,,gate0_gate2_full_subject_single_seed_v1
etard_tf64,P02,ridge,0,reuse_existing,success,experiments/gate0_gate2_full_subject_single_seed/jobs/etard_tf64/P02/ridge/seed_0,ridge_alpha_100.0,0.07709442757395554,40,,gate0_gate2_full_subject_single_seed_v1
etard_tf64,P02,cca,0,reuse_existing,success,experiments/gate0_gate2_full_subject_single_seed/jobs/etard_tf64/P02/cca/seed_0,cca_nc_4,0.06206988266056327,40,,gate0_gate2_full_subject_single_seed_v1
etard_tf64,P02,fcnn,0,reuse_existing,success,experiments/gate0_gate2_full_subject_single_seed/jobs/etard_tf64/P02/fcnn/seed_0,fcnn_epoch_0,0.058882610910616154,40,,gate0_gate2_full_subject_single_seed_v1
etard_tf64,P02,adt,0,reuse_existing,success,experiments/gate0_gate2_full_subject_single_seed/jobs/etard_tf64/P02/adt/seed_0,adt_epoch_8,0.06439682363379626,40,,gate0_gate2_full_subject_single_seed_v1
etard_tf64,P02,dnn,0,reuse_existing,success,experiments/gate0_gate2_full_subject_single_seed/jobs/etard_tf64/P02/dnn/seed_0,dnn_epoch_0,0.058882612785336644,40,,gate0_gate2_full_subject_single_seed_v1
etard_tf64,P02,cnn,0,reuse_existing,success,experiments/gate0_gate2_full_subject_single_seed/jobs/etard_tf64/P02/cnn/seed_0,cnn_epoch_5,0.09224652975993675,40,,gate0_gate2_full_subject_single_seed_v1
etard_tf64,P02,eegnet,0,reuse_existing,success,experiments/gate0_gate2_full_subject_single_seed/jobs/etard_tf64/P02/eegnet/seed_0,eegnet_epoch_7,0.10139274946392192,40,,gate0_gate2_full_subject_single_seed_v1
etard_tf64,P03,ridge,0,reuse_existing,success,experiments/gate0_gate2_full_subject_single_seed/jobs/etard_tf64/P03/ridge/seed_0,ridge_alpha_10.0,0.10405487391784017,24,,gate0_gate2_full_subject_single_seed_v1
etard_tf64,P03,cca,0,reuse_existing,success,experiments/gate0_gate2_full_subject_single_seed/jobs/etard_tf64/P03/cca/seed_0,cca_nc_2,0.07301375262520356,24,,gate0_gate2_full_subject_single_seed_v1
etard_tf64,P03,fcnn,0,reuse_existing,success,experiments/gate0_gate2_full_subject_single_seed/jobs/etard_tf64/P03/fcnn/seed_0,fcnn_epoch_4,0.06592539096571144,24,,gate0_gate2_full_subject_single_seed_v1
etard_tf64,P03,adt,0,reuse_existing,success,experiments/gate0_gate2_full_subject_single_seed/jobs/etard_tf64/P03/adt/seed_0,adt_epoch_4,0.08146598680639984,24,,gate0_gate2_full_subject_single_seed_v1
etard_tf64,P03,dnn,0,reuse_existing,success,experiments/gate0_gate2_full_subject_single_seed/jobs/etard_tf64/P03/dnn/seed_0,dnn_epoch_4,0.06670250618964486,24,,gate0_gate2_full_subject_single_seed_v1
etard_tf64,P03,cnn,0,reuse_existing,success,experiments/gate0_gate2_full_subject_single_seed/jobs/etard_tf64/P03/cnn/seed_0,cnn_epoch_8,0.09817284436259249,24,,gate0_gate2_full_subject_single_seed_v1
etard_tf64,P03,eegnet,0,reuse_existing,success,experiments/gate0_gate2_full_subject_single_seed/jobs/etard_tf64/P03/eegnet/seed_0,eegnet_epoch_29,0.10369697465301926,24,,gate0_gate2_full_subject_single_seed_v1
etard_tf64,P04,ridge,0,reuse_existing,success,experiments/gate0_gate2_full_subject_single_seed/jobs/etard_tf64/P04/ridge/seed_0,ridge_alpha_10.0,0.175744230213875,24,,gate0_gate2_full_subject_single_seed_v1
etard_tf64,P04,cca,0,reuse_existing,success,experiments/gate0_gate2_full_subject_single_seed/jobs/etard_tf64/P04/cca/seed_0,cca_nc_1,0.10368267137331921,24,,gate0_gate2_full_subject_single_seed_v1
etard_tf64,P04,fcnn,0,reuse_existing,success,experiments/gate0_gate2_full_subject_single_seed/jobs/etard_tf64/P04/fcnn/seed_0,fcnn_epoch_2,0.10726215165344466,24,,gate0_gate2_full_subject_single_seed_v1
etard_tf64,P04,adt,0,reuse_existing,success,experiments/gate0_gate2_full_subject_single_seed/jobs/etard_tf64/P04/adt/seed_0,adt_epoch_5,0.18624454274285965,24,,gate0_gate2_full_subject_single_seed_v1
etard_tf64,P04,dnn,0,reuse_existing,success,experiments/gate0_gate2_full_subject_single_seed/jobs/etard_tf64/P04/dnn/seed_0,dnn_epoch_2,0.10726256598750193,24,,gate0_gate2_full_subject_single_seed_v1
etard_tf64,P04,cnn,0,reuse_existing,success,experiments/gate0_gate2_full_subject_single_seed/jobs/etard_tf64/P04/cnn/seed_0,cnn_epoch_1,0.11735555375763089,24,,gate0_gate2_full_subject_single_seed_v1
etard_tf64,P04,eegnet,0,reuse_existing,success,experiments/gate0_gate2_full_subject_single_seed/jobs/etard_tf64/P04/eegnet/seed_0,eegnet_epoch_23,0.1796656308468648,24,,gate0_gate2_full_subject_single_seed_v1
etard_tf64,P05,ridge,0,reuse_existing,success,experiments/gate0_gate2_full_subject_single_seed/jobs/etard_tf64/P05/ridge/seed_0,ridge_alpha_1.0,0.16560623028155064,24,,gate0_gate2_full_subject_single_seed_v1
etard_tf64,P05,cca,0,reuse_existing,success,experiments/gate0_gate2_full_subject_single_seed/jobs/etard_tf64/P05/cca/seed_0,cca_nc_2,0.08291126809368692,24,,gate0_gate2_full_subject_single_seed_v1
etard_tf64,P05,fcnn,0,reuse_existing,success,experiments/gate0_gate2_full_subject_single_seed/jobs/etard_tf64/P05/fcnn/seed_0,fcnn_epoch_4,0.0772836962806794,24,,gate0_gate2_full_subject_single_seed_v1
etard_tf64,P05,adt,0,reuse_existing,success,experiments/gate0_gate2_full_subject_single_seed/jobs/etard_tf64/P05/adt/seed_0,adt_epoch_14,0.09926028846651712,24,,gate0_gate2_full_subject_single_seed_v1
etard_tf64,P05,dnn,0,reuse_existing,success,experiments/gate0_gate2_full_subject_single_seed/jobs/etard_tf64/P05/dnn/seed_0,dnn_epoch_4,0.07677873152917296,24,,gate0_gate2_full_subject_single_seed_v1
etard_tf64,P05,cnn,0,reuse_existing,success,experiments/gate0_gate2_full_subject_single_seed/jobs/etard_tf64/P05/cnn/seed_0,cnn_epoch_4,0.146893117599967,24,,gate0_gate2_full_subject_single_seed_v1
etard_tf64,P05,eegnet,0,reuse_existing,success,experiments/gate0_gate2_full_subject_single_seed/jobs/etard_tf64/P05/eegnet/seed_0,eegnet_epoch_13,0.15313599411034462,24,,gate0_gate2_full_subject_single_seed_v1
etard_tf64,P06,ridge,0,reuse_existing,success,experiments/gate0_gate2_full_subject_single_seed/jobs/etard_tf64/P06/ridge/seed_0,ridge_alpha_100.0,0.07456562557998551,40,,gate0_gate2_full_subject_single_seed_v1
etard_tf64,P06,cca,0,reuse_existing,success,experiments/gate0_gate2_full_subject_single_seed/jobs/etard_tf64/P06/cca/seed_0,cca_nc_4,0.05466787667077335,40,,gate0_gate2_full_subject_single_seed_v1
etard_tf64,P06,fcnn,0,reuse_existing,success,experiments/gate0_gate2_full_subject_single_seed/jobs/etard_tf64/P06/fcnn/seed_0,fcnn_epoch_2,0.04736025961039863,40,,gate0_gate2_full_subject_single_seed_v1
etard_tf64,P06,adt,0,reuse_existing,success,experiments/gate0_gate2_full_subject_single_seed/jobs/etard_tf64/P06/adt/seed_0,adt_epoch_5,0.07824610586560414,40,,gate0_gate2_full_subject_single_seed_v1
etard_tf64,P06,dnn,0,reuse_existing,success,experiments/gate0_gate2_full_subject_single_seed/jobs/etard_tf64/P06/dnn/seed_0,dnn_epoch_2,0.047380536407766696,40,,gate0_gate2_full_subject_single_seed_v1
etard_tf64,P06,cnn,0,reuse_existing,success,experiments/gate0_gate2_full_subject_single_seed/jobs/etard_tf64/P06/cnn/seed_0,cnn_epoch_3,0.07687914139141525,40,,gate0_gate2_full_subject_single_seed_v1
etard_tf64,P06,eegnet,0,reuse_existing,success,experiments/gate0_gate2_full_subject_single_seed/jobs/etard_tf64/P06/eegnet/seed_0,eegnet_epoch_18,0.06887547413296222,40,,gate0_gate2_full_subject_single_seed_v1
etard_tf64,P07,ridge,0,reuse_existing,success,experiments/gate0_gate2_full_subject_single_seed/jobs/etard_tf64/P07/ridge/seed_0,ridge_alpha_100.0,0.053227695766529526,40,,gate0_gate2_full_subject_single_seed_v1
etard_tf64,P07,cca,0,reuse_existing,success,experiments/gate0_gate2_full_subject_single_seed/jobs/etard_tf64/P07/cca/seed_0,cca_nc_4,0.04813761913481267,40,,gate0_gate2_full_subject_single_seed_v1
etard_tf64,P07,fcnn,0,reuse_existing,success,experiments/gate0_gate2_full_subject_single_seed/jobs/etard_tf64/P07/fcnn/seed_0,fcnn_epoch_2,0.04177073348545885,40,,gate0_gate2_full_subject_single_seed_v1
etard_tf64,P07,adt,0,reuse_existing,success,experiments/gate0_gate2_full_subject_single_seed/jobs/etard_tf64/P07/adt/seed_0,adt_epoch_6,0.049861735416904696,40,,gate0_gate2_full_subject_single_seed_v1
etard_tf64,P07,dnn,0,reuse_existing,success,experiments/gate0_gate2_full_subject_single_seed/jobs/etard_tf64/P07/dnn/seed_0,dnn_epoch_2,0.041758128130201334,40,,gate0_gate2_full_subject_single_seed_v1
etard_tf64,P07,cnn,0,reuse_existing,success,experiments/gate0_gate2_full_subject_single_seed/jobs/etard_tf64/P07/cnn/seed_0,cnn_epoch_9,0.03471763787735132,40,,gate0_gate2_full_subject_single_seed_v1
etard_tf64,P07,eegnet,0,reuse_existing,success,experiments/gate0_gate2_full_subject_single_seed/jobs/etard_tf64/P07/eegnet/seed_0,eegnet_epoch_24,0.067123712941379,40,,gate0_gate2_full_subject_single_seed_v1
etard_tf64,P08,ridge,0,reuse_existing,success,experiments/gate0_gate2_full_subject_single_seed/jobs/etard_tf64/P08/ridge/seed_0,ridge_alpha_100.0,0.13968358567888628,40,,gate0_gate2_full_subject_single_seed_v1
etard_tf64,P08,cca,0,reuse_existing,success,experiments/gate0_gate2_full_subject_single_seed/jobs/etard_tf64/P08/cca/seed_0,cca_nc_4,0.07555111566470898,40,,gate0_gate2_full_subject_single_seed_v1
etard_tf64,P08,fcnn,0,reuse_existing,success,experiments/gate0_gate2_full_subject_single_seed/jobs/etard_tf64/P08/fcnn/seed_0,fcnn_epoch_3,0.08142240033347493,40,,gate0_gate2_full_subject_single_seed_v1
etard_tf64,P08,adt,0,reuse_existing,success,experiments/gate0_gate2_full_subject_single_seed/jobs/etard_tf64/P08/adt/seed_0,adt_epoch_2,0.15441509786735494,40,,gate0_gate2_full_subject_single_seed_v1
etard_tf64,P08,dnn,0,reuse_existing,success,experiments/gate0_gate2_full_subject_single_seed/jobs/etard_tf64/P08/dnn/seed_0,dnn_epoch_3,0.08145158270092161,40,,gate0_gate2_full_subject_single_seed_v1
etard_tf64,P08,cnn,0,reuse_existing,success,experiments/gate0_gate2_full_subject_single_seed/jobs/etard_tf64/P08/cnn/seed_0,cnn_epoch_3,0.1268608568285052,40,,gate0_gate2_full_subject_single_seed_v1
etard_tf64,P08,eegnet,0,reuse_existing,success,experiments/gate0_gate2_full_subject_single_seed/jobs/etard_tf64/P08/eegnet/seed_0,eegnet_epoch_11,0.14009651080137592,40,,gate0_gate2_full_subject_single_seed_v1
etard_tf64,P09,ridge,0,reuse_existing,success,experiments/gate0_gate2_full_subject_single_seed/jobs/etard_tf64/P09/ridge/seed_0,ridge_alpha_100.0,0.10027054598356153,40,,gate0_gate2_full_subject_single_seed_v1
etard_tf64,P09,cca,0,reuse_existing,success,experiments/gate0_gate2_full_subject_single_seed/jobs/etard_tf64/P09/cca/seed_0,cca_nc_4,0.0699837192568564,40,,gate0_gate2_full_subject_single_seed_v1
etard_tf64,P09,fcnn,0,reuse_existing,success,experiments/gate0_gate2_full_subject_single_seed/jobs/etard_tf64/P09/fcnn/seed_0,fcnn_epoch_4,0.06090749762007626,40,,gate0_gate2_full_subject_single_seed_v1
etard_tf64,P09,adt,0,reuse_existing,success,experiments/gate0_gate2_full_subject_single_seed/jobs/etard_tf64/P09/adt/seed_0,adt_epoch_4,0.11294602654166166,40,,gate0_gate2_full_subject_single_seed_v1
etard_tf64,P09,dnn,0,reuse_existing,success,experiments/gate0_gate2_full_subject_single_seed/jobs/etard_tf64/P09/dnn/seed_0,dnn_epoch_4,0.06052687202317385,40,,gate0_gate2_full_subject_single_seed_v1
etard_tf64,P09,cnn,0,reuse_existing,success,experiments/gate0_gate2_full_subject_single_seed/jobs/etard_tf64/P09/cnn/seed_0,cnn_epoch_7,0.08754920598705271,40,,gate0_gate2_full_subject_single_seed_v1
etard_tf64,P09,eegnet,0,reuse_existing,success,experiments/gate0_gate2_full_subject_single_seed/jobs/etard_tf64/P09/eegnet/seed_0,eegnet_epoch_13,0.09292580348557361,40,,gate0_gate2_full_subject_single_seed_v1
etard_tf64,P10,ridge,0,reuse_existing,success,experiments/gate0_gate2_full_subject_single_seed/jobs/etard_tf64/P10/ridge/seed_0,ridge_alpha_100.0,0.14400813039919944,40,,gate0_gate2_full_subject_single_seed_v1
etard_tf64,P10,cca,0,reuse_existing,success,experiments/gate0_gate2_full_subject_single_seed/jobs/etard_tf64/P10/cca/seed_0,cca_nc_1,0.1052584234569652,40,,gate0_gate2_full_subject_single_seed_v1
etard_tf64,P10,fcnn,0,reuse_existing,success,experiments/gate0_gate2_full_subject_single_seed/jobs/etard_tf64/P10/fcnn/seed_0,fcnn_epoch_1,0.09636906989887803,40,,gate0_gate2_full_subject_single_seed_v1
etard_tf64,P10,adt,0,reuse_existing,success,experiments/gate0_gate2_full_subject_single_seed/jobs/etard_tf64/P10/adt/seed_0,adt_epoch_3,0.1827733827426333,40,,gate0_gate2_full_subject_single_seed_v1
etard_tf64,P10,dnn,0,reuse_existing,success,experiments/gate0_gate2_full_subject_single_seed/jobs/etard_tf64/P10/dnn/seed_0,dnn_epoch_1,0.09636919055979025,40,,gate0_gate2_full_subject_single_seed_v1
etard_tf64,P10,cnn,0,reuse_existing,success,experiments/gate0_gate2_full_subject_single_seed/jobs/etard_tf64/P10/cnn/seed_0,cnn_epoch_5,0.14803266139217208,40,,gate0_gate2_full_subject_single_seed_v1
etard_tf64,P10,eegnet,0,reuse_existing,success,experiments/gate0_gate2_full_subject_single_seed/jobs/etard_tf64/P10/eegnet/seed_0,eegnet_epoch_12,0.14409351170516804,40,,gate0_gate2_full_subject_single_seed_v1
etard_tf64,P11,ridge,0,reuse_existing,success,experiments/gate0_gate2_full_subject_single_seed/jobs/etard_tf64/P11/ridge/seed_0,ridge_alpha_0.001,0.044848313231063586,16,,gate0_gate2_full_subject_single_seed_v1
etard_tf64,P11,cca,0,reuse_existing,success,experiments/gate0_gate2_full_subject_single_seed/jobs/etard_tf64/P11/cca/seed_0,cca_nc_1,0.01697478173375066,16,,gate0_gate2_full_subject_single_seed_v1
etard_tf64,P11,fcnn,0,reuse_existing,success,experiments/gate0_gate2_full_subject_single_seed/jobs/etard_tf64/P11/fcnn/seed_0,fcnn_epoch_1,0.05252191227174807,16,,gate0_gate2_full_subject_single_seed_v1
etard_tf64,P11,adt,0,reuse_existing,success,experiments/gate0_gate2_full_subject_single_seed/jobs/etard_tf64/P11/adt/seed_0,adt_epoch_1,0.029016418840218917,16,,gate0_gate2_full_subject_single_seed_v1
etard_tf64,P11,dnn,0,reuse_existing,success,experiments/gate0_gate2_full_subject_single_seed/jobs/etard_tf64/P11/dnn/seed_0,dnn_epoch_1,0.052521907775682414,16,,gate0_gate2_full_subject_single_seed_v1
etard_tf64,P11,cnn,0,reuse_existing,success,experiments/gate0_gate2_full_subject_single_seed/jobs/etard_tf64/P11/cnn/seed_0,cnn_epoch_24,0.009873358774490523,16,,gate0_gate2_full_subject_single_seed_v1
etard_tf64,P11,eegnet,0,reuse_existing,success,experiments/gate0_gate2_full_subject_single_seed/jobs/etard_tf64/P11/eegnet/seed_0,eegnet_epoch_18,0.009582372522697977,16,,gate0_gate2_full_subject_single_seed_v1
etard_tf64,P12,ridge,0,reuse_existing,success,experiments/gate0_gate2_full_subject_single_seed/jobs/etard_tf64/P12/ridge/seed_0,ridge_alpha_1.0,0.051038192714147876,16,,gate0_gate2_full_subject_single_seed_v1
etard_tf64,P12,cca,0,reuse_existing,success,experiments/gate0_gate2_full_subject_single_seed/jobs/etard_tf64/P12/cca/seed_0,cca_nc_2,0.0477233194092052,16,,gate0_gate2_full_subject_single_seed_v1
etard_tf64,P12,fcnn,0,reuse_existing,success,experiments/gate0_gate2_full_subject_single_seed/jobs/etard_tf64/P12/fcnn/seed_0,fcnn_epoch_4,0.024303849912917456,16,,gate0_gate2_full_subject_single_seed_v1
etard_tf64,P12,adt,0,reuse_existing,success,experiments/gate0_gate2_full_subject_single_seed/jobs/etard_tf64/P12/adt/seed_0,adt_epoch_6,0.07405633867954906,16,,gate0_gate2_full_subject_single_seed_v1
etard_tf64,P12,dnn,0,reuse_existing,success,experiments/gate0_gate2_full_subject_single_seed/jobs/etard_tf64/P12/dnn/seed_0,dnn_epoch_4,0.024948257824387372,16,,gate0_gate2_full_subject_single_seed_v1
etard_tf64,P12,cnn,0,reuse_existing,success,experiments/gate0_gate2_full_subject_single_seed/jobs/etard_tf64/P12/cnn/seed_0,cnn_epoch_7,0.016010113995027043,16,,gate0_gate2_full_subject_single_seed_v1
etard_tf64,P12,eegnet,0,reuse_existing,success,experiments/gate0_gate2_full_subject_single_seed/jobs/etard_tf64/P12/eegnet/seed_0,eegnet_epoch_4,0.018676464447641938,16,,gate0_gate2_full_subject_single_seed_v1
etard_tf64,P13,ridge,0,reuse_existing,success,experiments/gate0_gate2_full_subject_single_seed/jobs/etard_tf64/P13/ridge/seed_0,ridge_alpha_100.0,0.08236454245340001,40,,gate0_gate2_full_subject_single_seed_v1
etard_tf64,P13,cca,0,reuse_existing,success,experiments/gate0_gate2_full_subject_single_seed/jobs/etard_tf64/P13/cca/seed_0,cca_nc_1,0.06220989017493215,40,,gate0_gate2_full_subject_single_seed_v1
etard_tf64,P13,fcnn,0,reuse_existing,success,experiments/gate0_gate2_full_subject_single_seed/jobs/etard_tf64/P13/fcnn/seed_0,fcnn_epoch_2,0.05594610597871378,40,,gate0_gate2_full_subject_single_seed_v1
etard_tf64,P13,adt,0,reuse_existing,success,experiments/gate0_gate2_full_subject_single_seed/jobs/etard_tf64/P13/adt/seed_0,adt_epoch_4,0.08579810598113084,40,,gate0_gate2_full_subject_single_seed_v1
etard_tf64,P13,dnn,0,reuse_existing,success,experiments/gate0_gate2_full_subject_single_seed/jobs/etard_tf64/P13/dnn/seed_0,dnn_epoch_2,0.05613143073833391,40,,gate0_gate2_full_subject_single_seed_v1
etard_tf64,P13,cnn,0,reuse_existing,success,experiments/gate0_gate2_full_subject_single_seed/jobs/etard_tf64/P13/cnn/seed_0,cnn_epoch_9,0.053847052093665936,40,,gate0_gate2_full_subject_single_seed_v1
etard_tf64,P13,eegnet,0,reuse_existing,success,experiments/gate0_gate2_full_subject_single_seed/jobs/etard_tf64/P13/eegnet/seed_0,eegnet_epoch_26,0.08236363931860391,40,,gate0_gate2_full_subject_single_seed_v1
etard_tf64,P14,ridge,0,reuse_existing,success,experiments/gate0_gate2_full_subject_single_seed/jobs/etard_tf64/P14/ridge/seed_0,ridge_alpha_100.0,0.07104625573321281,40,,gate0_gate2_full_subject_single_seed_v1
etard_tf64,P14,cca,0,reuse_existing,success,experiments/gate0_gate2_full_subject_single_seed/jobs/etard_tf64/P14/cca/seed_0,cca_nc_4,0.05426455228402065,40,,gate0_gate2_full_subject_single_seed_v1
etard_tf64,P14,fcnn,0,reuse_existing,success,experiments/gate0_gate2_full_subject_single_seed/jobs/etard_tf64/P14/fcnn/seed_0,fcnn_epoch_0,0.05190032498483782,40,,gate0_gate2_full_subject_single_seed_v1
etard_tf64,P14,adt,0,reuse_existing,success,experiments/gate0_gate2_full_subject_single_seed/jobs/etard_tf64/P14/adt/seed_0,adt_epoch_2,0.09911691622566152,40,,gate0_gate2_full_subject_single_seed_v1
etard_tf64,P14,dnn,0,reuse_existing,success,experiments/gate0_gate2_full_subject_single_seed/jobs/etard_tf64/P14/dnn/seed_0,dnn_epoch_0,0.051900325428064144,40,,gate0_gate2_full_subject_single_seed_v1
etard_tf64,P14,cnn,0,reuse_existing,success,experiments/gate0_gate2_full_subject_single_seed/jobs/etard_tf64/P14/cnn/seed_0,cnn_epoch_3,0.0650474119219342,40,,gate0_gate2_full_subject_single_seed_v1
etard_tf64,P14,eegnet,0,reuse_existing,success,experiments/gate0_gate2_full_subject_single_seed/jobs/etard_tf64/P14/eegnet/seed_0,eegnet_epoch_11,0.07561569029089328,40,,gate0_gate2_full_subject_single_seed_v1
etard_tf64,P15,ridge,0,reuse_existing,success,experiments/gate0_gate2_full_subject_single_seed/jobs/etard_tf64/P15/ridge/seed_0,ridge_alpha_10.0,0.06723994153100096,40,,gate0_gate2_full_subject_single_seed_v1
etard_tf64,P15,cca,0,reuse_existing,success,experiments/gate0_gate2_full_subject_single_seed/jobs/etard_tf64/P15/cca/seed_0,cca_nc_2,0.06403554735057461,40,,gate0_gate2_full_subject_single_seed_v1
etard_tf64,P15,fcnn,0,reuse_existing,success,experiments/gate0_gate2_full_subject_single_seed/jobs/etard_tf64/P15/fcnn/seed_0,fcnn_epoch_6,0.04354849531293719,40,,gate0_gate2_full_subject_single_seed_v1
etard_tf64,P15,adt,0,reuse_existing,success,experiments/gate0_gate2_full_subject_single_seed/jobs/etard_tf64/P15/adt/seed_0,adt_epoch_6,0.048881689855330424,40,,gate0_gate2_full_subject_single_seed_v1
etard_tf64,P15,dnn,0,reuse_existing,success,experiments/gate0_gate2_full_subject_single_seed/jobs/etard_tf64/P15/dnn/seed_0,dnn_epoch_6,0.040556352495744706,40,,gate0_gate2_full_subject_single_seed_v1
etard_tf64,P15,cnn,0,reuse_existing,success,experiments/gate0_gate2_full_subject_single_seed/jobs/etard_tf64/P15/cnn/seed_0,cnn_epoch_3,0.05830870528200367,40,,gate0_gate2_full_subject_single_seed_v1
etard_tf64,P15,eegnet,0,reuse_existing,success,experiments/gate0_gate2_full_subject_single_seed/jobs/etard_tf64/P15/eegnet/seed_0,eegnet_epoch_14,0.07914437180304286,40,,gate0_gate2_full_subject_single_seed_v1
etard_tf64,P16,ridge,0,reuse_existing,success,experiments/gate0_gate2_full_subject_single_seed/jobs/etard_tf64/P16/ridge/seed_0,ridge_alpha_100.0,0.11812743311029035,40,,gate0_gate2_full_subject_single_seed_v1
etard_tf64,P16,cca,0,reuse_existing,success,experiments/gate0_gate2_full_subject_single_seed/jobs/etard_tf64/P16/cca/seed_0,cca_nc_1,0.0409265315396537,40,,gate0_gate2_full_subject_single_seed_v1
etard_tf64,P16,fcnn,0,reuse_existing,success,experiments/gate0_gate2_full_subject_single_seed/jobs/etard_tf64/P16/fcnn/seed_0,fcnn_epoch_6,0.05465808152612578,40,,gate0_gate2_full_subject_single_seed_v1
etard_tf64,P16,adt,0,reuse_existing,success,experiments/gate0_gate2_full_subject_single_seed/jobs/etard_tf64/P16/adt/seed_0,adt_epoch_5,0.1077967528328446,40,,gate0_gate2_full_subject_single_seed_v1
etard_tf64,P16,dnn,0,reuse_existing,success,experiments/gate0_gate2_full_subject_single_seed/jobs/etard_tf64/P16/dnn/seed_0,dnn_epoch_6,0.05426133034692733,40,,gate0_gate2_full_subject_single_seed_v1
etard_tf64,P16,cnn,0,reuse_existing,success,experiments/gate0_gate2_full_subject_single_seed/jobs/etard_tf64/P16/cnn/seed_0,cnn_epoch_7,0.103017940987242,40,,gate0_gate2_full_subject_single_seed_v1
etard_tf64,P16,eegnet,0,reuse_existing,success,experiments/gate0_gate2_full_subject_single_seed/jobs/etard_tf64/P16/eegnet/seed_0,eegnet_epoch_27,0.12277791081416964,40,,gate0_gate2_full_subject_single_seed_v1
etard_tf64,P17,ridge,0,reuse_existing,success,experiments/gate0_gate2_full_subject_single_seed/jobs/etard_tf64/P17/ridge/seed_0,ridge_alpha_10.0,0.1479816307863569,40,,gate0_gate2_full_subject_single_seed_v1
etard_tf64,P17,cca,0,reuse_existing,success,experiments/gate0_gate2_full_subject_single_seed/jobs/etard_tf64/P17/cca/seed_0,cca_nc_4,0.09540382930206373,40,,gate0_gate2_full_subject_single_seed_v1
etard_tf64,P17,fcnn,0,reuse_existing,success,experiments/gate0_gate2_full_subject_single_seed/jobs/etard_tf64/P17/fcnn/seed_0,fcnn_epoch_1,0.07856063094393025,40,,gate0_gate2_full_subject_single_seed_v1
etard_tf64,P17,adt,0,reuse_existing,success,experiments/gate0_gate2_full_subject_single_seed/jobs/etard_tf64/P17/adt/seed_0,adt_epoch_3,0.10034419776260006,40,,gate0_gate2_full_subject_single_seed_v1
etard_tf64,P17,dnn,0,reuse_existing,success,experiments/gate0_gate2_full_subject_single_seed/jobs/etard_tf64/P17/dnn/seed_0,dnn_epoch_1,0.07856808728299906,40,,gate0_gate2_full_subject_single_seed_v1
etard_tf64,P17,cnn,0,reuse_existing,success,experiments/gate0_gate2_full_subject_single_seed/jobs/etard_tf64/P17/cnn/seed_0,cnn_epoch_6,0.12124594896572272,40,,gate0_gate2_full_subject_single_seed_v1
etard_tf64,P17,eegnet,0,reuse_existing,success,experiments/gate0_gate2_full_subject_single_seed/jobs/etard_tf64/P17/eegnet/seed_0,eegnet_epoch_18,0.13447887342049508,40,,gate0_gate2_full_subject_single_seed_v1
etard_tf64,P18,ridge,0,reuse_existing,success,experiments/gate0_gate2_full_subject_single_seed/jobs/etard_tf64/P18/ridge/seed_0,ridge_alpha_1.0,0.10787007903537287,40,,gate0_gate2_full_subject_single_seed_v1
etard_tf64,P18,cca,0,reuse_existing,success,experiments/gate0_gate2_full_subject_single_seed/jobs/etard_tf64/P18/cca/seed_0,cca_nc_1,0.07395422785112646,40,,gate0_gate2_full_subject_single_seed_v1
etard_tf64,P18,fcnn,0,reuse_existing,success,experiments/gate0_gate2_full_subject_single_seed/jobs/etard_tf64/P18/fcnn/seed_0,fcnn_epoch_2,0.06845165032467324,40,,gate0_gate2_full_subject_single_seed_v1
etard_tf64,P18,adt,0,reuse_existing,success,experiments/gate0_gate2_full_subject_single_seed/jobs/etard_tf64/P18/adt/seed_0,adt_epoch_5,0.08393450999416367,40,,gate0_gate2_full_subject_single_seed_v1
etard_tf64,P18,dnn,0,reuse_existing,success,experiments/gate0_gate2_full_subject_single_seed/jobs/etard_tf64/P18/dnn/seed_0,dnn_epoch_2,0.07081393124511721,40,,gate0_gate2_full_subject_single_seed_v1
etard_tf64,P18,cnn,0,reuse_existing,success,experiments/gate0_gate2_full_subject_single_seed/jobs/etard_tf64/P18/cnn/seed_0,cnn_epoch_10,0.09078082662896123,40,,gate0_gate2_full_subject_single_seed_v1
etard_tf64,P18,eegnet,0,reuse_existing,success,experiments/gate0_gate2_full_subject_single_seed/jobs/etard_tf64/P18/eegnet/seed_0,eegnet_epoch_15,0.10790104321266218,40,,gate0_gate2_full_subject_single_seed_v1
etard_tf64,P19,ridge,0,reuse_existing,success,experiments/gate0_gate2_full_subject_single_seed/jobs/etard_tf64/P19/ridge/seed_0,ridge_alpha_100.0,0.16145018933092758,40,,gate0_gate2_full_subject_single_seed_v1
etard_tf64,P19,cca,0,reuse_existing,success,experiments/gate0_gate2_full_subject_single_seed/jobs/etard_tf64/P19/cca/seed_0,cca_nc_2,0.10494068293072975,40,,gate0_gate2_full_subject_single_seed_v1
etard_tf64,P19,fcnn,0,reuse_existing,success,experiments/gate0_gate2_full_subject_single_seed/jobs/etard_tf64/P19/fcnn/seed_0,fcnn_epoch_2,0.0861283333444894,40,,gate0_gate2_full_subject_single_seed_v1
etard_tf64,P19,adt,0,reuse_existing,success,experiments/gate0_gate2_full_subject_single_seed/jobs/etard_tf64/P19/adt/seed_0,adt_epoch_6,0.17837210956403612,40,,gate0_gate2_full_subject_single_seed_v1
etard_tf64,P19,dnn,0,reuse_existing,success,experiments/gate0_gate2_full_subject_single_seed/jobs/etard_tf64/P19/dnn/seed_0,dnn_epoch_2,0.08611850732607111,40,,gate0_gate2_full_subject_single_seed_v1
etard_tf64,P19,cnn,0,reuse_existing,success,experiments/gate0_gate2_full_subject_single_seed/jobs/etard_tf64/P19/cnn/seed_0,cnn_epoch_3,0.14942029236290666,40,,gate0_gate2_full_subject_single_seed_v1
etard_tf64,P19,eegnet,0,reuse_existing,success,experiments/gate0_gate2_full_subject_single_seed/jobs/etard_tf64/P19/eegnet/seed_0,eegnet_epoch_15,0.1430031627979123,40,,gate0_gate2_full_subject_single_seed_v1
etard_tf64,P00,ridge,42,reuse_existing,success,experiments/gate0_gate2_full_subject_single_seed/jobs/etard_tf64/P00/ridge/seed_42,ridge_alpha_10.0,0.08856015451578379,24,,gate0_gate2_full_subject_single_seed_v1
etard_tf64,P00,cca,42,reuse_existing,success,experiments/gate0_gate2_full_subject_single_seed/jobs/etard_tf64/P00/cca/seed_42,cca_nc_1,0.06378096758274915,24,,gate0_gate2_full_subject_single_seed_v1
etard_tf64,P00,fcnn,42,reuse_existing,success,experiments/gate0_gate2_full_subject_single_seed/jobs/etard_tf64/P00/fcnn/seed_42,fcnn_epoch_4,0.0390439140449843,24,,gate0_gate2_full_subject_single_seed_v1
etard_tf64,P00,adt,42,reuse_existing,success,experiments/gate0_gate2_full_subject_single_seed/jobs/etard_tf64/P00/adt/seed_42,adt_epoch_3,0.10073549364159436,24,,gate0_gate2_full_subject_single_seed_v1
etard_tf64,P00,dnn,42,reuse_existing,success,experiments/gate0_gate2_full_subject_single_seed/jobs/etard_tf64/P00/dnn/seed_42,dnn_epoch_4,0.0351167159894125,24,,gate0_gate2_full_subject_single_seed_v1
etard_tf64,P00,cnn,42,reuse_existing,success,experiments/gate0_gate2_full_subject_single_seed/jobs/etard_tf64/P00/cnn/seed_42,cnn_epoch_11,0.12051607407319172,24,,gate0_gate2_full_subject_single_seed_v1
etard_tf64,P00,eegnet,42,reuse_existing,success,experiments/gate0_gate2_full_subject_single_seed/jobs/etard_tf64/P00/eegnet/seed_42,eegnet_epoch_22,0.09778116311170248,24,,gate0_gate2_full_subject_single_seed_v1
etard_tf64,P01,ridge,42,reuse_existing,success,experiments/gate0_gate2_full_subject_single_seed/jobs/etard_tf64/P01/ridge/seed_42,ridge_alpha_1.0,0.09348833170812972,24,,gate0_gate2_full_subject_single_seed_v1
etard_tf64,P01,cca,42,reuse_existing,success,experiments/gate0_gate2_full_subject_single_seed/jobs/etard_tf64/P01/cca/seed_42,cca_nc_2,0.09750530042163968,24,,gate0_gate2_full_subject_single_seed_v1
etard_tf64,P01,fcnn,42,reuse_existing,success,experiments/gate0_gate2_full_subject_single_seed/jobs/etard_tf64/P01/fcnn/seed_42,fcnn_epoch_3,0.06989240242350184,24,,gate0_gate2_full_subject_single_seed_v1
etard_tf64,P01,adt,42,reuse_existing,success,experiments/gate0_gate2_full_subject_single_seed/jobs/etard_tf64/P01/adt/seed_42,adt_epoch_6,0.11111773199417242,24,,gate0_gate2_full_subject_single_seed_v1
etard_tf64,P01,dnn,42,reuse_existing,success,experiments/gate0_gate2_full_subject_single_seed/jobs/etard_tf64/P01/dnn/seed_42,dnn_epoch_3,0.06985512239396835,24,,gate0_gate2_full_subject_single_seed_v1
etard_tf64,P01,cnn,42,reuse_existing,success,experiments/gate0_gate2_full_subject_single_seed/jobs/etard_tf64/P01/cnn/seed_42,cnn_epoch_2,0.10354631939250487,24,,gate0_gate2_full_subject_single_seed_v1
etard_tf64,P01,eegnet,42,reuse_existing,success,experiments/gate0_gate2_full_subject_single_seed/jobs/etard_tf64/P01/eegnet/seed_42,eegnet_epoch_5,0.10891764650562603,24,,gate0_gate2_full_subject_single_seed_v1
etard_tf64,P02,ridge,42,reuse_existing,success,experiments/gate0_gate2_full_subject_single_seed/jobs/etard_tf64/P02/ridge/seed_42,ridge_alpha_100.0,0.07709442757395554,40,,gate0_gate2_full_subject_single_seed_v1
etard_tf64,P02,cca,42,reuse_existing,success,experiments/gate0_gate2_full_subject_single_seed/jobs/etard_tf64/P02/cca/seed_42,cca_nc_4,0.06206988266056327,40,,gate0_gate2_full_subject_single_seed_v1
etard_tf64,P02,fcnn,42,reuse_existing,success,experiments/gate0_gate2_full_subject_single_seed/jobs/etard_tf64/P02/fcnn/seed_42,fcnn_epoch_1,0.05813273000014185,40,,gate0_gate2_full_subject_single_seed_v1
etard_tf64,P02,adt,42,reuse_existing,success,experiments/gate0_gate2_full_subject_single_seed/jobs/etard_tf64/P02/adt/seed_42,adt_epoch_1,0.09350271881893676,40,,gate0_gate2_full_subject_single_seed_v1
etard_tf64,P02,dnn,42,reuse_existing,success,experiments/gate0_gate2_full_subject_single_seed/jobs/etard_tf64/P02/dnn/seed_42,dnn_epoch_1,0.05813270084315063,40,,gate0_gate2_full_subject_single_seed_v1
etard_tf64,P02,cnn,42,reuse_existing,success,experiments/gate0_gate2_full_subject_single_seed/jobs/etard_tf64/P02/cnn/seed_42,cnn_epoch_2,0.09580005969426889,40,,gate0_gate2_full_subject_single_seed_v1
etard_tf64,P02,eegnet,42,reuse_existing,success,experiments/gate0_gate2_full_subject_single_seed/jobs/etard_tf64/P02/eegnet/seed_42,eegnet_epoch_9,0.09376981483138028,40,,gate0_gate2_full_subject_single_seed_v1
etard_tf64,P03,ridge,42,reuse_existing,success,experiments/gate0_gate2_full_subject_single_seed/jobs/etard_tf64/P03/ridge/seed_42,ridge_alpha_10.0,0.10405487391784017,24,,gate0_gate2_full_subject_single_seed_v1
etard_tf64,P03,cca,42,reuse_existing,success,experiments/gate0_gate2_full_subject_single_seed/jobs/etard_tf64/P03/cca/seed_42,cca_nc_2,0.07301375262520356,24,,gate0_gate2_full_subject_single_seed_v1
etard_tf64,P03,fcnn,42,reuse_existing,success,experiments/gate0_gate2_full_subject_single_seed/jobs/etard_tf64/P03/fcnn/seed_42,fcnn_epoch_14,0.060069842638639674,24,,gate0_gate2_full_subject_single_seed_v1
etard_tf64,P03,adt,42,reuse_existing,success,experiments/gate0_gate2_full_subject_single_seed/jobs/etard_tf64/P03/adt/seed_42,adt_epoch_8,0.10721935288952866,24,,gate0_gate2_full_subject_single_seed_v1
etard_tf64,P03,dnn,42,reuse_existing,success,experiments/gate0_gate2_full_subject_single_seed/jobs/etard_tf64/P03/dnn/seed_42,dnn_epoch_14,0.055001925354093484,24,,gate0_gate2_full_subject_single_seed_v1
etard_tf64,P03,cnn,42,reuse_existing,success,experiments/gate0_gate2_full_subject_single_seed/jobs/etard_tf64/P03/cnn/seed_42,cnn_epoch_7,0.08646284865123782,24,,gate0_gate2_full_subject_single_seed_v1
etard_tf64,P03,eegnet,42,reuse_existing,success,experiments/gate0_gate2_full_subject_single_seed/jobs/etard_tf64/P03/eegnet/seed_42,eegnet_epoch_8,0.10954722986926287,24,,gate0_gate2_full_subject_single_seed_v1
etard_tf64,P04,ridge,42,reuse_existing,success,experiments/gate0_gate2_full_subject_single_seed/jobs/etard_tf64/P04/ridge/seed_42,ridge_alpha_10.0,0.175744230213875,24,,gate0_gate2_full_subject_single_seed_v1
etard_tf64,P04,cca,42,reuse_existing,success,experiments/gate0_gate2_full_subject_single_seed/jobs/etard_tf64/P04/cca/seed_42,cca_nc_1,0.10368267137331921,24,,gate0_gate2_full_subject_single_seed_v1
etard_tf64,P04,fcnn,42,reuse_existing,success,experiments/gate0_gate2_full_subject_single_seed/jobs/etard_tf64/P04/fcnn/seed_42,fcnn_epoch_6,0.09200895142293235,24,,gate0_gate2_full_subject_single_seed_v1
etard_tf64,P04,adt,42,reuse_existing,success,experiments/gate0_gate2_full_subject_single_seed/jobs/etard_tf64/P04/adt/seed_42,adt_epoch_5,0.20881263875074507,24,,gate0_gate2_full_subject_single_seed_v1
etard_tf64,P04,dnn,42,reuse_existing,success,experiments/gate0_gate2_full_subject_single_seed/jobs/etard_tf64/P04/dnn/seed_42,dnn_epoch_6,0.0919233780133008,24,,gate0_gate2_full_subject_single_seed_v1
etard_tf64,P04,cnn,42,reuse_existing,success,experiments/gate0_gate2_full_subject_single_seed/jobs/etard_tf64/P04/cnn/seed_42,cnn_epoch_3,0.16727528143236392,24,,gate0_gate2_full_subject_single_seed_v1
etard_tf64,P04,eegnet,42,reuse_existing,success,experiments/gate0_gate2_full_subject_single_seed/jobs/etard_tf64/P04/eegnet/seed_42,eegnet_epoch_9,0.16967653516807557,24,,gate0_gate2_full_subject_single_seed_v1
etard_tf64,P05,ridge,42,reuse_existing,success,experiments/gate0_gate2_full_subject_single_seed/jobs/etard_tf64/P05/ridge/seed_42,ridge_alpha_1.0,0.16560623028155064,24,,gate0_gate2_full_subject_single_seed_v1
etard_tf64,P05,cca,42,reuse_existing,success,experiments/gate0_gate2_full_subject_single_seed/jobs/etard_tf64/P05/cca/seed_42,cca_nc_2,0.08291126809368692,24,,gate0_gate2_full_subject_single_seed_v1
etard_tf64,P05,fcnn,42,reuse_existing,success,experiments/gate0_gate2_full_subject_single_seed/jobs/etard_tf64/P05/fcnn/seed_42,fcnn_epoch_3,0.09032957880276433,24,,gate0_gate2_full_subject_single_seed_v1
etard_tf64,P05,adt,42,reuse_existing,success,experiments/gate0_gate2_full_subject_single_seed/jobs/etard_tf64/P05/adt/seed_42,adt_epoch_6,0.1344248302363876,24,,gate0_gate2_full_subject_single_seed_v1
etard_tf64,P05,dnn,42,reuse_existing,success,experiments/gate0_gate2_full_subject_single_seed/jobs/etard_tf64/P05/dnn/seed_42,dnn_epoch_3,0.09023887562743575,24,,gate0_gate2_full_subject_single_seed_v1
etard_tf64,P05,cnn,42,reuse_existing,success,experiments/gate0_gate2_full_subject_single_seed/jobs/etard_tf64/P05/cnn/seed_42,cnn_epoch_16,0.1504584265036227,24,,gate0_gate2_full_subject_single_seed_v1
etard_tf64,P05,eegnet,42,reuse_existing,success,experiments/gate0_gate2_full_subject_single_seed/jobs/etard_tf64/P05/eegnet/seed_42,eegnet_epoch_11,0.16165715430891192,24,,gate0_gate2_full_subject_single_seed_v1
etard_tf64,P06,ridge,42,reuse_existing,success,experiments/gate0_gate2_full_subject_single_seed/jobs/etard_tf64/P06/ridge/seed_42,ridge_alpha_100.0,0.07456562557998551,40,,gate0_gate2_full_subject_single_seed_v1
etard_tf64,P06,cca,42,reuse_existing,success,experiments/gate0_gate2_full_subject_single_seed/jobs/etard_tf64/P06/cca/seed_42,cca_nc_4,0.05466787667077335,40,,gate0_gate2_full_subject_single_seed_v1
etard_tf64,P06,fcnn,42,reuse_existing,success,experiments/gate0_gate2_full_subject_single_seed/jobs/etard_tf64/P06/fcnn/seed_42,fcnn_epoch_11,-0.0017803735682439276,40,,gate0_gate2_full_subject_single_seed_v1
etard_tf64,P06,adt,42,reuse_existing,success,experiments/gate0_gate2_full_subject_single_seed/jobs/etard_tf64/P06/adt/seed_42,adt_epoch_4,0.06360682759275435,40,,gate0_gate2_full_subject_single_seed_v1
etard_tf64,P06,dnn,42,reuse_existing,success,experiments/gate0_gate2_full_subject_single_seed/jobs/etard_tf64/P06/dnn/seed_42,dnn_epoch_2,0.046781808773694235,40,,gate0_gate2_full_subject_single_seed_v1
etard_tf64,P06,cnn,42,reuse_existing,success,experiments/gate0_gate2_full_subject_single_seed/jobs/etard_tf64/P06/cnn/seed_42,cnn_epoch_3,0.06063436397283974,40,,gate0_gate2_full_subject_single_seed_v1
etard_tf64,P06,eegnet,42,reuse_existing,success,experiments/gate0_gate2_full_subject_single_seed/jobs/etard_tf64/P06/eegnet/seed_42,eegnet_epoch_17,0.07276508928493923,40,,gate0_gate2_full_subject_single_seed_v1
etard_tf64,P07,ridge,42,reuse_existing,success,experiments/gate0_gate2_full_subject_single_seed/jobs/etard_tf64/P07/ridge/seed_42,ridge_alpha_100.0,0.053227695766529526,40,,gate0_gate2_full_subject_single_seed_v1
etard_tf64,P07,cca,42,reuse_existing,success,experiments/gate0_gate2_full_subject_single_seed/jobs/etard_tf64/P07/cca/seed_42,cca_nc_4,0.04813761913481267,40,,gate0_gate2_full_subject_single_seed_v1
etard_tf64,P07,fcnn,42,reuse_existing,success,experiments/gate0_gate2_full_subject_single_seed/jobs/etard_tf64/P07/fcnn/seed_42,fcnn_epoch_0,0.028787261557363285,40,,gate0_gate2_full_subject_single_seed_v1
etard_tf64,P07,adt,42,reuse_existing,success,experiments/gate0_gate2_full_subject_single_seed/jobs/etard_tf64/P07/adt/seed_42,adt_epoch_5,0.041126814676882256,40,,gate0_gate2_full_subject_single_seed_v1
etard_tf64,P07,dnn,42,reuse_existing,success,experiments/gate0_gate2_full_subject_single_seed/jobs/etard_tf64/P07/dnn/seed_42,dnn_epoch_0,0.028787291151388006,40,,gate0_gate2_full_subject_single_seed_v1
etard_tf64,P07,cnn,42,reuse_existing,success,experiments/gate0_gate2_full_subject_single_seed/jobs/etard_tf64/P07/cnn/seed_42,cnn_epoch_6,0.05798653114960499,40,,gate0_gate2_full_subject_single_seed_v1
etard_tf64,P07,eegnet,42,reuse_existing,success,experiments/gate0_gate2_full_subject_single_seed/jobs/etard_tf64/P07/eegnet/seed_42,eegnet_epoch_36,0.05127745271993406,40,,gate0_gate2_full_subject_single_seed_v1
etard_tf64,P08,ridge,42,reuse_existing,success,experiments/gate0_gate2_full_subject_single_seed/jobs/etard_tf64/P08/ridge/seed_42,ridge_alpha_100.0,0.13968358567888628,40,,gate0_gate2_full_subject_single_seed_v1
etard_tf64,P08,cca,42,reuse_existing,success,experiments/gate0_gate2_full_subject_single_seed/jobs/etard_tf64/P08/cca/seed_42,cca_nc_4,0.07555111566470898,40,,gate0_gate2_full_subject_single_seed_v1
etard_tf64,P08,fcnn,42,reuse_existing,success,experiments/gate0_gate2_full_subject_single_seed/jobs/etard_tf64/P08/fcnn/seed_42,fcnn_epoch_1,0.09102664146776238,40,,gate0_gate2_full_subject_single_seed_v1
etard_tf64,P08,adt,42,reuse_existing,success,experiments/gate0_gate2_full_subject_single_seed/jobs/etard_tf64/P08/adt/seed_42,adt_epoch_8,0.13173800818948322,40,,gate0_gate2_full_subject_single_seed_v1
etard_tf64,P08,dnn,42,reuse_existing,success,experiments/gate0_gate2_full_subject_single_seed/jobs/etard_tf64/P08/dnn/seed_42,dnn_epoch_1,0.09102701968258056,40,,gate0_gate2_full_subject_single_seed_v1
etard_tf64,P08,cnn,42,reuse_existing,success,experiments/gate0_gate2_full_subject_single_seed/jobs/etard_tf64/P08/cnn/seed_42,cnn_epoch_4,0.13534418950956212,40,,gate0_gate2_full_subject_single_seed_v1
etard_tf64,P08,eegnet,42,reuse_existing,success,experiments/gate0_gate2_full_subject_single_seed/jobs/etard_tf64/P08/eegnet/seed_42,eegnet_epoch_21,0.13562189723363238,40,,gate0_gate2_full_subject_single_seed_v1
etard_tf64,P09,ridge,42,reuse_existing,success,experiments/gate0_gate2_full_subject_single_seed/jobs/etard_tf64/P09/ridge/seed_42,ridge_alpha_100.0,0.10027054598356153,40,,gate0_gate2_full_subject_single_seed_v1
etard_tf64,P09,cca,42,reuse_existing,success,experiments/gate0_gate2_full_subject_single_seed/jobs/etard_tf64/P09/cca/seed_42,cca_nc_4,0.0699837192568564,40,,gate0_gate2_full_subject_single_seed_v1
etard_tf64,P09,fcnn,42,reuse_existing,success,experiments/gate0_gate2_full_subject_single_seed/jobs/etard_tf64/P09/fcnn/seed_42,fcnn_epoch_2,0.05826074241238921,40,,gate0_gate2_full_subject_single_seed_v1
etard_tf64,P09,adt,42,reuse_existing,success,experiments/gate0_gate2_full_subject_single_seed/jobs/etard_tf64/P09/adt/seed_42,adt_epoch_7,0.11120678067098937,40,,gate0_gate2_full_subject_single_seed_v1
etard_tf64,P09,dnn,42,reuse_existing,success,experiments/gate0_gate2_full_subject_single_seed/jobs/etard_tf64/P09/dnn/seed_42,dnn_epoch_2,0.05778190686508709,40,,gate0_gate2_full_subject_single_seed_v1
etard_tf64,P09,cnn,42,reuse_existing,success,experiments/gate0_gate2_full_subject_single_seed/jobs/etard_tf64/P09/cnn/seed_42,cnn_epoch_6,0.0837311073329409,40,,gate0_gate2_full_subject_single_seed_v1
etard_tf64,P09,eegnet,42,reuse_existing,success,experiments/gate0_gate2_full_subject_single_seed/jobs/etard_tf64/P09/eegnet/seed_42,eegnet_epoch_30,0.10691259400062596,40,,gate0_gate2_full_subject_single_seed_v1
etard_tf64,P10,ridge,42,reuse_existing,success,experiments/gate0_gate2_full_subject_single_seed/jobs/etard_tf64/P10/ridge/seed_42,ridge_alpha_100.0,0.14400813039919944,40,,gate0_gate2_full_subject_single_seed_v1
etard_tf64,P10,cca,42,reuse_existing,success,experiments/gate0_gate2_full_subject_single_seed/jobs/etard_tf64/P10/cca/seed_42,cca_nc_1,0.1052584234569652,40,,gate0_gate2_full_subject_single_seed_v1
etard_tf64,P10,fcnn,42,reuse_existing,success,experiments/gate0_gate2_full_subject_single_seed/jobs/etard_tf64/P10/fcnn/seed_42,fcnn_epoch_2,0.10763018326766471,40,,gate0_gate2_full_subject_single_seed_v1
etard_tf64,P10,adt,42,reuse_existing,success,experiments/gate0_gate2_full_subject_single_seed/jobs/etard_tf64/P10/adt/seed_42,adt_epoch_4,0.14787671491162785,40,,gate0_gate2_full_subject_single_seed_v1
etard_tf64,P10,dnn,42,reuse_existing,success,experiments/gate0_gate2_full_subject_single_seed/jobs/etard_tf64/P10/dnn/seed_42,dnn_epoch_2,0.10768846208326857,40,,gate0_gate2_full_subject_single_seed_v1
etard_tf64,P10,cnn,42,reuse_existing,success,experiments/gate0_gate2_full_subject_single_seed/jobs/etard_tf64/P10/cnn/seed_42,cnn_epoch_5,0.14824306341051524,40,,gate0_gate2_full_subject_single_seed_v1
etard_tf64,P10,eegnet,42,reuse_existing,success,experiments/gate0_gate2_full_subject_single_seed/jobs/etard_tf64/P10/eegnet/seed_42,eegnet_epoch_22,0.1475347166077011,40,,gate0_gate2_full_subject_single_seed_v1
etard_tf64,P11,ridge,42,reuse_existing,success,experiments/gate0_gate2_full_subject_single_seed/jobs/etard_tf64/P11/ridge/seed_42,ridge_alpha_0.001,0.044848313231063586,16,,gate0_gate2_full_subject_single_seed_v1
etard_tf64,P11,cca,42,reuse_existing,success,experiments/gate0_gate2_full_subject_single_seed/jobs/etard_tf64/P11/cca/seed_42,cca_nc_1,0.01697478173375066,16,,gate0_gate2_full_subject_single_seed_v1
etard_tf64,P11,fcnn,42,reuse_existing,success,experiments/gate0_gate2_full_subject_single_seed/jobs/etard_tf64/P11/fcnn/seed_42,fcnn_epoch_2,0.014961804024887747,16,,gate0_gate2_full_subject_single_seed_v1
etard_tf64,P11,adt,42,reuse_existing,success,experiments/gate0_gate2_full_subject_single_seed/jobs/etard_tf64/P11/adt/seed_42,adt_epoch_14,0.05358870138198327,16,,gate0_gate2_full_subject_single_seed_v1
etard_tf64,P11,dnn,42,reuse_existing,success,experiments/gate0_gate2_full_subject_single_seed/jobs/etard_tf64/P11/dnn/seed_42,dnn_epoch_2,0.014960032360499403,16,,gate0_gate2_full_subject_single_seed_v1
etard_tf64,P11,cnn,42,reuse_existing,success,experiments/gate0_gate2_full_subject_single_seed/jobs/etard_tf64/P11/cnn/seed_42,cnn_epoch_2,0.0625224129898864,16,,gate0_gate2_full_subject_single_seed_v1
etard_tf64,P11,eegnet,42,reuse_existing,success,experiments/gate0_gate2_full_subject_single_seed/jobs/etard_tf64/P11/eegnet/seed_42,eegnet_epoch_0,0.030859437385103525,16,,gate0_gate2_full_subject_single_seed_v1
etard_tf64,P12,ridge,42,reuse_existing,success,experiments/gate0_gate2_full_subject_single_seed/jobs/etard_tf64/P12/ridge/seed_42,ridge_alpha_1.0,0.051038192714147876,16,,gate0_gate2_full_subject_single_seed_v1
etard_tf64,P12,cca,42,reuse_existing,success,experiments/gate0_gate2_full_subject_single_seed/jobs/etard_tf64/P12/cca/seed_42,cca_nc_2,0.0477233194092052,16,,gate0_gate2_full_subject_single_seed_v1
etard_tf64,P12,fcnn,42,reuse_existing,success,experiments/gate0_gate2_full_subject_single_seed/jobs/etard_tf64/P12/fcnn/seed_42,fcnn_epoch_7,-0.0008826368298192658,16,,gate0_gate2_full_subject_single_seed_v1
etard_tf64,P12,adt,42,reuse_existing,success,experiments/gate0_gate2_full_subject_single_seed/jobs/etard_tf64/P12/adt/seed_42,adt_epoch_6,0.08078721759026589,16,,gate0_gate2_full_subject_single_seed_v1
etard_tf64,P12,dnn,42,reuse_existing,success,experiments/gate0_gate2_full_subject_single_seed/jobs/etard_tf64/P12/dnn/seed_42,dnn_epoch_7,-0.00038384803098833603,16,,gate0_gate2_full_subject_single_seed_v1
etard_tf64,P12,cnn,42,reuse_existing,success,experiments/gate0_gate2_full_subject_single_seed/jobs/etard_tf64/P12/cnn/seed_42,cnn_epoch_1,-0.0008232018344522685,16,,gate0_gate2_full_subject_single_seed_v1
etard_tf64,P12,eegnet,42,reuse_existing,success,experiments/gate0_gate2_full_subject_single_seed/jobs/etard_tf64/P12/eegnet/seed_42,eegnet_epoch_70,0.03830706709294821,16,,gate0_gate2_full_subject_single_seed_v1
etard_tf64,P13,ridge,42,reuse_existing,success,experiments/gate0_gate2_full_subject_single_seed/jobs/etard_tf64/P13/ridge/seed_42,ridge_alpha_100.0,0.08236454245340001,40,,gate0_gate2_full_subject_single_seed_v1
etard_tf64,P13,cca,42,reuse_existing,success,experiments/gate0_gate2_full_subject_single_seed/jobs/etard_tf64/P13/cca/seed_42,cca_nc_1,0.06220989017493215,40,,gate0_gate2_full_subject_single_seed_v1
etard_tf64,P13,fcnn,42,reuse_existing,success,experiments/gate0_gate2_full_subject_single_seed/jobs/etard_tf64/P13/fcnn/seed_42,fcnn_epoch_2,0.04857267592579658,40,,gate0_gate2_full_subject_single_seed_v1
etard_tf64,P13,adt,42,reuse_existing,success,experiments/gate0_gate2_full_subject_single_seed/jobs/etard_tf64/P13/adt/seed_42,adt_epoch_6,0.08262654425937216,40,,gate0_gate2_full_subject_single_seed_v1
etard_tf64,P13,dnn,42,reuse_existing,success,experiments/gate0_gate2_full_subject_single_seed/jobs/etard_tf64/P13/dnn/seed_42,dnn_epoch_2,0.04927103564808971,40,,gate0_gate2_full_subject_single_seed_v1
etard_tf64,P13,cnn,42,reuse_existing,success,experiments/gate0_gate2_full_subject_single_seed/jobs/etard_tf64/P13/cnn/seed_42,cnn_epoch_10,0.06000896395181452,40,,gate0_gate2_full_subject_single_seed_v1
etard_tf64,P13,eegnet,42,reuse_existing,success,experiments/gate0_gate2_full_subject_single_seed/jobs/etard_tf64/P13/eegnet/seed_42,eegnet_epoch_14,0.0878687701189316,40,,gate0_gate2_full_subject_single_seed_v1
etard_tf64,P14,ridge,42,reuse_existing,success,experiments/gate0_gate2_full_subject_single_seed/jobs/etard_tf64/P14/ridge/seed_42,ridge_alpha_100.0,0.07104625573321281,40,,gate0_gate2_full_subject_single_seed_v1
etard_tf64,P14,cca,42,reuse_existing,success,experiments/gate0_gate2_full_subject_single_seed/jobs/etard_tf64/P14/cca/seed_42,cca_nc_4,0.05426455228402065,40,,gate0_gate2_full_subject_single_seed_v1
etard_tf64,P14,fcnn,42,reuse_existing,success,experiments/gate0_gate2_full_subject_single_seed/jobs/etard_tf64/P14/fcnn/seed_42,fcnn_epoch_0,0.045809279253681244,40,,gate0_gate2_full_subject_single_seed_v1
etard_tf64,P14,adt,42,reuse_existing,success,experiments/gate0_gate2_full_subject_single_seed/jobs/etard_tf64/P14/adt/seed_42,adt_epoch_4,0.08361706998897118,40,,gate0_gate2_full_subject_single_seed_v1
etard_tf64,P14,dnn,42,reuse_existing,success,experiments/gate0_gate2_full_subject_single_seed/jobs/etard_tf64/P14/dnn/seed_42,dnn_epoch_0,0.04580928909025188,40,,gate0_gate2_full_subject_single_seed_v1
etard_tf64,P14,cnn,42,reuse_existing,success,experiments/gate0_gate2_full_subject_single_seed/jobs/etard_tf64/P14/cnn/seed_42,cnn_epoch_4,0.06591755532364045,40,,gate0_gate2_full_subject_single_seed_v1
etard_tf64,P14,eegnet,42,reuse_existing,success,experiments/gate0_gate2_full_subject_single_seed/jobs/etard_tf64/P14/eegnet/seed_42,eegnet_epoch_29,0.08530245425980608,40,,gate0_gate2_full_subject_single_seed_v1
etard_tf64,P15,ridge,42,reuse_existing,success,experiments/gate0_gate2_full_subject_single_seed/jobs/etard_tf64/P15/ridge/seed_42,ridge_alpha_10.0,0.06723994153100096,40,,gate0_gate2_full_subject_single_seed_v1
etard_tf64,P15,cca,42,reuse_existing,success,experiments/gate0_gate2_full_subject_single_seed/jobs/etard_tf64/P15/cca/seed_42,cca_nc_2,0.06403554735057461,40,,gate0_gate2_full_subject_single_seed_v1
etard_tf64,P15,fcnn,42,reuse_existing,success,experiments/gate0_gate2_full_subject_single_seed/jobs/etard_tf64/P15/fcnn/seed_42,fcnn_epoch_3,0.02921024482691379,40,,gate0_gate2_full_subject_single_seed_v1
etard_tf64,P15,adt,42,reuse_existing,success,experiments/gate0_gate2_full_subject_single_seed/jobs/etard_tf64/P15/adt/seed_42,adt_epoch_4,0.050608599727186655,40,,gate0_gate2_full_subject_single_seed_v1
etard_tf64,P15,dnn,42,reuse_existing,success,experiments/gate0_gate2_full_subject_single_seed/jobs/etard_tf64/P15/dnn/seed_42,dnn_epoch_3,0.031111952424277455,40,,gate0_gate2_full_subject_single_seed_v1
etard_tf64,P15,cnn,42,reuse_existing,success,experiments/gate0_gate2_full_subject_single_seed/jobs/etard_tf64/P15/cnn/seed_42,cnn_epoch_3,0.06139244752381059,40,,gate0_gate2_full_subject_single_seed_v1
etard_tf64,P15,eegnet,42,reuse_existing,success,experiments/gate0_gate2_full_subject_single_seed/jobs/etard_tf64/P15/eegnet/seed_42,eegnet_epoch_7,0.08286446501327335,40,,gate0_gate2_full_subject_single_seed_v1
etard_tf64,P16,ridge,42,reuse_existing,success,experiments/gate0_gate2_full_subject_single_seed/jobs/etard_tf64/P16/ridge/seed_42,ridge_alpha_100.0,0.11812743311029035,40,,gate0_gate2_full_subject_single_seed_v1
etard_tf64,P16,cca,42,reuse_existing,success,experiments/gate0_gate2_full_subject_single_seed/jobs/etard_tf64/P16/cca/seed_42,cca_nc_1,0.0409265315396537,40,,gate0_gate2_full_subject_single_seed_v1
etard_tf64,P16,fcnn,42,reuse_existing,success,experiments/gate0_gate2_full_subject_single_seed/jobs/etard_tf64/P16/fcnn/seed_42,fcnn_epoch_4,0.05361234398075001,40,,gate0_gate2_full_subject_single_seed_v1
etard_tf64,P16,adt,42,reuse_existing,success,experiments/gate0_gate2_full_subject_single_seed/jobs/etard_tf64/P16/adt/seed_42,adt_epoch_5,0.10494303769199373,40,,gate0_gate2_full_subject_single_seed_v1
etard_tf64,P16,dnn,42,reuse_existing,success,experiments/gate0_gate2_full_subject_single_seed/jobs/etard_tf64/P16/dnn/seed_42,dnn_epoch_4,0.052383946366336774,40,,gate0_gate2_full_subject_single_seed_v1
etard_tf64,P16,cnn,42,reuse_existing,success,experiments/gate0_gate2_full_subject_single_seed/jobs/etard_tf64/P16/cnn/seed_42,cnn_epoch_3,0.0957748813847015,40,,gate0_gate2_full_subject_single_seed_v1
etard_tf64,P16,eegnet,42,reuse_existing,success,experiments/gate0_gate2_full_subject_single_seed/jobs/etard_tf64/P16/eegnet/seed_42,eegnet_epoch_20,0.12073010402918002,40,,gate0_gate2_full_subject_single_seed_v1
etard_tf64,P17,ridge,42,reuse_existing,success,experiments/gate0_gate2_full_subject_single_seed/jobs/etard_tf64/P17/ridge/seed_42,ridge_alpha_10.0,0.1479816307863569,40,,gate0_gate2_full_subject_single_seed_v1
etard_tf64,P17,cca,42,reuse_existing,success,experiments/gate0_gate2_full_subject_single_seed/jobs/etard_tf64/P17/cca/seed_42,cca_nc_4,0.09540382930206373,40,,gate0_gate2_full_subject_single_seed_v1
etard_tf64,P17,fcnn,42,reuse_existing,success,experiments/gate0_gate2_full_subject_single_seed/jobs/etard_tf64/P17/fcnn/seed_42,fcnn_epoch_2,0.05140034918406403,40,,gate0_gate2_full_subject_single_seed_v1
etard_tf64,P17,adt,42,reuse_existing,success,experiments/gate0_gate2_full_subject_single_seed/jobs/etard_tf64/P17/adt/seed_42,adt_epoch_5,0.10652553567643004,40,,gate0_gate2_full_subject_single_seed_v1
etard_tf64,P17,dnn,42,reuse_existing,success,experiments/gate0_gate2_full_subject_single_seed/jobs/etard_tf64/P17/dnn/seed_42,dnn_epoch_2,0.05127179700668866,40,,gate0_gate2_full_subject_single_seed_v1
etard_tf64,P17,cnn,42,reuse_existing,success,experiments/gate0_gate2_full_subject_single_seed/jobs/etard_tf64/P17/cnn/seed_42,cnn_epoch_2,0.130839631998756,40,,gate0_gate2_full_subject_single_seed_v1
etard_tf64,P17,eegnet,42,reuse_existing,success,experiments/gate0_gate2_full_subject_single_seed/jobs/etard_tf64/P17/eegnet/seed_42,eegnet_epoch_13,0.12570542456850212,40,,gate0_gate2_full_subject_single_seed_v1
etard_tf64,P18,ridge,42,reuse_existing,success,experiments/gate0_gate2_full_subject_single_seed/jobs/etard_tf64/P18/ridge/seed_42,ridge_alpha_1.0,0.10787007903537287,40,,gate0_gate2_full_subject_single_seed_v1
etard_tf64,P18,cca,42,reuse_existing,success,experiments/gate0_gate2_full_subject_single_seed/jobs/etard_tf64/P18/cca/seed_42,cca_nc_1,0.07395422785112646,40,,gate0_gate2_full_subject_single_seed_v1
etard_tf64,P18,fcnn,42,reuse_existing,success,experiments/gate0_gate2_full_subject_single_seed/jobs/etard_tf64/P18/fcnn/seed_42,fcnn_epoch_5,0.06162500954372563,40,,gate0_gate2_full_subject_single_seed_v1
etard_tf64,P18,adt,42,reuse_existing,success,experiments/gate0_gate2_full_subject_single_seed/jobs/etard_tf64/P18/adt/seed_42,adt_epoch_4,0.08789937752698669,40,,gate0_gate2_full_subject_single_seed_v1
etard_tf64,P18,dnn,42,reuse_existing,success,experiments/gate0_gate2_full_subject_single_seed/jobs/etard_tf64/P18/dnn/seed_42,dnn_epoch_5,0.058163609314309715,40,,gate0_gate2_full_subject_single_seed_v1
etard_tf64,P18,cnn,42,reuse_existing,success,experiments/gate0_gate2_full_subject_single_seed/jobs/etard_tf64/P18/cnn/seed_42,cnn_epoch_3,0.09451178209614582,40,,gate0_gate2_full_subject_single_seed_v1
etard_tf64,P18,eegnet,42,reuse_existing,success,experiments/gate0_gate2_full_subject_single_seed/jobs/etard_tf64/P18/eegnet/seed_42,eegnet_epoch_14,0.11758373078116184,40,,gate0_gate2_full_subject_single_seed_v1
etard_tf64,P19,ridge,42,reuse_existing,success,experiments/gate0_gate2_full_subject_single_seed/jobs/etard_tf64/P19/ridge/seed_42,ridge_alpha_100.0,0.16145018933092758,40,,gate0_gate2_full_subject_single_seed_v1
etard_tf64,P19,cca,42,reuse_existing,success,experiments/gate0_gate2_full_subject_single_seed/jobs/etard_tf64/P19/cca/seed_42,cca_nc_2,0.10494068293072975,40,,gate0_gate2_full_subject_single_seed_v1
etard_tf64,P19,fcnn,42,reuse_existing,success,experiments/gate0_gate2_full_subject_single_seed/jobs/etard_tf64/P19/fcnn/seed_42,fcnn_epoch_3,0.09241858019434643,40,,gate0_gate2_full_subject_single_seed_v1
etard_tf64,P19,adt,42,reuse_existing,success,experiments/gate0_gate2_full_subject_single_seed/jobs/etard_tf64/P19/adt/seed_42,adt_epoch_2,0.16110394107901216,40,,gate0_gate2_full_subject_single_seed_v1
etard_tf64,P19,dnn,42,reuse_existing,success,experiments/gate0_gate2_full_subject_single_seed/jobs/etard_tf64/P19/dnn/seed_42,dnn_epoch_3,0.09240757298353641,40,,gate0_gate2_full_subject_single_seed_v1
etard_tf64,P19,cnn,42,reuse_existing,success,experiments/gate0_gate2_full_subject_single_seed/jobs/etard_tf64/P19/cnn/seed_42,cnn_epoch_4,0.1266518473479724,40,,gate0_gate2_full_subject_single_seed_v1
etard_tf64,P19,eegnet,42,reuse_existing,success,experiments/gate0_gate2_full_subject_single_seed/jobs/etard_tf64/P19/eegnet/seed_42,eegnet_epoch_8,0.1502457381109491,40,,gate0_gate2_full_subject_single_seed_v1
etard_tf64,P00,ridge,2026,reuse_existing,success,experiments/gate0_gate2_full_subject_single_seed/jobs/etard_tf64/P00/ridge/seed_2026,ridge_alpha_10.0,0.08856015451578379,24,,gate0_gate2_full_subject_single_seed_v1
etard_tf64,P00,cca,2026,reuse_existing,success,experiments/gate0_gate2_full_subject_single_seed/jobs/etard_tf64/P00/cca/seed_2026,cca_nc_1,0.06378096758274915,24,,gate0_gate2_full_subject_single_seed_v1
etard_tf64,P00,fcnn,2026,reuse_existing,success,experiments/gate0_gate2_full_subject_single_seed/jobs/etard_tf64/P00/fcnn/seed_2026,fcnn_epoch_5,0.03882430700341005,24,,gate0_gate2_full_subject_single_seed_v1
etard_tf64,P00,adt,2026,reuse_existing,success,experiments/gate0_gate2_full_subject_single_seed/jobs/etard_tf64/P00/adt/seed_2026,adt_epoch_3,0.06689388547334371,24,,gate0_gate2_full_subject_single_seed_v1
etard_tf64,P00,dnn,2026,reuse_existing,success,experiments/gate0_gate2_full_subject_single_seed/jobs/etard_tf64/P00/dnn/seed_2026,dnn_epoch_5,0.038034216868224,24,,gate0_gate2_full_subject_single_seed_v1
etard_tf64,P00,cnn,2026,reuse_existing,success,experiments/gate0_gate2_full_subject_single_seed/jobs/etard_tf64/P00/cnn/seed_2026,cnn_epoch_13,0.11155532200596825,24,,gate0_gate2_full_subject_single_seed_v1
etard_tf64,P00,eegnet,2026,reuse_existing,success,experiments/gate0_gate2_full_subject_single_seed/jobs/etard_tf64/P00/eegnet/seed_2026,eegnet_epoch_19,0.11168606643018937,24,,gate0_gate2_full_subject_single_seed_v1
etard_tf64,P01,ridge,2026,reuse_existing,success,experiments/gate0_gate2_full_subject_single_seed/jobs/etard_tf64/P01/ridge/seed_2026,ridge_alpha_1.0,0.09348833170812972,24,,gate0_gate2_full_subject_single_seed_v1
etard_tf64,P01,cca,2026,reuse_existing,success,experiments/gate0_gate2_full_subject_single_seed/jobs/etard_tf64/P01/cca/seed_2026,cca_nc_2,0.09750530042163968,24,,gate0_gate2_full_subject_single_seed_v1
etard_tf64,P01,fcnn,2026,reuse_existing,success,experiments/gate0_gate2_full_subject_single_seed/jobs/etard_tf64/P01/fcnn/seed_2026,fcnn_epoch_3,0.05985070338962211,24,,gate0_gate2_full_subject_single_seed_v1
etard_tf64,P01,adt,2026,reuse_existing,success,experiments/gate0_gate2_full_subject_single_seed/jobs/etard_tf64/P01/adt/seed_2026,adt_epoch_6,0.05962179190882009,24,,gate0_gate2_full_subject_single_seed_v1
etard_tf64,P01,dnn,2026,reuse_existing,success,experiments/gate0_gate2_full_subject_single_seed/jobs/etard_tf64/P01/dnn/seed_2026,dnn_epoch_3,0.059803253039138506,24,,gate0_gate2_full_subject_single_seed_v1
etard_tf64,P01,cnn,2026,reuse_existing,success,experiments/gate0_gate2_full_subject_single_seed/jobs/etard_tf64/P01/cnn/seed_2026,cnn_epoch_3,0.08964639052695951,24,,gate0_gate2_full_subject_single_seed_v1
etard_tf64,P01,eegnet,2026,reuse_existing,success,experiments/gate0_gate2_full_subject_single_seed/jobs/etard_tf64/P01/eegnet/seed_2026,eegnet_epoch_12,0.11356890073974073,24,,gate0_gate2_full_subject_single_seed_v1
etard_tf64,P02,ridge,2026,reuse_existing,success,experiments/gate0_gate2_full_subject_single_seed/jobs/etard_tf64/P02/ridge/seed_2026,ridge_alpha_100.0,0.07709442757395554,40,,gate0_gate2_full_subject_single_seed_v1
etard_tf64,P02,cca,2026,reuse_existing,success,experiments/gate0_gate2_full_subject_single_seed/jobs/etard_tf64/P02/cca/seed_2026,cca_nc_4,0.06206988266056327,40,,gate0_gate2_full_subject_single_seed_v1
etard_tf64,P02,fcnn,2026,reuse_existing,success,experiments/gate0_gate2_full_subject_single_seed/jobs/etard_tf64/P02/fcnn/seed_2026,fcnn_epoch_0,0.05104440027383896,40,,gate0_gate2_full_subject_single_seed_v1
etard_tf64,P02,adt,2026,reuse_existing,success,experiments/gate0_gate2_full_subject_single_seed/jobs/etard_tf64/P02/adt/seed_2026,adt_epoch_1,0.0716136287216991,40,,gate0_gate2_full_subject_single_seed_v1
etard_tf64,P02,dnn,2026,reuse_existing,success,experiments/gate0_gate2_full_subject_single_seed/jobs/etard_tf64/P02/dnn/seed_2026,dnn_epoch_0,0.05104438849405894,40,,gate0_gate2_full_subject_single_seed_v1
etard_tf64,P02,cnn,2026,reuse_existing,success,experiments/gate0_gate2_full_subject_single_seed/jobs/etard_tf64/P02/cnn/seed_2026,cnn_epoch_2,0.09628185361907704,40,,gate0_gate2_full_subject_single_seed_v1
etard_tf64,P02,eegnet,2026,reuse_existing,success,experiments/gate0_gate2_full_subject_single_seed/jobs/etard_tf64/P02/eegnet/seed_2026,eegnet_epoch_5,0.10667260407029641,40,,gate0_gate2_full_subject_single_seed_v1
etard_tf64,P03,ridge,2026,reuse_existing,success,experiments/gate0_gate2_full_subject_single_seed/jobs/etard_tf64/P03/ridge/seed_2026,ridge_alpha_10.0,0.10405487391784017,24,,gate0_gate2_full_subject_single_seed_v1
etard_tf64,P03,cca,2026,reuse_existing,success,experiments/gate0_gate2_full_subject_single_seed/jobs/etard_tf64/P03/cca/seed_2026,cca_nc_2,0.07301375262520356,24,,gate0_gate2_full_subject_single_seed_v1
etard_tf64,P03,fcnn,2026,reuse_existing,success,experiments/gate0_gate2_full_subject_single_seed/jobs/etard_tf64/P03/fcnn/seed_2026,fcnn_epoch_11,0.05991795076466391,24,,gate0_gate2_full_subject_single_seed_v1
etard_tf64,P03,adt,2026,reuse_existing,success,experiments/gate0_gate2_full_subject_single_seed/jobs/etard_tf64/P03/adt/seed_2026,adt_epoch_4,0.09493739033644476,24,,gate0_gate2_full_subject_single_seed_v1
etard_tf64,P03,dnn,2026,reuse_existing,success,experiments/gate0_gate2_full_subject_single_seed/jobs/etard_tf64/P03/dnn/seed_2026,dnn_epoch_11,0.05740911969806214,24,,gate0_gate2_full_subject_single_seed_v1
etard_tf64,P03,cnn,2026,reuse_existing,success,experiments/gate0_gate2_full_subject_single_seed/jobs/etard_tf64/P03/cnn/seed_2026,cnn_epoch_11,0.07295470391874002,24,,gate0_gate2_full_subject_single_seed_v1
etard_tf64,P03,eegnet,2026,reuse_existing,success,experiments/gate0_gate2_full_subject_single_seed/jobs/etard_tf64/P03/eegnet/seed_2026,eegnet_epoch_21,0.10010630742315678,24,,gate0_gate2_full_subject_single_seed_v1
etard_tf64,P04,ridge,2026,reuse_existing,success,experiments/gate0_gate2_full_subject_single_seed/jobs/etard_tf64/P04/ridge/seed_2026,ridge_alpha_10.0,0.175744230213875,24,,gate0_gate2_full_subject_single_seed_v1
etard_tf64,P04,cca,2026,reuse_existing,success,experiments/gate0_gate2_full_subject_single_seed/jobs/etard_tf64/P04/cca/seed_2026,cca_nc_1,0.10368267137331921,24,,gate0_gate2_full_subject_single_seed_v1
etard_tf64,P04,fcnn,2026,reuse_existing,success,experiments/gate0_gate2_full_subject_single_seed/jobs/etard_tf64/P04/fcnn/seed_2026,fcnn_epoch_4,0.07924983554793943,24,,gate0_gate2_full_subject_single_seed_v1
etard_tf64,P04,adt,2026,reuse_existing,success,experiments/gate0_gate2_full_subject_single_seed/jobs/etard_tf64/P04/adt/seed_2026,adt_epoch_9,0.19266763358568784,24,,gate0_gate2_full_subject_single_seed_v1
etard_tf64,P04,dnn,2026,reuse_existing,success,experiments/gate0_gate2_full_subject_single_seed/jobs/etard_tf64/P04/dnn/seed_2026,dnn_epoch_4,0.07915625673801618,24,,gate0_gate2_full_subject_single_seed_v1
etard_tf64,P04,cnn,2026,reuse_existing,success,experiments/gate0_gate2_full_subject_single_seed/jobs/etard_tf64/P04/cnn/seed_2026,cnn_epoch_2,0.13638639011142215,24,,gate0_gate2_full_subject_single_seed_v1
etard_tf64,P04,eegnet,2026,reuse_existing,success,experiments/gate0_gate2_full_subject_single_seed/jobs/etard_tf64/P04/eegnet/seed_2026,eegnet_epoch_5,0.16728430378644768,24,,gate0_gate2_full_subject_single_seed_v1
etard_tf64,P05,ridge,2026,reuse_existing,success,experiments/gate0_gate2_full_subject_single_seed/jobs/etard_tf64/P05/ridge/seed_2026,ridge_alpha_1.0,0.16560623028155064,24,,gate0_gate2_full_subject_single_seed_v1
etard_tf64,P05,cca,2026,reuse_existing,success,experiments/gate0_gate2_full_subject_single_seed/jobs/etard_tf64/P05/cca/seed_2026,cca_nc_2,0.08291126809368692,24,,gate0_gate2_full_subject_single_seed_v1
etard_tf64,P05,fcnn,2026,reuse_existing,success,experiments/gate0_gate2_full_subject_single_seed/jobs/etard_tf64/P05/fcnn/seed_2026,fcnn_epoch_3,0.07789434303330217,24,,gate0_gate2_full_subject_single_seed_v1
etard_tf64,P05,adt,2026,reuse_existing,success,experiments/gate0_gate2_full_subject_single_seed/jobs/etard_tf64/P05/adt/seed_2026,adt_epoch_6,0.13485923436080147,24,,gate0_gate2_full_subject_single_seed_v1
etard_tf64,P05,dnn,2026,reuse_existing,success,experiments/gate0_gate2_full_subject_single_seed/jobs/etard_tf64/P05/dnn/seed_2026,dnn_epoch_3,0.07787415356351099,24,,gate0_gate2_full_subject_single_seed_v1
etard_tf64,P05,cnn,2026,reuse_existing,success,experiments/gate0_gate2_full_subject_single_seed/jobs/etard_tf64/P05/cnn/seed_2026,cnn_epoch_7,0.15640315936061408,24,,gate0_gate2_full_subject_single_seed_v1
etard_tf64,P05,eegnet,2026,reuse_existing,success,experiments/gate0_gate2_full_subject_single_seed/jobs/etard_tf64/P05/eegnet/seed_2026,eegnet_epoch_29,0.1859956055622544,24,,gate0_gate2_full_subject_single_seed_v1
etard_tf64,P06,ridge,2026,reuse_existing,success,experiments/gate0_gate2_full_subject_single_seed/jobs/etard_tf64/P06/ridge/seed_2026,ridge_alpha_100.0,0.07456562557998551,40,,gate0_gate2_full_subject_single_seed_v1
etard_tf64,P06,cca,2026,reuse_existing,success,experiments/gate0_gate2_full_subject_single_seed/jobs/etard_tf64/P06/cca/seed_2026,cca_nc_4,0.05466787667077335,40,,gate0_gate2_full_subject_single_seed_v1
etard_tf64,P06,fcnn,2026,reuse_existing,success,experiments/gate0_gate2_full_subject_single_seed/jobs/etard_tf64/P06/fcnn/seed_2026,fcnn_epoch_2,0.04054298690825382,40,,gate0_gate2_full_subject_single_seed_v1
etard_tf64,P06,adt,2026,reuse_existing,success,experiments/gate0_gate2_full_subject_single_seed/jobs/etard_tf64/P06/adt/seed_2026,adt_epoch_7,0.055490655419035674,40,,gate0_gate2_full_subject_single_seed_v1
etard_tf64,P06,dnn,2026,reuse_existing,success,experiments/gate0_gate2_full_subject_single_seed/jobs/etard_tf64/P06/dnn/seed_2026,dnn_epoch_2,0.04053805647265461,40,,gate0_gate2_full_subject_single_seed_v1
etard_tf64,P06,cnn,2026,reuse_existing,success,experiments/gate0_gate2_full_subject_single_seed/jobs/etard_tf64/P06/cnn/seed_2026,cnn_epoch_2,0.06201204043175518,40,,gate0_gate2_full_subject_single_seed_v1
etard_tf64,P06,eegnet,2026,reuse_existing,success,experiments/gate0_gate2_full_subject_single_seed/jobs/etard_tf64/P06/eegnet/seed_2026,eegnet_epoch_16,0.06793757172004486,40,,gate0_gate2_full_subject_single_seed_v1
etard_tf64,P07,ridge,2026,reuse_existing,success,experiments/gate0_gate2_full_subject_single_seed/jobs/etard_tf64/P07/ridge/seed_2026,ridge_alpha_100.0,0.053227695766529526,40,,gate0_gate2_full_subject_single_seed_v1
etard_tf64,P07,cca,2026,reuse_existing,success,experiments/gate0_gate2_full_subject_single_seed/jobs/etard_tf64/P07/cca/seed_2026,cca_nc_4,0.04813761913481267,40,,gate0_gate2_full_subject_single_seed_v1
etard_tf64,P07,fcnn,2026,reuse_existing,success,experiments/gate0_gate2_full_subject_single_seed/jobs/etard_tf64/P07/fcnn/seed_2026,fcnn_epoch_3,0.01311274270359813,40,,gate0_gate2_full_subject_single_seed_v1
etard_tf64,P07,adt,2026,reuse_existing,success,experiments/gate0_gate2_full_subject_single_seed/jobs/etard_tf64/P07/adt/seed_2026,adt_epoch_5,0.03781886706436208,40,,gate0_gate2_full_subject_single_seed_v1
etard_tf64,P07,dnn,2026,reuse_existing,success,experiments/gate0_gate2_full_subject_single_seed/jobs/etard_tf64/P07/dnn/seed_2026,dnn_epoch_8,0.011290970288977914,40,,gate0_gate2_full_subject_single_seed_v1
etard_tf64,P07,cnn,2026,reuse_existing,success,experiments/gate0_gate2_full_subject_single_seed/jobs/etard_tf64/P07/cnn/seed_2026,cnn_epoch_8,0.05432284213573546,40,,gate0_gate2_full_subject_single_seed_v1
etard_tf64,P07,eegnet,2026,reuse_existing,success,experiments/gate0_gate2_full_subject_single_seed/jobs/etard_tf64/P07/eegnet/seed_2026,eegnet_epoch_24,0.055706318156688486,40,,gate0_gate2_full_subject_single_seed_v1
etard_tf64,P08,ridge,2026,reuse_existing,success,experiments/gate0_gate2_full_subject_single_seed/jobs/etard_tf64/P08/ridge/seed_2026,ridge_alpha_100.0,0.13968358567888628,40,,gate0_gate2_full_subject_single_seed_v1
etard_tf64,P08,cca,2026,reuse_existing,success,experiments/gate0_gate2_full_subject_single_seed/jobs/etard_tf64/P08/cca/seed_2026,cca_nc_4,0.07555111566470898,40,,gate0_gate2_full_subject_single_seed_v1
etard_tf64,P08,fcnn,2026,reuse_existing,success,experiments/gate0_gate2_full_subject_single_seed/jobs/etard_tf64/P08/fcnn/seed_2026,fcnn_epoch_0,0.08418402680400369,40,,gate0_gate2_full_subject_single_seed_v1
etard_tf64,P08,adt,2026,reuse_existing,success,experiments/gate0_gate2_full_subject_single_seed/jobs/etard_tf64/P08/adt/seed_2026,adt_epoch_6,0.12392859295330409,40,,gate0_gate2_full_subject_single_seed_v1
etard_tf64,P08,dnn,2026,reuse_existing,success,experiments/gate0_gate2_full_subject_single_seed/jobs/etard_tf64/P08/dnn/seed_2026,dnn_epoch_0,0.08418402764770573,40,,gate0_gate2_full_subject_single_seed_v1
etard_tf64,P08,cnn,2026,reuse_existing,success,experiments/gate0_gate2_full_subject_single_seed/jobs/etard_tf64/P08/cnn/seed_2026,cnn_epoch_4,0.14269879528182575,40,,gate0_gate2_full_subject_single_seed_v1
etard_tf64,P08,eegnet,2026,reuse_existing,success,experiments/gate0_gate2_full_subject_single_seed/jobs/etard_tf64/P08/eegnet/seed_2026,eegnet_epoch_10,0.13630896921707655,40,,gate0_gate2_full_subject_single_seed_v1
etard_tf64,P09,ridge,2026,reuse_existing,success,experiments/gate0_gate2_full_subject_single_seed/jobs/etard_tf64/P09/ridge/seed_2026,ridge_alpha_100.0,0.10027054598356153,40,,gate0_gate2_full_subject_single_seed_v1
etard_tf64,P09,cca,2026,reuse_existing,success,experiments/gate0_gate2_full_subject_single_seed/jobs/etard_tf64/P09/cca/seed_2026,cca_nc_4,0.0699837192568564,40,,gate0_gate2_full_subject_single_seed_v1
etard_tf64,P09,fcnn,2026,reuse_existing,success,experiments/gate0_gate2_full_subject_single_seed/jobs/etard_tf64/P09/fcnn/seed_2026,fcnn_epoch_3,0.05279487785092237,40,,gate0_gate2_full_subject_single_seed_v1
etard_tf64,P09,adt,2026,reuse_existing,success,experiments/gate0_gate2_full_subject_single_seed/jobs/etard_tf64/P09/adt/seed_2026,adt_epoch_3,0.10189725224848094,40,,gate0_gate2_full_subject_single_seed_v1
etard_tf64,P09,dnn,2026,reuse_existing,success,experiments/gate0_gate2_full_subject_single_seed/jobs/etard_tf64/P09/dnn/seed_2026,dnn_epoch_3,0.05055425153309547,40,,gate0_gate2_full_subject_single_seed_v1
etard_tf64,P09,cnn,2026,reuse_existing,success,experiments/gate0_gate2_full_subject_single_seed/jobs/etard_tf64/P09/cnn/seed_2026,cnn_epoch_9,0.09963278530279132,40,,gate0_gate2_full_subject_single_seed_v1
etard_tf64,P09,eegnet,2026,reuse_existing,success,experiments/gate0_gate2_full_subject_single_seed/jobs/etard_tf64/P09/eegnet/seed_2026,eegnet_epoch_34,0.10111250586098515,40,,gate0_gate2_full_subject_single_seed_v1
etard_tf64,P10,ridge,2026,reuse_existing,success,experiments/gate0_gate2_full_subject_single_seed/jobs/etard_tf64/P10/ridge/seed_2026,ridge_alpha_100.0,0.14400813039919944,40,,gate0_gate2_full_subject_single_seed_v1
etard_tf64,P10,cca,2026,reuse_existing,success,experiments/gate0_gate2_full_subject_single_seed/jobs/etard_tf64/P10/cca/seed_2026,cca_nc_1,0.1052584234569652,40,,gate0_gate2_full_subject_single_seed_v1
etard_tf64,P10,fcnn,2026,reuse_existing,success,experiments/gate0_gate2_full_subject_single_seed/jobs/etard_tf64/P10/fcnn/seed_2026,fcnn_epoch_4,0.10456962883705904,40,,gate0_gate2_full_subject_single_seed_v1
etard_tf64,P10,adt,2026,reuse_existing,success,experiments/gate0_gate2_full_subject_single_seed/jobs/etard_tf64/P10/adt/seed_2026,adt_epoch_3,0.16809528454932515,40,,gate0_gate2_full_subject_single_seed_v1
etard_tf64,P10,dnn,2026,reuse_existing,success,experiments/gate0_gate2_full_subject_single_seed/jobs/etard_tf64/P10/dnn/seed_2026,dnn_epoch_4,0.10351350443197779,40,,gate0_gate2_full_subject_single_seed_v1
etard_tf64,P10,cnn,2026,reuse_existing,success,experiments/gate0_gate2_full_subject_single_seed/jobs/etard_tf64/P10/cnn/seed_2026,cnn_epoch_4,0.14561568976854408,40,,gate0_gate2_full_subject_single_seed_v1
etard_tf64,P10,eegnet,2026,reuse_existing,success,experiments/gate0_gate2_full_subject_single_seed/jobs/etard_tf64/P10/eegnet/seed_2026,eegnet_epoch_15,0.1489446460382488,40,,gate0_gate2_full_subject_single_seed_v1
etard_tf64,P11,ridge,2026,reuse_existing,success,experiments/gate0_gate2_full_subject_single_seed/jobs/etard_tf64/P11/ridge/seed_2026,ridge_alpha_0.001,0.044848313231063586,16,,gate0_gate2_full_subject_single_seed_v1
etard_tf64,P11,cca,2026,reuse_existing,success,experiments/gate0_gate2_full_subject_single_seed/jobs/etard_tf64/P11/cca/seed_2026,cca_nc_1,0.01697478173375066,16,,gate0_gate2_full_subject_single_seed_v1
etard_tf64,P11,fcnn,2026,reuse_existing,success,experiments/gate0_gate2_full_subject_single_seed/jobs/etard_tf64/P11/fcnn/seed_2026,fcnn_epoch_2,0.02033516102788145,16,,gate0_gate2_full_subject_single_seed_v1
etard_tf64,P11,adt,2026,reuse_existing,success,experiments/gate0_gate2_full_subject_single_seed/jobs/etard_tf64/P11/adt/seed_2026,adt_epoch_21,0.068050062870974,16,,gate0_gate2_full_subject_single_seed_v1
etard_tf64,P11,dnn,2026,reuse_existing,success,experiments/gate0_gate2_full_subject_single_seed/jobs/etard_tf64/P11/dnn/seed_2026,dnn_epoch_2,0.02033355485940868,16,,gate0_gate2_full_subject_single_seed_v1
etard_tf64,P11,cnn,2026,reuse_existing,success,experiments/gate0_gate2_full_subject_single_seed/jobs/etard_tf64/P11/cnn/seed_2026,cnn_epoch_0,0.013315763388533151,16,,gate0_gate2_full_subject_single_seed_v1
etard_tf64,P11,eegnet,2026,reuse_existing,success,experiments/gate0_gate2_full_subject_single_seed/jobs/etard_tf64/P11/eegnet/seed_2026,eegnet_epoch_6,0.04186554799510028,16,,gate0_gate2_full_subject_single_seed_v1
etard_tf64,P12,ridge,2026,reuse_existing,success,experiments/gate0_gate2_full_subject_single_seed/jobs/etard_tf64/P12/ridge/seed_2026,ridge_alpha_1.0,0.051038192714147876,16,,gate0_gate2_full_subject_single_seed_v1
etard_tf64,P12,cca,2026,reuse_existing,success,experiments/gate0_gate2_full_subject_single_seed/jobs/etard_tf64/P12/cca/seed_2026,cca_nc_2,0.0477233194092052,16,,gate0_gate2_full_subject_single_seed_v1
etard_tf64,P12,fcnn,2026,reuse_existing,success,experiments/gate0_gate2_full_subject_single_seed/jobs/etard_tf64/P12/fcnn/seed_2026,fcnn_epoch_12,-0.02159621578407775,16,,gate0_gate2_full_subject_single_seed_v1
etard_tf64,P12,adt,2026,reuse_existing,success,experiments/gate0_gate2_full_subject_single_seed/jobs/etard_tf64/P12/adt/seed_2026,adt_epoch_6,0.0897508123624105,16,,gate0_gate2_full_subject_single_seed_v1
etard_tf64,P12,dnn,2026,reuse_existing,success,experiments/gate0_gate2_full_subject_single_seed/jobs/etard_tf64/P12/dnn/seed_2026,dnn_epoch_11,-0.019553416545547177,16,,gate0_gate2_full_subject_single_seed_v1
etard_tf64,P12,cnn,2026,reuse_existing,success,experiments/gate0_gate2_full_subject_single_seed/jobs/etard_tf64/P12/cnn/seed_2026,cnn_epoch_22,0.06498149191392433,16,,gate0_gate2_full_subject_single_seed_v1
etard_tf64,P12,eegnet,2026,reuse_existing,success,experiments/gate0_gate2_full_subject_single_seed/jobs/etard_tf64/P12/eegnet/seed_2026,eegnet_epoch_8,0.017260066134120223,16,,gate0_gate2_full_subject_single_seed_v1
etard_tf64,P13,ridge,2026,reuse_existing,success,experiments/gate0_gate2_full_subject_single_seed/jobs/etard_tf64/P13/ridge/seed_2026,ridge_alpha_100.0,0.08236454245340001,40,,gate0_gate2_full_subject_single_seed_v1
etard_tf64,P13,cca,2026,reuse_existing,success,experiments/gate0_gate2_full_subject_single_seed/jobs/etard_tf64/P13/cca/seed_2026,cca_nc_1,0.06220989017493215,40,,gate0_gate2_full_subject_single_seed_v1
etard_tf64,P13,fcnn,2026,reuse_existing,success,experiments/gate0_gate2_full_subject_single_seed/jobs/etard_tf64/P13/fcnn/seed_2026,fcnn_epoch_2,0.05483607707388592,40,,gate0_gate2_full_subject_single_seed_v1
etard_tf64,P13,adt,2026,reuse_existing,success,experiments/gate0_gate2_full_subject_single_seed/jobs/etard_tf64/P13/adt/seed_2026,adt_epoch_2,0.09181924694255225,40,,gate0_gate2_full_subject_single_seed_v1
etard_tf64,P13,dnn,2026,reuse_existing,success,experiments/gate0_gate2_full_subject_single_seed/jobs/etard_tf64/P13/dnn/seed_2026,dnn_epoch_2,0.05463806495118821,40,,gate0_gate2_full_subject_single_seed_v1
etard_tf64,P13,cnn,2026,reuse_existing,success,experiments/gate0_gate2_full_subject_single_seed/jobs/etard_tf64/P13/cnn/seed_2026,cnn_epoch_5,0.06083552362544305,40,,gate0_gate2_full_subject_single_seed_v1
etard_tf64,P13,eegnet,2026,reuse_existing,success,experiments/gate0_gate2_full_subject_single_seed/jobs/etard_tf64/P13/eegnet/seed_2026,eegnet_epoch_11,0.0880207974025122,40,,gate0_gate2_full_subject_single_seed_v1
etard_tf64,P14,ridge,2026,reuse_existing,success,experiments/gate0_gate2_full_subject_single_seed/jobs/etard_tf64/P14/ridge/seed_2026,ridge_alpha_100.0,0.07104625573321281,40,,gate0_gate2_full_subject_single_seed_v1
etard_tf64,P14,cca,2026,reuse_existing,success,experiments/gate0_gate2_full_subject_single_seed/jobs/etard_tf64/P14/cca/seed_2026,cca_nc_4,0.054264500059124074,40,,gate0_gate2_full_subject_single_seed_v1
etard_tf64,P14,fcnn,2026,reuse_existing,success,experiments/gate0_gate2_full_subject_single_seed/jobs/etard_tf64/P14/fcnn/seed_2026,fcnn_epoch_2,0.056291401178321945,40,,gate0_gate2_full_subject_single_seed_v1
etard_tf64,P14,adt,2026,reuse_existing,success,experiments/gate0_gate2_full_subject_single_seed/jobs/etard_tf64/P14/adt/seed_2026,adt_epoch_3,0.09129665477537904,40,,gate0_gate2_full_subject_single_seed_v1
etard_tf64,P14,dnn,2026,reuse_existing,success,experiments/gate0_gate2_full_subject_single_seed/jobs/etard_tf64/P14/dnn/seed_2026,dnn_epoch_2,0.056291401178321945,40,,gate0_gate2_full_subject_single_seed_v1
etard_tf64,P14,cnn,2026,reuse_existing,success,experiments/gate0_gate2_full_subject_single_seed/jobs/etard_tf64/P14/cnn/seed_2026,cnn_epoch_3,0.06750580757436239,40,,gate0_gate2_full_subject_single_seed_v1
etard_tf64,P14,eegnet,2026,reuse_existing,success,experiments/gate0_gate2_full_subject_single_seed/jobs/etard_tf64/P14/eegnet/seed_2026,eegnet_epoch_6,0.07429207135948543,40,,gate0_gate2_full_subject_single_seed_v1
etard_tf64,P15,ridge,2026,reuse_existing,success,experiments/gate0_gate2_full_subject_single_seed/jobs/etard_tf64/P15/ridge/seed_2026,ridge_alpha_10.0,0.06726727928279859,40,,gate0_gate2_full_subject_single_seed_v1
etard_tf64,P15,cca,2026,reuse_existing,success,experiments/gate0_gate2_full_subject_single_seed/jobs/etard_tf64/P15/cca/seed_2026,cca_nc_2,0.06403622598984142,40,,gate0_gate2_full_subject_single_seed_v1
etard_tf64,P15,fcnn,2026,reuse_existing,success,experiments/gate0_gate2_full_subject_single_seed/jobs/etard_tf64/P15/fcnn/seed_2026,fcnn_epoch_7,0.03201197449390051,40,,gate0_gate2_full_subject_single_seed_v1
etard_tf64,P15,adt,2026,reuse_existing,success,experiments/gate0_gate2_full_subject_single_seed/jobs/etard_tf64/P15/adt/seed_2026,adt_epoch_8,0.05447478102642043,40,,gate0_gate2_full_subject_single_seed_v1
etard_tf64,P15,dnn,2026,reuse_existing,success,experiments/gate0_gate2_full_subject_single_seed/jobs/etard_tf64/P15/dnn/seed_2026,dnn_epoch_7,0.03201197449390051,40,,gate0_gate2_full_subject_single_seed_v1
etard_tf64,P15,cnn,2026,reuse_existing,success,experiments/gate0_gate2_full_subject_single_seed/jobs/etard_tf64/P15/cnn/seed_2026,cnn_epoch_3,0.07701498971353929,40,,gate0_gate2_full_subject_single_seed_v1
etard_tf64,P15,eegnet,2026,reuse_existing,success,experiments/gate0_gate2_full_subject_single_seed/jobs/etard_tf64/P15/eegnet/seed_2026,eegnet_epoch_18,0.08028476327268083,40,,gate0_gate2_full_subject_single_seed_v1
etard_tf64,P16,ridge,2026,reuse_existing,success,experiments/gate0_gate2_full_subject_single_seed/jobs/etard_tf64/P16/ridge/seed_2026,ridge_alpha_100.0,0.11813192395831215,40,,gate0_gate2_full_subject_single_seed_v1
etard_tf64,P16,cca,2026,reuse_existing,success,experiments/gate0_gate2_full_subject_single_seed/jobs/etard_tf64/P16/cca/seed_2026,cca_nc_1,0.04092622456293053,40,,gate0_gate2_full_subject_single_seed_v1
etard_tf64,P16,fcnn,2026,reuse_existing,success,experiments/gate0_gate2_full_subject_single_seed/jobs/etard_tf64/P16/fcnn/seed_2026,fcnn_epoch_2,0.05615851632674955,40,,gate0_gate2_full_subject_single_seed_v1
etard_tf64,P16,adt,2026,reuse_existing,success,experiments/gate0_gate2_full_subject_single_seed/jobs/etard_tf64/P16/adt/seed_2026,adt_epoch_2,0.1168209058953239,40,,gate0_gate2_full_subject_single_seed_v1
etard_tf64,P16,dnn,2026,reuse_existing,success,experiments/gate0_gate2_full_subject_single_seed/jobs/etard_tf64/P16/dnn/seed_2026,dnn_epoch_2,0.05615851632674955,40,,gate0_gate2_full_subject_single_seed_v1
etard_tf64,P16,cnn,2026,reuse_existing,success,experiments/gate0_gate2_full_subject_single_seed/jobs/etard_tf64/P16/cnn/seed_2026,cnn_epoch_0,0.09818109392349327,40,,gate0_gate2_full_subject_single_seed_v1
etard_tf64,P16,eegnet,2026,reuse_existing,success,experiments/gate0_gate2_full_subject_single_seed/jobs/etard_tf64/P16/eegnet/seed_2026,eegnet_epoch_12,0.12103561678829138,40,,gate0_gate2_full_subject_single_seed_v1
etard_tf64,P17,ridge,2026,reuse_existing,success,experiments/gate0_gate2_full_subject_single_seed/jobs/etard_tf64/P17/ridge/seed_2026,ridge_alpha_10.0,0.14795819663695847,40,,gate0_gate2_full_subject_single_seed_v1
etard_tf64,P17,cca,2026,reuse_existing,success,experiments/gate0_gate2_full_subject_single_seed/jobs/etard_tf64/P17/cca/seed_2026,cca_nc_4,0.09540391353379328,40,,gate0_gate2_full_subject_single_seed_v1
etard_tf64,P17,fcnn,2026,reuse_existing,success,experiments/gate0_gate2_full_subject_single_seed/jobs/etard_tf64/P17/fcnn/seed_2026,fcnn_epoch_1,0.07767728163861787,40,,gate0_gate2_full_subject_single_seed_v1
etard_tf64,P17,adt,2026,reuse_existing,success,experiments/gate0_gate2_full_subject_single_seed/jobs/etard_tf64/P17/adt/seed_2026,adt_epoch_5,0.10148688720274217,40,,gate0_gate2_full_subject_single_seed_v1
etard_tf64,P17,dnn,2026,reuse_existing,success,experiments/gate0_gate2_full_subject_single_seed/jobs/etard_tf64/P17/dnn/seed_2026,dnn_epoch_1,0.07767728163861787,40,,gate0_gate2_full_subject_single_seed_v1
etard_tf64,P17,cnn,2026,reuse_existing,success,experiments/gate0_gate2_full_subject_single_seed/jobs/etard_tf64/P17/cnn/seed_2026,cnn_epoch_6,0.1265997510224904,40,,gate0_gate2_full_subject_single_seed_v1
etard_tf64,P17,eegnet,2026,reuse_existing,success,experiments/gate0_gate2_full_subject_single_seed/jobs/etard_tf64/P17/eegnet/seed_2026,eegnet_epoch_4,0.1310778608576803,40,,gate0_gate2_full_subject_single_seed_v1
etard_tf64,P18,ridge,2026,reuse_existing,success,experiments/gate0_gate2_full_subject_single_seed/jobs/etard_tf64/P18/ridge/seed_2026,ridge_alpha_1.0,0.10787038764023249,40,,gate0_gate2_full_subject_single_seed_v1
etard_tf64,P18,cca,2026,reuse_existing,success,experiments/gate0_gate2_full_subject_single_seed/jobs/etard_tf64/P18/cca/seed_2026,cca_nc_1,0.07395424817879186,40,,gate0_gate2_full_subject_single_seed_v1
etard_tf64,P18,fcnn,2026,reuse_existing,success,experiments/gate0_gate2_full_subject_single_seed/jobs/etard_tf64/P18/fcnn/seed_2026,fcnn_epoch_5,0.07067923859779013,40,,gate0_gate2_full_subject_single_seed_v1
etard_tf64,P18,adt,2026,reuse_existing,success,experiments/gate0_gate2_full_subject_single_seed/jobs/etard_tf64/P18/adt/seed_2026,adt_epoch_3,0.07462196843251707,40,,gate0_gate2_full_subject_single_seed_v1
etard_tf64,P18,dnn,2026,reuse_existing,success,experiments/gate0_gate2_full_subject_single_seed/jobs/etard_tf64/P18/dnn/seed_2026,dnn_epoch_5,0.07067923859779013,40,,gate0_gate2_full_subject_single_seed_v1
etard_tf64,P18,cnn,2026,reuse_existing,success,experiments/gate0_gate2_full_subject_single_seed/jobs/etard_tf64/P18/cnn/seed_2026,cnn_epoch_5,0.09870438632504536,40,,gate0_gate2_full_subject_single_seed_v1
etard_tf64,P18,eegnet,2026,reuse_existing,success,experiments/gate0_gate2_full_subject_single_seed/jobs/etard_tf64/P18/eegnet/seed_2026,eegnet_epoch_19,0.10460568148578335,40,,gate0_gate2_full_subject_single_seed_v1
etard_tf64,P19,ridge,2026,reuse_existing,success,experiments/gate0_gate2_full_subject_single_seed/jobs/etard_tf64/P19/ridge/seed_2026,ridge_alpha_100.0,0.16144853037947177,40,,gate0_gate2_full_subject_single_seed_v1
etard_tf64,P19,cca,2026,reuse_existing,success,experiments/gate0_gate2_full_subject_single_seed/jobs/etard_tf64/P19/cca/seed_2026,cca_nc_2,0.10494066820111417,40,,gate0_gate2_full_subject_single_seed_v1
etard_tf64,P19,fcnn,2026,reuse_existing,success,experiments/gate0_gate2_full_subject_single_seed/jobs/etard_tf64/P19/fcnn/seed_2026,fcnn_epoch_1,0.1096041111093589,40,,gate0_gate2_full_subject_single_seed_v1
etard_tf64,P19,adt,2026,reuse_existing,success,experiments/gate0_gate2_full_subject_single_seed/jobs/etard_tf64/P19/adt/seed_2026,adt_epoch_5,0.16664519617393525,40,,gate0_gate2_full_subject_single_seed_v1
etard_tf64,P19,dnn,2026,reuse_existing,success,experiments/gate0_gate2_full_subject_single_seed/jobs/etard_tf64/P19/dnn/seed_2026,dnn_epoch_1,0.1096041111093589,40,,gate0_gate2_full_subject_single_seed_v1
etard_tf64,P19,cnn,2026,reuse_existing,success,experiments/gate0_gate2_full_subject_single_seed/jobs/etard_tf64/P19/cnn/seed_2026,cnn_epoch_5,0.12883722031481432,40,,gate0_gate2_full_subject_single_seed_v1
etard_tf64,P19,eegnet,2026,reuse_existing,success,experiments/gate0_gate2_full_subject_single_seed/jobs/etard_tf64/P19/eegnet/seed_2026,eegnet_epoch_14,0.1515523825956601,40,,gate0_gate2_full_subject_single_seed_v1
