dataset,model,task,protocol,seed,subject_id,metric_name,metric_value,num_recordings,checkpoint_id,artifact_scope
weissbart_tf64,ridge,reconstruction,gate0_gate2_full_subject_single_seed_v1,0,P00,mean_recording_pearson_r,0.13254733446979064,15,ridge_alpha_100.0,full_subject_single_seed_validation
weissbart_tf64,cca,reconstruction,gate0_gate2_full_subject_single_seed_v1,0,P00,mean_recording_pearson_r,0.06411140220705791,15,cca_nc_2,full_subject_single_seed_validation
weissbart_tf64,fcnn,reconstruction,gate0_gate2_full_subject_single_seed_v1,0,P00,mean_recording_pearson_r,0.06643642328319224,15,fcnn_epoch_7,full_subject_single_seed_validation
weissbart_tf64,adt,reconstruction,gate0_gate2_full_subject_single_seed_v1,0,P00,mean_recording_pearson_r,0.20621424426632606,15,adt_epoch_5,full_subject_single_seed_validation
weissbart_tf64,dnn,reconstruction,gate0_gate2_full_subject_single_seed_v1,0,P00,mean_recording_pearson_r,0.06553855512055622,15,dnn_epoch_7,full_subject_single_seed_validation
weissbart_tf64,cnn,reconstruction,gate0_gate2_full_subject_single_seed_v1,0,P00,mean_recording_pearson_r,0.154926323613149,15,cnn_epoch_6,full_subject_single_seed_validation
weissbart_tf64,eegnet,reconstruction,gate0_gate2_full_subject_single_seed_v1,0,P00,mean_recording_pearson_r,0.1558581841991332,15,eegnet_epoch_29,full_subject_single_seed_validation
weissbart_tf64,ridge,reconstruction,gate0_gate2_full_subject_single_seed_v1,0,P01,mean_recording_pearson_r,0.08419014163262838,15,ridge_alpha_1.0,full_subject_single_seed_validation
weissbart_tf64,cca,reconstruction,gate0_gate2_full_subject_single_seed_v1,0,P01,mean_recording_pearson_r,0.09495414914277106,15,cca_nc_4,full_subject_single_seed_validation
weissbart_tf64,fcnn,reconstruction,gate0_gate2_full_subject_single_seed_v1,0,P01,mean_recording_pearson_r,0.09669471547538426,15,fcnn_epoch_5,full_subject_single_seed_validation
weissbart_tf64,adt,reconstruction,gate0_gate2_full_subject_single_seed_v1,0,P01,mean_recording_pearson_r,0.0942752946739429,15,adt_epoch_5,full_subject_single_seed_validation
weissbart_tf64,dnn,reconstruction,gate0_gate2_full_subject_single_seed_v1,0,P01,mean_recording_pearson_r,0.09668409091070873,15,dnn_epoch_5,full_subject_single_seed_validation
weissbart_tf64,cnn,reconstruction,gate0_gate2_full_subject_single_seed_v1,0,P01,mean_recording_pearson_r,0.07925825299208823,15,cnn_epoch_7,full_subject_single_seed_validation
weissbart_tf64,eegnet,reconstruction,gate0_gate2_full_subject_single_seed_v1,0,P01,mean_recording_pearson_r,0.0932276792611222,15,eegnet_epoch_20,full_subject_single_seed_validation
weissbart_tf64,ridge,reconstruction,gate0_gate2_full_subject_single_seed_v1,0,P02,mean_recording_pearson_r,0.1461383795288638,15,ridge_alpha_100.0,full_subject_single_seed_validation
weissbart_tf64,cca,reconstruction,gate0_gate2_full_subject_single_seed_v1,0,P02,mean_recording_pearson_r,0.04335437285897882,15,cca_nc_4,full_subject_single_seed_validation
weissbart_tf64,fcnn,reconstruction,gate0_gate2_full_subject_single_seed_v1,0,P02,mean_recording_pearson_r,0.11354478030750972,15,fcnn_epoch_3,full_subject_single_seed_validation
weissbart_tf64,adt,reconstruction,gate0_gate2_full_subject_single_seed_v1,0,P02,mean_recording_pearson_r,0.1335702987037615,15,adt_epoch_10,full_subject_single_seed_validation
weissbart_tf64,dnn,reconstruction,gate0_gate2_full_subject_single_seed_v1,0,P02,mean_recording_pearson_r,0.11354515352130458,15,dnn_epoch_3,full_subject_single_seed_validation
weissbart_tf64,cnn,reconstruction,gate0_gate2_full_subject_single_seed_v1,0,P02,mean_recording_pearson_r,0.11026934512054705,15,cnn_epoch_1,full_subject_single_seed_validation
weissbart_tf64,eegnet,reconstruction,gate0_gate2_full_subject_single_seed_v1,0,P02,mean_recording_pearson_r,0.1787322480163093,15,eegnet_epoch_16,full_subject_single_seed_validation
weissbart_tf64,ridge,reconstruction,gate0_gate2_full_subject_single_seed_v1,0,P03,mean_recording_pearson_r,0.15328675079009205,15,ridge_alpha_100.0,full_subject_single_seed_validation
weissbart_tf64,cca,reconstruction,gate0_gate2_full_subject_single_seed_v1,0,P03,mean_recording_pearson_r,0.09235633099448197,15,cca_nc_4,full_subject_single_seed_validation
weissbart_tf64,fcnn,reconstruction,gate0_gate2_full_subject_single_seed_v1,0,P03,mean_recording_pearson_r,0.09301722644919923,15,fcnn_epoch_0,full_subject_single_seed_validation
weissbart_tf64,adt,reconstruction,gate0_gate2_full_subject_single_seed_v1,0,P03,mean_recording_pearson_r,0.17165821755137783,15,adt_epoch_3,full_subject_single_seed_validation
weissbart_tf64,dnn,reconstruction,gate0_gate2_full_subject_single_seed_v1,0,P03,mean_recording_pearson_r,0.09301722353610266,15,dnn_epoch_0,full_subject_single_seed_validation
weissbart_tf64,cnn,reconstruction,gate0_gate2_full_subject_single_seed_v1,0,P03,mean_recording_pearson_r,0.15045817846035278,15,cnn_epoch_7,full_subject_single_seed_validation
weissbart_tf64,eegnet,reconstruction,gate0_gate2_full_subject_single_seed_v1,0,P03,mean_recording_pearson_r,0.17204582147225905,15,eegnet_epoch_26,full_subject_single_seed_validation
weissbart_tf64,ridge,reconstruction,gate0_gate2_full_subject_single_seed_v1,0,P04,mean_recording_pearson_r,0.15641946834537293,15,ridge_alpha_100.0,full_subject_single_seed_validation
weissbart_tf64,cca,reconstruction,gate0_gate2_full_subject_single_seed_v1,0,P04,mean_recording_pearson_r,0.07927436820213123,15,cca_nc_4,full_subject_single_seed_validation
weissbart_tf64,fcnn,reconstruction,gate0_gate2_full_subject_single_seed_v1,0,P04,mean_recording_pearson_r,0.0941646004628128,15,fcnn_epoch_0,full_subject_single_seed_validation
weissbart_tf64,adt,reconstruction,gate0_gate2_full_subject_single_seed_v1,0,P04,mean_recording_pearson_r,0.10152927546619955,15,adt_epoch_1,full_subject_single_seed_validation
weissbart_tf64,dnn,reconstruction,gate0_gate2_full_subject_single_seed_v1,0,P04,mean_recording_pearson_r,0.09416459974981307,15,dnn_epoch_0,full_subject_single_seed_validation
weissbart_tf64,cnn,reconstruction,gate0_gate2_full_subject_single_seed_v1,0,P04,mean_recording_pearson_r,0.1597996544040672,15,cnn_epoch_7,full_subject_single_seed_validation
weissbart_tf64,eegnet,reconstruction,gate0_gate2_full_subject_single_seed_v1,0,P04,mean_recording_pearson_r,0.1561388287915893,15,eegnet_epoch_22,full_subject_single_seed_validation
weissbart_tf64,ridge,reconstruction,gate0_gate2_full_subject_single_seed_v1,0,P05,mean_recording_pearson_r,0.15318522294329492,15,ridge_alpha_1.0,full_subject_single_seed_validation
weissbart_tf64,cca,reconstruction,gate0_gate2_full_subject_single_seed_v1,0,P05,mean_recording_pearson_r,0.09124425320427514,15,cca_nc_4,full_subject_single_seed_validation
weissbart_tf64,fcnn,reconstruction,gate0_gate2_full_subject_single_seed_v1,0,P05,mean_recording_pearson_r,0.06978308367439218,15,fcnn_epoch_1,full_subject_single_seed_validation
weissbart_tf64,adt,reconstruction,gate0_gate2_full_subject_single_seed_v1,0,P05,mean_recording_pearson_r,0.10389705364696104,15,adt_epoch_12,full_subject_single_seed_validation
weissbart_tf64,dnn,reconstruction,gate0_gate2_full_subject_single_seed_v1,0,P05,mean_recording_pearson_r,0.06978313146330399,15,dnn_epoch_1,full_subject_single_seed_validation
weissbart_tf64,cnn,reconstruction,gate0_gate2_full_subject_single_seed_v1,0,P05,mean_recording_pearson_r,0.11631922498328137,15,cnn_epoch_2,full_subject_single_seed_validation
weissbart_tf64,eegnet,reconstruction,gate0_gate2_full_subject_single_seed_v1,0,P05,mean_recording_pearson_r,0.13498359765850224,15,eegnet_epoch_7,full_subject_single_seed_validation
weissbart_tf64,ridge,reconstruction,gate0_gate2_full_subject_single_seed_v1,0,P06,mean_recording_pearson_r,0.06673353980209834,15,ridge_alpha_10.0,full_subject_single_seed_validation
weissbart_tf64,cca,reconstruction,gate0_gate2_full_subject_single_seed_v1,0,P06,mean_recording_pearson_r,0.04920611017410582,15,cca_nc_1,full_subject_single_seed_validation
weissbart_tf64,fcnn,reconstruction,gate0_gate2_full_subject_single_seed_v1,0,P06,mean_recording_pearson_r,0.0022999500064735407,15,fcnn_epoch_6,full_subject_single_seed_validation
weissbart_tf64,adt,reconstruction,gate0_gate2_full_subject_single_seed_v1,0,P06,mean_recording_pearson_r,0.11759718002086622,15,adt_epoch_2,full_subject_single_seed_validation
weissbart_tf64,dnn,reconstruction,gate0_gate2_full_subject_single_seed_v1,0,P06,mean_recording_pearson_r,0.0020317051401170516,15,dnn_epoch_6,full_subject_single_seed_validation
weissbart_tf64,cnn,reconstruction,gate0_gate2_full_subject_single_seed_v1,0,P06,mean_recording_pearson_r,0.06586882154656479,15,cnn_epoch_4,full_subject_single_seed_validation
weissbart_tf64,eegnet,reconstruction,gate0_gate2_full_subject_single_seed_v1,0,P06,mean_recording_pearson_r,0.07786007898250835,15,eegnet_epoch_48,full_subject_single_seed_validation
weissbart_tf64,ridge,reconstruction,gate0_gate2_full_subject_single_seed_v1,0,P07,mean_recording_pearson_r,0.13858419702944305,15,ridge_alpha_10.0,full_subject_single_seed_validation
weissbart_tf64,cca,reconstruction,gate0_gate2_full_subject_single_seed_v1,0,P07,mean_recording_pearson_r,0.11135284179342281,15,cca_nc_2,full_subject_single_seed_validation
weissbart_tf64,fcnn,reconstruction,gate0_gate2_full_subject_single_seed_v1,0,P07,mean_recording_pearson_r,0.1261473819149195,15,fcnn_epoch_1,full_subject_single_seed_validation
weissbart_tf64,adt,reconstruction,gate0_gate2_full_subject_single_seed_v1,0,P07,mean_recording_pearson_r,0.11841530013922809,15,adt_epoch_1,full_subject_single_seed_validation
weissbart_tf64,dnn,reconstruction,gate0_gate2_full_subject_single_seed_v1,0,P07,mean_recording_pearson_r,0.1261473752590004,15,dnn_epoch_1,full_subject_single_seed_validation
weissbart_tf64,cnn,reconstruction,gate0_gate2_full_subject_single_seed_v1,0,P07,mean_recording_pearson_r,0.13158945649228865,15,cnn_epoch_0,full_subject_single_seed_validation
weissbart_tf64,eegnet,reconstruction,gate0_gate2_full_subject_single_seed_v1,0,P07,mean_recording_pearson_r,0.14121259408896025,15,eegnet_epoch_4,full_subject_single_seed_validation
weissbart_tf64,ridge,reconstruction,gate0_gate2_full_subject_single_seed_v1,0,P08,mean_recording_pearson_r,0.10332106633028906,15,ridge_alpha_100.0,full_subject_single_seed_validation
weissbart_tf64,cca,reconstruction,gate0_gate2_full_subject_single_seed_v1,0,P08,mean_recording_pearson_r,0.10176183935137799,15,cca_nc_4,full_subject_single_seed_validation
weissbart_tf64,fcnn,reconstruction,gate0_gate2_full_subject_single_seed_v1,0,P08,mean_recording_pearson_r,0.08469970304270623,15,fcnn_epoch_1,full_subject_single_seed_validation
weissbart_tf64,adt,reconstruction,gate0_gate2_full_subject_single_seed_v1,0,P08,mean_recording_pearson_r,0.06968193262957317,15,adt_epoch_29,full_subject_single_seed_validation
weissbart_tf64,dnn,reconstruction,gate0_gate2_full_subject_single_seed_v1,0,P08,mean_recording_pearson_r,0.08469970102109593,15,dnn_epoch_1,full_subject_single_seed_validation
weissbart_tf64,cnn,reconstruction,gate0_gate2_full_subject_single_seed_v1,0,P08,mean_recording_pearson_r,0.11240072782455354,15,cnn_epoch_10,full_subject_single_seed_validation
weissbart_tf64,eegnet,reconstruction,gate0_gate2_full_subject_single_seed_v1,0,P08,mean_recording_pearson_r,0.13751796289052148,15,eegnet_epoch_4,full_subject_single_seed_validation
weissbart_tf64,ridge,reconstruction,gate0_gate2_full_subject_single_seed_v1,0,P09,mean_recording_pearson_r,0.14148315889106838,15,ridge_alpha_10.0,full_subject_single_seed_validation
weissbart_tf64,cca,reconstruction,gate0_gate2_full_subject_single_seed_v1,0,P09,mean_recording_pearson_r,0.1166026776245573,15,cca_nc_4,full_subject_single_seed_validation
weissbart_tf64,fcnn,reconstruction,gate0_gate2_full_subject_single_seed_v1,0,P09,mean_recording_pearson_r,0.11950139632887627,15,fcnn_epoch_2,full_subject_single_seed_validation
weissbart_tf64,adt,reconstruction,gate0_gate2_full_subject_single_seed_v1,0,P09,mean_recording_pearson_r,0.17893387249741985,15,adt_epoch_2,full_subject_single_seed_validation
weissbart_tf64,dnn,reconstruction,gate0_gate2_full_subject_single_seed_v1,0,P09,mean_recording_pearson_r,0.11950121680871648,15,dnn_epoch_2,full_subject_single_seed_validation
weissbart_tf64,cnn,reconstruction,gate0_gate2_full_subject_single_seed_v1,0,P09,mean_recording_pearson_r,0.12776042309188115,15,cnn_epoch_4,full_subject_single_seed_validation
weissbart_tf64,eegnet,reconstruction,gate0_gate2_full_subject_single_seed_v1,0,P09,mean_recording_pearson_r,0.16936706399115245,15,eegnet_epoch_13,full_subject_single_seed_validation
weissbart_tf64,ridge,reconstruction,gate0_gate2_full_subject_single_seed_v1,0,P10,mean_recording_pearson_r,0.13112665731121304,15,ridge_alpha_100.0,full_subject_single_seed_validation
weissbart_tf64,cca,reconstruction,gate0_gate2_full_subject_single_seed_v1,0,P10,mean_recording_pearson_r,0.09218244704746066,15,cca_nc_4,full_subject_single_seed_validation
weissbart_tf64,fcnn,reconstruction,gate0_gate2_full_subject_single_seed_v1,0,P10,mean_recording_pearson_r,0.06012010503899434,15,fcnn_epoch_2,full_subject_single_seed_validation
weissbart_tf64,adt,reconstruction,gate0_gate2_full_subject_single_seed_v1,0,P10,mean_recording_pearson_r,0.0956011076730103,15,adt_epoch_7,full_subject_single_seed_validation
weissbart_tf64,dnn,reconstruction,gate0_gate2_full_subject_single_seed_v1,0,P10,mean_recording_pearson_r,0.0601201826871298,15,dnn_epoch_2,full_subject_single_seed_validation
weissbart_tf64,cnn,reconstruction,gate0_gate2_full_subject_single_seed_v1,0,P10,mean_recording_pearson_r,0.1196922337151288,15,cnn_epoch_7,full_subject_single_seed_validation
weissbart_tf64,eegnet,reconstruction,gate0_gate2_full_subject_single_seed_v1,0,P10,mean_recording_pearson_r,0.12190049828687434,15,eegnet_epoch_21,full_subject_single_seed_validation
weissbart_tf64,ridge,reconstruction,gate0_gate2_full_subject_single_seed_v1,0,P11,mean_recording_pearson_r,0.1506067789566798,15,ridge_alpha_10.0,full_subject_single_seed_validation
weissbart_tf64,cca,reconstruction,gate0_gate2_full_subject_single_seed_v1,0,P11,mean_recording_pearson_r,0.08922455910492093,15,cca_nc_4,full_subject_single_seed_validation
weissbart_tf64,fcnn,reconstruction,gate0_gate2_full_subject_single_seed_v1,0,P11,mean_recording_pearson_r,0.09074733462673669,15,fcnn_epoch_1,full_subject_single_seed_validation
weissbart_tf64,adt,reconstruction,gate0_gate2_full_subject_single_seed_v1,0,P11,mean_recording_pearson_r,0.1626934130193955,15,adt_epoch_2,full_subject_single_seed_validation
weissbart_tf64,dnn,reconstruction,gate0_gate2_full_subject_single_seed_v1,0,P11,mean_recording_pearson_r,0.0907472356125782,15,dnn_epoch_1,full_subject_single_seed_validation
weissbart_tf64,cnn,reconstruction,gate0_gate2_full_subject_single_seed_v1,0,P11,mean_recording_pearson_r,0.12854878628568925,15,cnn_epoch_1,full_subject_single_seed_validation
weissbart_tf64,eegnet,reconstruction,gate0_gate2_full_subject_single_seed_v1,0,P11,mean_recording_pearson_r,0.14839113678460514,15,eegnet_epoch_18,full_subject_single_seed_validation
weissbart_tf64,ridge,reconstruction,gate0_gate2_full_subject_single_seed_v1,0,P12,mean_recording_pearson_r,0.17372779956779152,15,ridge_alpha_10.0,full_subject_single_seed_validation
weissbart_tf64,cca,reconstruction,gate0_gate2_full_subject_single_seed_v1,0,P12,mean_recording_pearson_r,0.1363743607291315,15,cca_nc_2,full_subject_single_seed_validation
weissbart_tf64,fcnn,reconstruction,gate0_gate2_full_subject_single_seed_v1,0,P12,mean_recording_pearson_r,0.17704273413877203,15,fcnn_epoch_1,full_subject_single_seed_validation
weissbart_tf64,adt,reconstruction,gate0_gate2_full_subject_single_seed_v1,0,P12,mean_recording_pearson_r,0.20441027148312615,15,adt_epoch_3,full_subject_single_seed_validation
weissbart_tf64,dnn,reconstruction,gate0_gate2_full_subject_single_seed_v1,0,P12,mean_recording_pearson_r,0.17704274109017717,15,dnn_epoch_1,full_subject_single_seed_validation
weissbart_tf64,cnn,reconstruction,gate0_gate2_full_subject_single_seed_v1,0,P12,mean_recording_pearson_r,0.20075091678744028,15,cnn_epoch_11,full_subject_single_seed_validation
weissbart_tf64,eegnet,reconstruction,gate0_gate2_full_subject_single_seed_v1,0,P12,mean_recording_pearson_r,0.21059654682046705,15,eegnet_epoch_27,full_subject_single_seed_validation
weissbart_tf64,ridge,reconstruction,gate0_gate2_full_subject_single_seed_v1,42,P00,mean_recording_pearson_r,0.13254733446979064,15,ridge_alpha_100.0,full_subject_single_seed_validation
weissbart_tf64,cca,reconstruction,gate0_gate2_full_subject_single_seed_v1,42,P00,mean_recording_pearson_r,0.06411140220705791,15,cca_nc_2,full_subject_single_seed_validation
weissbart_tf64,fcnn,reconstruction,gate0_gate2_full_subject_single_seed_v1,42,P00,mean_recording_pearson_r,0.05737855751060155,15,fcnn_epoch_12,full_subject_single_seed_validation
weissbart_tf64,adt,reconstruction,gate0_gate2_full_subject_single_seed_v1,42,P00,mean_recording_pearson_r,0.16151028554816366,15,adt_epoch_6,full_subject_single_seed_validation
weissbart_tf64,dnn,reconstruction,gate0_gate2_full_subject_single_seed_v1,42,P00,mean_recording_pearson_r,0.08768385323880803,15,dnn_epoch_1,full_subject_single_seed_validation
weissbart_tf64,cnn,reconstruction,gate0_gate2_full_subject_single_seed_v1,42,P00,mean_recording_pearson_r,0.11917892528606157,15,cnn_epoch_1,full_subject_single_seed_validation
weissbart_tf64,eegnet,reconstruction,gate0_gate2_full_subject_single_seed_v1,42,P00,mean_recording_pearson_r,0.10629178550810586,15,eegnet_epoch_1,full_subject_single_seed_validation
weissbart_tf64,ridge,reconstruction,gate0_gate2_full_subject_single_seed_v1,42,P01,mean_recording_pearson_r,0.08419014163262838,15,ridge_alpha_1.0,full_subject_single_seed_validation
weissbart_tf64,cca,reconstruction,gate0_gate2_full_subject_single_seed_v1,42,P01,mean_recording_pearson_r,0.09495414914277106,15,cca_nc_4,full_subject_single_seed_validation
weissbart_tf64,fcnn,reconstruction,gate0_gate2_full_subject_single_seed_v1,42,P01,mean_recording_pearson_r,0.07113115167909066,15,fcnn_epoch_6,full_subject_single_seed_validation
weissbart_tf64,adt,reconstruction,gate0_gate2_full_subject_single_seed_v1,42,P01,mean_recording_pearson_r,0.07370236670586854,15,adt_epoch_9,full_subject_single_seed_validation
weissbart_tf64,dnn,reconstruction,gate0_gate2_full_subject_single_seed_v1,42,P01,mean_recording_pearson_r,0.07111086323133688,15,dnn_epoch_6,full_subject_single_seed_validation
weissbart_tf64,cnn,reconstruction,gate0_gate2_full_subject_single_seed_v1,42,P01,mean_recording_pearson_r,0.08336561032939374,15,cnn_epoch_7,full_subject_single_seed_validation
weissbart_tf64,eegnet,reconstruction,gate0_gate2_full_subject_single_seed_v1,42,P01,mean_recording_pearson_r,0.11072784667355914,15,eegnet_epoch_10,full_subject_single_seed_validation
weissbart_tf64,ridge,reconstruction,gate0_gate2_full_subject_single_seed_v1,42,P02,mean_recording_pearson_r,0.1461383795288638,15,ridge_alpha_100.0,full_subject_single_seed_validation
weissbart_tf64,cca,reconstruction,gate0_gate2_full_subject_single_seed_v1,42,P02,mean_recording_pearson_r,0.04335437285897882,15,cca_nc_4,full_subject_single_seed_validation
weissbart_tf64,fcnn,reconstruction,gate0_gate2_full_subject_single_seed_v1,42,P02,mean_recording_pearson_r,0.11458896569910054,15,fcnn_epoch_3,full_subject_single_seed_validation
weissbart_tf64,adt,reconstruction,gate0_gate2_full_subject_single_seed_v1,42,P02,mean_recording_pearson_r,0.142945988064525,15,adt_epoch_12,full_subject_single_seed_validation
weissbart_tf64,dnn,reconstruction,gate0_gate2_full_subject_single_seed_v1,42,P02,mean_recording_pearson_r,0.11459103636425207,15,dnn_epoch_3,full_subject_single_seed_validation
weissbart_tf64,cnn,reconstruction,gate0_gate2_full_subject_single_seed_v1,42,P02,mean_recording_pearson_r,0.1407004925086576,15,cnn_epoch_3,full_subject_single_seed_validation
weissbart_tf64,eegnet,reconstruction,gate0_gate2_full_subject_single_seed_v1,42,P02,mean_recording_pearson_r,0.1601402026984393,15,eegnet_epoch_9,full_subject_single_seed_validation
weissbart_tf64,ridge,reconstruction,gate0_gate2_full_subject_single_seed_v1,42,P03,mean_recording_pearson_r,0.15328675079009205,15,ridge_alpha_100.0,full_subject_single_seed_validation
weissbart_tf64,cca,reconstruction,gate0_gate2_full_subject_single_seed_v1,42,P03,mean_recording_pearson_r,0.09235633099448197,15,cca_nc_4,full_subject_single_seed_validation
weissbart_tf64,fcnn,reconstruction,gate0_gate2_full_subject_single_seed_v1,42,P03,mean_recording_pearson_r,0.13286296021175023,15,fcnn_epoch_2,full_subject_single_seed_validation
weissbart_tf64,adt,reconstruction,gate0_gate2_full_subject_single_seed_v1,42,P03,mean_recording_pearson_r,0.15161635786511152,15,adt_epoch_1,full_subject_single_seed_validation
weissbart_tf64,dnn,reconstruction,gate0_gate2_full_subject_single_seed_v1,42,P03,mean_recording_pearson_r,0.13286261100136718,15,dnn_epoch_2,full_subject_single_seed_validation
weissbart_tf64,cnn,reconstruction,gate0_gate2_full_subject_single_seed_v1,42,P03,mean_recording_pearson_r,0.10666415928541598,15,cnn_epoch_5,full_subject_single_seed_validation
weissbart_tf64,eegnet,reconstruction,gate0_gate2_full_subject_single_seed_v1,42,P03,mean_recording_pearson_r,0.15826427176830615,15,eegnet_epoch_17,full_subject_single_seed_validation
weissbart_tf64,ridge,reconstruction,gate0_gate2_full_subject_single_seed_v1,42,P04,mean_recording_pearson_r,0.15641946834537293,15,ridge_alpha_100.0,full_subject_single_seed_validation
weissbart_tf64,cca,reconstruction,gate0_gate2_full_subject_single_seed_v1,42,P04,mean_recording_pearson_r,0.07927436820213123,15,cca_nc_4,full_subject_single_seed_validation
weissbart_tf64,fcnn,reconstruction,gate0_gate2_full_subject_single_seed_v1,42,P04,mean_recording_pearson_r,0.08493477592500125,15,fcnn_epoch_2,full_subject_single_seed_validation
weissbart_tf64,adt,reconstruction,gate0_gate2_full_subject_single_seed_v1,42,P04,mean_recording_pearson_r,0.08221304040818346,15,adt_epoch_3,full_subject_single_seed_validation
weissbart_tf64,dnn,reconstruction,gate0_gate2_full_subject_single_seed_v1,42,P04,mean_recording_pearson_r,0.08493466000198249,15,dnn_epoch_2,full_subject_single_seed_validation
weissbart_tf64,cnn,reconstruction,gate0_gate2_full_subject_single_seed_v1,42,P04,mean_recording_pearson_r,0.14345139768256118,15,cnn_epoch_5,full_subject_single_seed_validation
weissbart_tf64,eegnet,reconstruction,gate0_gate2_full_subject_single_seed_v1,42,P04,mean_recording_pearson_r,0.1715077405932082,15,eegnet_epoch_15,full_subject_single_seed_validation
weissbart_tf64,ridge,reconstruction,gate0_gate2_full_subject_single_seed_v1,42,P05,mean_recording_pearson_r,0.15318522294329492,15,ridge_alpha_1.0,full_subject_single_seed_validation
weissbart_tf64,cca,reconstruction,gate0_gate2_full_subject_single_seed_v1,42,P05,mean_recording_pearson_r,0.09124425320427514,15,cca_nc_4,full_subject_single_seed_validation
weissbart_tf64,fcnn,reconstruction,gate0_gate2_full_subject_single_seed_v1,42,P05,mean_recording_pearson_r,0.056697345175727436,15,fcnn_epoch_3,full_subject_single_seed_validation
weissbart_tf64,adt,reconstruction,gate0_gate2_full_subject_single_seed_v1,42,P05,mean_recording_pearson_r,0.16307278899629732,15,adt_epoch_5,full_subject_single_seed_validation
weissbart_tf64,dnn,reconstruction,gate0_gate2_full_subject_single_seed_v1,42,P05,mean_recording_pearson_r,0.05669683351400339,15,dnn_epoch_3,full_subject_single_seed_validation
weissbart_tf64,cnn,reconstruction,gate0_gate2_full_subject_single_seed_v1,42,P05,mean_recording_pearson_r,0.1321889875527083,15,cnn_epoch_4,full_subject_single_seed_validation
weissbart_tf64,eegnet,reconstruction,gate0_gate2_full_subject_single_seed_v1,42,P05,mean_recording_pearson_r,0.15820542084131367,15,eegnet_epoch_8,full_subject_single_seed_validation
weissbart_tf64,ridge,reconstruction,gate0_gate2_full_subject_single_seed_v1,42,P06,mean_recording_pearson_r,0.06673353980209834,15,ridge_alpha_10.0,full_subject_single_seed_validation
weissbart_tf64,cca,reconstruction,gate0_gate2_full_subject_single_seed_v1,42,P06,mean_recording_pearson_r,0.04920611017410582,15,cca_nc_1,full_subject_single_seed_validation
weissbart_tf64,fcnn,reconstruction,gate0_gate2_full_subject_single_seed_v1,42,P06,mean_recording_pearson_r,0.00261080492535098,15,fcnn_epoch_12,full_subject_single_seed_validation
weissbart_tf64,adt,reconstruction,gate0_gate2_full_subject_single_seed_v1,42,P06,mean_recording_pearson_r,0.10931358221886854,15,adt_epoch_6,full_subject_single_seed_validation
weissbart_tf64,dnn,reconstruction,gate0_gate2_full_subject_single_seed_v1,42,P06,mean_recording_pearson_r,0.0027582539276648876,15,dnn_epoch_10,full_subject_single_seed_validation
weissbart_tf64,cnn,reconstruction,gate0_gate2_full_subject_single_seed_v1,42,P06,mean_recording_pearson_r,0.041635683105181606,15,cnn_epoch_19,full_subject_single_seed_validation
weissbart_tf64,eegnet,reconstruction,gate0_gate2_full_subject_single_seed_v1,42,P06,mean_recording_pearson_r,0.07212040968978266,15,eegnet_epoch_31,full_subject_single_seed_validation
weissbart_tf64,ridge,reconstruction,gate0_gate2_full_subject_single_seed_v1,42,P07,mean_recording_pearson_r,0.13858419702944305,15,ridge_alpha_10.0,full_subject_single_seed_validation
weissbart_tf64,cca,reconstruction,gate0_gate2_full_subject_single_seed_v1,42,P07,mean_recording_pearson_r,0.11135284179342281,15,cca_nc_2,full_subject_single_seed_validation
weissbart_tf64,fcnn,reconstruction,gate0_gate2_full_subject_single_seed_v1,42,P07,mean_recording_pearson_r,0.1027934334669891,15,fcnn_epoch_0,full_subject_single_seed_validation
weissbart_tf64,adt,reconstruction,gate0_gate2_full_subject_single_seed_v1,42,P07,mean_recording_pearson_r,0.08586057688102011,15,adt_epoch_1,full_subject_single_seed_validation
weissbart_tf64,dnn,reconstruction,gate0_gate2_full_subject_single_seed_v1,42,P07,mean_recording_pearson_r,0.10279343135809754,15,dnn_epoch_0,full_subject_single_seed_validation
weissbart_tf64,cnn,reconstruction,gate0_gate2_full_subject_single_seed_v1,42,P07,mean_recording_pearson_r,0.12212520839630801,15,cnn_epoch_0,full_subject_single_seed_validation
weissbart_tf64,eegnet,reconstruction,gate0_gate2_full_subject_single_seed_v1,42,P07,mean_recording_pearson_r,0.1427964886698971,15,eegnet_epoch_3,full_subject_single_seed_validation
weissbart_tf64,ridge,reconstruction,gate0_gate2_full_subject_single_seed_v1,42,P08,mean_recording_pearson_r,0.10332106633028906,15,ridge_alpha_100.0,full_subject_single_seed_validation
weissbart_tf64,cca,reconstruction,gate0_gate2_full_subject_single_seed_v1,42,P08,mean_recording_pearson_r,0.10176183935137799,15,cca_nc_4,full_subject_single_seed_validation
weissbart_tf64,fcnn,reconstruction,gate0_gate2_full_subject_single_seed_v1,42,P08,mean_recording_pearson_r,0.10365959751025126,15,fcnn_epoch_3,full_subject_single_seed_validation
weissbart_tf64,adt,reconstruction,gate0_gate2_full_subject_single_seed_v1,42,P08,mean_recording_pearson_r,0.07465057620912924,15,adt_epoch_3,full_subject_single_seed_validation
weissbart_tf64,dnn,reconstruction,gate0_gate2_full_subject_single_seed_v1,42,P08,mean_recording_pearson_r,0.10365894652804404,15,dnn_epoch_3,full_subject_single_seed_validation
weissbart_tf64,cnn,reconstruction,gate0_gate2_full_subject_single_seed_v1,42,P08,mean_recording_pearson_r,0.05912743480709577,15,cnn_epoch_17,full_subject_single_seed_validation
weissbart_tf64,eegnet,reconstruction,gate0_gate2_full_subject_single_seed_v1,42,P08,mean_recording_pearson_r,0.11633432981566058,15,eegnet_epoch_5,full_subject_single_seed_validation
weissbart_tf64,ridge,reconstruction,gate0_gate2_full_subject_single_seed_v1,42,P09,mean_recording_pearson_r,0.14148315889106838,15,ridge_alpha_10.0,full_subject_single_seed_validation
weissbart_tf64,cca,reconstruction,gate0_gate2_full_subject_single_seed_v1,42,P09,mean_recording_pearson_r,0.1166026776245573,15,cca_nc_4,full_subject_single_seed_validation
weissbart_tf64,fcnn,reconstruction,gate0_gate2_full_subject_single_seed_v1,42,P09,mean_recording_pearson_r,0.10919880317367124,15,fcnn_epoch_0,full_subject_single_seed_validation
weissbart_tf64,adt,reconstruction,gate0_gate2_full_subject_single_seed_v1,42,P09,mean_recording_pearson_r,0.17598438582446457,15,adt_epoch_4,full_subject_single_seed_validation
weissbart_tf64,dnn,reconstruction,gate0_gate2_full_subject_single_seed_v1,42,P09,mean_recording_pearson_r,0.1091988005023688,15,dnn_epoch_0,full_subject_single_seed_validation
weissbart_tf64,cnn,reconstruction,gate0_gate2_full_subject_single_seed_v1,42,P09,mean_recording_pearson_r,0.1427266503895398,15,cnn_epoch_2,full_subject_single_seed_validation
weissbart_tf64,eegnet,reconstruction,gate0_gate2_full_subject_single_seed_v1,42,P09,mean_recording_pearson_r,0.1623591001053133,15,eegnet_epoch_20,full_subject_single_seed_validation
weissbart_tf64,ridge,reconstruction,gate0_gate2_full_subject_single_seed_v1,42,P10,mean_recording_pearson_r,0.13112665731121304,15,ridge_alpha_100.0,full_subject_single_seed_validation
weissbart_tf64,cca,reconstruction,gate0_gate2_full_subject_single_seed_v1,42,P10,mean_recording_pearson_r,0.09218244704746066,15,cca_nc_4,full_subject_single_seed_validation
weissbart_tf64,fcnn,reconstruction,gate0_gate2_full_subject_single_seed_v1,42,P10,mean_recording_pearson_r,0.05665238477393187,15,fcnn_epoch_1,full_subject_single_seed_validation
weissbart_tf64,adt,reconstruction,gate0_gate2_full_subject_single_seed_v1,42,P10,mean_recording_pearson_r,0.11387207321874383,15,adt_epoch_14,full_subject_single_seed_validation
weissbart_tf64,dnn,reconstruction,gate0_gate2_full_subject_single_seed_v1,42,P10,mean_recording_pearson_r,0.0566523911215344,15,dnn_epoch_1,full_subject_single_seed_validation
weissbart_tf64,cnn,reconstruction,gate0_gate2_full_subject_single_seed_v1,42,P10,mean_recording_pearson_r,0.10938203940091192,15,cnn_epoch_13,full_subject_single_seed_validation
weissbart_tf64,eegnet,reconstruction,gate0_gate2_full_subject_single_seed_v1,42,P10,mean_recording_pearson_r,0.12482781900370682,15,eegnet_epoch_24,full_subject_single_seed_validation
weissbart_tf64,ridge,reconstruction,gate0_gate2_full_subject_single_seed_v1,42,P11,mean_recording_pearson_r,0.1506067789566798,15,ridge_alpha_10.0,full_subject_single_seed_validation
weissbart_tf64,cca,reconstruction,gate0_gate2_full_subject_single_seed_v1,42,P11,mean_recording_pearson_r,0.08922455910492093,15,cca_nc_4,full_subject_single_seed_validation
weissbart_tf64,fcnn,reconstruction,gate0_gate2_full_subject_single_seed_v1,42,P11,mean_recording_pearson_r,0.1073741625755264,15,fcnn_epoch_0,full_subject_single_seed_validation
weissbart_tf64,adt,reconstruction,gate0_gate2_full_subject_single_seed_v1,42,P11,mean_recording_pearson_r,0.180651136296568,15,adt_epoch_5,full_subject_single_seed_validation
weissbart_tf64,dnn,reconstruction,gate0_gate2_full_subject_single_seed_v1,42,P11,mean_recording_pearson_r,0.10737416423538254,15,dnn_epoch_0,full_subject_single_seed_validation
weissbart_tf64,cnn,reconstruction,gate0_gate2_full_subject_single_seed_v1,42,P11,mean_recording_pearson_r,0.10668818123828575,15,cnn_epoch_1,full_subject_single_seed_validation
weissbart_tf64,eegnet,reconstruction,gate0_gate2_full_subject_single_seed_v1,42,P11,mean_recording_pearson_r,0.11271013275724165,15,eegnet_epoch_7,full_subject_single_seed_validation
weissbart_tf64,ridge,reconstruction,gate0_gate2_full_subject_single_seed_v1,42,P12,mean_recording_pearson_r,0.17372779956779152,15,ridge_alpha_10.0,full_subject_single_seed_validation
weissbart_tf64,cca,reconstruction,gate0_gate2_full_subject_single_seed_v1,42,P12,mean_recording_pearson_r,0.1363743607291315,15,cca_nc_2,full_subject_single_seed_validation
weissbart_tf64,fcnn,reconstruction,gate0_gate2_full_subject_single_seed_v1,42,P12,mean_recording_pearson_r,0.17910841032020988,15,fcnn_epoch_2,full_subject_single_seed_validation
weissbart_tf64,adt,reconstruction,gate0_gate2_full_subject_single_seed_v1,42,P12,mean_recording_pearson_r,0.20470608768357818,15,adt_epoch_3,full_subject_single_seed_validation
weissbart_tf64,dnn,reconstruction,gate0_gate2_full_subject_single_seed_v1,42,P12,mean_recording_pearson_r,0.1791085501660175,15,dnn_epoch_2,full_subject_single_seed_validation
weissbart_tf64,cnn,reconstruction,gate0_gate2_full_subject_single_seed_v1,42,P12,mean_recording_pearson_r,0.19984958353536159,15,cnn_epoch_7,full_subject_single_seed_validation
weissbart_tf64,eegnet,reconstruction,gate0_gate2_full_subject_single_seed_v1,42,P12,mean_recording_pearson_r,0.2140838968167133,15,eegnet_epoch_22,full_subject_single_seed_validation
weissbart_tf64,ridge,reconstruction,gate0_gate2_full_subject_single_seed_v1,2026,P00,mean_recording_pearson_r,0.13254733446979064,15,ridge_alpha_100.0,full_subject_single_seed_validation
weissbart_tf64,cca,reconstruction,gate0_gate2_full_subject_single_seed_v1,2026,P00,mean_recording_pearson_r,0.06411140220705791,15,cca_nc_2,full_subject_single_seed_validation
weissbart_tf64,fcnn,reconstruction,gate0_gate2_full_subject_single_seed_v1,2026,P00,mean_recording_pearson_r,0.0704019774916806,15,fcnn_epoch_5,full_subject_single_seed_validation
weissbart_tf64,adt,reconstruction,gate0_gate2_full_subject_single_seed_v1,2026,P00,mean_recording_pearson_r,0.16175281099610483,15,adt_epoch_8,full_subject_single_seed_validation
weissbart_tf64,dnn,reconstruction,gate0_gate2_full_subject_single_seed_v1,2026,P00,mean_recording_pearson_r,0.05879752146009197,15,dnn_epoch_13,full_subject_single_seed_validation
weissbart_tf64,cnn,reconstruction,gate0_gate2_full_subject_single_seed_v1,2026,P00,mean_recording_pearson_r,0.12292050913809867,15,cnn_epoch_5,full_subject_single_seed_validation
weissbart_tf64,eegnet,reconstruction,gate0_gate2_full_subject_single_seed_v1,2026,P00,mean_recording_pearson_r,0.16370551131043168,15,eegnet_epoch_17,full_subject_single_seed_validation
weissbart_tf64,ridge,reconstruction,gate0_gate2_full_subject_single_seed_v1,2026,P01,mean_recording_pearson_r,0.08419014163262838,15,ridge_alpha_1.0,full_subject_single_seed_validation
weissbart_tf64,cca,reconstruction,gate0_gate2_full_subject_single_seed_v1,2026,P01,mean_recording_pearson_r,0.09495414914277106,15,cca_nc_4,full_subject_single_seed_validation
weissbart_tf64,fcnn,reconstruction,gate0_gate2_full_subject_single_seed_v1,2026,P01,mean_recording_pearson_r,0.12681560842549597,15,fcnn_epoch_2,full_subject_single_seed_validation
weissbart_tf64,adt,reconstruction,gate0_gate2_full_subject_single_seed_v1,2026,P01,mean_recording_pearson_r,0.09925820378089485,15,adt_epoch_7,full_subject_single_seed_validation
weissbart_tf64,dnn,reconstruction,gate0_gate2_full_subject_single_seed_v1,2026,P01,mean_recording_pearson_r,0.12681569307937646,15,dnn_epoch_2,full_subject_single_seed_validation
weissbart_tf64,cnn,reconstruction,gate0_gate2_full_subject_single_seed_v1,2026,P01,mean_recording_pearson_r,0.129382371182222,15,cnn_epoch_6,full_subject_single_seed_validation
weissbart_tf64,eegnet,reconstruction,gate0_gate2_full_subject_single_seed_v1,2026,P01,mean_recording_pearson_r,0.09677083503463504,15,eegnet_epoch_17,full_subject_single_seed_validation
weissbart_tf64,ridge,reconstruction,gate0_gate2_full_subject_single_seed_v1,2026,P02,mean_recording_pearson_r,0.1461383795288638,15,ridge_alpha_100.0,full_subject_single_seed_validation
weissbart_tf64,cca,reconstruction,gate0_gate2_full_subject_single_seed_v1,2026,P02,mean_recording_pearson_r,0.04335437285897882,15,cca_nc_4,full_subject_single_seed_validation
weissbart_tf64,fcnn,reconstruction,gate0_gate2_full_subject_single_seed_v1,2026,P02,mean_recording_pearson_r,0.08581154004274433,15,fcnn_epoch_1,full_subject_single_seed_validation
weissbart_tf64,adt,reconstruction,gate0_gate2_full_subject_single_seed_v1,2026,P02,mean_recording_pearson_r,0.13594003800438886,15,adt_epoch_11,full_subject_single_seed_validation
weissbart_tf64,dnn,reconstruction,gate0_gate2_full_subject_single_seed_v1,2026,P02,mean_recording_pearson_r,0.08581154903314822,15,dnn_epoch_1,full_subject_single_seed_validation
weissbart_tf64,cnn,reconstruction,gate0_gate2_full_subject_single_seed_v1,2026,P02,mean_recording_pearson_r,0.11867930322076782,15,cnn_epoch_6,full_subject_single_seed_validation
weissbart_tf64,eegnet,reconstruction,gate0_gate2_full_subject_single_seed_v1,2026,P02,mean_recording_pearson_r,0.17510276981619913,15,eegnet_epoch_30,full_subject_single_seed_validation
weissbart_tf64,ridge,reconstruction,gate0_gate2_full_subject_single_seed_v1,2026,P03,mean_recording_pearson_r,0.15328675079009205,15,ridge_alpha_100.0,full_subject_single_seed_validation
weissbart_tf64,cca,reconstruction,gate0_gate2_full_subject_single_seed_v1,2026,P03,mean_recording_pearson_r,0.09235633099448197,15,cca_nc_4,full_subject_single_seed_validation
weissbart_tf64,fcnn,reconstruction,gate0_gate2_full_subject_single_seed_v1,2026,P03,mean_recording_pearson_r,0.1428273098312781,15,fcnn_epoch_2,full_subject_single_seed_validation
weissbart_tf64,adt,reconstruction,gate0_gate2_full_subject_single_seed_v1,2026,P03,mean_recording_pearson_r,0.16489320443333025,15,adt_epoch_3,full_subject_single_seed_validation
weissbart_tf64,dnn,reconstruction,gate0_gate2_full_subject_single_seed_v1,2026,P03,mean_recording_pearson_r,0.14282725905069354,15,dnn_epoch_2,full_subject_single_seed_validation
weissbart_tf64,cnn,reconstruction,gate0_gate2_full_subject_single_seed_v1,2026,P03,mean_recording_pearson_r,0.17171088469384083,15,cnn_epoch_9,full_subject_single_seed_validation
weissbart_tf64,eegnet,reconstruction,gate0_gate2_full_subject_single_seed_v1,2026,P03,mean_recording_pearson_r,0.1581631229435222,15,eegnet_epoch_14,full_subject_single_seed_validation
weissbart_tf64,ridge,reconstruction,gate0_gate2_full_subject_single_seed_v1,2026,P04,mean_recording_pearson_r,0.15641946834537293,15,ridge_alpha_100.0,full_subject_single_seed_validation
weissbart_tf64,cca,reconstruction,gate0_gate2_full_subject_single_seed_v1,2026,P04,mean_recording_pearson_r,0.07927436820213123,15,cca_nc_4,full_subject_single_seed_validation
weissbart_tf64,fcnn,reconstruction,gate0_gate2_full_subject_single_seed_v1,2026,P04,mean_recording_pearson_r,0.10591600766627231,15,fcnn_epoch_4,full_subject_single_seed_validation
weissbart_tf64,adt,reconstruction,gate0_gate2_full_subject_single_seed_v1,2026,P04,mean_recording_pearson_r,0.09229305602147655,15,adt_epoch_3,full_subject_single_seed_validation
weissbart_tf64,dnn,reconstruction,gate0_gate2_full_subject_single_seed_v1,2026,P04,mean_recording_pearson_r,0.10591655955116933,15,dnn_epoch_4,full_subject_single_seed_validation
weissbart_tf64,cnn,reconstruction,gate0_gate2_full_subject_single_seed_v1,2026,P04,mean_recording_pearson_r,0.15077291621451142,15,cnn_epoch_4,full_subject_single_seed_validation
weissbart_tf64,eegnet,reconstruction,gate0_gate2_full_subject_single_seed_v1,2026,P04,mean_recording_pearson_r,0.1636355832825438,15,eegnet_epoch_17,full_subject_single_seed_validation
weissbart_tf64,ridge,reconstruction,gate0_gate2_full_subject_single_seed_v1,2026,P05,mean_recording_pearson_r,0.15318522294329492,15,ridge_alpha_1.0,full_subject_single_seed_validation
weissbart_tf64,cca,reconstruction,gate0_gate2_full_subject_single_seed_v1,2026,P05,mean_recording_pearson_r,0.09124425320427514,15,cca_nc_4,full_subject_single_seed_validation
weissbart_tf64,fcnn,reconstruction,gate0_gate2_full_subject_single_seed_v1,2026,P05,mean_recording_pearson_r,0.08133111417016951,15,fcnn_epoch_4,full_subject_single_seed_validation
weissbart_tf64,adt,reconstruction,gate0_gate2_full_subject_single_seed_v1,2026,P05,mean_recording_pearson_r,0.14894581122791462,15,adt_epoch_9,full_subject_single_seed_validation
weissbart_tf64,dnn,reconstruction,gate0_gate2_full_subject_single_seed_v1,2026,P05,mean_recording_pearson_r,0.0813295098134402,15,dnn_epoch_4,full_subject_single_seed_validation
weissbart_tf64,cnn,reconstruction,gate0_gate2_full_subject_single_seed_v1,2026,P05,mean_recording_pearson_r,0.13548359398775034,15,cnn_epoch_2,full_subject_single_seed_validation
weissbart_tf64,eegnet,reconstruction,gate0_gate2_full_subject_single_seed_v1,2026,P05,mean_recording_pearson_r,0.1520936147911582,15,eegnet_epoch_10,full_subject_single_seed_validation
weissbart_tf64,ridge,reconstruction,gate0_gate2_full_subject_single_seed_v1,2026,P06,mean_recording_pearson_r,0.06673353980209834,15,ridge_alpha_10.0,full_subject_single_seed_validation
weissbart_tf64,cca,reconstruction,gate0_gate2_full_subject_single_seed_v1,2026,P06,mean_recording_pearson_r,0.04920611017410582,15,cca_nc_1,full_subject_single_seed_validation
weissbart_tf64,fcnn,reconstruction,gate0_gate2_full_subject_single_seed_v1,2026,P06,mean_recording_pearson_r,0.014364226850250643,15,fcnn_epoch_9,full_subject_single_seed_validation
weissbart_tf64,adt,reconstruction,gate0_gate2_full_subject_single_seed_v1,2026,P06,mean_recording_pearson_r,0.10456160623305952,15,adt_epoch_7,full_subject_single_seed_validation
weissbart_tf64,dnn,reconstruction,gate0_gate2_full_subject_single_seed_v1,2026,P06,mean_recording_pearson_r,0.015696717908468605,15,dnn_epoch_9,full_subject_single_seed_validation
weissbart_tf64,cnn,reconstruction,gate0_gate2_full_subject_single_seed_v1,2026,P06,mean_recording_pearson_r,0.07300263751415897,15,cnn_epoch_21,full_subject_single_seed_validation
weissbart_tf64,eegnet,reconstruction,gate0_gate2_full_subject_single_seed_v1,2026,P06,mean_recording_pearson_r,0.07416579488890522,15,eegnet_epoch_40,full_subject_single_seed_validation
weissbart_tf64,ridge,reconstruction,gate0_gate2_full_subject_single_seed_v1,2026,P07,mean_recording_pearson_r,0.13858419702944305,15,ridge_alpha_10.0,full_subject_single_seed_validation
weissbart_tf64,cca,reconstruction,gate0_gate2_full_subject_single_seed_v1,2026,P07,mean_recording_pearson_r,0.11135284179342281,15,cca_nc_2,full_subject_single_seed_validation
weissbart_tf64,fcnn,reconstruction,gate0_gate2_full_subject_single_seed_v1,2026,P07,mean_recording_pearson_r,0.12131907985274418,15,fcnn_epoch_1,full_subject_single_seed_validation
weissbart_tf64,adt,reconstruction,gate0_gate2_full_subject_single_seed_v1,2026,P07,mean_recording_pearson_r,0.10851277169978722,15,adt_epoch_1,full_subject_single_seed_validation
weissbart_tf64,dnn,reconstruction,gate0_gate2_full_subject_single_seed_v1,2026,P07,mean_recording_pearson_r,0.12131909386124112,15,dnn_epoch_1,full_subject_single_seed_validation
weissbart_tf64,cnn,reconstruction,gate0_gate2_full_subject_single_seed_v1,2026,P07,mean_recording_pearson_r,0.13817470007089766,15,cnn_epoch_1,full_subject_single_seed_validation
weissbart_tf64,eegnet,reconstruction,gate0_gate2_full_subject_single_seed_v1,2026,P07,mean_recording_pearson_r,0.12271241447298457,15,eegnet_epoch_5,full_subject_single_seed_validation
weissbart_tf64,ridge,reconstruction,gate0_gate2_full_subject_single_seed_v1,2026,P08,mean_recording_pearson_r,0.10332106633028906,15,ridge_alpha_100.0,full_subject_single_seed_validation
weissbart_tf64,cca,reconstruction,gate0_gate2_full_subject_single_seed_v1,2026,P08,mean_recording_pearson_r,0.10176183935137799,15,cca_nc_4,full_subject_single_seed_validation
weissbart_tf64,fcnn,reconstruction,gate0_gate2_full_subject_single_seed_v1,2026,P08,mean_recording_pearson_r,0.08536221482546372,15,fcnn_epoch_6,full_subject_single_seed_validation
weissbart_tf64,adt,reconstruction,gate0_gate2_full_subject_single_seed_v1,2026,P08,mean_recording_pearson_r,0.042914473945972045,15,adt_epoch_5,full_subject_single_seed_validation
weissbart_tf64,dnn,reconstruction,gate0_gate2_full_subject_single_seed_v1,2026,P08,mean_recording_pearson_r,0.08535967414270565,15,dnn_epoch_6,full_subject_single_seed_validation
weissbart_tf64,cnn,reconstruction,gate0_gate2_full_subject_single_seed_v1,2026,P08,mean_recording_pearson_r,0.11739244688374202,15,cnn_epoch_9,full_subject_single_seed_validation
weissbart_tf64,eegnet,reconstruction,gate0_gate2_full_subject_single_seed_v1,2026,P08,mean_recording_pearson_r,0.1062287251669677,15,eegnet_epoch_22,full_subject_single_seed_validation
weissbart_tf64,ridge,reconstruction,gate0_gate2_full_subject_single_seed_v1,2026,P09,mean_recording_pearson_r,0.14148315889106838,15,ridge_alpha_10.0,full_subject_single_seed_validation
weissbart_tf64,cca,reconstruction,gate0_gate2_full_subject_single_seed_v1,2026,P09,mean_recording_pearson_r,0.1166026776245573,15,cca_nc_4,full_subject_single_seed_validation
weissbart_tf64,fcnn,reconstruction,gate0_gate2_full_subject_single_seed_v1,2026,P09,mean_recording_pearson_r,0.1011757016271256,15,fcnn_epoch_2,full_subject_single_seed_validation
weissbart_tf64,adt,reconstruction,gate0_gate2_full_subject_single_seed_v1,2026,P09,mean_recording_pearson_r,0.17359494463346342,15,adt_epoch_2,full_subject_single_seed_validation
weissbart_tf64,dnn,reconstruction,gate0_gate2_full_subject_single_seed_v1,2026,P09,mean_recording_pearson_r,0.10117564137981563,15,dnn_epoch_2,full_subject_single_seed_validation
weissbart_tf64,cnn,reconstruction,gate0_gate2_full_subject_single_seed_v1,2026,P09,mean_recording_pearson_r,0.12743782633895737,15,cnn_epoch_9,full_subject_single_seed_validation
weissbart_tf64,eegnet,reconstruction,gate0_gate2_full_subject_single_seed_v1,2026,P09,mean_recording_pearson_r,0.14853459269931085,15,eegnet_epoch_20,full_subject_single_seed_validation
weissbart_tf64,ridge,reconstruction,gate0_gate2_full_subject_single_seed_v1,2026,P10,mean_recording_pearson_r,0.13112665731121304,15,ridge_alpha_100.0,full_subject_single_seed_validation
weissbart_tf64,cca,reconstruction,gate0_gate2_full_subject_single_seed_v1,2026,P10,mean_recording_pearson_r,0.09218244704746066,15,cca_nc_4,full_subject_single_seed_validation
weissbart_tf64,fcnn,reconstruction,gate0_gate2_full_subject_single_seed_v1,2026,P10,mean_recording_pearson_r,0.07175438839919579,15,fcnn_epoch_1,full_subject_single_seed_validation
weissbart_tf64,adt,reconstruction,gate0_gate2_full_subject_single_seed_v1,2026,P10,mean_recording_pearson_r,0.06533362349900014,15,adt_epoch_9,full_subject_single_seed_validation
weissbart_tf64,dnn,reconstruction,gate0_gate2_full_subject_single_seed_v1,2026,P10,mean_recording_pearson_r,0.0717543971001195,15,dnn_epoch_1,full_subject_single_seed_validation
weissbart_tf64,cnn,reconstruction,gate0_gate2_full_subject_single_seed_v1,2026,P10,mean_recording_pearson_r,0.12710258145056816,15,cnn_epoch_16,full_subject_single_seed_validation
weissbart_tf64,eegnet,reconstruction,gate0_gate2_full_subject_single_seed_v1,2026,P10,mean_recording_pearson_r,0.13759935429492715,15,eegnet_epoch_22,full_subject_single_seed_validation
weissbart_tf64,ridge,reconstruction,gate0_gate2_full_subject_single_seed_v1,2026,P11,mean_recording_pearson_r,0.1506067789566798,15,ridge_alpha_10.0,full_subject_single_seed_validation
weissbart_tf64,cca,reconstruction,gate0_gate2_full_subject_single_seed_v1,2026,P11,mean_recording_pearson_r,0.08922455910492093,15,cca_nc_4,full_subject_single_seed_validation
weissbart_tf64,fcnn,reconstruction,gate0_gate2_full_subject_single_seed_v1,2026,P11,mean_recording_pearson_r,0.0990324419127542,15,fcnn_epoch_2,full_subject_single_seed_validation
weissbart_tf64,adt,reconstruction,gate0_gate2_full_subject_single_seed_v1,2026,P11,mean_recording_pearson_r,0.14018455003404562,15,adt_epoch_4,full_subject_single_seed_validation
weissbart_tf64,dnn,reconstruction,gate0_gate2_full_subject_single_seed_v1,2026,P11,mean_recording_pearson_r,0.09903246753512833,15,dnn_epoch_2,full_subject_single_seed_validation
weissbart_tf64,cnn,reconstruction,gate0_gate2_full_subject_single_seed_v1,2026,P11,mean_recording_pearson_r,0.08231709200102691,15,cnn_epoch_18,full_subject_single_seed_validation
weissbart_tf64,eegnet,reconstruction,gate0_gate2_full_subject_single_seed_v1,2026,P11,mean_recording_pearson_r,0.13884530286929814,15,eegnet_epoch_14,full_subject_single_seed_validation
weissbart_tf64,ridge,reconstruction,gate0_gate2_full_subject_single_seed_v1,2026,P12,mean_recording_pearson_r,0.17372779956779152,15,ridge_alpha_10.0,full_subject_single_seed_validation
weissbart_tf64,cca,reconstruction,gate0_gate2_full_subject_single_seed_v1,2026,P12,mean_recording_pearson_r,0.1363743607291315,15,cca_nc_2,full_subject_single_seed_validation
weissbart_tf64,fcnn,reconstruction,gate0_gate2_full_subject_single_seed_v1,2026,P12,mean_recording_pearson_r,0.1553552080151553,15,fcnn_epoch_4,full_subject_single_seed_validation
weissbart_tf64,adt,reconstruction,gate0_gate2_full_subject_single_seed_v1,2026,P12,mean_recording_pearson_r,0.20658832498179866,15,adt_epoch_7,full_subject_single_seed_validation
weissbart_tf64,dnn,reconstruction,gate0_gate2_full_subject_single_seed_v1,2026,P12,mean_recording_pearson_r,0.155356818919451,15,dnn_epoch_4,full_subject_single_seed_validation
weissbart_tf64,cnn,reconstruction,gate0_gate2_full_subject_single_seed_v1,2026,P12,mean_recording_pearson_r,0.20247473732909127,15,cnn_epoch_7,full_subject_single_seed_validation
weissbart_tf64,eegnet,reconstruction,gate0_gate2_full_subject_single_seed_v1,2026,P12,mean_recording_pearson_r,0.20079475217462234,15,eegnet_epoch_28,full_subject_single_seed_validation
etard_tf64,ridge,reconstruction,gate0_gate2_full_subject_single_seed_v1,0,P00,mean_recording_pearson_r,0.08856015451578379,24,ridge_alpha_10.0,full_subject_single_seed_validation
etard_tf64,cca,reconstruction,gate0_gate2_full_subject_single_seed_v1,0,P00,mean_recording_pearson_r,0.06378096758274915,24,cca_nc_1,full_subject_single_seed_validation
etard_tf64,fcnn,reconstruction,gate0_gate2_full_subject_single_seed_v1,0,P00,mean_recording_pearson_r,0.03089972592054757,24,fcnn_epoch_3,full_subject_single_seed_validation
etard_tf64,adt,reconstruction,gate0_gate2_full_subject_single_seed_v1,0,P00,mean_recording_pearson_r,0.09653654483556096,24,adt_epoch_2,full_subject_single_seed_validation
etard_tf64,dnn,reconstruction,gate0_gate2_full_subject_single_seed_v1,0,P00,mean_recording_pearson_r,0.030763128998412787,24,dnn_epoch_3,full_subject_single_seed_validation
etard_tf64,cnn,reconstruction,gate0_gate2_full_subject_single_seed_v1,0,P00,mean_recording_pearson_r,0.10372100556580743,24,cnn_epoch_7,full_subject_single_seed_validation
etard_tf64,eegnet,reconstruction,gate0_gate2_full_subject_single_seed_v1,0,P00,mean_recording_pearson_r,0.12139537100669524,24,eegnet_epoch_21,full_subject_single_seed_validation
etard_tf64,ridge,reconstruction,gate0_gate2_full_subject_single_seed_v1,0,P01,mean_recording_pearson_r,0.09348833170812972,24,ridge_alpha_1.0,full_subject_single_seed_validation
etard_tf64,cca,reconstruction,gate0_gate2_full_subject_single_seed_v1,0,P01,mean_recording_pearson_r,0.09750530042163968,24,cca_nc_2,full_subject_single_seed_validation
etard_tf64,fcnn,reconstruction,gate0_gate2_full_subject_single_seed_v1,0,P01,mean_recording_pearson_r,0.05831217376563641,24,fcnn_epoch_4,full_subject_single_seed_validation
etard_tf64,adt,reconstruction,gate0_gate2_full_subject_single_seed_v1,0,P01,mean_recording_pearson_r,0.11405033885718106,24,adt_epoch_4,full_subject_single_seed_validation
etard_tf64,dnn,reconstruction,gate0_gate2_full_subject_single_seed_v1,0,P01,mean_recording_pearson_r,0.05850848982264917,24,dnn_epoch_4,full_subject_single_seed_validation
etard_tf64,cnn,reconstruction,gate0_gate2_full_subject_single_seed_v1,0,P01,mean_recording_pearson_r,0.11210362231868476,24,cnn_epoch_5,full_subject_single_seed_validation
etard_tf64,eegnet,reconstruction,gate0_gate2_full_subject_single_seed_v1,0,P01,mean_recording_pearson_r,0.11195246096872623,24,eegnet_epoch_7,full_subject_single_seed_validation
etard_tf64,ridge,reconstruction,gate0_gate2_full_subject_single_seed_v1,0,P02,mean_recording_pearson_r,0.07709442757395554,40,ridge_alpha_100.0,full_subject_single_seed_validation
etard_tf64,cca,reconstruction,gate0_gate2_full_subject_single_seed_v1,0,P02,mean_recording_pearson_r,0.06206988266056327,40,cca_nc_4,full_subject_single_seed_validation
etard_tf64,fcnn,reconstruction,gate0_gate2_full_subject_single_seed_v1,0,P02,mean_recording_pearson_r,0.058882610910616154,40,fcnn_epoch_0,full_subject_single_seed_validation
etard_tf64,adt,reconstruction,gate0_gate2_full_subject_single_seed_v1,0,P02,mean_recording_pearson_r,0.06439682363379626,40,adt_epoch_8,full_subject_single_seed_validation
etard_tf64,dnn,reconstruction,gate0_gate2_full_subject_single_seed_v1,0,P02,mean_recording_pearson_r,0.058882612785336644,40,dnn_epoch_0,full_subject_single_seed_validation
etard_tf64,cnn,reconstruction,gate0_gate2_full_subject_single_seed_v1,0,P02,mean_recording_pearson_r,0.09224652975993675,40,cnn_epoch_5,full_subject_single_seed_validation
etard_tf64,eegnet,reconstruction,gate0_gate2_full_subject_single_seed_v1,0,P02,mean_recording_pearson_r,0.10139274946392192,40,eegnet_epoch_7,full_subject_single_seed_validation
etard_tf64,ridge,reconstruction,gate0_gate2_full_subject_single_seed_v1,0,P03,mean_recording_pearson_r,0.10405487391784017,24,ridge_alpha_10.0,full_subject_single_seed_validation
etard_tf64,cca,reconstruction,gate0_gate2_full_subject_single_seed_v1,0,P03,mean_recording_pearson_r,0.07301375262520356,24,cca_nc_2,full_subject_single_seed_validation
etard_tf64,fcnn,reconstruction,gate0_gate2_full_subject_single_seed_v1,0,P03,mean_recording_pearson_r,0.06592539096571144,24,fcnn_epoch_4,full_subject_single_seed_validation
etard_tf64,adt,reconstruction,gate0_gate2_full_subject_single_seed_v1,0,P03,mean_recording_pearson_r,0.08146598680639984,24,adt_epoch_4,full_subject_single_seed_validation
etard_tf64,dnn,reconstruction,gate0_gate2_full_subject_single_seed_v1,0,P03,mean_recording_pearson_r,0.06670250618964486,24,dnn_epoch_4,full_subject_single_seed_validation
etard_tf64,cnn,reconstruction,gate0_gate2_full_subject_single_seed_v1,0,P03,mean_recording_pearson_r,0.09817284436259249,24,cnn_epoch_8,full_subject_single_seed_validation
etard_tf64,eegnet,reconstruction,gate0_gate2_full_subject_single_seed_v1,0,P03,mean_recording_pearson_r,0.10369697465301926,24,eegnet_epoch_29,full_subject_single_seed_validation
etard_tf64,ridge,reconstruction,gate0_gate2_full_subject_single_seed_v1,0,P04,mean_recording_pearson_r,0.175744230213875,24,ridge_alpha_10.0,full_subject_single_seed_validation
etard_tf64,cca,reconstruction,gate0_gate2_full_subject_single_seed_v1,0,P04,mean_recording_pearson_r,0.10368267137331921,24,cca_nc_1,full_subject_single_seed_validation
etard_tf64,fcnn,reconstruction,gate0_gate2_full_subject_single_seed_v1,0,P04,mean_recording_pearson_r,0.10726215165344466,24,fcnn_epoch_2,full_subject_single_seed_validation
etard_tf64,adt,reconstruction,gate0_gate2_full_subject_single_seed_v1,0,P04,mean_recording_pearson_r,0.18624454274285965,24,adt_epoch_5,full_subject_single_seed_validation
etard_tf64,dnn,reconstruction,gate0_gate2_full_subject_single_seed_v1,0,P04,mean_recording_pearson_r,0.10726256598750193,24,dnn_epoch_2,full_subject_single_seed_validation
etard_tf64,cnn,reconstruction,gate0_gate2_full_subject_single_seed_v1,0,P04,mean_recording_pearson_r,0.11735555375763089,24,cnn_epoch_1,full_subject_single_seed_validation
etard_tf64,eegnet,reconstruction,gate0_gate2_full_subject_single_seed_v1,0,P04,mean_recording_pearson_r,0.1796656308468648,24,eegnet_epoch_23,full_subject_single_seed_validation
etard_tf64,ridge,reconstruction,gate0_gate2_full_subject_single_seed_v1,0,P05,mean_recording_pearson_r,0.16560623028155064,24,ridge_alpha_1.0,full_subject_single_seed_validation
etard_tf64,cca,reconstruction,gate0_gate2_full_subject_single_seed_v1,0,P05,mean_recording_pearson_r,0.08291126809368692,24,cca_nc_2,full_subject_single_seed_validation
etard_tf64,fcnn,reconstruction,gate0_gate2_full_subject_single_seed_v1,0,P05,mean_recording_pearson_r,0.0772836962806794,24,fcnn_epoch_4,full_subject_single_seed_validation
etard_tf64,adt,reconstruction,gate0_gate2_full_subject_single_seed_v1,0,P05,mean_recording_pearson_r,0.09926028846651712,24,adt_epoch_14,full_subject_single_seed_validation
etard_tf64,dnn,reconstruction,gate0_gate2_full_subject_single_seed_v1,0,P05,mean_recording_pearson_r,0.07677873152917296,24,dnn_epoch_4,full_subject_single_seed_validation
etard_tf64,cnn,reconstruction,gate0_gate2_full_subject_single_seed_v1,0,P05,mean_recording_pearson_r,0.146893117599967,24,cnn_epoch_4,full_subject_single_seed_validation
etard_tf64,eegnet,reconstruction,gate0_gate2_full_subject_single_seed_v1,0,P05,mean_recording_pearson_r,0.15313599411034462,24,eegnet_epoch_13,full_subject_single_seed_validation
etard_tf64,ridge,reconstruction,gate0_gate2_full_subject_single_seed_v1,0,P06,mean_recording_pearson_r,0.07456562557998551,40,ridge_alpha_100.0,full_subject_single_seed_validation
etard_tf64,cca,reconstruction,gate0_gate2_full_subject_single_seed_v1,0,P06,mean_recording_pearson_r,0.05466787667077335,40,cca_nc_4,full_subject_single_seed_validation
etard_tf64,fcnn,reconstruction,gate0_gate2_full_subject_single_seed_v1,0,P06,mean_recording_pearson_r,0.04736025961039863,40,fcnn_epoch_2,full_subject_single_seed_validation
etard_tf64,adt,reconstruction,gate0_gate2_full_subject_single_seed_v1,0,P06,mean_recording_pearson_r,0.07824610586560414,40,adt_epoch_5,full_subject_single_seed_validation
etard_tf64,dnn,reconstruction,gate0_gate2_full_subject_single_seed_v1,0,P06,mean_recording_pearson_r,0.047380536407766696,40,dnn_epoch_2,full_subject_single_seed_validation
etard_tf64,cnn,reconstruction,gate0_gate2_full_subject_single_seed_v1,0,P06,mean_recording_pearson_r,0.07687914139141525,40,cnn_epoch_3,full_subject_single_seed_validation
etard_tf64,eegnet,reconstruction,gate0_gate2_full_subject_single_seed_v1,0,P06,mean_recording_pearson_r,0.06887547413296222,40,eegnet_epoch_18,full_subject_single_seed_validation
etard_tf64,ridge,reconstruction,gate0_gate2_full_subject_single_seed_v1,0,P07,mean_recording_pearson_r,0.053227695766529526,40,ridge_alpha_100.0,full_subject_single_seed_validation
etard_tf64,cca,reconstruction,gate0_gate2_full_subject_single_seed_v1,0,P07,mean_recording_pearson_r,0.04813761913481267,40,cca_nc_4,full_subject_single_seed_validation
etard_tf64,fcnn,reconstruction,gate0_gate2_full_subject_single_seed_v1,0,P07,mean_recording_pearson_r,0.04177073348545885,40,fcnn_epoch_2,full_subject_single_seed_validation
etard_tf64,adt,reconstruction,gate0_gate2_full_subject_single_seed_v1,0,P07,mean_recording_pearson_r,0.049861735416904696,40,adt_epoch_6,full_subject_single_seed_validation
etard_tf64,dnn,reconstruction,gate0_gate2_full_subject_single_seed_v1,0,P07,mean_recording_pearson_r,0.041758128130201334,40,dnn_epoch_2,full_subject_single_seed_validation
etard_tf64,cnn,reconstruction,gate0_gate2_full_subject_single_seed_v1,0,P07,mean_recording_pearson_r,0.03471763787735132,40,cnn_epoch_9,full_subject_single_seed_validation
etard_tf64,eegnet,reconstruction,gate0_gate2_full_subject_single_seed_v1,0,P07,mean_recording_pearson_r,0.067123712941379,40,eegnet_epoch_24,full_subject_single_seed_validation
etard_tf64,ridge,reconstruction,gate0_gate2_full_subject_single_seed_v1,0,P08,mean_recording_pearson_r,0.13968358567888628,40,ridge_alpha_100.0,full_subject_single_seed_validation
etard_tf64,cca,reconstruction,gate0_gate2_full_subject_single_seed_v1,0,P08,mean_recording_pearson_r,0.07555111566470898,40,cca_nc_4,full_subject_single_seed_validation
etard_tf64,fcnn,reconstruction,gate0_gate2_full_subject_single_seed_v1,0,P08,mean_recording_pearson_r,0.08142240033347493,40,fcnn_epoch_3,full_subject_single_seed_validation
etard_tf64,adt,reconstruction,gate0_gate2_full_subject_single_seed_v1,0,P08,mean_recording_pearson_r,0.15441509786735494,40,adt_epoch_2,full_subject_single_seed_validation
etard_tf64,dnn,reconstruction,gate0_gate2_full_subject_single_seed_v1,0,P08,mean_recording_pearson_r,0.08145158270092161,40,dnn_epoch_3,full_subject_single_seed_validation
etard_tf64,cnn,reconstruction,gate0_gate2_full_subject_single_seed_v1,0,P08,mean_recording_pearson_r,0.1268608568285052,40,cnn_epoch_3,full_subject_single_seed_validation
etard_tf64,eegnet,reconstruction,gate0_gate2_full_subject_single_seed_v1,0,P08,mean_recording_pearson_r,0.14009651080137592,40,eegnet_epoch_11,full_subject_single_seed_validation
etard_tf64,ridge,reconstruction,gate0_gate2_full_subject_single_seed_v1,0,P09,mean_recording_pearson_r,0.10027054598356153,40,ridge_alpha_100.0,full_subject_single_seed_validation
etard_tf64,cca,reconstruction,gate0_gate2_full_subject_single_seed_v1,0,P09,mean_recording_pearson_r,0.0699837192568564,40,cca_nc_4,full_subject_single_seed_validation
etard_tf64,fcnn,reconstruction,gate0_gate2_full_subject_single_seed_v1,0,P09,mean_recording_pearson_r,0.06090749762007626,40,fcnn_epoch_4,full_subject_single_seed_validation
etard_tf64,adt,reconstruction,gate0_gate2_full_subject_single_seed_v1,0,P09,mean_recording_pearson_r,0.11294602654166166,40,adt_epoch_4,full_subject_single_seed_validation
etard_tf64,dnn,reconstruction,gate0_gate2_full_subject_single_seed_v1,0,P09,mean_recording_pearson_r,0.06052687202317385,40,dnn_epoch_4,full_subject_single_seed_validation
etard_tf64,cnn,reconstruction,gate0_gate2_full_subject_single_seed_v1,0,P09,mean_recording_pearson_r,0.08754920598705271,40,cnn_epoch_7,full_subject_single_seed_validation
etard_tf64,eegnet,reconstruction,gate0_gate2_full_subject_single_seed_v1,0,P09,mean_recording_pearson_r,0.09292580348557361,40,eegnet_epoch_13,full_subject_single_seed_validation
etard_tf64,ridge,reconstruction,gate0_gate2_full_subject_single_seed_v1,0,P10,mean_recording_pearson_r,0.14400813039919944,40,ridge_alpha_100.0,full_subject_single_seed_validation
etard_tf64,cca,reconstruction,gate0_gate2_full_subject_single_seed_v1,0,P10,mean_recording_pearson_r,0.1052584234569652,40,cca_nc_1,full_subject_single_seed_validation
etard_tf64,fcnn,reconstruction,gate0_gate2_full_subject_single_seed_v1,0,P10,mean_recording_pearson_r,0.09636906989887803,40,fcnn_epoch_1,full_subject_single_seed_validation
etard_tf64,adt,reconstruction,gate0_gate2_full_subject_single_seed_v1,0,P10,mean_recording_pearson_r,0.1827733827426333,40,adt_epoch_3,full_subject_single_seed_validation
etard_tf64,dnn,reconstruction,gate0_gate2_full_subject_single_seed_v1,0,P10,mean_recording_pearson_r,0.09636919055979025,40,dnn_epoch_1,full_subject_single_seed_validation
etard_tf64,cnn,reconstruction,gate0_gate2_full_subject_single_seed_v1,0,P10,mean_recording_pearson_r,0.14803266139217208,40,cnn_epoch_5,full_subject_single_seed_validation
etard_tf64,eegnet,reconstruction,gate0_gate2_full_subject_single_seed_v1,0,P10,mean_recording_pearson_r,0.14409351170516804,40,eegnet_epoch_12,full_subject_single_seed_validation
etard_tf64,ridge,reconstruction,gate0_gate2_full_subject_single_seed_v1,0,P11,mean_recording_pearson_r,0.044848313231063586,16,ridge_alpha_0.001,full_subject_single_seed_validation
etard_tf64,cca,reconstruction,gate0_gate2_full_subject_single_seed_v1,0,P11,mean_recording_pearson_r,0.01697478173375066,16,cca_nc_1,full_subject_single_seed_validation
etard_tf64,fcnn,reconstruction,gate0_gate2_full_subject_single_seed_v1,0,P11,mean_recording_pearson_r,0.05252191227174807,16,fcnn_epoch_1,full_subject_single_seed_validation
etard_tf64,adt,reconstruction,gate0_gate2_full_subject_single_seed_v1,0,P11,mean_recording_pearson_r,0.029016418840218917,16,adt_epoch_1,full_subject_single_seed_validation
etard_tf64,dnn,reconstruction,gate0_gate2_full_subject_single_seed_v1,0,P11,mean_recording_pearson_r,0.052521907775682414,16,dnn_epoch_1,full_subject_single_seed_validation
etard_tf64,cnn,reconstruction,gate0_gate2_full_subject_single_seed_v1,0,P11,mean_recording_pearson_r,0.009873358774490523,16,cnn_epoch_24,full_subject_single_seed_validation
etard_tf64,eegnet,reconstruction,gate0_gate2_full_subject_single_seed_v1,0,P11,mean_recording_pearson_r,0.009582372522697977,16,eegnet_epoch_18,full_subject_single_seed_validation
etard_tf64,ridge,reconstruction,gate0_gate2_full_subject_single_seed_v1,0,P12,mean_recording_pearson_r,0.051038192714147876,16,ridge_alpha_1.0,full_subject_single_seed_validation
etard_tf64,cca,reconstruction,gate0_gate2_full_subject_single_seed_v1,0,P12,mean_recording_pearson_r,0.0477233194092052,16,cca_nc_2,full_subject_single_seed_validation
etard_tf64,fcnn,reconstruction,gate0_gate2_full_subject_single_seed_v1,0,P12,mean_recording_pearson_r,0.024303849912917456,16,fcnn_epoch_4,full_subject_single_seed_validation
etard_tf64,adt,reconstruction,gate0_gate2_full_subject_single_seed_v1,0,P12,mean_recording_pearson_r,0.07405633867954906,16,adt_epoch_6,full_subject_single_seed_validation
etard_tf64,dnn,reconstruction,gate0_gate2_full_subject_single_seed_v1,0,P12,mean_recording_pearson_r,0.024948257824387372,16,dnn_epoch_4,full_subject_single_seed_validation
etard_tf64,cnn,reconstruction,gate0_gate2_full_subject_single_seed_v1,0,P12,mean_recording_pearson_r,0.016010113995027043,16,cnn_epoch_7,full_subject_single_seed_validation
etard_tf64,eegnet,reconstruction,gate0_gate2_full_subject_single_seed_v1,0,P12,mean_recording_pearson_r,0.018676464447641938,16,eegnet_epoch_4,full_subject_single_seed_validation
etard_tf64,ridge,reconstruction,gate0_gate2_full_subject_single_seed_v1,0,P13,mean_recording_pearson_r,0.08236454245340001,40,ridge_alpha_100.0,full_subject_single_seed_validation
etard_tf64,cca,reconstruction,gate0_gate2_full_subject_single_seed_v1,0,P13,mean_recording_pearson_r,0.06220989017493215,40,cca_nc_1,full_subject_single_seed_validation
etard_tf64,fcnn,reconstruction,gate0_gate2_full_subject_single_seed_v1,0,P13,mean_recording_pearson_r,0.05594610597871378,40,fcnn_epoch_2,full_subject_single_seed_validation
etard_tf64,adt,reconstruction,gate0_gate2_full_subject_single_seed_v1,0,P13,mean_recording_pearson_r,0.08579810598113084,40,adt_epoch_4,full_subject_single_seed_validation
etard_tf64,dnn,reconstruction,gate0_gate2_full_subject_single_seed_v1,0,P13,mean_recording_pearson_r,0.05613143073833391,40,dnn_epoch_2,full_subject_single_seed_validation
etard_tf64,cnn,reconstruction,gate0_gate2_full_subject_single_seed_v1,0,P13,mean_recording_pearson_r,0.053847052093665936,40,cnn_epoch_9,full_subject_single_seed_validation
etard_tf64,eegnet,reconstruction,gate0_gate2_full_subject_single_seed_v1,0,P13,mean_recording_pearson_r,0.08236363931860391,40,eegnet_epoch_26,full_subject_single_seed_validation
etard_tf64,ridge,reconstruction,gate0_gate2_full_subject_single_seed_v1,0,P14,mean_recording_pearson_r,0.07104625573321281,40,ridge_alpha_100.0,full_subject_single_seed_validation
etard_tf64,cca,reconstruction,gate0_gate2_full_subject_single_seed_v1,0,P14,mean_recording_pearson_r,0.05426455228402065,40,cca_nc_4,full_subject_single_seed_validation
etard_tf64,fcnn,reconstruction,gate0_gate2_full_subject_single_seed_v1,0,P14,mean_recording_pearson_r,0.05190032498483782,40,fcnn_epoch_0,full_subject_single_seed_validation
etard_tf64,adt,reconstruction,gate0_gate2_full_subject_single_seed_v1,0,P14,mean_recording_pearson_r,0.09911691622566152,40,adt_epoch_2,full_subject_single_seed_validation
etard_tf64,dnn,reconstruction,gate0_gate2_full_subject_single_seed_v1,0,P14,mean_recording_pearson_r,0.051900325428064144,40,dnn_epoch_0,full_subject_single_seed_validation
etard_tf64,cnn,reconstruction,gate0_gate2_full_subject_single_seed_v1,0,P14,mean_recording_pearson_r,0.0650474119219342,40,cnn_epoch_3,full_subject_single_seed_validation
etard_tf64,eegnet,reconstruction,gate0_gate2_full_subject_single_seed_v1,0,P14,mean_recording_pearson_r,0.07561569029089328,40,eegnet_epoch_11,full_subject_single_seed_validation
etard_tf64,ridge,reconstruction,gate0_gate2_full_subject_single_seed_v1,0,P15,mean_recording_pearson_r,0.06723994153100096,40,ridge_alpha_10.0,full_subject_single_seed_validation
etard_tf64,cca,reconstruction,gate0_gate2_full_subject_single_seed_v1,0,P15,mean_recording_pearson_r,0.06403554735057461,40,cca_nc_2,full_subject_single_seed_validation
etard_tf64,fcnn,reconstruction,gate0_gate2_full_subject_single_seed_v1,0,P15,mean_recording_pearson_r,0.04354849531293719,40,fcnn_epoch_6,full_subject_single_seed_validation
etard_tf64,adt,reconstruction,gate0_gate2_full_subject_single_seed_v1,0,P15,mean_recording_pearson_r,0.048881689855330424,40,adt_epoch_6,full_subject_single_seed_validation
etard_tf64,dnn,reconstruction,gate0_gate2_full_subject_single_seed_v1,0,P15,mean_recording_pearson_r,0.040556352495744706,40,dnn_epoch_6,full_subject_single_seed_validation
etard_tf64,cnn,reconstruction,gate0_gate2_full_subject_single_seed_v1,0,P15,mean_recording_pearson_r,0.05830870528200367,40,cnn_epoch_3,full_subject_single_seed_validation
etard_tf64,eegnet,reconstruction,gate0_gate2_full_subject_single_seed_v1,0,P15,mean_recording_pearson_r,0.07914437180304286,40,eegnet_epoch_14,full_subject_single_seed_validation
etard_tf64,ridge,reconstruction,gate0_gate2_full_subject_single_seed_v1,0,P16,mean_recording_pearson_r,0.11812743311029035,40,ridge_alpha_100.0,full_subject_single_seed_validation
etard_tf64,cca,reconstruction,gate0_gate2_full_subject_single_seed_v1,0,P16,mean_recording_pearson_r,0.0409265315396537,40,cca_nc_1,full_subject_single_seed_validation
etard_tf64,fcnn,reconstruction,gate0_gate2_full_subject_single_seed_v1,0,P16,mean_recording_pearson_r,0.05465808152612578,40,fcnn_epoch_6,full_subject_single_seed_validation
etard_tf64,adt,reconstruction,gate0_gate2_full_subject_single_seed_v1,0,P16,mean_recording_pearson_r,0.1077967528328446,40,adt_epoch_5,full_subject_single_seed_validation
etard_tf64,dnn,reconstruction,gate0_gate2_full_subject_single_seed_v1,0,P16,mean_recording_pearson_r,0.05426133034692733,40,dnn_epoch_6,full_subject_single_seed_validation
etard_tf64,cnn,reconstruction,gate0_gate2_full_subject_single_seed_v1,0,P16,mean_recording_pearson_r,0.103017940987242,40,cnn_epoch_7,full_subject_single_seed_validation
etard_tf64,eegnet,reconstruction,gate0_gate2_full_subject_single_seed_v1,0,P16,mean_recording_pearson_r,0.12277791081416964,40,eegnet_epoch_27,full_subject_single_seed_validation
etard_tf64,ridge,reconstruction,gate0_gate2_full_subject_single_seed_v1,0,P17,mean_recording_pearson_r,0.1479816307863569,40,ridge_alpha_10.0,full_subject_single_seed_validation
etard_tf64,cca,reconstruction,gate0_gate2_full_subject_single_seed_v1,0,P17,mean_recording_pearson_r,0.09540382930206373,40,cca_nc_4,full_subject_single_seed_validation
etard_tf64,fcnn,reconstruction,gate0_gate2_full_subject_single_seed_v1,0,P17,mean_recording_pearson_r,0.07856063094393025,40,fcnn_epoch_1,full_subject_single_seed_validation
etard_tf64,adt,reconstruction,gate0_gate2_full_subject_single_seed_v1,0,P17,mean_recording_pearson_r,0.10034419776260006,40,adt_epoch_3,full_subject_single_seed_validation
etard_tf64,dnn,reconstruction,gate0_gate2_full_subject_single_seed_v1,0,P17,mean_recording_pearson_r,0.07856808728299906,40,dnn_epoch_1,full_subject_single_seed_validation
etard_tf64,cnn,reconstruction,gate0_gate2_full_subject_single_seed_v1,0,P17,mean_recording_pearson_r,0.12124594896572272,40,cnn_epoch_6,full_subject_single_seed_validation
etard_tf64,eegnet,reconstruction,gate0_gate2_full_subject_single_seed_v1,0,P17,mean_recording_pearson_r,0.13447887342049508,40,eegnet_epoch_18,full_subject_single_seed_validation
etard_tf64,ridge,reconstruction,gate0_gate2_full_subject_single_seed_v1,0,P18,mean_recording_pearson_r,0.10787007903537287,40,ridge_alpha_1.0,full_subject_single_seed_validation
etard_tf64,cca,reconstruction,gate0_gate2_full_subject_single_seed_v1,0,P18,mean_recording_pearson_r,0.07395422785112646,40,cca_nc_1,full_subject_single_seed_validation
etard_tf64,fcnn,reconstruction,gate0_gate2_full_subject_single_seed_v1,0,P18,mean_recording_pearson_r,0.06845165032467324,40,fcnn_epoch_2,full_subject_single_seed_validation
etard_tf64,adt,reconstruction,gate0_gate2_full_subject_single_seed_v1,0,P18,mean_recording_pearson_r,0.08393450999416367,40,adt_epoch_5,full_subject_single_seed_validation
etard_tf64,dnn,reconstruction,gate0_gate2_full_subject_single_seed_v1,0,P18,mean_recording_pearson_r,0.07081393124511721,40,dnn_epoch_2,full_subject_single_seed_validation
etard_tf64,cnn,reconstruction,gate0_gate2_full_subject_single_seed_v1,0,P18,mean_recording_pearson_r,0.09078082662896123,40,cnn_epoch_10,full_subject_single_seed_validation
etard_tf64,eegnet,reconstruction,gate0_gate2_full_subject_single_seed_v1,0,P18,mean_recording_pearson_r,0.10790104321266218,40,eegnet_epoch_15,full_subject_single_seed_validation
etard_tf64,ridge,reconstruction,gate0_gate2_full_subject_single_seed_v1,0,P19,mean_recording_pearson_r,0.16145018933092758,40,ridge_alpha_100.0,full_subject_single_seed_validation
etard_tf64,cca,reconstruction,gate0_gate2_full_subject_single_seed_v1,0,P19,mean_recording_pearson_r,0.10494068293072975,40,cca_nc_2,full_subject_single_seed_validation
etard_tf64,fcnn,reconstruction,gate0_gate2_full_subject_single_seed_v1,0,P19,mean_recording_pearson_r,0.0861283333444894,40,fcnn_epoch_2,full_subject_single_seed_validation
etard_tf64,adt,reconstruction,gate0_gate2_full_subject_single_seed_v1,0,P19,mean_recording_pearson_r,0.17837210956403612,40,adt_epoch_6,full_subject_single_seed_validation
etard_tf64,dnn,reconstruction,gate0_gate2_full_subject_single_seed_v1,0,P19,mean_recording_pearson_r,0.08611850732607111,40,dnn_epoch_2,full_subject_single_seed_validation
etard_tf64,cnn,reconstruction,gate0_gate2_full_subject_single_seed_v1,0,P19,mean_recording_pearson_r,0.14942029236290666,40,cnn_epoch_3,full_subject_single_seed_validation
etard_tf64,eegnet,reconstruction,gate0_gate2_full_subject_single_seed_v1,0,P19,mean_recording_pearson_r,0.1430031627979123,40,eegnet_epoch_15,full_subject_single_seed_validation
etard_tf64,ridge,reconstruction,gate0_gate2_full_subject_single_seed_v1,42,P00,mean_recording_pearson_r,0.08856015451578379,24,ridge_alpha_10.0,full_subject_single_seed_validation
etard_tf64,cca,reconstruction,gate0_gate2_full_subject_single_seed_v1,42,P00,mean_recording_pearson_r,0.06378096758274915,24,cca_nc_1,full_subject_single_seed_validation
etard_tf64,fcnn,reconstruction,gate0_gate2_full_subject_single_seed_v1,42,P00,mean_recording_pearson_r,0.0390439140449843,24,fcnn_epoch_4,full_subject_single_seed_validation
etard_tf64,adt,reconstruction,gate0_gate2_full_subject_single_seed_v1,42,P00,mean_recording_pearson_r,0.10073549364159436,24,adt_epoch_3,full_subject_single_seed_validation
etard_tf64,dnn,reconstruction,gate0_gate2_full_subject_single_seed_v1,42,P00,mean_recording_pearson_r,0.0351167159894125,24,dnn_epoch_4,full_subject_single_seed_validation
etard_tf64,cnn,reconstruction,gate0_gate2_full_subject_single_seed_v1,42,P00,mean_recording_pearson_r,0.12051607407319172,24,cnn_epoch_11,full_subject_single_seed_validation
etard_tf64,eegnet,reconstruction,gate0_gate2_full_subject_single_seed_v1,42,P00,mean_recording_pearson_r,0.09778116311170248,24,eegnet_epoch_22,full_subject_single_seed_validation
etard_tf64,ridge,reconstruction,gate0_gate2_full_subject_single_seed_v1,42,P01,mean_recording_pearson_r,0.09348833170812972,24,ridge_alpha_1.0,full_subject_single_seed_validation
etard_tf64,cca,reconstruction,gate0_gate2_full_subject_single_seed_v1,42,P01,mean_recording_pearson_r,0.09750530042163968,24,cca_nc_2,full_subject_single_seed_validation
etard_tf64,fcnn,reconstruction,gate0_gate2_full_subject_single_seed_v1,42,P01,mean_recording_pearson_r,0.06989240242350184,24,fcnn_epoch_3,full_subject_single_seed_validation
etard_tf64,adt,reconstruction,gate0_gate2_full_subject_single_seed_v1,42,P01,mean_recording_pearson_r,0.11111773199417242,24,adt_epoch_6,full_subject_single_seed_validation
etard_tf64,dnn,reconstruction,gate0_gate2_full_subject_single_seed_v1,42,P01,mean_recording_pearson_r,0.06985512239396835,24,dnn_epoch_3,full_subject_single_seed_validation
etard_tf64,cnn,reconstruction,gate0_gate2_full_subject_single_seed_v1,42,P01,mean_recording_pearson_r,0.10354631939250487,24,cnn_epoch_2,full_subject_single_seed_validation
etard_tf64,eegnet,reconstruction,gate0_gate2_full_subject_single_seed_v1,42,P01,mean_recording_pearson_r,0.10891764650562603,24,eegnet_epoch_5,full_subject_single_seed_validation
etard_tf64,ridge,reconstruction,gate0_gate2_full_subject_single_seed_v1,42,P02,mean_recording_pearson_r,0.07709442757395554,40,ridge_alpha_100.0,full_subject_single_seed_validation
etard_tf64,cca,reconstruction,gate0_gate2_full_subject_single_seed_v1,42,P02,mean_recording_pearson_r,0.06206988266056327,40,cca_nc_4,full_subject_single_seed_validation
etard_tf64,fcnn,reconstruction,gate0_gate2_full_subject_single_seed_v1,42,P02,mean_recording_pearson_r,0.05813273000014185,40,fcnn_epoch_1,full_subject_single_seed_validation
etard_tf64,adt,reconstruction,gate0_gate2_full_subject_single_seed_v1,42,P02,mean_recording_pearson_r,0.09350271881893676,40,adt_epoch_1,full_subject_single_seed_validation
etard_tf64,dnn,reconstruction,gate0_gate2_full_subject_single_seed_v1,42,P02,mean_recording_pearson_r,0.05813270084315063,40,dnn_epoch_1,full_subject_single_seed_validation
etard_tf64,cnn,reconstruction,gate0_gate2_full_subject_single_seed_v1,42,P02,mean_recording_pearson_r,0.09580005969426889,40,cnn_epoch_2,full_subject_single_seed_validation
etard_tf64,eegnet,reconstruction,gate0_gate2_full_subject_single_seed_v1,42,P02,mean_recording_pearson_r,0.09376981483138028,40,eegnet_epoch_9,full_subject_single_seed_validation
etard_tf64,ridge,reconstruction,gate0_gate2_full_subject_single_seed_v1,42,P03,mean_recording_pearson_r,0.10405487391784017,24,ridge_alpha_10.0,full_subject_single_seed_validation
etard_tf64,cca,reconstruction,gate0_gate2_full_subject_single_seed_v1,42,P03,mean_recording_pearson_r,0.07301375262520356,24,cca_nc_2,full_subject_single_seed_validation
etard_tf64,fcnn,reconstruction,gate0_gate2_full_subject_single_seed_v1,42,P03,mean_recording_pearson_r,0.060069842638639674,24,fcnn_epoch_14,full_subject_single_seed_validation
etard_tf64,adt,reconstruction,gate0_gate2_full_subject_single_seed_v1,42,P03,mean_recording_pearson_r,0.10721935288952866,24,adt_epoch_8,full_subject_single_seed_validation
etard_tf64,dnn,reconstruction,gate0_gate2_full_subject_single_seed_v1,42,P03,mean_recording_pearson_r,0.055001925354093484,24,dnn_epoch_14,full_subject_single_seed_validation
etard_tf64,cnn,reconstruction,gate0_gate2_full_subject_single_seed_v1,42,P03,mean_recording_pearson_r,0.08646284865123782,24,cnn_epoch_7,full_subject_single_seed_validation
etard_tf64,eegnet,reconstruction,gate0_gate2_full_subject_single_seed_v1,42,P03,mean_recording_pearson_r,0.10954722986926287,24,eegnet_epoch_8,full_subject_single_seed_validation
etard_tf64,ridge,reconstruction,gate0_gate2_full_subject_single_seed_v1,42,P04,mean_recording_pearson_r,0.175744230213875,24,ridge_alpha_10.0,full_subject_single_seed_validation
etard_tf64,cca,reconstruction,gate0_gate2_full_subject_single_seed_v1,42,P04,mean_recording_pearson_r,0.10368267137331921,24,cca_nc_1,full_subject_single_seed_validation
etard_tf64,fcnn,reconstruction,gate0_gate2_full_subject_single_seed_v1,42,P04,mean_recording_pearson_r,0.09200895142293235,24,fcnn_epoch_6,full_subject_single_seed_validation
etard_tf64,adt,reconstruction,gate0_gate2_full_subject_single_seed_v1,42,P04,mean_recording_pearson_r,0.20881263875074507,24,adt_epoch_5,full_subject_single_seed_validation
etard_tf64,dnn,reconstruction,gate0_gate2_full_subject_single_seed_v1,42,P04,mean_recording_pearson_r,0.0919233780133008,24,dnn_epoch_6,full_subject_single_seed_validation
etard_tf64,cnn,reconstruction,gate0_gate2_full_subject_single_seed_v1,42,P04,mean_recording_pearson_r,0.16727528143236392,24,cnn_epoch_3,full_subject_single_seed_validation
etard_tf64,eegnet,reconstruction,gate0_gate2_full_subject_single_seed_v1,42,P04,mean_recording_pearson_r,0.16967653516807557,24,eegnet_epoch_9,full_subject_single_seed_validation
etard_tf64,ridge,reconstruction,gate0_gate2_full_subject_single_seed_v1,42,P05,mean_recording_pearson_r,0.16560623028155064,24,ridge_alpha_1.0,full_subject_single_seed_validation
etard_tf64,cca,reconstruction,gate0_gate2_full_subject_single_seed_v1,42,P05,mean_recording_pearson_r,0.08291126809368692,24,cca_nc_2,full_subject_single_seed_validation
etard_tf64,fcnn,reconstruction,gate0_gate2_full_subject_single_seed_v1,42,P05,mean_recording_pearson_r,0.09032957880276433,24,fcnn_epoch_3,full_subject_single_seed_validation
etard_tf64,adt,reconstruction,gate0_gate2_full_subject_single_seed_v1,42,P05,mean_recording_pearson_r,0.1344248302363876,24,adt_epoch_6,full_subject_single_seed_validation
etard_tf64,dnn,reconstruction,gate0_gate2_full_subject_single_seed_v1,42,P05,mean_recording_pearson_r,0.09023887562743575,24,dnn_epoch_3,full_subject_single_seed_validation
etard_tf64,cnn,reconstruction,gate0_gate2_full_subject_single_seed_v1,42,P05,mean_recording_pearson_r,0.1504584265036227,24,cnn_epoch_16,full_subject_single_seed_validation
etard_tf64,eegnet,reconstruction,gate0_gate2_full_subject_single_seed_v1,42,P05,mean_recording_pearson_r,0.16165715430891192,24,eegnet_epoch_11,full_subject_single_seed_validation
etard_tf64,ridge,reconstruction,gate0_gate2_full_subject_single_seed_v1,42,P06,mean_recording_pearson_r,0.07456562557998551,40,ridge_alpha_100.0,full_subject_single_seed_validation
etard_tf64,cca,reconstruction,gate0_gate2_full_subject_single_seed_v1,42,P06,mean_recording_pearson_r,0.05466787667077335,40,cca_nc_4,full_subject_single_seed_validation
etard_tf64,fcnn,reconstruction,gate0_gate2_full_subject_single_seed_v1,42,P06,mean_recording_pearson_r,-0.0017803735682439276,40,fcnn_epoch_11,full_subject_single_seed_validation
etard_tf64,adt,reconstruction,gate0_gate2_full_subject_single_seed_v1,42,P06,mean_recording_pearson_r,0.06360682759275435,40,adt_epoch_4,full_subject_single_seed_validation
etard_tf64,dnn,reconstruction,gate0_gate2_full_subject_single_seed_v1,42,P06,mean_recording_pearson_r,0.046781808773694235,40,dnn_epoch_2,full_subject_single_seed_validation
etard_tf64,cnn,reconstruction,gate0_gate2_full_subject_single_seed_v1,42,P06,mean_recording_pearson_r,0.06063436397283974,40,cnn_epoch_3,full_subject_single_seed_validation
etard_tf64,eegnet,reconstruction,gate0_gate2_full_subject_single_seed_v1,42,P06,mean_recording_pearson_r,0.07276508928493923,40,eegnet_epoch_17,full_subject_single_seed_validation
etard_tf64,ridge,reconstruction,gate0_gate2_full_subject_single_seed_v1,42,P07,mean_recording_pearson_r,0.053227695766529526,40,ridge_alpha_100.0,full_subject_single_seed_validation
etard_tf64,cca,reconstruction,gate0_gate2_full_subject_single_seed_v1,42,P07,mean_recording_pearson_r,0.04813761913481267,40,cca_nc_4,full_subject_single_seed_validation
etard_tf64,fcnn,reconstruction,gate0_gate2_full_subject_single_seed_v1,42,P07,mean_recording_pearson_r,0.028787261557363285,40,fcnn_epoch_0,full_subject_single_seed_validation
etard_tf64,adt,reconstruction,gate0_gate2_full_subject_single_seed_v1,42,P07,mean_recording_pearson_r,0.041126814676882256,40,adt_epoch_5,full_subject_single_seed_validation
etard_tf64,dnn,reconstruction,gate0_gate2_full_subject_single_seed_v1,42,P07,mean_recording_pearson_r,0.028787291151388006,40,dnn_epoch_0,full_subject_single_seed_validation
etard_tf64,cnn,reconstruction,gate0_gate2_full_subject_single_seed_v1,42,P07,mean_recording_pearson_r,0.05798653114960499,40,cnn_epoch_6,full_subject_single_seed_validation
etard_tf64,eegnet,reconstruction,gate0_gate2_full_subject_single_seed_v1,42,P07,mean_recording_pearson_r,0.05127745271993406,40,eegnet_epoch_36,full_subject_single_seed_validation
etard_tf64,ridge,reconstruction,gate0_gate2_full_subject_single_seed_v1,42,P08,mean_recording_pearson_r,0.13968358567888628,40,ridge_alpha_100.0,full_subject_single_seed_validation
etard_tf64,cca,reconstruction,gate0_gate2_full_subject_single_seed_v1,42,P08,mean_recording_pearson_r,0.07555111566470898,40,cca_nc_4,full_subject_single_seed_validation
etard_tf64,fcnn,reconstruction,gate0_gate2_full_subject_single_seed_v1,42,P08,mean_recording_pearson_r,0.09102664146776238,40,fcnn_epoch_1,full_subject_single_seed_validation
etard_tf64,adt,reconstruction,gate0_gate2_full_subject_single_seed_v1,42,P08,mean_recording_pearson_r,0.13173800818948322,40,adt_epoch_8,full_subject_single_seed_validation
etard_tf64,dnn,reconstruction,gate0_gate2_full_subject_single_seed_v1,42,P08,mean_recording_pearson_r,0.09102701968258056,40,dnn_epoch_1,full_subject_single_seed_validation
etard_tf64,cnn,reconstruction,gate0_gate2_full_subject_single_seed_v1,42,P08,mean_recording_pearson_r,0.13534418950956212,40,cnn_epoch_4,full_subject_single_seed_validation
etard_tf64,eegnet,reconstruction,gate0_gate2_full_subject_single_seed_v1,42,P08,mean_recording_pearson_r,0.13562189723363238,40,eegnet_epoch_21,full_subject_single_seed_validation
etard_tf64,ridge,reconstruction,gate0_gate2_full_subject_single_seed_v1,42,P09,mean_recording_pearson_r,0.10027054598356153,40,ridge_alpha_100.0,full_subject_single_seed_validation
etard_tf64,cca,reconstruction,gate0_gate2_full_subject_single_seed_v1,42,P09,mean_recording_pearson_r,0.0699837192568564,40,cca_nc_4,full_subject_single_seed_validation
etard_tf64,fcnn,reconstruction,gate0_gate2_full_subject_single_seed_v1,42,P09,mean_recording_pearson_r,0.05826074241238921,40,fcnn_epoch_2,full_subject_single_seed_validation
etard_tf64,adt,reconstruction,gate0_gate2_full_subject_single_seed_v1,42,P09,mean_recording_pearson_r,0.11120678067098937,40,adt_epoch_7,full_subject_single_seed_validation
etard_tf64,dnn,reconstruction,gate0_gate2_full_subject_single_seed_v1,42,P09,mean_recording_pearson_r,0.05778190686508709,40,dnn_epoch_2,full_subject_single_seed_validation
etard_tf64,cnn,reconstruction,gate0_gate2_full_subject_single_seed_v1,42,P09,mean_recording_pearson_r,0.0837311073329409,40,cnn_epoch_6,full_subject_single_seed_validation
etard_tf64,eegnet,reconstruction,gate0_gate2_full_subject_single_seed_v1,42,P09,mean_recording_pearson_r,0.10691259400062596,40,eegnet_epoch_30,full_subject_single_seed_validation
etard_tf64,ridge,reconstruction,gate0_gate2_full_subject_single_seed_v1,42,P10,mean_recording_pearson_r,0.14400813039919944,40,ridge_alpha_100.0,full_subject_single_seed_validation
etard_tf64,cca,reconstruction,gate0_gate2_full_subject_single_seed_v1,42,P10,mean_recording_pearson_r,0.1052584234569652,40,cca_nc_1,full_subject_single_seed_validation
etard_tf64,fcnn,reconstruction,gate0_gate2_full_subject_single_seed_v1,42,P10,mean_recording_pearson_r,0.10763018326766471,40,fcnn_epoch_2,full_subject_single_seed_validation
etard_tf64,adt,reconstruction,gate0_gate2_full_subject_single_seed_v1,42,P10,mean_recording_pearson_r,0.14787671491162785,40,adt_epoch_4,full_subject_single_seed_validation
etard_tf64,dnn,reconstruction,gate0_gate2_full_subject_single_seed_v1,42,P10,mean_recording_pearson_r,0.10768846208326857,40,dnn_epoch_2,full_subject_single_seed_validation
etard_tf64,cnn,reconstruction,gate0_gate2_full_subject_single_seed_v1,42,P10,mean_recording_pearson_r,0.14824306341051524,40,cnn_epoch_5,full_subject_single_seed_validation
etard_tf64,eegnet,reconstruction,gate0_gate2_full_subject_single_seed_v1,42,P10,mean_recording_pearson_r,0.1475347166077011,40,eegnet_epoch_22,full_subject_single_seed_validation
etard_tf64,ridge,reconstruction,gate0_gate2_full_subject_single_seed_v1,42,P11,mean_recording_pearson_r,0.044848313231063586,16,ridge_alpha_0.001,full_subject_single_seed_validation
etard_tf64,cca,reconstruction,gate0_gate2_full_subject_single_seed_v1,42,P11,mean_recording_pearson_r,0.01697478173375066,16,cca_nc_1,full_subject_single_seed_validation
etard_tf64,fcnn,reconstruction,gate0_gate2_full_subject_single_seed_v1,42,P11,mean_recording_pearson_r,0.014961804024887747,16,fcnn_epoch_2,full_subject_single_seed_validation
etard_tf64,adt,reconstruction,gate0_gate2_full_subject_single_seed_v1,42,P11,mean_recording_pearson_r,0.05358870138198327,16,adt_epoch_14,full_subject_single_seed_validation
etard_tf64,dnn,reconstruction,gate0_gate2_full_subject_single_seed_v1,42,P11,mean_recording_pearson_r,0.014960032360499403,16,dnn_epoch_2,full_subject_single_seed_validation
etard_tf64,cnn,reconstruction,gate0_gate2_full_subject_single_seed_v1,42,P11,mean_recording_pearson_r,0.0625224129898864,16,cnn_epoch_2,full_subject_single_seed_validation
etard_tf64,eegnet,reconstruction,gate0_gate2_full_subject_single_seed_v1,42,P11,mean_recording_pearson_r,0.030859437385103525,16,eegnet_epoch_0,full_subject_single_seed_validation
etard_tf64,ridge,reconstruction,gate0_gate2_full_subject_single_seed_v1,42,P12,mean_recording_pearson_r,0.051038192714147876,16,ridge_alpha_1.0,full_subject_single_seed_validation
etard_tf64,cca,reconstruction,gate0_gate2_full_subject_single_seed_v1,42,P12,mean_recording_pearson_r,0.0477233194092052,16,cca_nc_2,full_subject_single_seed_validation
etard_tf64,fcnn,reconstruction,gate0_gate2_full_subject_single_seed_v1,42,P12,mean_recording_pearson_r,-0.0008826368298192658,16,fcnn_epoch_7,full_subject_single_seed_validation
etard_tf64,adt,reconstruction,gate0_gate2_full_subject_single_seed_v1,42,P12,mean_recording_pearson_r,0.08078721759026589,16,adt_epoch_6,full_subject_single_seed_validation
etard_tf64,dnn,reconstruction,gate0_gate2_full_subject_single_seed_v1,42,P12,mean_recording_pearson_r,-0.00038384803098833603,16,dnn_epoch_7,full_subject_single_seed_validation
etard_tf64,cnn,reconstruction,gate0_gate2_full_subject_single_seed_v1,42,P12,mean_recording_pearson_r,-0.0008232018344522685,16,cnn_epoch_1,full_subject_single_seed_validation
etard_tf64,eegnet,reconstruction,gate0_gate2_full_subject_single_seed_v1,42,P12,mean_recording_pearson_r,0.03830706709294821,16,eegnet_epoch_70,full_subject_single_seed_validation
etard_tf64,ridge,reconstruction,gate0_gate2_full_subject_single_seed_v1,42,P13,mean_recording_pearson_r,0.08236454245340001,40,ridge_alpha_100.0,full_subject_single_seed_validation
etard_tf64,cca,reconstruction,gate0_gate2_full_subject_single_seed_v1,42,P13,mean_recording_pearson_r,0.06220989017493215,40,cca_nc_1,full_subject_single_seed_validation
etard_tf64,fcnn,reconstruction,gate0_gate2_full_subject_single_seed_v1,42,P13,mean_recording_pearson_r,0.04857267592579658,40,fcnn_epoch_2,full_subject_single_seed_validation
etard_tf64,adt,reconstruction,gate0_gate2_full_subject_single_seed_v1,42,P13,mean_recording_pearson_r,0.08262654425937216,40,adt_epoch_6,full_subject_single_seed_validation
etard_tf64,dnn,reconstruction,gate0_gate2_full_subject_single_seed_v1,42,P13,mean_recording_pearson_r,0.04927103564808971,40,dnn_epoch_2,full_subject_single_seed_validation
etard_tf64,cnn,reconstruction,gate0_gate2_full_subject_single_seed_v1,42,P13,mean_recording_pearson_r,0.06000896395181452,40,cnn_epoch_10,full_subject_single_seed_validation
etard_tf64,eegnet,reconstruction,gate0_gate2_full_subject_single_seed_v1,42,P13,mean_recording_pearson_r,0.0878687701189316,40,eegnet_epoch_14,full_subject_single_seed_validation
etard_tf64,ridge,reconstruction,gate0_gate2_full_subject_single_seed_v1,42,P14,mean_recording_pearson_r,0.07104625573321281,40,ridge_alpha_100.0,full_subject_single_seed_validation
etard_tf64,cca,reconstruction,gate0_gate2_full_subject_single_seed_v1,42,P14,mean_recording_pearson_r,0.05426455228402065,40,cca_nc_4,full_subject_single_seed_validation
etard_tf64,fcnn,reconstruction,gate0_gate2_full_subject_single_seed_v1,42,P14,mean_recording_pearson_r,0.045809279253681244,40,fcnn_epoch_0,full_subject_single_seed_validation
etard_tf64,adt,reconstruction,gate0_gate2_full_subject_single_seed_v1,42,P14,mean_recording_pearson_r,0.08361706998897118,40,adt_epoch_4,full_subject_single_seed_validation
etard_tf64,dnn,reconstruction,gate0_gate2_full_subject_single_seed_v1,42,P14,mean_recording_pearson_r,0.04580928909025188,40,dnn_epoch_0,full_subject_single_seed_validation
etard_tf64,cnn,reconstruction,gate0_gate2_full_subject_single_seed_v1,42,P14,mean_recording_pearson_r,0.06591755532364045,40,cnn_epoch_4,full_subject_single_seed_validation
etard_tf64,eegnet,reconstruction,gate0_gate2_full_subject_single_seed_v1,42,P14,mean_recording_pearson_r,0.08530245425980608,40,eegnet_epoch_29,full_subject_single_seed_validation
etard_tf64,ridge,reconstruction,gate0_gate2_full_subject_single_seed_v1,42,P15,mean_recording_pearson_r,0.06723994153100096,40,ridge_alpha_10.0,full_subject_single_seed_validation
etard_tf64,cca,reconstruction,gate0_gate2_full_subject_single_seed_v1,42,P15,mean_recording_pearson_r,0.06403554735057461,40,cca_nc_2,full_subject_single_seed_validation
etard_tf64,fcnn,reconstruction,gate0_gate2_full_subject_single_seed_v1,42,P15,mean_recording_pearson_r,0.02921024482691379,40,fcnn_epoch_3,full_subject_single_seed_validation
etard_tf64,adt,reconstruction,gate0_gate2_full_subject_single_seed_v1,42,P15,mean_recording_pearson_r,0.050608599727186655,40,adt_epoch_4,full_subject_single_seed_validation
etard_tf64,dnn,reconstruction,gate0_gate2_full_subject_single_seed_v1,42,P15,mean_recording_pearson_r,0.031111952424277455,40,dnn_epoch_3,full_subject_single_seed_validation
etard_tf64,cnn,reconstruction,gate0_gate2_full_subject_single_seed_v1,42,P15,mean_recording_pearson_r,0.06139244752381059,40,cnn_epoch_3,full_subject_single_seed_validation
etard_tf64,eegnet,reconstruction,gate0_gate2_full_subject_single_seed_v1,42,P15,mean_recording_pearson_r,0.08286446501327335,40,eegnet_epoch_7,full_subject_single_seed_validation
etard_tf64,ridge,reconstruction,gate0_gate2_full_subject_single_seed_v1,42,P16,mean_recording_pearson_r,0.11812743311029035,40,ridge_alpha_100.0,full_subject_single_seed_validation
etard_tf64,cca,reconstruction,gate0_gate2_full_subject_single_seed_v1,42,P16,mean_recording_pearson_r,0.0409265315396537,40,cca_nc_1,full_subject_single_seed_validation
etard_tf64,fcnn,reconstruction,gate0_gate2_full_subject_single_seed_v1,42,P16,mean_recording_pearson_r,0.05361234398075001,40,fcnn_epoch_4,full_subject_single_seed_validation
etard_tf64,adt,reconstruction,gate0_gate2_full_subject_single_seed_v1,42,P16,mean_recording_pearson_r,0.10494303769199373,40,adt_epoch_5,full_subject_single_seed_validation
etard_tf64,dnn,reconstruction,gate0_gate2_full_subject_single_seed_v1,42,P16,mean_recording_pearson_r,0.052383946366336774,40,dnn_epoch_4,full_subject_single_seed_validation
etard_tf64,cnn,reconstruction,gate0_gate2_full_subject_single_seed_v1,42,P16,mean_recording_pearson_r,0.0957748813847015,40,cnn_epoch_3,full_subject_single_seed_validation
etard_tf64,eegnet,reconstruction,gate0_gate2_full_subject_single_seed_v1,42,P16,mean_recording_pearson_r,0.12073010402918002,40,eegnet_epoch_20,full_subject_single_seed_validation
etard_tf64,ridge,reconstruction,gate0_gate2_full_subject_single_seed_v1,42,P17,mean_recording_pearson_r,0.1479816307863569,40,ridge_alpha_10.0,full_subject_single_seed_validation
etard_tf64,cca,reconstruction,gate0_gate2_full_subject_single_seed_v1,42,P17,mean_recording_pearson_r,0.09540382930206373,40,cca_nc_4,full_subject_single_seed_validation
etard_tf64,fcnn,reconstruction,gate0_gate2_full_subject_single_seed_v1,42,P17,mean_recording_pearson_r,0.05140034918406403,40,fcnn_epoch_2,full_subject_single_seed_validation
etard_tf64,adt,reconstruction,gate0_gate2_full_subject_single_seed_v1,42,P17,mean_recording_pearson_r,0.10652553567643004,40,adt_epoch_5,full_subject_single_seed_validation
etard_tf64,dnn,reconstruction,gate0_gate2_full_subject_single_seed_v1,42,P17,mean_recording_pearson_r,0.05127179700668866,40,dnn_epoch_2,full_subject_single_seed_validation
etard_tf64,cnn,reconstruction,gate0_gate2_full_subject_single_seed_v1,42,P17,mean_recording_pearson_r,0.130839631998756,40,cnn_epoch_2,full_subject_single_seed_validation
etard_tf64,eegnet,reconstruction,gate0_gate2_full_subject_single_seed_v1,42,P17,mean_recording_pearson_r,0.12570542456850212,40,eegnet_epoch_13,full_subject_single_seed_validation
etard_tf64,ridge,reconstruction,gate0_gate2_full_subject_single_seed_v1,42,P18,mean_recording_pearson_r,0.10787007903537287,40,ridge_alpha_1.0,full_subject_single_seed_validation
etard_tf64,cca,reconstruction,gate0_gate2_full_subject_single_seed_v1,42,P18,mean_recording_pearson_r,0.07395422785112646,40,cca_nc_1,full_subject_single_seed_validation
etard_tf64,fcnn,reconstruction,gate0_gate2_full_subject_single_seed_v1,42,P18,mean_recording_pearson_r,0.06162500954372563,40,fcnn_epoch_5,full_subject_single_seed_validation
etard_tf64,adt,reconstruction,gate0_gate2_full_subject_single_seed_v1,42,P18,mean_recording_pearson_r,0.08789937752698669,40,adt_epoch_4,full_subject_single_seed_validation
etard_tf64,dnn,reconstruction,gate0_gate2_full_subject_single_seed_v1,42,P18,mean_recording_pearson_r,0.058163609314309715,40,dnn_epoch_5,full_subject_single_seed_validation
etard_tf64,cnn,reconstruction,gate0_gate2_full_subject_single_seed_v1,42,P18,mean_recording_pearson_r,0.09451178209614582,40,cnn_epoch_3,full_subject_single_seed_validation
etard_tf64,eegnet,reconstruction,gate0_gate2_full_subject_single_seed_v1,42,P18,mean_recording_pearson_r,0.11758373078116184,40,eegnet_epoch_14,full_subject_single_seed_validation
etard_tf64,ridge,reconstruction,gate0_gate2_full_subject_single_seed_v1,42,P19,mean_recording_pearson_r,0.16145018933092758,40,ridge_alpha_100.0,full_subject_single_seed_validation
etard_tf64,cca,reconstruction,gate0_gate2_full_subject_single_seed_v1,42,P19,mean_recording_pearson_r,0.10494068293072975,40,cca_nc_2,full_subject_single_seed_validation
etard_tf64,fcnn,reconstruction,gate0_gate2_full_subject_single_seed_v1,42,P19,mean_recording_pearson_r,0.09241858019434643,40,fcnn_epoch_3,full_subject_single_seed_validation
etard_tf64,adt,reconstruction,gate0_gate2_full_subject_single_seed_v1,42,P19,mean_recording_pearson_r,0.16110394107901216,40,adt_epoch_2,full_subject_single_seed_validation
etard_tf64,dnn,reconstruction,gate0_gate2_full_subject_single_seed_v1,42,P19,mean_recording_pearson_r,0.09240757298353641,40,dnn_epoch_3,full_subject_single_seed_validation
etard_tf64,cnn,reconstruction,gate0_gate2_full_subject_single_seed_v1,42,P19,mean_recording_pearson_r,0.1266518473479724,40,cnn_epoch_4,full_subject_single_seed_validation
etard_tf64,eegnet,reconstruction,gate0_gate2_full_subject_single_seed_v1,42,P19,mean_recording_pearson_r,0.1502457381109491,40,eegnet_epoch_8,full_subject_single_seed_validation
etard_tf64,ridge,reconstruction,gate0_gate2_full_subject_single_seed_v1,2026,P00,mean_recording_pearson_r,0.08856015451578379,24,ridge_alpha_10.0,full_subject_single_seed_validation
etard_tf64,cca,reconstruction,gate0_gate2_full_subject_single_seed_v1,2026,P00,mean_recording_pearson_r,0.06378096758274915,24,cca_nc_1,full_subject_single_seed_validation
etard_tf64,fcnn,reconstruction,gate0_gate2_full_subject_single_seed_v1,2026,P00,mean_recording_pearson_r,0.03882430700341005,24,fcnn_epoch_5,full_subject_single_seed_validation
etard_tf64,adt,reconstruction,gate0_gate2_full_subject_single_seed_v1,2026,P00,mean_recording_pearson_r,0.06689388547334371,24,adt_epoch_3,full_subject_single_seed_validation
etard_tf64,dnn,reconstruction,gate0_gate2_full_subject_single_seed_v1,2026,P00,mean_recording_pearson_r,0.038034216868224,24,dnn_epoch_5,full_subject_single_seed_validation
etard_tf64,cnn,reconstruction,gate0_gate2_full_subject_single_seed_v1,2026,P00,mean_recording_pearson_r,0.11155532200596825,24,cnn_epoch_13,full_subject_single_seed_validation
etard_tf64,eegnet,reconstruction,gate0_gate2_full_subject_single_seed_v1,2026,P00,mean_recording_pearson_r,0.11168606643018937,24,eegnet_epoch_19,full_subject_single_seed_validation
etard_tf64,ridge,reconstruction,gate0_gate2_full_subject_single_seed_v1,2026,P01,mean_recording_pearson_r,0.09348833170812972,24,ridge_alpha_1.0,full_subject_single_seed_validation
etard_tf64,cca,reconstruction,gate0_gate2_full_subject_single_seed_v1,2026,P01,mean_recording_pearson_r,0.09750530042163968,24,cca_nc_2,full_subject_single_seed_validation
etard_tf64,fcnn,reconstruction,gate0_gate2_full_subject_single_seed_v1,2026,P01,mean_recording_pearson_r,0.05985070338962211,24,fcnn_epoch_3,full_subject_single_seed_validation
etard_tf64,adt,reconstruction,gate0_gate2_full_subject_single_seed_v1,2026,P01,mean_recording_pearson_r,0.05962179190882009,24,adt_epoch_6,full_subject_single_seed_validation
etard_tf64,dnn,reconstruction,gate0_gate2_full_subject_single_seed_v1,2026,P01,mean_recording_pearson_r,0.059803253039138506,24,dnn_epoch_3,full_subject_single_seed_validation
etard_tf64,cnn,reconstruction,gate0_gate2_full_subject_single_seed_v1,2026,P01,mean_recording_pearson_r,0.08964639052695951,24,cnn_epoch_3,full_subject_single_seed_validation
etard_tf64,eegnet,reconstruction,gate0_gate2_full_subject_single_seed_v1,2026,P01,mean_recording_pearson_r,0.11356890073974073,24,eegnet_epoch_12,full_subject_single_seed_validation
etard_tf64,ridge,reconstruction,gate0_gate2_full_subject_single_seed_v1,2026,P02,mean_recording_pearson_r,0.07709442757395554,40,ridge_alpha_100.0,full_subject_single_seed_validation
etard_tf64,cca,reconstruction,gate0_gate2_full_subject_single_seed_v1,2026,P02,mean_recording_pearson_r,0.06206988266056327,40,cca_nc_4,full_subject_single_seed_validation
etard_tf64,fcnn,reconstruction,gate0_gate2_full_subject_single_seed_v1,2026,P02,mean_recording_pearson_r,0.05104440027383896,40,fcnn_epoch_0,full_subject_single_seed_validation
etard_tf64,adt,reconstruction,gate0_gate2_full_subject_single_seed_v1,2026,P02,mean_recording_pearson_r,0.0716136287216991,40,adt_epoch_1,full_subject_single_seed_validation
etard_tf64,dnn,reconstruction,gate0_gate2_full_subject_single_seed_v1,2026,P02,mean_recording_pearson_r,0.05104438849405894,40,dnn_epoch_0,full_subject_single_seed_validation
etard_tf64,cnn,reconstruction,gate0_gate2_full_subject_single_seed_v1,2026,P02,mean_recording_pearson_r,0.09628185361907704,40,cnn_epoch_2,full_subject_single_seed_validation
etard_tf64,eegnet,reconstruction,gate0_gate2_full_subject_single_seed_v1,2026,P02,mean_recording_pearson_r,0.10667260407029641,40,eegnet_epoch_5,full_subject_single_seed_validation
etard_tf64,ridge,reconstruction,gate0_gate2_full_subject_single_seed_v1,2026,P03,mean_recording_pearson_r,0.10405487391784017,24,ridge_alpha_10.0,full_subject_single_seed_validation
etard_tf64,cca,reconstruction,gate0_gate2_full_subject_single_seed_v1,2026,P03,mean_recording_pearson_r,0.07301375262520356,24,cca_nc_2,full_subject_single_seed_validation
etard_tf64,fcnn,reconstruction,gate0_gate2_full_subject_single_seed_v1,2026,P03,mean_recording_pearson_r,0.05991795076466391,24,fcnn_epoch_11,full_subject_single_seed_validation
etard_tf64,adt,reconstruction,gate0_gate2_full_subject_single_seed_v1,2026,P03,mean_recording_pearson_r,0.09493739033644476,24,adt_epoch_4,full_subject_single_seed_validation
etard_tf64,dnn,reconstruction,gate0_gate2_full_subject_single_seed_v1,2026,P03,mean_recording_pearson_r,0.05740911969806214,24,dnn_epoch_11,full_subject_single_seed_validation
etard_tf64,cnn,reconstruction,gate0_gate2_full_subject_single_seed_v1,2026,P03,mean_recording_pearson_r,0.07295470391874002,24,cnn_epoch_11,full_subject_single_seed_validation
etard_tf64,eegnet,reconstruction,gate0_gate2_full_subject_single_seed_v1,2026,P03,mean_recording_pearson_r,0.10010630742315678,24,eegnet_epoch_21,full_subject_single_seed_validation
etard_tf64,ridge,reconstruction,gate0_gate2_full_subject_single_seed_v1,2026,P04,mean_recording_pearson_r,0.175744230213875,24,ridge_alpha_10.0,full_subject_single_seed_validation
etard_tf64,cca,reconstruction,gate0_gate2_full_subject_single_seed_v1,2026,P04,mean_recording_pearson_r,0.10368267137331921,24,cca_nc_1,full_subject_single_seed_validation
etard_tf64,fcnn,reconstruction,gate0_gate2_full_subject_single_seed_v1,2026,P04,mean_recording_pearson_r,0.07924983554793943,24,fcnn_epoch_4,full_subject_single_seed_validation
etard_tf64,adt,reconstruction,gate0_gate2_full_subject_single_seed_v1,2026,P04,mean_recording_pearson_r,0.19266763358568784,24,adt_epoch_9,full_subject_single_seed_validation
etard_tf64,dnn,reconstruction,gate0_gate2_full_subject_single_seed_v1,2026,P04,mean_recording_pearson_r,0.07915625673801618,24,dnn_epoch_4,full_subject_single_seed_validation
etard_tf64,cnn,reconstruction,gate0_gate2_full_subject_single_seed_v1,2026,P04,mean_recording_pearson_r,0.13638639011142215,24,cnn_epoch_2,full_subject_single_seed_validation
etard_tf64,eegnet,reconstruction,gate0_gate2_full_subject_single_seed_v1,2026,P04,mean_recording_pearson_r,0.16728430378644768,24,eegnet_epoch_5,full_subject_single_seed_validation
etard_tf64,ridge,reconstruction,gate0_gate2_full_subject_single_seed_v1,2026,P05,mean_recording_pearson_r,0.16560623028155064,24,ridge_alpha_1.0,full_subject_single_seed_validation
etard_tf64,cca,reconstruction,gate0_gate2_full_subject_single_seed_v1,2026,P05,mean_recording_pearson_r,0.08291126809368692,24,cca_nc_2,full_subject_single_seed_validation
etard_tf64,fcnn,reconstruction,gate0_gate2_full_subject_single_seed_v1,2026,P05,mean_recording_pearson_r,0.07789434303330217,24,fcnn_epoch_3,full_subject_single_seed_validation
etard_tf64,adt,reconstruction,gate0_gate2_full_subject_single_seed_v1,2026,P05,mean_recording_pearson_r,0.13485923436080147,24,adt_epoch_6,full_subject_single_seed_validation
etard_tf64,dnn,reconstruction,gate0_gate2_full_subject_single_seed_v1,2026,P05,mean_recording_pearson_r,0.07787415356351099,24,dnn_epoch_3,full_subject_single_seed_validation
etard_tf64,cnn,reconstruction,gate0_gate2_full_subject_single_seed_v1,2026,P05,mean_recording_pearson_r,0.15640315936061408,24,cnn_epoch_7,full_subject_single_seed_validation
etard_tf64,eegnet,reconstruction,gate0_gate2_full_subject_single_seed_v1,2026,P05,mean_recording_pearson_r,0.1859956055622544,24,eegnet_epoch_29,full_subject_single_seed_validation
etard_tf64,ridge,reconstruction,gate0_gate2_full_subject_single_seed_v1,2026,P06,mean_recording_pearson_r,0.07456562557998551,40,ridge_alpha_100.0,full_subject_single_seed_validation
etard_tf64,cca,reconstruction,gate0_gate2_full_subject_single_seed_v1,2026,P06,mean_recording_pearson_r,0.05466787667077335,40,cca_nc_4,full_subject_single_seed_validation
etard_tf64,fcnn,reconstruction,gate0_gate2_full_subject_single_seed_v1,2026,P06,mean_recording_pearson_r,0.04054298690825382,40,fcnn_epoch_2,full_subject_single_seed_validation
etard_tf64,adt,reconstruction,gate0_gate2_full_subject_single_seed_v1,2026,P06,mean_recording_pearson_r,0.055490655419035674,40,adt_epoch_7,full_subject_single_seed_validation
etard_tf64,dnn,reconstruction,gate0_gate2_full_subject_single_seed_v1,2026,P06,mean_recording_pearson_r,0.04053805647265461,40,dnn_epoch_2,full_subject_single_seed_validation
etard_tf64,cnn,reconstruction,gate0_gate2_full_subject_single_seed_v1,2026,P06,mean_recording_pearson_r,0.06201204043175518,40,cnn_epoch_2,full_subject_single_seed_validation
etard_tf64,eegnet,reconstruction,gate0_gate2_full_subject_single_seed_v1,2026,P06,mean_recording_pearson_r,0.06793757172004486,40,eegnet_epoch_16,full_subject_single_seed_validation
etard_tf64,ridge,reconstruction,gate0_gate2_full_subject_single_seed_v1,2026,P07,mean_recording_pearson_r,0.053227695766529526,40,ridge_alpha_100.0,full_subject_single_seed_validation
etard_tf64,cca,reconstruction,gate0_gate2_full_subject_single_seed_v1,2026,P07,mean_recording_pearson_r,0.04813761913481267,40,cca_nc_4,full_subject_single_seed_validation
etard_tf64,fcnn,reconstruction,gate0_gate2_full_subject_single_seed_v1,2026,P07,mean_recording_pearson_r,0.01311274270359813,40,fcnn_epoch_3,full_subject_single_seed_validation
etard_tf64,adt,reconstruction,gate0_gate2_full_subject_single_seed_v1,2026,P07,mean_recording_pearson_r,0.03781886706436208,40,adt_epoch_5,full_subject_single_seed_validation
etard_tf64,dnn,reconstruction,gate0_gate2_full_subject_single_seed_v1,2026,P07,mean_recording_pearson_r,0.011290970288977914,40,dnn_epoch_8,full_subject_single_seed_validation
etard_tf64,cnn,reconstruction,gate0_gate2_full_subject_single_seed_v1,2026,P07,mean_recording_pearson_r,0.05432284213573546,40,cnn_epoch_8,full_subject_single_seed_validation
etard_tf64,eegnet,reconstruction,gate0_gate2_full_subject_single_seed_v1,2026,P07,mean_recording_pearson_r,0.055706318156688486,40,eegnet_epoch_24,full_subject_single_seed_validation
etard_tf64,ridge,reconstruction,gate0_gate2_full_subject_single_seed_v1,2026,P08,mean_recording_pearson_r,0.13968358567888628,40,ridge_alpha_100.0,full_subject_single_seed_validation
etard_tf64,cca,reconstruction,gate0_gate2_full_subject_single_seed_v1,2026,P08,mean_recording_pearson_r,0.07555111566470898,40,cca_nc_4,full_subject_single_seed_validation
etard_tf64,fcnn,reconstruction,gate0_gate2_full_subject_single_seed_v1,2026,P08,mean_recording_pearson_r,0.08418402680400369,40,fcnn_epoch_0,full_subject_single_seed_validation
etard_tf64,adt,reconstruction,gate0_gate2_full_subject_single_seed_v1,2026,P08,mean_recording_pearson_r,0.12392859295330409,40,adt_epoch_6,full_subject_single_seed_validation
etard_tf64,dnn,reconstruction,gate0_gate2_full_subject_single_seed_v1,2026,P08,mean_recording_pearson_r,0.08418402764770573,40,dnn_epoch_0,full_subject_single_seed_validation
etard_tf64,cnn,reconstruction,gate0_gate2_full_subject_single_seed_v1,2026,P08,mean_recording_pearson_r,0.14269879528182575,40,cnn_epoch_4,full_subject_single_seed_validation
etard_tf64,eegnet,reconstruction,gate0_gate2_full_subject_single_seed_v1,2026,P08,mean_recording_pearson_r,0.13630896921707655,40,eegnet_epoch_10,full_subject_single_seed_validation
etard_tf64,ridge,reconstruction,gate0_gate2_full_subject_single_seed_v1,2026,P09,mean_recording_pearson_r,0.10027054598356153,40,ridge_alpha_100.0,full_subject_single_seed_validation
etard_tf64,cca,reconstruction,gate0_gate2_full_subject_single_seed_v1,2026,P09,mean_recording_pearson_r,0.0699837192568564,40,cca_nc_4,full_subject_single_seed_validation
etard_tf64,fcnn,reconstruction,gate0_gate2_full_subject_single_seed_v1,2026,P09,mean_recording_pearson_r,0.05279487785092237,40,fcnn_epoch_3,full_subject_single_seed_validation
etard_tf64,adt,reconstruction,gate0_gate2_full_subject_single_seed_v1,2026,P09,mean_recording_pearson_r,0.10189725224848094,40,adt_epoch_3,full_subject_single_seed_validation
etard_tf64,dnn,reconstruction,gate0_gate2_full_subject_single_seed_v1,2026,P09,mean_recording_pearson_r,0.05055425153309547,40,dnn_epoch_3,full_subject_single_seed_validation
etard_tf64,cnn,reconstruction,gate0_gate2_full_subject_single_seed_v1,2026,P09,mean_recording_pearson_r,0.09963278530279132,40,cnn_epoch_9,full_subject_single_seed_validation
etard_tf64,eegnet,reconstruction,gate0_gate2_full_subject_single_seed_v1,2026,P09,mean_recording_pearson_r,0.10111250586098515,40,eegnet_epoch_34,full_subject_single_seed_validation
etard_tf64,ridge,reconstruction,gate0_gate2_full_subject_single_seed_v1,2026,P10,mean_recording_pearson_r,0.14400813039919944,40,ridge_alpha_100.0,full_subject_single_seed_validation
etard_tf64,cca,reconstruction,gate0_gate2_full_subject_single_seed_v1,2026,P10,mean_recording_pearson_r,0.1052584234569652,40,cca_nc_1,full_subject_single_seed_validation
etard_tf64,fcnn,reconstruction,gate0_gate2_full_subject_single_seed_v1,2026,P10,mean_recording_pearson_r,0.10456962883705904,40,fcnn_epoch_4,full_subject_single_seed_validation
etard_tf64,adt,reconstruction,gate0_gate2_full_subject_single_seed_v1,2026,P10,mean_recording_pearson_r,0.16809528454932515,40,adt_epoch_3,full_subject_single_seed_validation
etard_tf64,dnn,reconstruction,gate0_gate2_full_subject_single_seed_v1,2026,P10,mean_recording_pearson_r,0.10351350443197779,40,dnn_epoch_4,full_subject_single_seed_validation
etard_tf64,cnn,reconstruction,gate0_gate2_full_subject_single_seed_v1,2026,P10,mean_recording_pearson_r,0.14561568976854408,40,cnn_epoch_4,full_subject_single_seed_validation
etard_tf64,eegnet,reconstruction,gate0_gate2_full_subject_single_seed_v1,2026,P10,mean_recording_pearson_r,0.1489446460382488,40,eegnet_epoch_15,full_subject_single_seed_validation
etard_tf64,ridge,reconstruction,gate0_gate2_full_subject_single_seed_v1,2026,P11,mean_recording_pearson_r,0.044848313231063586,16,ridge_alpha_0.001,full_subject_single_seed_validation
etard_tf64,cca,reconstruction,gate0_gate2_full_subject_single_seed_v1,2026,P11,mean_recording_pearson_r,0.01697478173375066,16,cca_nc_1,full_subject_single_seed_validation
etard_tf64,fcnn,reconstruction,gate0_gate2_full_subject_single_seed_v1,2026,P11,mean_recording_pearson_r,0.02033516102788145,16,fcnn_epoch_2,full_subject_single_seed_validation
etard_tf64,adt,reconstruction,gate0_gate2_full_subject_single_seed_v1,2026,P11,mean_recording_pearson_r,0.068050062870974,16,adt_epoch_21,full_subject_single_seed_validation
etard_tf64,dnn,reconstruction,gate0_gate2_full_subject_single_seed_v1,2026,P11,mean_recording_pearson_r,0.02033355485940868,16,dnn_epoch_2,full_subject_single_seed_validation
etard_tf64,cnn,reconstruction,gate0_gate2_full_subject_single_seed_v1,2026,P11,mean_recording_pearson_r,0.013315763388533151,16,cnn_epoch_0,full_subject_single_seed_validation
etard_tf64,eegnet,reconstruction,gate0_gate2_full_subject_single_seed_v1,2026,P11,mean_recording_pearson_r,0.04186554799510028,16,eegnet_epoch_6,full_subject_single_seed_validation
etard_tf64,ridge,reconstruction,gate0_gate2_full_subject_single_seed_v1,2026,P12,mean_recording_pearson_r,0.051038192714147876,16,ridge_alpha_1.0,full_subject_single_seed_validation
etard_tf64,cca,reconstruction,gate0_gate2_full_subject_single_seed_v1,2026,P12,mean_recording_pearson_r,0.0477233194092052,16,cca_nc_2,full_subject_single_seed_validation
etard_tf64,fcnn,reconstruction,gate0_gate2_full_subject_single_seed_v1,2026,P12,mean_recording_pearson_r,-0.02159621578407775,16,fcnn_epoch_12,full_subject_single_seed_validation
etard_tf64,adt,reconstruction,gate0_gate2_full_subject_single_seed_v1,2026,P12,mean_recording_pearson_r,0.0897508123624105,16,adt_epoch_6,full_subject_single_seed_validation
etard_tf64,dnn,reconstruction,gate0_gate2_full_subject_single_seed_v1,2026,P12,mean_recording_pearson_r,-0.019553416545547177,16,dnn_epoch_11,full_subject_single_seed_validation
etard_tf64,cnn,reconstruction,gate0_gate2_full_subject_single_seed_v1,2026,P12,mean_recording_pearson_r,0.06498149191392433,16,cnn_epoch_22,full_subject_single_seed_validation
etard_tf64,eegnet,reconstruction,gate0_gate2_full_subject_single_seed_v1,2026,P12,mean_recording_pearson_r,0.017260066134120223,16,eegnet_epoch_8,full_subject_single_seed_validation
etard_tf64,ridge,reconstruction,gate0_gate2_full_subject_single_seed_v1,2026,P13,mean_recording_pearson_r,0.08236454245340001,40,ridge_alpha_100.0,full_subject_single_seed_validation
etard_tf64,cca,reconstruction,gate0_gate2_full_subject_single_seed_v1,2026,P13,mean_recording_pearson_r,0.06220989017493215,40,cca_nc_1,full_subject_single_seed_validation
etard_tf64,fcnn,reconstruction,gate0_gate2_full_subject_single_seed_v1,2026,P13,mean_recording_pearson_r,0.05483607707388592,40,fcnn_epoch_2,full_subject_single_seed_validation
etard_tf64,adt,reconstruction,gate0_gate2_full_subject_single_seed_v1,2026,P13,mean_recording_pearson_r,0.09181924694255225,40,adt_epoch_2,full_subject_single_seed_validation
etard_tf64,dnn,reconstruction,gate0_gate2_full_subject_single_seed_v1,2026,P13,mean_recording_pearson_r,0.05463806495118821,40,dnn_epoch_2,full_subject_single_seed_validation
etard_tf64,cnn,reconstruction,gate0_gate2_full_subject_single_seed_v1,2026,P13,mean_recording_pearson_r,0.06083552362544305,40,cnn_epoch_5,full_subject_single_seed_validation
etard_tf64,eegnet,reconstruction,gate0_gate2_full_subject_single_seed_v1,2026,P13,mean_recording_pearson_r,0.0880207974025122,40,eegnet_epoch_11,full_subject_single_seed_validation
etard_tf64,ridge,reconstruction,gate0_gate2_full_subject_single_seed_v1,2026,P14,mean_recording_pearson_r,0.07104625573321281,40,ridge_alpha_100.0,full_subject_single_seed_validation
etard_tf64,cca,reconstruction,gate0_gate2_full_subject_single_seed_v1,2026,P14,mean_recording_pearson_r,0.054264500059124074,40,cca_nc_4,full_subject_single_seed_validation
etard_tf64,fcnn,reconstruction,gate0_gate2_full_subject_single_seed_v1,2026,P14,mean_recording_pearson_r,0.056291401178321945,40,fcnn_epoch_2,full_subject_single_seed_validation
etard_tf64,adt,reconstruction,gate0_gate2_full_subject_single_seed_v1,2026,P14,mean_recording_pearson_r,0.09129665477537904,40,adt_epoch_3,full_subject_single_seed_validation
etard_tf64,dnn,reconstruction,gate0_gate2_full_subject_single_seed_v1,2026,P14,mean_recording_pearson_r,0.056291401178321945,40,dnn_epoch_2,full_subject_single_seed_validation
etard_tf64,cnn,reconstruction,gate0_gate2_full_subject_single_seed_v1,2026,P14,mean_recording_pearson_r,0.06750580757436239,40,cnn_epoch_3,full_subject_single_seed_validation
etard_tf64,eegnet,reconstruction,gate0_gate2_full_subject_single_seed_v1,2026,P14,mean_recording_pearson_r,0.07429207135948543,40,eegnet_epoch_6,full_subject_single_seed_validation
etard_tf64,ridge,reconstruction,gate0_gate2_full_subject_single_seed_v1,2026,P15,mean_recording_pearson_r,0.06726727928279859,40,ridge_alpha_10.0,full_subject_single_seed_validation
etard_tf64,cca,reconstruction,gate0_gate2_full_subject_single_seed_v1,2026,P15,mean_recording_pearson_r,0.06403622598984142,40,cca_nc_2,full_subject_single_seed_validation
etard_tf64,fcnn,reconstruction,gate0_gate2_full_subject_single_seed_v1,2026,P15,mean_recording_pearson_r,0.03201197449390051,40,fcnn_epoch_7,full_subject_single_seed_validation
etard_tf64,adt,reconstruction,gate0_gate2_full_subject_single_seed_v1,2026,P15,mean_recording_pearson_r,0.05447478102642043,40,adt_epoch_8,full_subject_single_seed_validation
etard_tf64,dnn,reconstruction,gate0_gate2_full_subject_single_seed_v1,2026,P15,mean_recording_pearson_r,0.03201197449390051,40,dnn_epoch_7,full_subject_single_seed_validation
etard_tf64,cnn,reconstruction,gate0_gate2_full_subject_single_seed_v1,2026,P15,mean_recording_pearson_r,0.07701498971353929,40,cnn_epoch_3,full_subject_single_seed_validation
etard_tf64,eegnet,reconstruction,gate0_gate2_full_subject_single_seed_v1,2026,P15,mean_recording_pearson_r,0.08028476327268083,40,eegnet_epoch_18,full_subject_single_seed_validation
etard_tf64,ridge,reconstruction,gate0_gate2_full_subject_single_seed_v1,2026,P16,mean_recording_pearson_r,0.11813192395831215,40,ridge_alpha_100.0,full_subject_single_seed_validation
etard_tf64,cca,reconstruction,gate0_gate2_full_subject_single_seed_v1,2026,P16,mean_recording_pearson_r,0.04092622456293053,40,cca_nc_1,full_subject_single_seed_validation
etard_tf64,fcnn,reconstruction,gate0_gate2_full_subject_single_seed_v1,2026,P16,mean_recording_pearson_r,0.05615851632674955,40,fcnn_epoch_2,full_subject_single_seed_validation
etard_tf64,adt,reconstruction,gate0_gate2_full_subject_single_seed_v1,2026,P16,mean_recording_pearson_r,0.1168209058953239,40,adt_epoch_2,full_subject_single_seed_validation
etard_tf64,dnn,reconstruction,gate0_gate2_full_subject_single_seed_v1,2026,P16,mean_recording_pearson_r,0.05615851632674955,40,dnn_epoch_2,full_subject_single_seed_validation
etard_tf64,cnn,reconstruction,gate0_gate2_full_subject_single_seed_v1,2026,P16,mean_recording_pearson_r,0.09818109392349327,40,cnn_epoch_0,full_subject_single_seed_validation
etard_tf64,eegnet,reconstruction,gate0_gate2_full_subject_single_seed_v1,2026,P16,mean_recording_pearson_r,0.12103561678829138,40,eegnet_epoch_12,full_subject_single_seed_validation
etard_tf64,ridge,reconstruction,gate0_gate2_full_subject_single_seed_v1,2026,P17,mean_recording_pearson_r,0.14795819663695847,40,ridge_alpha_10.0,full_subject_single_seed_validation
etard_tf64,cca,reconstruction,gate0_gate2_full_subject_single_seed_v1,2026,P17,mean_recording_pearson_r,0.09540391353379328,40,cca_nc_4,full_subject_single_seed_validation
etard_tf64,fcnn,reconstruction,gate0_gate2_full_subject_single_seed_v1,2026,P17,mean_recording_pearson_r,0.07767728163861787,40,fcnn_epoch_1,full_subject_single_seed_validation
etard_tf64,adt,reconstruction,gate0_gate2_full_subject_single_seed_v1,2026,P17,mean_recording_pearson_r,0.10148688720274217,40,adt_epoch_5,full_subject_single_seed_validation
etard_tf64,dnn,reconstruction,gate0_gate2_full_subject_single_seed_v1,2026,P17,mean_recording_pearson_r,0.07767728163861787,40,dnn_epoch_1,full_subject_single_seed_validation
etard_tf64,cnn,reconstruction,gate0_gate2_full_subject_single_seed_v1,2026,P17,mean_recording_pearson_r,0.1265997510224904,40,cnn_epoch_6,full_subject_single_seed_validation
etard_tf64,eegnet,reconstruction,gate0_gate2_full_subject_single_seed_v1,2026,P17,mean_recording_pearson_r,0.1310778608576803,40,eegnet_epoch_4,full_subject_single_seed_validation
etard_tf64,ridge,reconstruction,gate0_gate2_full_subject_single_seed_v1,2026,P18,mean_recording_pearson_r,0.10787038764023249,40,ridge_alpha_1.0,full_subject_single_seed_validation
etard_tf64,cca,reconstruction,gate0_gate2_full_subject_single_seed_v1,2026,P18,mean_recording_pearson_r,0.07395424817879186,40,cca_nc_1,full_subject_single_seed_validation
etard_tf64,fcnn,reconstruction,gate0_gate2_full_subject_single_seed_v1,2026,P18,mean_recording_pearson_r,0.07067923859779013,40,fcnn_epoch_5,full_subject_single_seed_validation
etard_tf64,adt,reconstruction,gate0_gate2_full_subject_single_seed_v1,2026,P18,mean_recording_pearson_r,0.07462196843251707,40,adt_epoch_3,full_subject_single_seed_validation
etard_tf64,dnn,reconstruction,gate0_gate2_full_subject_single_seed_v1,2026,P18,mean_recording_pearson_r,0.07067923859779013,40,dnn_epoch_5,full_subject_single_seed_validation
etard_tf64,cnn,reconstruction,gate0_gate2_full_subject_single_seed_v1,2026,P18,mean_recording_pearson_r,0.09870438632504536,40,cnn_epoch_5,full_subject_single_seed_validation
etard_tf64,eegnet,reconstruction,gate0_gate2_full_subject_single_seed_v1,2026,P18,mean_recording_pearson_r,0.10460568148578335,40,eegnet_epoch_19,full_subject_single_seed_validation
etard_tf64,ridge,reconstruction,gate0_gate2_full_subject_single_seed_v1,2026,P19,mean_recording_pearson_r,0.16144853037947177,40,ridge_alpha_100.0,full_subject_single_seed_validation
etard_tf64,cca,reconstruction,gate0_gate2_full_subject_single_seed_v1,2026,P19,mean_recording_pearson_r,0.10494066820111417,40,cca_nc_2,full_subject_single_seed_validation
etard_tf64,fcnn,reconstruction,gate0_gate2_full_subject_single_seed_v1,2026,P19,mean_recording_pearson_r,0.1096041111093589,40,fcnn_epoch_1,full_subject_single_seed_validation
etard_tf64,adt,reconstruction,gate0_gate2_full_subject_single_seed_v1,2026,P19,mean_recording_pearson_r,0.16664519617393525,40,adt_epoch_5,full_subject_single_seed_validation
etard_tf64,dnn,reconstruction,gate0_gate2_full_subject_single_seed_v1,2026,P19,mean_recording_pearson_r,0.1096041111093589,40,dnn_epoch_1,full_subject_single_seed_validation
etard_tf64,cnn,reconstruction,gate0_gate2_full_subject_single_seed_v1,2026,P19,mean_recording_pearson_r,0.12883722031481432,40,cnn_epoch_5,full_subject_single_seed_validation
etard_tf64,eegnet,reconstruction,gate0_gate2_full_subject_single_seed_v1,2026,P19,mean_recording_pearson_r,0.1515523825956601,40,eegnet_epoch_14,full_subject_single_seed_validation
