dataset,model,task,protocol,seed,subject_id,recording_id,sampling_rate,metric_name,metric_value,num_valid_samples,checkpoint_id,artifact_scope
weissbart_tf64,ridge,reconstruction,gate0_gate2_full_subject_single_seed_v1,0,P00,test_-_P00_-_AUNP01,64,pearson_r,0.2635585507910001,990,ridge_alpha_100.0,full_subject_single_seed_validation
weissbart_tf64,ridge,reconstruction,gate0_gate2_full_subject_single_seed_v1,0,P00,test_-_P00_-_AUNP02,64,pearson_r,0.10819109704496067,970,ridge_alpha_100.0,full_subject_single_seed_validation
weissbart_tf64,ridge,reconstruction,gate0_gate2_full_subject_single_seed_v1,0,P00,test_-_P00_-_AUNP03,64,pearson_r,0.1269470391549518,890,ridge_alpha_100.0,full_subject_single_seed_validation
weissbart_tf64,ridge,reconstruction,gate0_gate2_full_subject_single_seed_v1,0,P00,test_-_P00_-_AUNP04,64,pearson_r,0.08542075483333789,870,ridge_alpha_100.0,full_subject_single_seed_validation
weissbart_tf64,ridge,reconstruction,gate0_gate2_full_subject_single_seed_v1,0,P00,test_-_P00_-_AUNP05,64,pearson_r,0.12772941929979442,1191,ridge_alpha_100.0,full_subject_single_seed_validation
weissbart_tf64,ridge,reconstruction,gate0_gate2_full_subject_single_seed_v1,0,P00,test_-_P00_-_AUNP06,64,pearson_r,0.16712943873839198,894,ridge_alpha_100.0,full_subject_single_seed_validation
weissbart_tf64,ridge,reconstruction,gate0_gate2_full_subject_single_seed_v1,0,P00,test_-_P00_-_AUNP07,64,pearson_r,0.09436870685667322,1134,ridge_alpha_100.0,full_subject_single_seed_validation
weissbart_tf64,ridge,reconstruction,gate0_gate2_full_subject_single_seed_v1,0,P00,test_-_P00_-_AUNP08,64,pearson_r,0.13043506661918758,1104,ridge_alpha_100.0,full_subject_single_seed_validation
weissbart_tf64,ridge,reconstruction,gate0_gate2_full_subject_single_seed_v1,0,P00,test_-_P00_-_BROP01,64,pearson_r,0.1038677732357325,1017,ridge_alpha_100.0,full_subject_single_seed_validation
weissbart_tf64,ridge,reconstruction,gate0_gate2_full_subject_single_seed_v1,0,P00,test_-_P00_-_BROP02,64,pearson_r,0.08083414671268264,1120,ridge_alpha_100.0,full_subject_single_seed_validation
weissbart_tf64,ridge,reconstruction,gate0_gate2_full_subject_single_seed_v1,0,P00,test_-_P00_-_BROP03,64,pearson_r,0.2437107099036707,1000,ridge_alpha_100.0,full_subject_single_seed_validation
weissbart_tf64,ridge,reconstruction,gate0_gate2_full_subject_single_seed_v1,0,P00,test_-_P00_-_FLOP01,64,pearson_r,0.050792063077531965,779,ridge_alpha_100.0,full_subject_single_seed_validation
weissbart_tf64,ridge,reconstruction,gate0_gate2_full_subject_single_seed_v1,0,P00,test_-_P00_-_FLOP02,64,pearson_r,0.16882783438062277,699,ridge_alpha_100.0,full_subject_single_seed_validation
weissbart_tf64,ridge,reconstruction,gate0_gate2_full_subject_single_seed_v1,0,P00,test_-_P00_-_FLOP03,64,pearson_r,0.16929305746379367,655,ridge_alpha_100.0,full_subject_single_seed_validation
weissbart_tf64,ridge,reconstruction,gate0_gate2_full_subject_single_seed_v1,0,P00,test_-_P00_-_FLOP04,64,pearson_r,0.06710435893452786,1213,ridge_alpha_100.0,full_subject_single_seed_validation
weissbart_tf64,cca,reconstruction,gate0_gate2_full_subject_single_seed_v1,0,P00,test_-_P00_-_AUNP01,64,pearson_r,0.08394851750732381,990,cca_nc_2,full_subject_single_seed_validation
weissbart_tf64,cca,reconstruction,gate0_gate2_full_subject_single_seed_v1,0,P00,test_-_P00_-_AUNP02,64,pearson_r,0.18685677320621655,970,cca_nc_2,full_subject_single_seed_validation
weissbart_tf64,cca,reconstruction,gate0_gate2_full_subject_single_seed_v1,0,P00,test_-_P00_-_AUNP03,64,pearson_r,0.0665024487725762,890,cca_nc_2,full_subject_single_seed_validation
weissbart_tf64,cca,reconstruction,gate0_gate2_full_subject_single_seed_v1,0,P00,test_-_P00_-_AUNP04,64,pearson_r,0.025809366504765414,870,cca_nc_2,full_subject_single_seed_validation
weissbart_tf64,cca,reconstruction,gate0_gate2_full_subject_single_seed_v1,0,P00,test_-_P00_-_AUNP05,64,pearson_r,0.04186689692328694,1191,cca_nc_2,full_subject_single_seed_validation
weissbart_tf64,cca,reconstruction,gate0_gate2_full_subject_single_seed_v1,0,P00,test_-_P00_-_AUNP06,64,pearson_r,0.20691737695656628,894,cca_nc_2,full_subject_single_seed_validation
weissbart_tf64,cca,reconstruction,gate0_gate2_full_subject_single_seed_v1,0,P00,test_-_P00_-_AUNP07,64,pearson_r,0.04699213292445638,1134,cca_nc_2,full_subject_single_seed_validation
weissbart_tf64,cca,reconstruction,gate0_gate2_full_subject_single_seed_v1,0,P00,test_-_P00_-_AUNP08,64,pearson_r,-0.1287476001576347,1104,cca_nc_2,full_subject_single_seed_validation
weissbart_tf64,cca,reconstruction,gate0_gate2_full_subject_single_seed_v1,0,P00,test_-_P00_-_BROP01,64,pearson_r,0.04844715205638691,1017,cca_nc_2,full_subject_single_seed_validation
weissbart_tf64,cca,reconstruction,gate0_gate2_full_subject_single_seed_v1,0,P00,test_-_P00_-_BROP02,64,pearson_r,0.059374228449314184,1120,cca_nc_2,full_subject_single_seed_validation
weissbart_tf64,cca,reconstruction,gate0_gate2_full_subject_single_seed_v1,0,P00,test_-_P00_-_BROP03,64,pearson_r,0.09067826460844117,1000,cca_nc_2,full_subject_single_seed_validation
weissbart_tf64,cca,reconstruction,gate0_gate2_full_subject_single_seed_v1,0,P00,test_-_P00_-_FLOP01,64,pearson_r,0.02179690079378547,779,cca_nc_2,full_subject_single_seed_validation
weissbart_tf64,cca,reconstruction,gate0_gate2_full_subject_single_seed_v1,0,P00,test_-_P00_-_FLOP02,64,pearson_r,0.1209954007537007,699,cca_nc_2,full_subject_single_seed_validation
weissbart_tf64,cca,reconstruction,gate0_gate2_full_subject_single_seed_v1,0,P00,test_-_P00_-_FLOP03,64,pearson_r,0.008879201910251515,655,cca_nc_2,full_subject_single_seed_validation
weissbart_tf64,cca,reconstruction,gate0_gate2_full_subject_single_seed_v1,0,P00,test_-_P00_-_FLOP04,64,pearson_r,0.08135397189643172,1213,cca_nc_2,full_subject_single_seed_validation
weissbart_tf64,fcnn,reconstruction,gate0_gate2_full_subject_single_seed_v1,0,P00,test_-_P00_-_AUNP01,64,pearson_r,0.14153232728492363,990,fcnn_epoch_7,full_subject_single_seed_validation
weissbart_tf64,fcnn,reconstruction,gate0_gate2_full_subject_single_seed_v1,0,P00,test_-_P00_-_AUNP02,64,pearson_r,0.027362418411410915,970,fcnn_epoch_7,full_subject_single_seed_validation
weissbart_tf64,fcnn,reconstruction,gate0_gate2_full_subject_single_seed_v1,0,P00,test_-_P00_-_AUNP03,64,pearson_r,0.033042757803500036,890,fcnn_epoch_7,full_subject_single_seed_validation
weissbart_tf64,fcnn,reconstruction,gate0_gate2_full_subject_single_seed_v1,0,P00,test_-_P00_-_AUNP04,64,pearson_r,0.22620944741796947,870,fcnn_epoch_7,full_subject_single_seed_validation
weissbart_tf64,fcnn,reconstruction,gate0_gate2_full_subject_single_seed_v1,0,P00,test_-_P00_-_AUNP05,64,pearson_r,0.12396057417398165,1191,fcnn_epoch_7,full_subject_single_seed_validation
weissbart_tf64,fcnn,reconstruction,gate0_gate2_full_subject_single_seed_v1,0,P00,test_-_P00_-_AUNP06,64,pearson_r,0.1593430921308526,894,fcnn_epoch_7,full_subject_single_seed_validation
weissbart_tf64,fcnn,reconstruction,gate0_gate2_full_subject_single_seed_v1,0,P00,test_-_P00_-_AUNP07,64,pearson_r,0.11810515265285315,1134,fcnn_epoch_7,full_subject_single_seed_validation
weissbart_tf64,fcnn,reconstruction,gate0_gate2_full_subject_single_seed_v1,0,P00,test_-_P00_-_AUNP08,64,pearson_r,-0.08957471266119749,1104,fcnn_epoch_7,full_subject_single_seed_validation
weissbart_tf64,fcnn,reconstruction,gate0_gate2_full_subject_single_seed_v1,0,P00,test_-_P00_-_BROP01,64,pearson_r,0.06724007757514636,1017,fcnn_epoch_7,full_subject_single_seed_validation
weissbart_tf64,fcnn,reconstruction,gate0_gate2_full_subject_single_seed_v1,0,P00,test_-_P00_-_BROP02,64,pearson_r,0.05877803214729778,1120,fcnn_epoch_7,full_subject_single_seed_validation
weissbart_tf64,fcnn,reconstruction,gate0_gate2_full_subject_single_seed_v1,0,P00,test_-_P00_-_BROP03,64,pearson_r,0.1887177298227822,1000,fcnn_epoch_7,full_subject_single_seed_validation
weissbart_tf64,fcnn,reconstruction,gate0_gate2_full_subject_single_seed_v1,0,P00,test_-_P00_-_FLOP01,64,pearson_r,-0.0032649974516765806,779,fcnn_epoch_7,full_subject_single_seed_validation
weissbart_tf64,fcnn,reconstruction,gate0_gate2_full_subject_single_seed_v1,0,P00,test_-_P00_-_FLOP02,64,pearson_r,0.019864261695222405,699,fcnn_epoch_7,full_subject_single_seed_validation
weissbart_tf64,fcnn,reconstruction,gate0_gate2_full_subject_single_seed_v1,0,P00,test_-_P00_-_FLOP03,64,pearson_r,-0.09520588358539314,655,fcnn_epoch_7,full_subject_single_seed_validation
weissbart_tf64,fcnn,reconstruction,gate0_gate2_full_subject_single_seed_v1,0,P00,test_-_P00_-_FLOP04,64,pearson_r,0.020436071830210425,1213,fcnn_epoch_7,full_subject_single_seed_validation
weissbart_tf64,adt,reconstruction,gate0_gate2_full_subject_single_seed_v1,0,P00,test_-_P00_-_AUNP01,64,pearson_r,0.19839791291797967,1024,adt_epoch_5,full_subject_single_seed_validation
weissbart_tf64,adt,reconstruction,gate0_gate2_full_subject_single_seed_v1,0,P00,test_-_P00_-_AUNP02,64,pearson_r,0.1169143226328815,960,adt_epoch_5,full_subject_single_seed_validation
weissbart_tf64,adt,reconstruction,gate0_gate2_full_subject_single_seed_v1,0,P00,test_-_P00_-_AUNP03,64,pearson_r,0.0839008418011244,896,adt_epoch_5,full_subject_single_seed_validation
weissbart_tf64,adt,reconstruction,gate0_gate2_full_subject_single_seed_v1,0,P00,test_-_P00_-_AUNP04,64,pearson_r,0.154327281589969,896,adt_epoch_5,full_subject_single_seed_validation
weissbart_tf64,adt,reconstruction,gate0_gate2_full_subject_single_seed_v1,0,P00,test_-_P00_-_AUNP05,64,pearson_r,0.1872424108115606,1216,adt_epoch_5,full_subject_single_seed_validation
weissbart_tf64,adt,reconstruction,gate0_gate2_full_subject_single_seed_v1,0,P00,test_-_P00_-_AUNP06,64,pearson_r,0.2953295209563711,896,adt_epoch_5,full_subject_single_seed_validation
weissbart_tf64,adt,reconstruction,gate0_gate2_full_subject_single_seed_v1,0,P00,test_-_P00_-_AUNP07,64,pearson_r,0.17354726317237082,1152,adt_epoch_5,full_subject_single_seed_validation
weissbart_tf64,adt,reconstruction,gate0_gate2_full_subject_single_seed_v1,0,P00,test_-_P00_-_AUNP08,64,pearson_r,0.12762741094409316,1152,adt_epoch_5,full_subject_single_seed_validation
weissbart_tf64,adt,reconstruction,gate0_gate2_full_subject_single_seed_v1,0,P00,test_-_P00_-_BROP01,64,pearson_r,0.2996076791505151,1024,adt_epoch_5,full_subject_single_seed_validation
weissbart_tf64,adt,reconstruction,gate0_gate2_full_subject_single_seed_v1,0,P00,test_-_P00_-_BROP02,64,pearson_r,0.2994080339468817,1152,adt_epoch_5,full_subject_single_seed_validation
weissbart_tf64,adt,reconstruction,gate0_gate2_full_subject_single_seed_v1,0,P00,test_-_P00_-_BROP03,64,pearson_r,0.21381086306037694,1024,adt_epoch_5,full_subject_single_seed_validation
weissbart_tf64,adt,reconstruction,gate0_gate2_full_subject_single_seed_v1,0,P00,test_-_P00_-_FLOP01,64,pearson_r,0.17201657693970254,768,adt_epoch_5,full_subject_single_seed_validation
weissbart_tf64,adt,reconstruction,gate0_gate2_full_subject_single_seed_v1,0,P00,test_-_P00_-_FLOP02,64,pearson_r,0.276768013098234,704,adt_epoch_5,full_subject_single_seed_validation
weissbart_tf64,adt,reconstruction,gate0_gate2_full_subject_single_seed_v1,0,P00,test_-_P00_-_FLOP03,64,pearson_r,0.42871951981792156,704,adt_epoch_5,full_subject_single_seed_validation
weissbart_tf64,adt,reconstruction,gate0_gate2_full_subject_single_seed_v1,0,P00,test_-_P00_-_FLOP04,64,pearson_r,0.06559601315490905,1216,adt_epoch_5,full_subject_single_seed_validation
weissbart_tf64,ridge,reconstruction,gate0_gate2_full_subject_single_seed_v1,0,P01,test_-_P01_-_AUNP01,64,pearson_r,0.24154011510421794,990,ridge_alpha_1.0,full_subject_single_seed_validation
weissbart_tf64,ridge,reconstruction,gate0_gate2_full_subject_single_seed_v1,0,P01,test_-_P01_-_AUNP02,64,pearson_r,0.0892294879709819,970,ridge_alpha_1.0,full_subject_single_seed_validation
weissbart_tf64,ridge,reconstruction,gate0_gate2_full_subject_single_seed_v1,0,P01,test_-_P01_-_AUNP03,64,pearson_r,0.07017743008219841,890,ridge_alpha_1.0,full_subject_single_seed_validation
weissbart_tf64,ridge,reconstruction,gate0_gate2_full_subject_single_seed_v1,0,P01,test_-_P01_-_AUNP04,64,pearson_r,0.2063263998347186,870,ridge_alpha_1.0,full_subject_single_seed_validation
weissbart_tf64,ridge,reconstruction,gate0_gate2_full_subject_single_seed_v1,0,P01,test_-_P01_-_AUNP05,64,pearson_r,0.17455851766296776,1191,ridge_alpha_1.0,full_subject_single_seed_validation
weissbart_tf64,ridge,reconstruction,gate0_gate2_full_subject_single_seed_v1,0,P01,test_-_P01_-_AUNP06,64,pearson_r,0.021823165367189826,894,ridge_alpha_1.0,full_subject_single_seed_validation
weissbart_tf64,ridge,reconstruction,gate0_gate2_full_subject_single_seed_v1,0,P01,test_-_P01_-_AUNP07,64,pearson_r,0.1351355011834751,1134,ridge_alpha_1.0,full_subject_single_seed_validation
weissbart_tf64,ridge,reconstruction,gate0_gate2_full_subject_single_seed_v1,0,P01,test_-_P01_-_AUNP08,64,pearson_r,-0.016434997314781513,1104,ridge_alpha_1.0,full_subject_single_seed_validation
weissbart_tf64,ridge,reconstruction,gate0_gate2_full_subject_single_seed_v1,0,P01,test_-_P01_-_BROP01,64,pearson_r,-0.025264357796605946,1017,ridge_alpha_1.0,full_subject_single_seed_validation
weissbart_tf64,ridge,reconstruction,gate0_gate2_full_subject_single_seed_v1,0,P01,test_-_P01_-_BROP02,64,pearson_r,-0.023749900005893988,1120,ridge_alpha_1.0,full_subject_single_seed_validation
weissbart_tf64,ridge,reconstruction,gate0_gate2_full_subject_single_seed_v1,0,P01,test_-_P01_-_BROP03,64,pearson_r,-0.0819544470200991,1000,ridge_alpha_1.0,full_subject_single_seed_validation
weissbart_tf64,ridge,reconstruction,gate0_gate2_full_subject_single_seed_v1,0,P01,test_-_P01_-_FLOP01,64,pearson_r,0.036243974547156575,779,ridge_alpha_1.0,full_subject_single_seed_validation
weissbart_tf64,ridge,reconstruction,gate0_gate2_full_subject_single_seed_v1,0,P01,test_-_P01_-_FLOP02,64,pearson_r,0.09080637755047939,699,ridge_alpha_1.0,full_subject_single_seed_validation
weissbart_tf64,ridge,reconstruction,gate0_gate2_full_subject_single_seed_v1,0,P01,test_-_P01_-_FLOP03,64,pearson_r,0.1955393542128182,655,ridge_alpha_1.0,full_subject_single_seed_validation
weissbart_tf64,ridge,reconstruction,gate0_gate2_full_subject_single_seed_v1,0,P01,test_-_P01_-_FLOP04,64,pearson_r,0.14887550311060266,1213,ridge_alpha_1.0,full_subject_single_seed_validation
weissbart_tf64,cca,reconstruction,gate0_gate2_full_subject_single_seed_v1,0,P01,test_-_P01_-_AUNP01,64,pearson_r,0.21719739913109792,990,cca_nc_4,full_subject_single_seed_validation
weissbart_tf64,cca,reconstruction,gate0_gate2_full_subject_single_seed_v1,0,P01,test_-_P01_-_AUNP02,64,pearson_r,-0.0335053497377344,970,cca_nc_4,full_subject_single_seed_validation
weissbart_tf64,cca,reconstruction,gate0_gate2_full_subject_single_seed_v1,0,P01,test_-_P01_-_AUNP03,64,pearson_r,0.23083624712934453,890,cca_nc_4,full_subject_single_seed_validation
weissbart_tf64,cca,reconstruction,gate0_gate2_full_subject_single_seed_v1,0,P01,test_-_P01_-_AUNP04,64,pearson_r,0.30729081791558455,870,cca_nc_4,full_subject_single_seed_validation
weissbart_tf64,cca,reconstruction,gate0_gate2_full_subject_single_seed_v1,0,P01,test_-_P01_-_AUNP05,64,pearson_r,0.10404696114479524,1191,cca_nc_4,full_subject_single_seed_validation
weissbart_tf64,cca,reconstruction,gate0_gate2_full_subject_single_seed_v1,0,P01,test_-_P01_-_AUNP06,64,pearson_r,0.04190812867385578,894,cca_nc_4,full_subject_single_seed_validation
weissbart_tf64,cca,reconstruction,gate0_gate2_full_subject_single_seed_v1,0,P01,test_-_P01_-_AUNP07,64,pearson_r,0.08540863750589703,1134,cca_nc_4,full_subject_single_seed_validation
weissbart_tf64,cca,reconstruction,gate0_gate2_full_subject_single_seed_v1,0,P01,test_-_P01_-_AUNP08,64,pearson_r,0.015153480746129731,1104,cca_nc_4,full_subject_single_seed_validation
weissbart_tf64,cca,reconstruction,gate0_gate2_full_subject_single_seed_v1,0,P01,test_-_P01_-_BROP01,64,pearson_r,0.04060794384477635,1017,cca_nc_4,full_subject_single_seed_validation
weissbart_tf64,cca,reconstruction,gate0_gate2_full_subject_single_seed_v1,0,P01,test_-_P01_-_BROP02,64,pearson_r,0.036823853042647625,1120,cca_nc_4,full_subject_single_seed_validation
weissbart_tf64,cca,reconstruction,gate0_gate2_full_subject_single_seed_v1,0,P01,test_-_P01_-_BROP03,64,pearson_r,-0.13395019846748396,1000,cca_nc_4,full_subject_single_seed_validation
weissbart_tf64,cca,reconstruction,gate0_gate2_full_subject_single_seed_v1,0,P01,test_-_P01_-_FLOP01,64,pearson_r,0.11510598733711472,779,cca_nc_4,full_subject_single_seed_validation
weissbart_tf64,cca,reconstruction,gate0_gate2_full_subject_single_seed_v1,0,P01,test_-_P01_-_FLOP02,64,pearson_r,-0.0014603366408477646,699,cca_nc_4,full_subject_single_seed_validation
weissbart_tf64,cca,reconstruction,gate0_gate2_full_subject_single_seed_v1,0,P01,test_-_P01_-_FLOP03,64,pearson_r,0.15654660426026432,655,cca_nc_4,full_subject_single_seed_validation
weissbart_tf64,cca,reconstruction,gate0_gate2_full_subject_single_seed_v1,0,P01,test_-_P01_-_FLOP04,64,pearson_r,0.2423020612561242,1213,cca_nc_4,full_subject_single_seed_validation
weissbart_tf64,fcnn,reconstruction,gate0_gate2_full_subject_single_seed_v1,0,P01,test_-_P01_-_AUNP01,64,pearson_r,0.15966775271456093,990,fcnn_epoch_5,full_subject_single_seed_validation
weissbart_tf64,fcnn,reconstruction,gate0_gate2_full_subject_single_seed_v1,0,P01,test_-_P01_-_AUNP02,64,pearson_r,0.12231857722633156,970,fcnn_epoch_5,full_subject_single_seed_validation
weissbart_tf64,fcnn,reconstruction,gate0_gate2_full_subject_single_seed_v1,0,P01,test_-_P01_-_AUNP03,64,pearson_r,0.022597063682192487,890,fcnn_epoch_5,full_subject_single_seed_validation
weissbart_tf64,fcnn,reconstruction,gate0_gate2_full_subject_single_seed_v1,0,P01,test_-_P01_-_AUNP04,64,pearson_r,0.24114498660560033,870,fcnn_epoch_5,full_subject_single_seed_validation
weissbart_tf64,fcnn,reconstruction,gate0_gate2_full_subject_single_seed_v1,0,P01,test_-_P01_-_AUNP05,64,pearson_r,0.09097354093233063,1191,fcnn_epoch_5,full_subject_single_seed_validation
weissbart_tf64,fcnn,reconstruction,gate0_gate2_full_subject_single_seed_v1,0,P01,test_-_P01_-_AUNP06,64,pearson_r,0.04447440884257855,894,fcnn_epoch_5,full_subject_single_seed_validation
weissbart_tf64,fcnn,reconstruction,gate0_gate2_full_subject_single_seed_v1,0,P01,test_-_P01_-_AUNP07,64,pearson_r,0.13160719713613966,1134,fcnn_epoch_5,full_subject_single_seed_validation
weissbart_tf64,fcnn,reconstruction,gate0_gate2_full_subject_single_seed_v1,0,P01,test_-_P01_-_AUNP08,64,pearson_r,-0.03563473270553428,1104,fcnn_epoch_5,full_subject_single_seed_validation
weissbart_tf64,fcnn,reconstruction,gate0_gate2_full_subject_single_seed_v1,0,P01,test_-_P01_-_BROP01,64,pearson_r,0.06754860892228177,1017,fcnn_epoch_5,full_subject_single_seed_validation
weissbart_tf64,fcnn,reconstruction,gate0_gate2_full_subject_single_seed_v1,0,P01,test_-_P01_-_BROP02,64,pearson_r,0.020493246744201873,1120,fcnn_epoch_5,full_subject_single_seed_validation
weissbart_tf64,fcnn,reconstruction,gate0_gate2_full_subject_single_seed_v1,0,P01,test_-_P01_-_BROP03,64,pearson_r,0.04390014843869391,1000,fcnn_epoch_5,full_subject_single_seed_validation
weissbart_tf64,fcnn,reconstruction,gate0_gate2_full_subject_single_seed_v1,0,P01,test_-_P01_-_FLOP01,64,pearson_r,0.040715610060122094,779,fcnn_epoch_5,full_subject_single_seed_validation
weissbart_tf64,fcnn,reconstruction,gate0_gate2_full_subject_single_seed_v1,0,P01,test_-_P01_-_FLOP02,64,pearson_r,0.16788055737437824,699,fcnn_epoch_5,full_subject_single_seed_validation
weissbart_tf64,fcnn,reconstruction,gate0_gate2_full_subject_single_seed_v1,0,P01,test_-_P01_-_FLOP03,64,pearson_r,0.2035417166012663,655,fcnn_epoch_5,full_subject_single_seed_validation
weissbart_tf64,fcnn,reconstruction,gate0_gate2_full_subject_single_seed_v1,0,P01,test_-_P01_-_FLOP04,64,pearson_r,0.12919204955561983,1213,fcnn_epoch_5,full_subject_single_seed_validation
weissbart_tf64,adt,reconstruction,gate0_gate2_full_subject_single_seed_v1,0,P01,test_-_P01_-_AUNP01,64,pearson_r,0.1906013963112006,1024,adt_epoch_5,full_subject_single_seed_validation
weissbart_tf64,adt,reconstruction,gate0_gate2_full_subject_single_seed_v1,0,P01,test_-_P01_-_AUNP02,64,pearson_r,0.21709121748316634,960,adt_epoch_5,full_subject_single_seed_validation
weissbart_tf64,adt,reconstruction,gate0_gate2_full_subject_single_seed_v1,0,P01,test_-_P01_-_AUNP03,64,pearson_r,0.04683367124746862,896,adt_epoch_5,full_subject_single_seed_validation
weissbart_tf64,adt,reconstruction,gate0_gate2_full_subject_single_seed_v1,0,P01,test_-_P01_-_AUNP04,64,pearson_r,-0.12833704281701344,896,adt_epoch_5,full_subject_single_seed_validation
weissbart_tf64,adt,reconstruction,gate0_gate2_full_subject_single_seed_v1,0,P01,test_-_P01_-_AUNP05,64,pearson_r,0.10917735203252524,1216,adt_epoch_5,full_subject_single_seed_validation
weissbart_tf64,adt,reconstruction,gate0_gate2_full_subject_single_seed_v1,0,P01,test_-_P01_-_AUNP06,64,pearson_r,0.2059194786038702,896,adt_epoch_5,full_subject_single_seed_validation
weissbart_tf64,adt,reconstruction,gate0_gate2_full_subject_single_seed_v1,0,P01,test_-_P01_-_AUNP07,64,pearson_r,0.058034060028177605,1152,adt_epoch_5,full_subject_single_seed_validation
weissbart_tf64,adt,reconstruction,gate0_gate2_full_subject_single_seed_v1,0,P01,test_-_P01_-_AUNP08,64,pearson_r,0.044155192399061356,1152,adt_epoch_5,full_subject_single_seed_validation
weissbart_tf64,adt,reconstruction,gate0_gate2_full_subject_single_seed_v1,0,P01,test_-_P01_-_BROP01,64,pearson_r,0.16445761069871162,1024,adt_epoch_5,full_subject_single_seed_validation
weissbart_tf64,adt,reconstruction,gate0_gate2_full_subject_single_seed_v1,0,P01,test_-_P01_-_BROP02,64,pearson_r,0.09220413451725752,1152,adt_epoch_5,full_subject_single_seed_validation
weissbart_tf64,adt,reconstruction,gate0_gate2_full_subject_single_seed_v1,0,P01,test_-_P01_-_BROP03,64,pearson_r,0.2452823774981503,1024,adt_epoch_5,full_subject_single_seed_validation
weissbart_tf64,adt,reconstruction,gate0_gate2_full_subject_single_seed_v1,0,P01,test_-_P01_-_FLOP01,64,pearson_r,0.11949915846299632,768,adt_epoch_5,full_subject_single_seed_validation
weissbart_tf64,adt,reconstruction,gate0_gate2_full_subject_single_seed_v1,0,P01,test_-_P01_-_FLOP02,64,pearson_r,-0.1418414479353603,704,adt_epoch_5,full_subject_single_seed_validation
weissbart_tf64,adt,reconstruction,gate0_gate2_full_subject_single_seed_v1,0,P01,test_-_P01_-_FLOP03,64,pearson_r,0.12046431073401109,704,adt_epoch_5,full_subject_single_seed_validation
weissbart_tf64,adt,reconstruction,gate0_gate2_full_subject_single_seed_v1,0,P01,test_-_P01_-_FLOP04,64,pearson_r,0.07058795084492027,1216,adt_epoch_5,full_subject_single_seed_validation
weissbart_tf64,ridge,reconstruction,gate0_gate2_full_subject_single_seed_v1,0,P02,test_-_P02_-_AUNP01,64,pearson_r,0.18099611258382503,990,ridge_alpha_100.0,full_subject_single_seed_validation
weissbart_tf64,ridge,reconstruction,gate0_gate2_full_subject_single_seed_v1,0,P02,test_-_P02_-_AUNP02,64,pearson_r,0.06853504587714772,970,ridge_alpha_100.0,full_subject_single_seed_validation
weissbart_tf64,ridge,reconstruction,gate0_gate2_full_subject_single_seed_v1,0,P02,test_-_P02_-_AUNP03,64,pearson_r,0.08232692311316503,890,ridge_alpha_100.0,full_subject_single_seed_validation
weissbart_tf64,ridge,reconstruction,gate0_gate2_full_subject_single_seed_v1,0,P02,test_-_P02_-_AUNP04,64,pearson_r,0.15686356940879959,870,ridge_alpha_100.0,full_subject_single_seed_validation
weissbart_tf64,ridge,reconstruction,gate0_gate2_full_subject_single_seed_v1,0,P02,test_-_P02_-_AUNP05,64,pearson_r,0.16911497376334444,1191,ridge_alpha_100.0,full_subject_single_seed_validation
weissbart_tf64,ridge,reconstruction,gate0_gate2_full_subject_single_seed_v1,0,P02,test_-_P02_-_AUNP06,64,pearson_r,0.16000657824049708,894,ridge_alpha_100.0,full_subject_single_seed_validation
weissbart_tf64,ridge,reconstruction,gate0_gate2_full_subject_single_seed_v1,0,P02,test_-_P02_-_AUNP07,64,pearson_r,0.1099304678014656,1134,ridge_alpha_100.0,full_subject_single_seed_validation
weissbart_tf64,ridge,reconstruction,gate0_gate2_full_subject_single_seed_v1,0,P02,test_-_P02_-_AUNP08,64,pearson_r,0.20818522694084943,1104,ridge_alpha_100.0,full_subject_single_seed_validation
weissbart_tf64,ridge,reconstruction,gate0_gate2_full_subject_single_seed_v1,0,P02,test_-_P02_-_BROP01,64,pearson_r,0.13765652238088225,1017,ridge_alpha_100.0,full_subject_single_seed_validation
weissbart_tf64,ridge,reconstruction,gate0_gate2_full_subject_single_seed_v1,0,P02,test_-_P02_-_BROP02,64,pearson_r,0.11438244880122844,1120,ridge_alpha_100.0,full_subject_single_seed_validation
weissbart_tf64,ridge,reconstruction,gate0_gate2_full_subject_single_seed_v1,0,P02,test_-_P02_-_BROP03,64,pearson_r,0.2324190761176566,1000,ridge_alpha_100.0,full_subject_single_seed_validation
weissbart_tf64,ridge,reconstruction,gate0_gate2_full_subject_single_seed_v1,0,P02,test_-_P02_-_FLOP01,64,pearson_r,0.11202546533803488,779,ridge_alpha_100.0,full_subject_single_seed_validation
weissbart_tf64,ridge,reconstruction,gate0_gate2_full_subject_single_seed_v1,0,P02,test_-_P02_-_FLOP02,64,pearson_r,0.12454961867216943,699,ridge_alpha_100.0,full_subject_single_seed_validation
weissbart_tf64,ridge,reconstruction,gate0_gate2_full_subject_single_seed_v1,0,P02,test_-_P02_-_FLOP03,64,pearson_r,0.15433034950419625,655,ridge_alpha_100.0,full_subject_single_seed_validation
weissbart_tf64,ridge,reconstruction,gate0_gate2_full_subject_single_seed_v1,0,P02,test_-_P02_-_FLOP04,64,pearson_r,0.1807533143896948,1213,ridge_alpha_100.0,full_subject_single_seed_validation
weissbart_tf64,cca,reconstruction,gate0_gate2_full_subject_single_seed_v1,0,P02,test_-_P02_-_AUNP01,64,pearson_r,-0.020662206391672957,990,cca_nc_4,full_subject_single_seed_validation
weissbart_tf64,cca,reconstruction,gate0_gate2_full_subject_single_seed_v1,0,P02,test_-_P02_-_AUNP02,64,pearson_r,0.06952789678431719,970,cca_nc_4,full_subject_single_seed_validation
weissbart_tf64,cca,reconstruction,gate0_gate2_full_subject_single_seed_v1,0,P02,test_-_P02_-_AUNP03,64,pearson_r,0.15680768629347364,890,cca_nc_4,full_subject_single_seed_validation
weissbart_tf64,cca,reconstruction,gate0_gate2_full_subject_single_seed_v1,0,P02,test_-_P02_-_AUNP04,64,pearson_r,0.07205723852530123,870,cca_nc_4,full_subject_single_seed_validation
weissbart_tf64,cca,reconstruction,gate0_gate2_full_subject_single_seed_v1,0,P02,test_-_P02_-_AUNP05,64,pearson_r,-0.11250906201334018,1191,cca_nc_4,full_subject_single_seed_validation
weissbart_tf64,cca,reconstruction,gate0_gate2_full_subject_single_seed_v1,0,P02,test_-_P02_-_AUNP06,64,pearson_r,0.0694620742493624,894,cca_nc_4,full_subject_single_seed_validation
weissbart_tf64,cca,reconstruction,gate0_gate2_full_subject_single_seed_v1,0,P02,test_-_P02_-_AUNP07,64,pearson_r,0.0010371025378493274,1134,cca_nc_4,full_subject_single_seed_validation
weissbart_tf64,cca,reconstruction,gate0_gate2_full_subject_single_seed_v1,0,P02,test_-_P02_-_AUNP08,64,pearson_r,0.05490739150842003,1104,cca_nc_4,full_subject_single_seed_validation
weissbart_tf64,cca,reconstruction,gate0_gate2_full_subject_single_seed_v1,0,P02,test_-_P02_-_BROP01,64,pearson_r,0.020240895519983128,1017,cca_nc_4,full_subject_single_seed_validation
weissbart_tf64,cca,reconstruction,gate0_gate2_full_subject_single_seed_v1,0,P02,test_-_P02_-_BROP02,64,pearson_r,0.13045162357199325,1120,cca_nc_4,full_subject_single_seed_validation
weissbart_tf64,cca,reconstruction,gate0_gate2_full_subject_single_seed_v1,0,P02,test_-_P02_-_BROP03,64,pearson_r,0.18625727762694613,1000,cca_nc_4,full_subject_single_seed_validation
weissbart_tf64,cca,reconstruction,gate0_gate2_full_subject_single_seed_v1,0,P02,test_-_P02_-_FLOP01,64,pearson_r,-0.08390290445452275,779,cca_nc_4,full_subject_single_seed_validation
weissbart_tf64,cca,reconstruction,gate0_gate2_full_subject_single_seed_v1,0,P02,test_-_P02_-_FLOP02,64,pearson_r,-0.12956112585161156,699,cca_nc_4,full_subject_single_seed_validation
weissbart_tf64,cca,reconstruction,gate0_gate2_full_subject_single_seed_v1,0,P02,test_-_P02_-_FLOP03,64,pearson_r,0.03519502911435724,655,cca_nc_4,full_subject_single_seed_validation
weissbart_tf64,cca,reconstruction,gate0_gate2_full_subject_single_seed_v1,0,P02,test_-_P02_-_FLOP04,64,pearson_r,0.2010066758638262,1213,cca_nc_4,full_subject_single_seed_validation
weissbart_tf64,fcnn,reconstruction,gate0_gate2_full_subject_single_seed_v1,0,P02,test_-_P02_-_AUNP01,64,pearson_r,-0.010198389818028113,990,fcnn_epoch_3,full_subject_single_seed_validation
weissbart_tf64,fcnn,reconstruction,gate0_gate2_full_subject_single_seed_v1,0,P02,test_-_P02_-_AUNP02,64,pearson_r,0.18994263381442839,970,fcnn_epoch_3,full_subject_single_seed_validation
weissbart_tf64,fcnn,reconstruction,gate0_gate2_full_subject_single_seed_v1,0,P02,test_-_P02_-_AUNP03,64,pearson_r,0.047546699196434526,890,fcnn_epoch_3,full_subject_single_seed_validation
weissbart_tf64,fcnn,reconstruction,gate0_gate2_full_subject_single_seed_v1,0,P02,test_-_P02_-_AUNP04,64,pearson_r,0.18595862460468696,870,fcnn_epoch_3,full_subject_single_seed_validation
weissbart_tf64,fcnn,reconstruction,gate0_gate2_full_subject_single_seed_v1,0,P02,test_-_P02_-_AUNP05,64,pearson_r,0.09000696846355517,1191,fcnn_epoch_3,full_subject_single_seed_validation
weissbart_tf64,fcnn,reconstruction,gate0_gate2_full_subject_single_seed_v1,0,P02,test_-_P02_-_AUNP06,64,pearson_r,0.1384587190142432,894,fcnn_epoch_3,full_subject_single_seed_validation
weissbart_tf64,fcnn,reconstruction,gate0_gate2_full_subject_single_seed_v1,0,P02,test_-_P02_-_AUNP07,64,pearson_r,-0.0024006039391959604,1134,fcnn_epoch_3,full_subject_single_seed_validation
weissbart_tf64,fcnn,reconstruction,gate0_gate2_full_subject_single_seed_v1,0,P02,test_-_P02_-_AUNP08,64,pearson_r,0.19851798954436997,1104,fcnn_epoch_3,full_subject_single_seed_validation
weissbart_tf64,fcnn,reconstruction,gate0_gate2_full_subject_single_seed_v1,0,P02,test_-_P02_-_BROP01,64,pearson_r,0.1420664075876942,1017,fcnn_epoch_3,full_subject_single_seed_validation
weissbart_tf64,fcnn,reconstruction,gate0_gate2_full_subject_single_seed_v1,0,P02,test_-_P02_-_BROP02,64,pearson_r,0.0015956163917926587,1120,fcnn_epoch_3,full_subject_single_seed_validation
weissbart_tf64,fcnn,reconstruction,gate0_gate2_full_subject_single_seed_v1,0,P02,test_-_P02_-_BROP03,64,pearson_r,0.18432117820913543,1000,fcnn_epoch_3,full_subject_single_seed_validation
weissbart_tf64,fcnn,reconstruction,gate0_gate2_full_subject_single_seed_v1,0,P02,test_-_P02_-_FLOP01,64,pearson_r,0.13681492647582658,779,fcnn_epoch_3,full_subject_single_seed_validation
weissbart_tf64,fcnn,reconstruction,gate0_gate2_full_subject_single_seed_v1,0,P02,test_-_P02_-_FLOP02,64,pearson_r,0.15108669638053132,699,fcnn_epoch_3,full_subject_single_seed_validation
weissbart_tf64,fcnn,reconstruction,gate0_gate2_full_subject_single_seed_v1,0,P02,test_-_P02_-_FLOP03,64,pearson_r,0.06611846325341096,655,fcnn_epoch_3,full_subject_single_seed_validation
weissbart_tf64,fcnn,reconstruction,gate0_gate2_full_subject_single_seed_v1,0,P02,test_-_P02_-_FLOP04,64,pearson_r,0.18333577543376076,1213,fcnn_epoch_3,full_subject_single_seed_validation
weissbart_tf64,adt,reconstruction,gate0_gate2_full_subject_single_seed_v1,0,P02,test_-_P02_-_AUNP01,64,pearson_r,0.31920068944446117,1024,adt_epoch_10,full_subject_single_seed_validation
weissbart_tf64,adt,reconstruction,gate0_gate2_full_subject_single_seed_v1,0,P02,test_-_P02_-_AUNP02,64,pearson_r,-0.142404546818832,960,adt_epoch_10,full_subject_single_seed_validation
weissbart_tf64,adt,reconstruction,gate0_gate2_full_subject_single_seed_v1,0,P02,test_-_P02_-_AUNP03,64,pearson_r,0.28064662316429134,896,adt_epoch_10,full_subject_single_seed_validation
weissbart_tf64,adt,reconstruction,gate0_gate2_full_subject_single_seed_v1,0,P02,test_-_P02_-_AUNP04,64,pearson_r,0.4134058709324599,896,adt_epoch_10,full_subject_single_seed_validation
weissbart_tf64,adt,reconstruction,gate0_gate2_full_subject_single_seed_v1,0,P02,test_-_P02_-_AUNP05,64,pearson_r,0.029001860311376696,1216,adt_epoch_10,full_subject_single_seed_validation
weissbart_tf64,adt,reconstruction,gate0_gate2_full_subject_single_seed_v1,0,P02,test_-_P02_-_AUNP06,64,pearson_r,0.05032840965142544,896,adt_epoch_10,full_subject_single_seed_validation
weissbart_tf64,adt,reconstruction,gate0_gate2_full_subject_single_seed_v1,0,P02,test_-_P02_-_AUNP07,64,pearson_r,0.0705170097581801,1152,adt_epoch_10,full_subject_single_seed_validation
weissbart_tf64,adt,reconstruction,gate0_gate2_full_subject_single_seed_v1,0,P02,test_-_P02_-_AUNP08,64,pearson_r,0.09286258576474979,1152,adt_epoch_10,full_subject_single_seed_validation
weissbart_tf64,adt,reconstruction,gate0_gate2_full_subject_single_seed_v1,0,P02,test_-_P02_-_BROP01,64,pearson_r,0.00989015418245275,1024,adt_epoch_10,full_subject_single_seed_validation
weissbart_tf64,adt,reconstruction,gate0_gate2_full_subject_single_seed_v1,0,P02,test_-_P02_-_BROP02,64,pearson_r,0.19026920264141664,1152,adt_epoch_10,full_subject_single_seed_validation
weissbart_tf64,adt,reconstruction,gate0_gate2_full_subject_single_seed_v1,0,P02,test_-_P02_-_BROP03,64,pearson_r,0.18230221336572872,1024,adt_epoch_10,full_subject_single_seed_validation
weissbart_tf64,adt,reconstruction,gate0_gate2_full_subject_single_seed_v1,0,P02,test_-_P02_-_FLOP01,64,pearson_r,0.20041923383100443,768,adt_epoch_10,full_subject_single_seed_validation
weissbart_tf64,adt,reconstruction,gate0_gate2_full_subject_single_seed_v1,0,P02,test_-_P02_-_FLOP02,64,pearson_r,0.06405805407989311,704,adt_epoch_10,full_subject_single_seed_validation
weissbart_tf64,adt,reconstruction,gate0_gate2_full_subject_single_seed_v1,0,P02,test_-_P02_-_FLOP03,64,pearson_r,0.11798924443900412,704,adt_epoch_10,full_subject_single_seed_validation
weissbart_tf64,adt,reconstruction,gate0_gate2_full_subject_single_seed_v1,0,P02,test_-_P02_-_FLOP04,64,pearson_r,0.12506787580881049,1216,adt_epoch_10,full_subject_single_seed_validation
weissbart_tf64,ridge,reconstruction,gate0_gate2_full_subject_single_seed_v1,0,P03,test_-_P03_-_AUNP01,64,pearson_r,0.0010848379640985937,990,ridge_alpha_100.0,full_subject_single_seed_validation
weissbart_tf64,ridge,reconstruction,gate0_gate2_full_subject_single_seed_v1,0,P03,test_-_P03_-_AUNP02,64,pearson_r,0.19799222065139638,970,ridge_alpha_100.0,full_subject_single_seed_validation
weissbart_tf64,ridge,reconstruction,gate0_gate2_full_subject_single_seed_v1,0,P03,test_-_P03_-_AUNP03,64,pearson_r,0.2524574011261246,890,ridge_alpha_100.0,full_subject_single_seed_validation
weissbart_tf64,ridge,reconstruction,gate0_gate2_full_subject_single_seed_v1,0,P03,test_-_P03_-_AUNP04,64,pearson_r,0.14421260187315119,870,ridge_alpha_100.0,full_subject_single_seed_validation
weissbart_tf64,ridge,reconstruction,gate0_gate2_full_subject_single_seed_v1,0,P03,test_-_P03_-_AUNP05,64,pearson_r,0.09460368638065078,1191,ridge_alpha_100.0,full_subject_single_seed_validation
weissbart_tf64,ridge,reconstruction,gate0_gate2_full_subject_single_seed_v1,0,P03,test_-_P03_-_AUNP06,64,pearson_r,0.28356234914682726,894,ridge_alpha_100.0,full_subject_single_seed_validation
weissbart_tf64,ridge,reconstruction,gate0_gate2_full_subject_single_seed_v1,0,P03,test_-_P03_-_AUNP07,64,pearson_r,0.09509658109762671,1134,ridge_alpha_100.0,full_subject_single_seed_validation
weissbart_tf64,ridge,reconstruction,gate0_gate2_full_subject_single_seed_v1,0,P03,test_-_P03_-_AUNP08,64,pearson_r,0.07819771061283237,1104,ridge_alpha_100.0,full_subject_single_seed_validation
weissbart_tf64,ridge,reconstruction,gate0_gate2_full_subject_single_seed_v1,0,P03,test_-_P03_-_BROP01,64,pearson_r,0.10932485797594742,1017,ridge_alpha_100.0,full_subject_single_seed_validation
weissbart_tf64,ridge,reconstruction,gate0_gate2_full_subject_single_seed_v1,0,P03,test_-_P03_-_BROP02,64,pearson_r,0.15617519474446448,1120,ridge_alpha_100.0,full_subject_single_seed_validation
weissbart_tf64,ridge,reconstruction,gate0_gate2_full_subject_single_seed_v1,0,P03,test_-_P03_-_BROP03,64,pearson_r,0.17226706828522922,1000,ridge_alpha_100.0,full_subject_single_seed_validation
weissbart_tf64,ridge,reconstruction,gate0_gate2_full_subject_single_seed_v1,0,P03,test_-_P03_-_FLOP01,64,pearson_r,0.049102321347313384,779,ridge_alpha_100.0,full_subject_single_seed_validation
weissbart_tf64,ridge,reconstruction,gate0_gate2_full_subject_single_seed_v1,0,P03,test_-_P03_-_FLOP02,64,pearson_r,0.04965548623194426,699,ridge_alpha_100.0,full_subject_single_seed_validation
weissbart_tf64,ridge,reconstruction,gate0_gate2_full_subject_single_seed_v1,0,P03,test_-_P03_-_FLOP03,64,pearson_r,0.4270804481490056,655,ridge_alpha_100.0,full_subject_single_seed_validation
weissbart_tf64,ridge,reconstruction,gate0_gate2_full_subject_single_seed_v1,0,P03,test_-_P03_-_FLOP04,64,pearson_r,0.18848849626476868,1213,ridge_alpha_100.0,full_subject_single_seed_validation
weissbart_tf64,cca,reconstruction,gate0_gate2_full_subject_single_seed_v1,0,P03,test_-_P03_-_AUNP01,64,pearson_r,0.09772821693134737,990,cca_nc_4,full_subject_single_seed_validation
weissbart_tf64,cca,reconstruction,gate0_gate2_full_subject_single_seed_v1,0,P03,test_-_P03_-_AUNP02,64,pearson_r,0.22942282364994496,970,cca_nc_4,full_subject_single_seed_validation
weissbart_tf64,cca,reconstruction,gate0_gate2_full_subject_single_seed_v1,0,P03,test_-_P03_-_AUNP03,64,pearson_r,0.20547060843153397,890,cca_nc_4,full_subject_single_seed_validation
weissbart_tf64,cca,reconstruction,gate0_gate2_full_subject_single_seed_v1,0,P03,test_-_P03_-_AUNP04,64,pearson_r,0.1705559770178326,870,cca_nc_4,full_subject_single_seed_validation
weissbart_tf64,cca,reconstruction,gate0_gate2_full_subject_single_seed_v1,0,P03,test_-_P03_-_AUNP05,64,pearson_r,-0.09142779642805536,1191,cca_nc_4,full_subject_single_seed_validation
weissbart_tf64,cca,reconstruction,gate0_gate2_full_subject_single_seed_v1,0,P03,test_-_P03_-_AUNP06,64,pearson_r,0.3535450090363136,894,cca_nc_4,full_subject_single_seed_validation
weissbart_tf64,cca,reconstruction,gate0_gate2_full_subject_single_seed_v1,0,P03,test_-_P03_-_AUNP07,64,pearson_r,-0.03054106274008321,1134,cca_nc_4,full_subject_single_seed_validation
weissbart_tf64,cca,reconstruction,gate0_gate2_full_subject_single_seed_v1,0,P03,test_-_P03_-_AUNP08,64,pearson_r,0.07630544378969918,1104,cca_nc_4,full_subject_single_seed_validation
weissbart_tf64,cca,reconstruction,gate0_gate2_full_subject_single_seed_v1,0,P03,test_-_P03_-_BROP01,64,pearson_r,0.09644058435184973,1017,cca_nc_4,full_subject_single_seed_validation
weissbart_tf64,cca,reconstruction,gate0_gate2_full_subject_single_seed_v1,0,P03,test_-_P03_-_BROP02,64,pearson_r,0.015220897543975908,1120,cca_nc_4,full_subject_single_seed_validation
weissbart_tf64,cca,reconstruction,gate0_gate2_full_subject_single_seed_v1,0,P03,test_-_P03_-_BROP03,64,pearson_r,0.06982730325934915,1000,cca_nc_4,full_subject_single_seed_validation
weissbart_tf64,cca,reconstruction,gate0_gate2_full_subject_single_seed_v1,0,P03,test_-_P03_-_FLOP01,64,pearson_r,0.002698685814028308,779,cca_nc_4,full_subject_single_seed_validation
weissbart_tf64,cca,reconstruction,gate0_gate2_full_subject_single_seed_v1,0,P03,test_-_P03_-_FLOP02,64,pearson_r,-0.005208649991970282,699,cca_nc_4,full_subject_single_seed_validation
weissbart_tf64,cca,reconstruction,gate0_gate2_full_subject_single_seed_v1,0,P03,test_-_P03_-_FLOP03,64,pearson_r,0.23046096740749533,655,cca_nc_4,full_subject_single_seed_validation
weissbart_tf64,cca,reconstruction,gate0_gate2_full_subject_single_seed_v1,0,P03,test_-_P03_-_FLOP04,64,pearson_r,-0.03515404315603132,1213,cca_nc_4,full_subject_single_seed_validation
weissbart_tf64,fcnn,reconstruction,gate0_gate2_full_subject_single_seed_v1,0,P03,test_-_P03_-_AUNP01,64,pearson_r,0.18407931602986888,990,fcnn_epoch_0,full_subject_single_seed_validation
weissbart_tf64,fcnn,reconstruction,gate0_gate2_full_subject_single_seed_v1,0,P03,test_-_P03_-_AUNP02,64,pearson_r,0.23955674054484094,970,fcnn_epoch_0,full_subject_single_seed_validation
weissbart_tf64,fcnn,reconstruction,gate0_gate2_full_subject_single_seed_v1,0,P03,test_-_P03_-_AUNP03,64,pearson_r,0.12330004808999824,890,fcnn_epoch_0,full_subject_single_seed_validation
weissbart_tf64,fcnn,reconstruction,gate0_gate2_full_subject_single_seed_v1,0,P03,test_-_P03_-_AUNP04,64,pearson_r,0.15643529855475216,870,fcnn_epoch_0,full_subject_single_seed_validation
weissbart_tf64,fcnn,reconstruction,gate0_gate2_full_subject_single_seed_v1,0,P03,test_-_P03_-_AUNP05,64,pearson_r,0.006006823804192739,1191,fcnn_epoch_0,full_subject_single_seed_validation
weissbart_tf64,fcnn,reconstruction,gate0_gate2_full_subject_single_seed_v1,0,P03,test_-_P03_-_AUNP06,64,pearson_r,0.28682475104979643,894,fcnn_epoch_0,full_subject_single_seed_validation
weissbart_tf64,fcnn,reconstruction,gate0_gate2_full_subject_single_seed_v1,0,P03,test_-_P03_-_AUNP07,64,pearson_r,-0.05713343850955323,1134,fcnn_epoch_0,full_subject_single_seed_validation
weissbart_tf64,fcnn,reconstruction,gate0_gate2_full_subject_single_seed_v1,0,P03,test_-_P03_-_AUNP08,64,pearson_r,0.14021931131135626,1104,fcnn_epoch_0,full_subject_single_seed_validation
weissbart_tf64,fcnn,reconstruction,gate0_gate2_full_subject_single_seed_v1,0,P03,test_-_P03_-_BROP01,64,pearson_r,0.042516401545370834,1017,fcnn_epoch_0,full_subject_single_seed_validation
weissbart_tf64,fcnn,reconstruction,gate0_gate2_full_subject_single_seed_v1,0,P03,test_-_P03_-_BROP02,64,pearson_r,0.04892562752929493,1120,fcnn_epoch_0,full_subject_single_seed_validation
weissbart_tf64,fcnn,reconstruction,gate0_gate2_full_subject_single_seed_v1,0,P03,test_-_P03_-_BROP03,64,pearson_r,0.10365150358067336,1000,fcnn_epoch_0,full_subject_single_seed_validation
weissbart_tf64,fcnn,reconstruction,gate0_gate2_full_subject_single_seed_v1,0,P03,test_-_P03_-_FLOP01,64,pearson_r,-0.04169310589849774,779,fcnn_epoch_0,full_subject_single_seed_validation
weissbart_tf64,fcnn,reconstruction,gate0_gate2_full_subject_single_seed_v1,0,P03,test_-_P03_-_FLOP02,64,pearson_r,-0.018462452108869272,699,fcnn_epoch_0,full_subject_single_seed_validation
weissbart_tf64,fcnn,reconstruction,gate0_gate2_full_subject_single_seed_v1,0,P03,test_-_P03_-_FLOP03,64,pearson_r,0.12901190086003905,655,fcnn_epoch_0,full_subject_single_seed_validation
weissbart_tf64,fcnn,reconstruction,gate0_gate2_full_subject_single_seed_v1,0,P03,test_-_P03_-_FLOP04,64,pearson_r,0.052019670354724976,1213,fcnn_epoch_0,full_subject_single_seed_validation
weissbart_tf64,adt,reconstruction,gate0_gate2_full_subject_single_seed_v1,0,P03,test_-_P03_-_AUNP01,64,pearson_r,0.14720036957751256,1024,adt_epoch_3,full_subject_single_seed_validation
weissbart_tf64,adt,reconstruction,gate0_gate2_full_subject_single_seed_v1,0,P03,test_-_P03_-_AUNP02,64,pearson_r,0.22018556667907824,960,adt_epoch_3,full_subject_single_seed_validation
weissbart_tf64,adt,reconstruction,gate0_gate2_full_subject_single_seed_v1,0,P03,test_-_P03_-_AUNP03,64,pearson_r,-0.03153086428392296,896,adt_epoch_3,full_subject_single_seed_validation
weissbart_tf64,adt,reconstruction,gate0_gate2_full_subject_single_seed_v1,0,P03,test_-_P03_-_AUNP04,64,pearson_r,0.44683515259399476,896,adt_epoch_3,full_subject_single_seed_validation
weissbart_tf64,adt,reconstruction,gate0_gate2_full_subject_single_seed_v1,0,P03,test_-_P03_-_AUNP05,64,pearson_r,0.13118549864786383,1216,adt_epoch_3,full_subject_single_seed_validation
weissbart_tf64,adt,reconstruction,gate0_gate2_full_subject_single_seed_v1,0,P03,test_-_P03_-_AUNP06,64,pearson_r,0.3208057305489622,896,adt_epoch_3,full_subject_single_seed_validation
weissbart_tf64,adt,reconstruction,gate0_gate2_full_subject_single_seed_v1,0,P03,test_-_P03_-_AUNP07,64,pearson_r,0.24253013849087005,1152,adt_epoch_3,full_subject_single_seed_validation
weissbart_tf64,adt,reconstruction,gate0_gate2_full_subject_single_seed_v1,0,P03,test_-_P03_-_AUNP08,64,pearson_r,0.12098960543913656,1152,adt_epoch_3,full_subject_single_seed_validation
weissbart_tf64,adt,reconstruction,gate0_gate2_full_subject_single_seed_v1,0,P03,test_-_P03_-_BROP01,64,pearson_r,0.028589015343636757,1024,adt_epoch_3,full_subject_single_seed_validation
weissbart_tf64,adt,reconstruction,gate0_gate2_full_subject_single_seed_v1,0,P03,test_-_P03_-_BROP02,64,pearson_r,0.10716208655489787,1152,adt_epoch_3,full_subject_single_seed_validation
weissbart_tf64,adt,reconstruction,gate0_gate2_full_subject_single_seed_v1,0,P03,test_-_P03_-_BROP03,64,pearson_r,0.12095914155445858,1024,adt_epoch_3,full_subject_single_seed_validation
weissbart_tf64,adt,reconstruction,gate0_gate2_full_subject_single_seed_v1,0,P03,test_-_P03_-_FLOP01,64,pearson_r,0.02240941342489997,768,adt_epoch_3,full_subject_single_seed_validation
weissbart_tf64,adt,reconstruction,gate0_gate2_full_subject_single_seed_v1,0,P03,test_-_P03_-_FLOP02,64,pearson_r,0.14168311872499612,704,adt_epoch_3,full_subject_single_seed_validation
weissbart_tf64,adt,reconstruction,gate0_gate2_full_subject_single_seed_v1,0,P03,test_-_P03_-_FLOP03,64,pearson_r,0.47872835678617587,704,adt_epoch_3,full_subject_single_seed_validation
weissbart_tf64,adt,reconstruction,gate0_gate2_full_subject_single_seed_v1,0,P03,test_-_P03_-_FLOP04,64,pearson_r,0.07714093318810664,1216,adt_epoch_3,full_subject_single_seed_validation
weissbart_tf64,ridge,reconstruction,gate0_gate2_full_subject_single_seed_v1,0,P04,test_-_P04_-_AUNP01,64,pearson_r,0.11077526596579164,990,ridge_alpha_100.0,full_subject_single_seed_validation
weissbart_tf64,ridge,reconstruction,gate0_gate2_full_subject_single_seed_v1,0,P04,test_-_P04_-_AUNP02,64,pearson_r,0.048418392486998356,970,ridge_alpha_100.0,full_subject_single_seed_validation
weissbart_tf64,ridge,reconstruction,gate0_gate2_full_subject_single_seed_v1,0,P04,test_-_P04_-_AUNP03,64,pearson_r,0.04493054179153891,890,ridge_alpha_100.0,full_subject_single_seed_validation
weissbart_tf64,ridge,reconstruction,gate0_gate2_full_subject_single_seed_v1,0,P04,test_-_P04_-_AUNP04,64,pearson_r,0.25564257620544983,870,ridge_alpha_100.0,full_subject_single_seed_validation
weissbart_tf64,ridge,reconstruction,gate0_gate2_full_subject_single_seed_v1,0,P04,test_-_P04_-_AUNP05,64,pearson_r,0.1823043368571848,1191,ridge_alpha_100.0,full_subject_single_seed_validation
weissbart_tf64,ridge,reconstruction,gate0_gate2_full_subject_single_seed_v1,0,P04,test_-_P04_-_AUNP06,64,pearson_r,0.2161764618881091,894,ridge_alpha_100.0,full_subject_single_seed_validation
weissbart_tf64,ridge,reconstruction,gate0_gate2_full_subject_single_seed_v1,0,P04,test_-_P04_-_AUNP07,64,pearson_r,0.025103725118964644,1134,ridge_alpha_100.0,full_subject_single_seed_validation
weissbart_tf64,ridge,reconstruction,gate0_gate2_full_subject_single_seed_v1,0,P04,test_-_P04_-_AUNP08,64,pearson_r,-0.006153902838427712,1104,ridge_alpha_100.0,full_subject_single_seed_validation
weissbart_tf64,ridge,reconstruction,gate0_gate2_full_subject_single_seed_v1,0,P04,test_-_P04_-_BROP01,64,pearson_r,0.048688550449586004,1017,ridge_alpha_100.0,full_subject_single_seed_validation
weissbart_tf64,ridge,reconstruction,gate0_gate2_full_subject_single_seed_v1,0,P04,test_-_P04_-_BROP02,64,pearson_r,0.09737839941648946,1120,ridge_alpha_100.0,full_subject_single_seed_validation
weissbart_tf64,ridge,reconstruction,gate0_gate2_full_subject_single_seed_v1,0,P04,test_-_P04_-_BROP03,64,pearson_r,0.257946738108869,1000,ridge_alpha_100.0,full_subject_single_seed_validation
weissbart_tf64,ridge,reconstruction,gate0_gate2_full_subject_single_seed_v1,0,P04,test_-_P04_-_FLOP01,64,pearson_r,0.13667828356822348,779,ridge_alpha_100.0,full_subject_single_seed_validation
weissbart_tf64,ridge,reconstruction,gate0_gate2_full_subject_single_seed_v1,0,P04,test_-_P04_-_FLOP02,64,pearson_r,0.2713418749226588,699,ridge_alpha_100.0,full_subject_single_seed_validation
weissbart_tf64,ridge,reconstruction,gate0_gate2_full_subject_single_seed_v1,0,P04,test_-_P04_-_FLOP03,64,pearson_r,0.4123573080779096,655,ridge_alpha_100.0,full_subject_single_seed_validation
weissbart_tf64,ridge,reconstruction,gate0_gate2_full_subject_single_seed_v1,0,P04,test_-_P04_-_FLOP04,64,pearson_r,0.24470347316124844,1213,ridge_alpha_100.0,full_subject_single_seed_validation
weissbart_tf64,cca,reconstruction,gate0_gate2_full_subject_single_seed_v1,0,P04,test_-_P04_-_AUNP01,64,pearson_r,0.024268855025597922,990,cca_nc_4,full_subject_single_seed_validation
weissbart_tf64,cca,reconstruction,gate0_gate2_full_subject_single_seed_v1,0,P04,test_-_P04_-_AUNP02,64,pearson_r,-0.04620445763351093,970,cca_nc_4,full_subject_single_seed_validation
weissbart_tf64,cca,reconstruction,gate0_gate2_full_subject_single_seed_v1,0,P04,test_-_P04_-_AUNP03,64,pearson_r,0.22385030462940753,890,cca_nc_4,full_subject_single_seed_validation
weissbart_tf64,cca,reconstruction,gate0_gate2_full_subject_single_seed_v1,0,P04,test_-_P04_-_AUNP04,64,pearson_r,0.16491499677487556,870,cca_nc_4,full_subject_single_seed_validation
weissbart_tf64,cca,reconstruction,gate0_gate2_full_subject_single_seed_v1,0,P04,test_-_P04_-_AUNP05,64,pearson_r,0.1159515444556506,1191,cca_nc_4,full_subject_single_seed_validation
weissbart_tf64,cca,reconstruction,gate0_gate2_full_subject_single_seed_v1,0,P04,test_-_P04_-_AUNP06,64,pearson_r,0.2276553149166527,894,cca_nc_4,full_subject_single_seed_validation
weissbart_tf64,cca,reconstruction,gate0_gate2_full_subject_single_seed_v1,0,P04,test_-_P04_-_AUNP07,64,pearson_r,0.13644232046924692,1134,cca_nc_4,full_subject_single_seed_validation
weissbart_tf64,cca,reconstruction,gate0_gate2_full_subject_single_seed_v1,0,P04,test_-_P04_-_AUNP08,64,pearson_r,-0.17542402606914342,1104,cca_nc_4,full_subject_single_seed_validation
weissbart_tf64,cca,reconstruction,gate0_gate2_full_subject_single_seed_v1,0,P04,test_-_P04_-_BROP01,64,pearson_r,-0.009001278890273743,1017,cca_nc_4,full_subject_single_seed_validation
weissbart_tf64,cca,reconstruction,gate0_gate2_full_subject_single_seed_v1,0,P04,test_-_P04_-_BROP02,64,pearson_r,0.015237030543320786,1120,cca_nc_4,full_subject_single_seed_validation
weissbart_tf64,cca,reconstruction,gate0_gate2_full_subject_single_seed_v1,0,P04,test_-_P04_-_BROP03,64,pearson_r,0.2183163539709911,1000,cca_nc_4,full_subject_single_seed_validation
weissbart_tf64,cca,reconstruction,gate0_gate2_full_subject_single_seed_v1,0,P04,test_-_P04_-_FLOP01,64,pearson_r,0.1356365380450673,779,cca_nc_4,full_subject_single_seed_validation
weissbart_tf64,cca,reconstruction,gate0_gate2_full_subject_single_seed_v1,0,P04,test_-_P04_-_FLOP02,64,pearson_r,-0.04039028553913078,699,cca_nc_4,full_subject_single_seed_validation
weissbart_tf64,cca,reconstruction,gate0_gate2_full_subject_single_seed_v1,0,P04,test_-_P04_-_FLOP03,64,pearson_r,0.1206011986991042,655,cca_nc_4,full_subject_single_seed_validation
weissbart_tf64,cca,reconstruction,gate0_gate2_full_subject_single_seed_v1,0,P04,test_-_P04_-_FLOP04,64,pearson_r,0.07726111363411259,1213,cca_nc_4,full_subject_single_seed_validation
weissbart_tf64,fcnn,reconstruction,gate0_gate2_full_subject_single_seed_v1,0,P04,test_-_P04_-_AUNP01,64,pearson_r,-0.030955540199958238,990,fcnn_epoch_0,full_subject_single_seed_validation
weissbart_tf64,fcnn,reconstruction,gate0_gate2_full_subject_single_seed_v1,0,P04,test_-_P04_-_AUNP02,64,pearson_r,-0.07139299286237634,970,fcnn_epoch_0,full_subject_single_seed_validation
weissbart_tf64,fcnn,reconstruction,gate0_gate2_full_subject_single_seed_v1,0,P04,test_-_P04_-_AUNP03,64,pearson_r,0.13861408761675018,890,fcnn_epoch_0,full_subject_single_seed_validation
weissbart_tf64,fcnn,reconstruction,gate0_gate2_full_subject_single_seed_v1,0,P04,test_-_P04_-_AUNP04,64,pearson_r,0.2585974592849199,870,fcnn_epoch_0,full_subject_single_seed_validation
weissbart_tf64,fcnn,reconstruction,gate0_gate2_full_subject_single_seed_v1,0,P04,test_-_P04_-_AUNP05,64,pearson_r,0.09260818234205774,1191,fcnn_epoch_0,full_subject_single_seed_validation
weissbart_tf64,fcnn,reconstruction,gate0_gate2_full_subject_single_seed_v1,0,P04,test_-_P04_-_AUNP06,64,pearson_r,0.27755396045753866,894,fcnn_epoch_0,full_subject_single_seed_validation
weissbart_tf64,fcnn,reconstruction,gate0_gate2_full_subject_single_seed_v1,0,P04,test_-_P04_-_AUNP07,64,pearson_r,0.06578901457348077,1134,fcnn_epoch_0,full_subject_single_seed_validation
weissbart_tf64,fcnn,reconstruction,gate0_gate2_full_subject_single_seed_v1,0,P04,test_-_P04_-_AUNP08,64,pearson_r,-0.13600485817338553,1104,fcnn_epoch_0,full_subject_single_seed_validation
weissbart_tf64,fcnn,reconstruction,gate0_gate2_full_subject_single_seed_v1,0,P04,test_-_P04_-_BROP01,64,pearson_r,-0.03142880742592112,1017,fcnn_epoch_0,full_subject_single_seed_validation
weissbart_tf64,fcnn,reconstruction,gate0_gate2_full_subject_single_seed_v1,0,P04,test_-_P04_-_BROP02,64,pearson_r,-0.04632595894519291,1120,fcnn_epoch_0,full_subject_single_seed_validation
weissbart_tf64,fcnn,reconstruction,gate0_gate2_full_subject_single_seed_v1,0,P04,test_-_P04_-_BROP03,64,pearson_r,0.24918610404297403,1000,fcnn_epoch_0,full_subject_single_seed_validation
weissbart_tf64,fcnn,reconstruction,gate0_gate2_full_subject_single_seed_v1,0,P04,test_-_P04_-_FLOP01,64,pearson_r,0.11243908055173588,779,fcnn_epoch_0,full_subject_single_seed_validation
weissbart_tf64,fcnn,reconstruction,gate0_gate2_full_subject_single_seed_v1,0,P04,test_-_P04_-_FLOP02,64,pearson_r,0.0008829999824954113,699,fcnn_epoch_0,full_subject_single_seed_validation
weissbart_tf64,fcnn,reconstruction,gate0_gate2_full_subject_single_seed_v1,0,P04,test_-_P04_-_FLOP03,64,pearson_r,0.31100770949404494,655,fcnn_epoch_0,full_subject_single_seed_validation
weissbart_tf64,fcnn,reconstruction,gate0_gate2_full_subject_single_seed_v1,0,P04,test_-_P04_-_FLOP04,64,pearson_r,0.2218985662030289,1213,fcnn_epoch_0,full_subject_single_seed_validation
weissbart_tf64,adt,reconstruction,gate0_gate2_full_subject_single_seed_v1,0,P04,test_-_P04_-_AUNP01,64,pearson_r,0.26794360186746974,1024,adt_epoch_1,full_subject_single_seed_validation
weissbart_tf64,adt,reconstruction,gate0_gate2_full_subject_single_seed_v1,0,P04,test_-_P04_-_AUNP02,64,pearson_r,0.08959212169898342,960,adt_epoch_1,full_subject_single_seed_validation
weissbart_tf64,adt,reconstruction,gate0_gate2_full_subject_single_seed_v1,0,P04,test_-_P04_-_AUNP03,64,pearson_r,0.02968204700524638,896,adt_epoch_1,full_subject_single_seed_validation
weissbart_tf64,adt,reconstruction,gate0_gate2_full_subject_single_seed_v1,0,P04,test_-_P04_-_AUNP04,64,pearson_r,0.18597815201231743,896,adt_epoch_1,full_subject_single_seed_validation
weissbart_tf64,adt,reconstruction,gate0_gate2_full_subject_single_seed_v1,0,P04,test_-_P04_-_AUNP05,64,pearson_r,0.19152340090514705,1216,adt_epoch_1,full_subject_single_seed_validation
weissbart_tf64,adt,reconstruction,gate0_gate2_full_subject_single_seed_v1,0,P04,test_-_P04_-_AUNP06,64,pearson_r,0.06039636752662056,896,adt_epoch_1,full_subject_single_seed_validation
weissbart_tf64,adt,reconstruction,gate0_gate2_full_subject_single_seed_v1,0,P04,test_-_P04_-_AUNP07,64,pearson_r,0.060746343230517634,1152,adt_epoch_1,full_subject_single_seed_validation
weissbart_tf64,adt,reconstruction,gate0_gate2_full_subject_single_seed_v1,0,P04,test_-_P04_-_AUNP08,64,pearson_r,0.034347448922946694,1152,adt_epoch_1,full_subject_single_seed_validation
weissbart_tf64,adt,reconstruction,gate0_gate2_full_subject_single_seed_v1,0,P04,test_-_P04_-_BROP01,64,pearson_r,0.05328067750893478,1024,adt_epoch_1,full_subject_single_seed_validation
weissbart_tf64,adt,reconstruction,gate0_gate2_full_subject_single_seed_v1,0,P04,test_-_P04_-_BROP02,64,pearson_r,0.06278026936419903,1152,adt_epoch_1,full_subject_single_seed_validation
weissbart_tf64,adt,reconstruction,gate0_gate2_full_subject_single_seed_v1,0,P04,test_-_P04_-_BROP03,64,pearson_r,0.19275507992249505,1024,adt_epoch_1,full_subject_single_seed_validation
weissbart_tf64,adt,reconstruction,gate0_gate2_full_subject_single_seed_v1,0,P04,test_-_P04_-_FLOP01,64,pearson_r,0.12128302955272362,768,adt_epoch_1,full_subject_single_seed_validation
weissbart_tf64,adt,reconstruction,gate0_gate2_full_subject_single_seed_v1,0,P04,test_-_P04_-_FLOP02,64,pearson_r,0.07597342355993097,704,adt_epoch_1,full_subject_single_seed_validation
weissbart_tf64,adt,reconstruction,gate0_gate2_full_subject_single_seed_v1,0,P04,test_-_P04_-_FLOP03,64,pearson_r,0.022672796453420196,704,adt_epoch_1,full_subject_single_seed_validation
weissbart_tf64,adt,reconstruction,gate0_gate2_full_subject_single_seed_v1,0,P04,test_-_P04_-_FLOP04,64,pearson_r,0.07398437246204077,1216,adt_epoch_1,full_subject_single_seed_validation
weissbart_tf64,ridge,reconstruction,gate0_gate2_full_subject_single_seed_v1,0,P05,test_-_P05_-_AUNP01,64,pearson_r,0.26963323574496484,990,ridge_alpha_1.0,full_subject_single_seed_validation
weissbart_tf64,ridge,reconstruction,gate0_gate2_full_subject_single_seed_v1,0,P05,test_-_P05_-_AUNP02,64,pearson_r,0.1847332060141863,970,ridge_alpha_1.0,full_subject_single_seed_validation
weissbart_tf64,ridge,reconstruction,gate0_gate2_full_subject_single_seed_v1,0,P05,test_-_P05_-_AUNP03,64,pearson_r,0.07477161384799463,890,ridge_alpha_1.0,full_subject_single_seed_validation
weissbart_tf64,ridge,reconstruction,gate0_gate2_full_subject_single_seed_v1,0,P05,test_-_P05_-_AUNP04,64,pearson_r,0.1787784658283262,870,ridge_alpha_1.0,full_subject_single_seed_validation
weissbart_tf64,ridge,reconstruction,gate0_gate2_full_subject_single_seed_v1,0,P05,test_-_P05_-_AUNP05,64,pearson_r,0.16470786936607584,1191,ridge_alpha_1.0,full_subject_single_seed_validation
weissbart_tf64,ridge,reconstruction,gate0_gate2_full_subject_single_seed_v1,0,P05,test_-_P05_-_AUNP06,64,pearson_r,0.12380558096203942,894,ridge_alpha_1.0,full_subject_single_seed_validation
weissbart_tf64,ridge,reconstruction,gate0_gate2_full_subject_single_seed_v1,0,P05,test_-_P05_-_AUNP07,64,pearson_r,-0.01105739803283215,1134,ridge_alpha_1.0,full_subject_single_seed_validation
weissbart_tf64,ridge,reconstruction,gate0_gate2_full_subject_single_seed_v1,0,P05,test_-_P05_-_AUNP08,64,pearson_r,0.1208589753731269,1104,ridge_alpha_1.0,full_subject_single_seed_validation
weissbart_tf64,ridge,reconstruction,gate0_gate2_full_subject_single_seed_v1,0,P05,test_-_P05_-_BROP01,64,pearson_r,0.18915061591592783,1017,ridge_alpha_1.0,full_subject_single_seed_validation
weissbart_tf64,ridge,reconstruction,gate0_gate2_full_subject_single_seed_v1,0,P05,test_-_P05_-_BROP02,64,pearson_r,0.1329640425998838,1120,ridge_alpha_1.0,full_subject_single_seed_validation
weissbart_tf64,ridge,reconstruction,gate0_gate2_full_subject_single_seed_v1,0,P05,test_-_P05_-_BROP03,64,pearson_r,0.2772571481093525,1000,ridge_alpha_1.0,full_subject_single_seed_validation
weissbart_tf64,ridge,reconstruction,gate0_gate2_full_subject_single_seed_v1,0,P05,test_-_P05_-_FLOP01,64,pearson_r,0.13521951396840212,779,ridge_alpha_1.0,full_subject_single_seed_validation
weissbart_tf64,ridge,reconstruction,gate0_gate2_full_subject_single_seed_v1,0,P05,test_-_P05_-_FLOP02,64,pearson_r,0.16571511708597908,699,ridge_alpha_1.0,full_subject_single_seed_validation
weissbart_tf64,ridge,reconstruction,gate0_gate2_full_subject_single_seed_v1,0,P05,test_-_P05_-_FLOP03,64,pearson_r,0.25786975022443737,655,ridge_alpha_1.0,full_subject_single_seed_validation
weissbart_tf64,ridge,reconstruction,gate0_gate2_full_subject_single_seed_v1,0,P05,test_-_P05_-_FLOP04,64,pearson_r,0.033370607141559885,1213,ridge_alpha_1.0,full_subject_single_seed_validation
weissbart_tf64,cca,reconstruction,gate0_gate2_full_subject_single_seed_v1,0,P05,test_-_P05_-_AUNP01,64,pearson_r,0.13055798097206067,990,cca_nc_4,full_subject_single_seed_validation
weissbart_tf64,cca,reconstruction,gate0_gate2_full_subject_single_seed_v1,0,P05,test_-_P05_-_AUNP02,64,pearson_r,0.09457845378312914,970,cca_nc_4,full_subject_single_seed_validation
weissbart_tf64,cca,reconstruction,gate0_gate2_full_subject_single_seed_v1,0,P05,test_-_P05_-_AUNP03,64,pearson_r,0.09541611746508004,890,cca_nc_4,full_subject_single_seed_validation
weissbart_tf64,cca,reconstruction,gate0_gate2_full_subject_single_seed_v1,0,P05,test_-_P05_-_AUNP04,64,pearson_r,-0.059741119072477096,870,cca_nc_4,full_subject_single_seed_validation
weissbart_tf64,cca,reconstruction,gate0_gate2_full_subject_single_seed_v1,0,P05,test_-_P05_-_AUNP05,64,pearson_r,0.056804686544077054,1191,cca_nc_4,full_subject_single_seed_validation
weissbart_tf64,cca,reconstruction,gate0_gate2_full_subject_single_seed_v1,0,P05,test_-_P05_-_AUNP06,64,pearson_r,0.1268862999815927,894,cca_nc_4,full_subject_single_seed_validation
weissbart_tf64,cca,reconstruction,gate0_gate2_full_subject_single_seed_v1,0,P05,test_-_P05_-_AUNP07,64,pearson_r,-0.03678836438588887,1134,cca_nc_4,full_subject_single_seed_validation
weissbart_tf64,cca,reconstruction,gate0_gate2_full_subject_single_seed_v1,0,P05,test_-_P05_-_AUNP08,64,pearson_r,0.0917518271771053,1104,cca_nc_4,full_subject_single_seed_validation
weissbart_tf64,cca,reconstruction,gate0_gate2_full_subject_single_seed_v1,0,P05,test_-_P05_-_BROP01,64,pearson_r,0.07330574634682462,1017,cca_nc_4,full_subject_single_seed_validation
weissbart_tf64,cca,reconstruction,gate0_gate2_full_subject_single_seed_v1,0,P05,test_-_P05_-_BROP02,64,pearson_r,0.13862162942109316,1120,cca_nc_4,full_subject_single_seed_validation
weissbart_tf64,cca,reconstruction,gate0_gate2_full_subject_single_seed_v1,0,P05,test_-_P05_-_BROP03,64,pearson_r,0.08714122102048388,1000,cca_nc_4,full_subject_single_seed_validation
weissbart_tf64,cca,reconstruction,gate0_gate2_full_subject_single_seed_v1,0,P05,test_-_P05_-_FLOP01,64,pearson_r,0.12325254142877122,779,cca_nc_4,full_subject_single_seed_validation
weissbart_tf64,cca,reconstruction,gate0_gate2_full_subject_single_seed_v1,0,P05,test_-_P05_-_FLOP02,64,pearson_r,0.18152357295747587,699,cca_nc_4,full_subject_single_seed_validation
weissbart_tf64,cca,reconstruction,gate0_gate2_full_subject_single_seed_v1,0,P05,test_-_P05_-_FLOP03,64,pearson_r,0.29190218602007906,655,cca_nc_4,full_subject_single_seed_validation
weissbart_tf64,cca,reconstruction,gate0_gate2_full_subject_single_seed_v1,0,P05,test_-_P05_-_FLOP04,64,pearson_r,-0.026548981595279634,1213,cca_nc_4,full_subject_single_seed_validation
weissbart_tf64,fcnn,reconstruction,gate0_gate2_full_subject_single_seed_v1,0,P05,test_-_P05_-_AUNP01,64,pearson_r,0.04576494037922429,990,fcnn_epoch_1,full_subject_single_seed_validation
weissbart_tf64,fcnn,reconstruction,gate0_gate2_full_subject_single_seed_v1,0,P05,test_-_P05_-_AUNP02,64,pearson_r,0.1379852068808089,970,fcnn_epoch_1,full_subject_single_seed_validation
weissbart_tf64,fcnn,reconstruction,gate0_gate2_full_subject_single_seed_v1,0,P05,test_-_P05_-_AUNP03,64,pearson_r,0.1563779351992507,890,fcnn_epoch_1,full_subject_single_seed_validation
weissbart_tf64,fcnn,reconstruction,gate0_gate2_full_subject_single_seed_v1,0,P05,test_-_P05_-_AUNP04,64,pearson_r,-0.014826761792314748,870,fcnn_epoch_1,full_subject_single_seed_validation
weissbart_tf64,fcnn,reconstruction,gate0_gate2_full_subject_single_seed_v1,0,P05,test_-_P05_-_AUNP05,64,pearson_r,0.09407365770617634,1191,fcnn_epoch_1,full_subject_single_seed_validation
weissbart_tf64,fcnn,reconstruction,gate0_gate2_full_subject_single_seed_v1,0,P05,test_-_P05_-_AUNP06,64,pearson_r,0.03553718490338505,894,fcnn_epoch_1,full_subject_single_seed_validation
weissbart_tf64,fcnn,reconstruction,gate0_gate2_full_subject_single_seed_v1,0,P05,test_-_P05_-_AUNP07,64,pearson_r,-0.05046085415610493,1134,fcnn_epoch_1,full_subject_single_seed_validation
weissbart_tf64,fcnn,reconstruction,gate0_gate2_full_subject_single_seed_v1,0,P05,test_-_P05_-_AUNP08,64,pearson_r,0.1004940914577738,1104,fcnn_epoch_1,full_subject_single_seed_validation
weissbart_tf64,fcnn,reconstruction,gate0_gate2_full_subject_single_seed_v1,0,P05,test_-_P05_-_BROP01,64,pearson_r,0.15666194479380496,1017,fcnn_epoch_1,full_subject_single_seed_validation
weissbart_tf64,fcnn,reconstruction,gate0_gate2_full_subject_single_seed_v1,0,P05,test_-_P05_-_BROP02,64,pearson_r,-0.018470299699844515,1120,fcnn_epoch_1,full_subject_single_seed_validation
weissbart_tf64,fcnn,reconstruction,gate0_gate2_full_subject_single_seed_v1,0,P05,test_-_P05_-_BROP03,64,pearson_r,0.058328448200980626,1000,fcnn_epoch_1,full_subject_single_seed_validation
weissbart_tf64,fcnn,reconstruction,gate0_gate2_full_subject_single_seed_v1,0,P05,test_-_P05_-_FLOP01,64,pearson_r,0.043322041996619924,779,fcnn_epoch_1,full_subject_single_seed_validation
weissbart_tf64,fcnn,reconstruction,gate0_gate2_full_subject_single_seed_v1,0,P05,test_-_P05_-_FLOP02,64,pearson_r,0.12127584545413393,699,fcnn_epoch_1,full_subject_single_seed_validation
weissbart_tf64,fcnn,reconstruction,gate0_gate2_full_subject_single_seed_v1,0,P05,test_-_P05_-_FLOP03,64,pearson_r,0.20649065135812825,655,fcnn_epoch_1,full_subject_single_seed_validation
weissbart_tf64,fcnn,reconstruction,gate0_gate2_full_subject_single_seed_v1,0,P05,test_-_P05_-_FLOP04,64,pearson_r,-0.025807777566140003,1213,fcnn_epoch_1,full_subject_single_seed_validation
weissbart_tf64,adt,reconstruction,gate0_gate2_full_subject_single_seed_v1,0,P05,test_-_P05_-_AUNP01,64,pearson_r,0.17467742183676774,1024,adt_epoch_12,full_subject_single_seed_validation
weissbart_tf64,adt,reconstruction,gate0_gate2_full_subject_single_seed_v1,0,P05,test_-_P05_-_AUNP02,64,pearson_r,0.05859907280445896,960,adt_epoch_12,full_subject_single_seed_validation
weissbart_tf64,adt,reconstruction,gate0_gate2_full_subject_single_seed_v1,0,P05,test_-_P05_-_AUNP03,64,pearson_r,0.24365485588564387,896,adt_epoch_12,full_subject_single_seed_validation
weissbart_tf64,adt,reconstruction,gate0_gate2_full_subject_single_seed_v1,0,P05,test_-_P05_-_AUNP04,64,pearson_r,0.10545085085393628,896,adt_epoch_12,full_subject_single_seed_validation
weissbart_tf64,adt,reconstruction,gate0_gate2_full_subject_single_seed_v1,0,P05,test_-_P05_-_AUNP05,64,pearson_r,0.22627681407901143,1216,adt_epoch_12,full_subject_single_seed_validation
weissbart_tf64,adt,reconstruction,gate0_gate2_full_subject_single_seed_v1,0,P05,test_-_P05_-_AUNP06,64,pearson_r,0.017856133949444426,896,adt_epoch_12,full_subject_single_seed_validation
weissbart_tf64,adt,reconstruction,gate0_gate2_full_subject_single_seed_v1,0,P05,test_-_P05_-_AUNP07,64,pearson_r,0.11090547853894739,1152,adt_epoch_12,full_subject_single_seed_validation
weissbart_tf64,adt,reconstruction,gate0_gate2_full_subject_single_seed_v1,0,P05,test_-_P05_-_AUNP08,64,pearson_r,0.14624263923923644,1152,adt_epoch_12,full_subject_single_seed_validation
weissbart_tf64,adt,reconstruction,gate0_gate2_full_subject_single_seed_v1,0,P05,test_-_P05_-_BROP01,64,pearson_r,0.036457719459481924,1024,adt_epoch_12,full_subject_single_seed_validation
weissbart_tf64,adt,reconstruction,gate0_gate2_full_subject_single_seed_v1,0,P05,test_-_P05_-_BROP02,64,pearson_r,-0.003018776040365007,1152,adt_epoch_12,full_subject_single_seed_validation
weissbart_tf64,adt,reconstruction,gate0_gate2_full_subject_single_seed_v1,0,P05,test_-_P05_-_BROP03,64,pearson_r,0.3212662622329285,1024,adt_epoch_12,full_subject_single_seed_validation
weissbart_tf64,adt,reconstruction,gate0_gate2_full_subject_single_seed_v1,0,P05,test_-_P05_-_FLOP01,64,pearson_r,-0.04396173257120038,768,adt_epoch_12,full_subject_single_seed_validation
weissbart_tf64,adt,reconstruction,gate0_gate2_full_subject_single_seed_v1,0,P05,test_-_P05_-_FLOP02,64,pearson_r,-0.0337213610486914,704,adt_epoch_12,full_subject_single_seed_validation
weissbart_tf64,adt,reconstruction,gate0_gate2_full_subject_single_seed_v1,0,P05,test_-_P05_-_FLOP03,64,pearson_r,0.045211243173394,704,adt_epoch_12,full_subject_single_seed_validation
weissbart_tf64,adt,reconstruction,gate0_gate2_full_subject_single_seed_v1,0,P05,test_-_P05_-_FLOP04,64,pearson_r,0.15255918231142165,1216,adt_epoch_12,full_subject_single_seed_validation
weissbart_tf64,ridge,reconstruction,gate0_gate2_full_subject_single_seed_v1,0,P06,test_-_P06_-_AUNP01,64,pearson_r,0.16980592979856282,990,ridge_alpha_10.0,full_subject_single_seed_validation
weissbart_tf64,ridge,reconstruction,gate0_gate2_full_subject_single_seed_v1,0,P06,test_-_P06_-_AUNP02,64,pearson_r,0.05526617927086668,970,ridge_alpha_10.0,full_subject_single_seed_validation
weissbart_tf64,ridge,reconstruction,gate0_gate2_full_subject_single_seed_v1,0,P06,test_-_P06_-_AUNP03,64,pearson_r,0.16690121708321878,890,ridge_alpha_10.0,full_subject_single_seed_validation
weissbart_tf64,ridge,reconstruction,gate0_gate2_full_subject_single_seed_v1,0,P06,test_-_P06_-_AUNP04,64,pearson_r,0.10932531594228259,870,ridge_alpha_10.0,full_subject_single_seed_validation
weissbart_tf64,ridge,reconstruction,gate0_gate2_full_subject_single_seed_v1,0,P06,test_-_P06_-_AUNP05,64,pearson_r,0.14584727353549734,1191,ridge_alpha_10.0,full_subject_single_seed_validation
weissbart_tf64,ridge,reconstruction,gate0_gate2_full_subject_single_seed_v1,0,P06,test_-_P06_-_AUNP06,64,pearson_r,0.16399691966506577,894,ridge_alpha_10.0,full_subject_single_seed_validation
weissbart_tf64,ridge,reconstruction,gate0_gate2_full_subject_single_seed_v1,0,P06,test_-_P06_-_AUNP07,64,pearson_r,0.04447210410558962,1134,ridge_alpha_10.0,full_subject_single_seed_validation
weissbart_tf64,ridge,reconstruction,gate0_gate2_full_subject_single_seed_v1,0,P06,test_-_P06_-_AUNP08,64,pearson_r,0.012213584318667694,1104,ridge_alpha_10.0,full_subject_single_seed_validation
weissbart_tf64,ridge,reconstruction,gate0_gate2_full_subject_single_seed_v1,0,P06,test_-_P06_-_BROP01,64,pearson_r,0.03742325295991363,1017,ridge_alpha_10.0,full_subject_single_seed_validation
weissbart_tf64,ridge,reconstruction,gate0_gate2_full_subject_single_seed_v1,0,P06,test_-_P06_-_BROP02,64,pearson_r,0.017953888084972332,1120,ridge_alpha_10.0,full_subject_single_seed_validation
weissbart_tf64,ridge,reconstruction,gate0_gate2_full_subject_single_seed_v1,0,P06,test_-_P06_-_BROP03,64,pearson_r,-0.02257619349843984,1000,ridge_alpha_10.0,full_subject_single_seed_validation
weissbart_tf64,ridge,reconstruction,gate0_gate2_full_subject_single_seed_v1,0,P06,test_-_P06_-_FLOP01,64,pearson_r,-0.04415774104799338,779,ridge_alpha_10.0,full_subject_single_seed_validation
weissbart_tf64,ridge,reconstruction,gate0_gate2_full_subject_single_seed_v1,0,P06,test_-_P06_-_FLOP02,64,pearson_r,0.09117000023428315,699,ridge_alpha_10.0,full_subject_single_seed_validation
weissbart_tf64,ridge,reconstruction,gate0_gate2_full_subject_single_seed_v1,0,P06,test_-_P06_-_FLOP03,64,pearson_r,0.04867434683198046,655,ridge_alpha_10.0,full_subject_single_seed_validation
weissbart_tf64,ridge,reconstruction,gate0_gate2_full_subject_single_seed_v1,0,P06,test_-_P06_-_FLOP04,64,pearson_r,0.0046870197470075805,1213,ridge_alpha_10.0,full_subject_single_seed_validation
weissbart_tf64,cca,reconstruction,gate0_gate2_full_subject_single_seed_v1,0,P06,test_-_P06_-_AUNP01,64,pearson_r,0.2570927970222363,990,cca_nc_1,full_subject_single_seed_validation
weissbart_tf64,cca,reconstruction,gate0_gate2_full_subject_single_seed_v1,0,P06,test_-_P06_-_AUNP02,64,pearson_r,0.003916319092263293,970,cca_nc_1,full_subject_single_seed_validation
weissbart_tf64,cca,reconstruction,gate0_gate2_full_subject_single_seed_v1,0,P06,test_-_P06_-_AUNP03,64,pearson_r,0.1429038276454534,890,cca_nc_1,full_subject_single_seed_validation
weissbart_tf64,cca,reconstruction,gate0_gate2_full_subject_single_seed_v1,0,P06,test_-_P06_-_AUNP04,64,pearson_r,0.01686758828150613,870,cca_nc_1,full_subject_single_seed_validation
weissbart_tf64,cca,reconstruction,gate0_gate2_full_subject_single_seed_v1,0,P06,test_-_P06_-_AUNP05,64,pearson_r,0.07463185750633544,1191,cca_nc_1,full_subject_single_seed_validation
weissbart_tf64,cca,reconstruction,gate0_gate2_full_subject_single_seed_v1,0,P06,test_-_P06_-_AUNP06,64,pearson_r,0.27104272897228715,894,cca_nc_1,full_subject_single_seed_validation
weissbart_tf64,cca,reconstruction,gate0_gate2_full_subject_single_seed_v1,0,P06,test_-_P06_-_AUNP07,64,pearson_r,0.047165708829196996,1134,cca_nc_1,full_subject_single_seed_validation
weissbart_tf64,cca,reconstruction,gate0_gate2_full_subject_single_seed_v1,0,P06,test_-_P06_-_AUNP08,64,pearson_r,0.052538477459490605,1104,cca_nc_1,full_subject_single_seed_validation
weissbart_tf64,cca,reconstruction,gate0_gate2_full_subject_single_seed_v1,0,P06,test_-_P06_-_BROP01,64,pearson_r,0.043788399930885395,1017,cca_nc_1,full_subject_single_seed_validation
weissbart_tf64,cca,reconstruction,gate0_gate2_full_subject_single_seed_v1,0,P06,test_-_P06_-_BROP02,64,pearson_r,-0.10525150869464502,1120,cca_nc_1,full_subject_single_seed_validation
weissbart_tf64,cca,reconstruction,gate0_gate2_full_subject_single_seed_v1,0,P06,test_-_P06_-_BROP03,64,pearson_r,-0.060376126707318054,1000,cca_nc_1,full_subject_single_seed_validation
weissbart_tf64,cca,reconstruction,gate0_gate2_full_subject_single_seed_v1,0,P06,test_-_P06_-_FLOP01,64,pearson_r,-0.04981756579871927,779,cca_nc_1,full_subject_single_seed_validation
weissbart_tf64,cca,reconstruction,gate0_gate2_full_subject_single_seed_v1,0,P06,test_-_P06_-_FLOP02,64,pearson_r,-0.010451147154996822,699,cca_nc_1,full_subject_single_seed_validation
weissbart_tf64,cca,reconstruction,gate0_gate2_full_subject_single_seed_v1,0,P06,test_-_P06_-_FLOP03,64,pearson_r,0.02746962665030328,655,cca_nc_1,full_subject_single_seed_validation
weissbart_tf64,cca,reconstruction,gate0_gate2_full_subject_single_seed_v1,0,P06,test_-_P06_-_FLOP04,64,pearson_r,0.026570669577308616,1213,cca_nc_1,full_subject_single_seed_validation
weissbart_tf64,fcnn,reconstruction,gate0_gate2_full_subject_single_seed_v1,0,P06,test_-_P06_-_AUNP01,64,pearson_r,0.012541967350601714,990,fcnn_epoch_6,full_subject_single_seed_validation
weissbart_tf64,fcnn,reconstruction,gate0_gate2_full_subject_single_seed_v1,0,P06,test_-_P06_-_AUNP02,64,pearson_r,-0.06300189261366979,970,fcnn_epoch_6,full_subject_single_seed_validation
weissbart_tf64,fcnn,reconstruction,gate0_gate2_full_subject_single_seed_v1,0,P06,test_-_P06_-_AUNP03,64,pearson_r,0.01649660075620999,890,fcnn_epoch_6,full_subject_single_seed_validation
weissbart_tf64,fcnn,reconstruction,gate0_gate2_full_subject_single_seed_v1,0,P06,test_-_P06_-_AUNP04,64,pearson_r,0.06809158936785581,870,fcnn_epoch_6,full_subject_single_seed_validation
weissbart_tf64,fcnn,reconstruction,gate0_gate2_full_subject_single_seed_v1,0,P06,test_-_P06_-_AUNP05,64,pearson_r,0.09255217591295196,1191,fcnn_epoch_6,full_subject_single_seed_validation
weissbart_tf64,fcnn,reconstruction,gate0_gate2_full_subject_single_seed_v1,0,P06,test_-_P06_-_AUNP06,64,pearson_r,0.16193042588652265,894,fcnn_epoch_6,full_subject_single_seed_validation
weissbart_tf64,fcnn,reconstruction,gate0_gate2_full_subject_single_seed_v1,0,P06,test_-_P06_-_AUNP07,64,pearson_r,-0.06430170290307759,1134,fcnn_epoch_6,full_subject_single_seed_validation
weissbart_tf64,fcnn,reconstruction,gate0_gate2_full_subject_single_seed_v1,0,P06,test_-_P06_-_AUNP08,64,pearson_r,0.0830626559046099,1104,fcnn_epoch_6,full_subject_single_seed_validation
weissbart_tf64,fcnn,reconstruction,gate0_gate2_full_subject_single_seed_v1,0,P06,test_-_P06_-_BROP01,64,pearson_r,-0.025958771209763747,1017,fcnn_epoch_6,full_subject_single_seed_validation
weissbart_tf64,fcnn,reconstruction,gate0_gate2_full_subject_single_seed_v1,0,P06,test_-_P06_-_BROP02,64,pearson_r,0.1071983093962213,1120,fcnn_epoch_6,full_subject_single_seed_validation
weissbart_tf64,fcnn,reconstruction,gate0_gate2_full_subject_single_seed_v1,0,P06,test_-_P06_-_BROP03,64,pearson_r,-0.013741326132996688,1000,fcnn_epoch_6,full_subject_single_seed_validation
weissbart_tf64,fcnn,reconstruction,gate0_gate2_full_subject_single_seed_v1,0,P06,test_-_P06_-_FLOP01,64,pearson_r,-0.07117264212901002,779,fcnn_epoch_6,full_subject_single_seed_validation
weissbart_tf64,fcnn,reconstruction,gate0_gate2_full_subject_single_seed_v1,0,P06,test_-_P06_-_FLOP02,64,pearson_r,-0.09886399767309628,699,fcnn_epoch_6,full_subject_single_seed_validation
weissbart_tf64,fcnn,reconstruction,gate0_gate2_full_subject_single_seed_v1,0,P06,test_-_P06_-_FLOP03,64,pearson_r,-0.0824720889883542,655,fcnn_epoch_6,full_subject_single_seed_validation
weissbart_tf64,fcnn,reconstruction,gate0_gate2_full_subject_single_seed_v1,0,P06,test_-_P06_-_FLOP04,64,pearson_r,-0.08786205282790194,1213,fcnn_epoch_6,full_subject_single_seed_validation
weissbart_tf64,adt,reconstruction,gate0_gate2_full_subject_single_seed_v1,0,P06,test_-_P06_-_AUNP01,64,pearson_r,0.3902600675111639,1024,adt_epoch_2,full_subject_single_seed_validation
weissbart_tf64,adt,reconstruction,gate0_gate2_full_subject_single_seed_v1,0,P06,test_-_P06_-_AUNP02,64,pearson_r,-0.13164129118835838,960,adt_epoch_2,full_subject_single_seed_validation
weissbart_tf64,adt,reconstruction,gate0_gate2_full_subject_single_seed_v1,0,P06,test_-_P06_-_AUNP03,64,pearson_r,0.2863230669237003,896,adt_epoch_2,full_subject_single_seed_validation
weissbart_tf64,adt,reconstruction,gate0_gate2_full_subject_single_seed_v1,0,P06,test_-_P06_-_AUNP04,64,pearson_r,0.06610808961961143,896,adt_epoch_2,full_subject_single_seed_validation
weissbart_tf64,adt,reconstruction,gate0_gate2_full_subject_single_seed_v1,0,P06,test_-_P06_-_AUNP05,64,pearson_r,0.23595780818646697,1216,adt_epoch_2,full_subject_single_seed_validation
weissbart_tf64,adt,reconstruction,gate0_gate2_full_subject_single_seed_v1,0,P06,test_-_P06_-_AUNP06,64,pearson_r,0.07858836758777162,896,adt_epoch_2,full_subject_single_seed_validation
weissbart_tf64,adt,reconstruction,gate0_gate2_full_subject_single_seed_v1,0,P06,test_-_P06_-_AUNP07,64,pearson_r,0.19925949412339916,1152,adt_epoch_2,full_subject_single_seed_validation
weissbart_tf64,adt,reconstruction,gate0_gate2_full_subject_single_seed_v1,0,P06,test_-_P06_-_AUNP08,64,pearson_r,0.20434710226390923,1152,adt_epoch_2,full_subject_single_seed_validation
weissbart_tf64,adt,reconstruction,gate0_gate2_full_subject_single_seed_v1,0,P06,test_-_P06_-_BROP01,64,pearson_r,0.15387643142133153,1024,adt_epoch_2,full_subject_single_seed_validation
weissbart_tf64,adt,reconstruction,gate0_gate2_full_subject_single_seed_v1,0,P06,test_-_P06_-_BROP02,64,pearson_r,-0.03535189689146662,1152,adt_epoch_2,full_subject_single_seed_validation
weissbart_tf64,adt,reconstruction,gate0_gate2_full_subject_single_seed_v1,0,P06,test_-_P06_-_BROP03,64,pearson_r,0.1323761590856963,1024,adt_epoch_2,full_subject_single_seed_validation
weissbart_tf64,adt,reconstruction,gate0_gate2_full_subject_single_seed_v1,0,P06,test_-_P06_-_FLOP01,64,pearson_r,-0.02671683495704035,768,adt_epoch_2,full_subject_single_seed_validation
weissbart_tf64,adt,reconstruction,gate0_gate2_full_subject_single_seed_v1,0,P06,test_-_P06_-_FLOP02,64,pearson_r,0.13871303072255786,704,adt_epoch_2,full_subject_single_seed_validation
weissbart_tf64,adt,reconstruction,gate0_gate2_full_subject_single_seed_v1,0,P06,test_-_P06_-_FLOP03,64,pearson_r,0.07419096335724537,704,adt_epoch_2,full_subject_single_seed_validation
weissbart_tf64,adt,reconstruction,gate0_gate2_full_subject_single_seed_v1,0,P06,test_-_P06_-_FLOP04,64,pearson_r,-0.002332857452994937,1216,adt_epoch_2,full_subject_single_seed_validation
weissbart_tf64,ridge,reconstruction,gate0_gate2_full_subject_single_seed_v1,0,P07,test_-_P07_-_AUNP01,64,pearson_r,0.21667801297705433,990,ridge_alpha_10.0,full_subject_single_seed_validation
weissbart_tf64,ridge,reconstruction,gate0_gate2_full_subject_single_seed_v1,0,P07,test_-_P07_-_AUNP02,64,pearson_r,0.03840113620644987,970,ridge_alpha_10.0,full_subject_single_seed_validation
weissbart_tf64,ridge,reconstruction,gate0_gate2_full_subject_single_seed_v1,0,P07,test_-_P07_-_AUNP03,64,pearson_r,0.25909107855337454,890,ridge_alpha_10.0,full_subject_single_seed_validation
weissbart_tf64,ridge,reconstruction,gate0_gate2_full_subject_single_seed_v1,0,P07,test_-_P07_-_AUNP04,64,pearson_r,0.17023430304299686,870,ridge_alpha_10.0,full_subject_single_seed_validation
weissbart_tf64,ridge,reconstruction,gate0_gate2_full_subject_single_seed_v1,0,P07,test_-_P07_-_AUNP05,64,pearson_r,0.14681422479534317,1191,ridge_alpha_10.0,full_subject_single_seed_validation
weissbart_tf64,ridge,reconstruction,gate0_gate2_full_subject_single_seed_v1,0,P07,test_-_P07_-_AUNP06,64,pearson_r,0.03823296530087136,894,ridge_alpha_10.0,full_subject_single_seed_validation
weissbart_tf64,ridge,reconstruction,gate0_gate2_full_subject_single_seed_v1,0,P07,test_-_P07_-_AUNP07,64,pearson_r,0.18541236921685036,1134,ridge_alpha_10.0,full_subject_single_seed_validation
weissbart_tf64,ridge,reconstruction,gate0_gate2_full_subject_single_seed_v1,0,P07,test_-_P07_-_AUNP08,64,pearson_r,0.0672129165401103,1104,ridge_alpha_10.0,full_subject_single_seed_validation
weissbart_tf64,ridge,reconstruction,gate0_gate2_full_subject_single_seed_v1,0,P07,test_-_P07_-_BROP01,64,pearson_r,-0.01289696995575324,1017,ridge_alpha_10.0,full_subject_single_seed_validation
weissbart_tf64,ridge,reconstruction,gate0_gate2_full_subject_single_seed_v1,0,P07,test_-_P07_-_BROP02,64,pearson_r,0.17107681980252706,1120,ridge_alpha_10.0,full_subject_single_seed_validation
weissbart_tf64,ridge,reconstruction,gate0_gate2_full_subject_single_seed_v1,0,P07,test_-_P07_-_BROP03,64,pearson_r,0.27183891124513115,1000,ridge_alpha_10.0,full_subject_single_seed_validation
weissbart_tf64,ridge,reconstruction,gate0_gate2_full_subject_single_seed_v1,0,P07,test_-_P07_-_FLOP01,64,pearson_r,0.009215535767843829,779,ridge_alpha_10.0,full_subject_single_seed_validation
weissbart_tf64,ridge,reconstruction,gate0_gate2_full_subject_single_seed_v1,0,P07,test_-_P07_-_FLOP02,64,pearson_r,-0.04353727719873433,699,ridge_alpha_10.0,full_subject_single_seed_validation
weissbart_tf64,ridge,reconstruction,gate0_gate2_full_subject_single_seed_v1,0,P07,test_-_P07_-_FLOP03,64,pearson_r,0.324380786061044,655,ridge_alpha_10.0,full_subject_single_seed_validation
weissbart_tf64,ridge,reconstruction,gate0_gate2_full_subject_single_seed_v1,0,P07,test_-_P07_-_FLOP04,64,pearson_r,0.23660814308653658,1213,ridge_alpha_10.0,full_subject_single_seed_validation
weissbart_tf64,cca,reconstruction,gate0_gate2_full_subject_single_seed_v1,0,P07,test_-_P07_-_AUNP01,64,pearson_r,0.12254813775607333,990,cca_nc_2,full_subject_single_seed_validation
weissbart_tf64,cca,reconstruction,gate0_gate2_full_subject_single_seed_v1,0,P07,test_-_P07_-_AUNP02,64,pearson_r,0.06258515224825849,970,cca_nc_2,full_subject_single_seed_validation
weissbart_tf64,cca,reconstruction,gate0_gate2_full_subject_single_seed_v1,0,P07,test_-_P07_-_AUNP03,64,pearson_r,0.235442137472407,890,cca_nc_2,full_subject_single_seed_validation
weissbart_tf64,cca,reconstruction,gate0_gate2_full_subject_single_seed_v1,0,P07,test_-_P07_-_AUNP04,64,pearson_r,0.19040981166719276,870,cca_nc_2,full_subject_single_seed_validation
weissbart_tf64,cca,reconstruction,gate0_gate2_full_subject_single_seed_v1,0,P07,test_-_P07_-_AUNP05,64,pearson_r,0.15887575844090235,1191,cca_nc_2,full_subject_single_seed_validation
weissbart_tf64,cca,reconstruction,gate0_gate2_full_subject_single_seed_v1,0,P07,test_-_P07_-_AUNP06,64,pearson_r,-0.022264209655992063,894,cca_nc_2,full_subject_single_seed_validation
weissbart_tf64,cca,reconstruction,gate0_gate2_full_subject_single_seed_v1,0,P07,test_-_P07_-_AUNP07,64,pearson_r,0.18495696609361006,1134,cca_nc_2,full_subject_single_seed_validation
weissbart_tf64,cca,reconstruction,gate0_gate2_full_subject_single_seed_v1,0,P07,test_-_P07_-_AUNP08,64,pearson_r,0.04871309016437649,1104,cca_nc_2,full_subject_single_seed_validation
weissbart_tf64,cca,reconstruction,gate0_gate2_full_subject_single_seed_v1,0,P07,test_-_P07_-_BROP01,64,pearson_r,0.02196032652155978,1017,cca_nc_2,full_subject_single_seed_validation
weissbart_tf64,cca,reconstruction,gate0_gate2_full_subject_single_seed_v1,0,P07,test_-_P07_-_BROP02,64,pearson_r,0.07733738113817715,1120,cca_nc_2,full_subject_single_seed_validation
weissbart_tf64,cca,reconstruction,gate0_gate2_full_subject_single_seed_v1,0,P07,test_-_P07_-_BROP03,64,pearson_r,0.24531410899735012,1000,cca_nc_2,full_subject_single_seed_validation
weissbart_tf64,cca,reconstruction,gate0_gate2_full_subject_single_seed_v1,0,P07,test_-_P07_-_FLOP01,64,pearson_r,-0.15572266057290832,779,cca_nc_2,full_subject_single_seed_validation
weissbart_tf64,cca,reconstruction,gate0_gate2_full_subject_single_seed_v1,0,P07,test_-_P07_-_FLOP02,64,pearson_r,0.06986097811456078,699,cca_nc_2,full_subject_single_seed_validation
weissbart_tf64,cca,reconstruction,gate0_gate2_full_subject_single_seed_v1,0,P07,test_-_P07_-_FLOP03,64,pearson_r,0.3117588823362697,655,cca_nc_2,full_subject_single_seed_validation
weissbart_tf64,cca,reconstruction,gate0_gate2_full_subject_single_seed_v1,0,P07,test_-_P07_-_FLOP04,64,pearson_r,0.1185167661795042,1213,cca_nc_2,full_subject_single_seed_validation
weissbart_tf64,fcnn,reconstruction,gate0_gate2_full_subject_single_seed_v1,0,P07,test_-_P07_-_AUNP01,64,pearson_r,0.19415945913819566,990,fcnn_epoch_1,full_subject_single_seed_validation
weissbart_tf64,fcnn,reconstruction,gate0_gate2_full_subject_single_seed_v1,0,P07,test_-_P07_-_AUNP02,64,pearson_r,0.10740601679325813,970,fcnn_epoch_1,full_subject_single_seed_validation
weissbart_tf64,fcnn,reconstruction,gate0_gate2_full_subject_single_seed_v1,0,P07,test_-_P07_-_AUNP03,64,pearson_r,0.23067962126848351,890,fcnn_epoch_1,full_subject_single_seed_validation
weissbart_tf64,fcnn,reconstruction,gate0_gate2_full_subject_single_seed_v1,0,P07,test_-_P07_-_AUNP04,64,pearson_r,0.13448640381505697,870,fcnn_epoch_1,full_subject_single_seed_validation
weissbart_tf64,fcnn,reconstruction,gate0_gate2_full_subject_single_seed_v1,0,P07,test_-_P07_-_AUNP05,64,pearson_r,0.145332622550907,1191,fcnn_epoch_1,full_subject_single_seed_validation
weissbart_tf64,fcnn,reconstruction,gate0_gate2_full_subject_single_seed_v1,0,P07,test_-_P07_-_AUNP06,64,pearson_r,0.08836038478514359,894,fcnn_epoch_1,full_subject_single_seed_validation
weissbart_tf64,fcnn,reconstruction,gate0_gate2_full_subject_single_seed_v1,0,P07,test_-_P07_-_AUNP07,64,pearson_r,0.12187854762215283,1134,fcnn_epoch_1,full_subject_single_seed_validation
weissbart_tf64,fcnn,reconstruction,gate0_gate2_full_subject_single_seed_v1,0,P07,test_-_P07_-_AUNP08,64,pearson_r,0.01861143017429684,1104,fcnn_epoch_1,full_subject_single_seed_validation
weissbart_tf64,fcnn,reconstruction,gate0_gate2_full_subject_single_seed_v1,0,P07,test_-_P07_-_BROP01,64,pearson_r,0.09456019678787224,1017,fcnn_epoch_1,full_subject_single_seed_validation
weissbart_tf64,fcnn,reconstruction,gate0_gate2_full_subject_single_seed_v1,0,P07,test_-_P07_-_BROP02,64,pearson_r,0.13553889150149692,1120,fcnn_epoch_1,full_subject_single_seed_validation
weissbart_tf64,fcnn,reconstruction,gate0_gate2_full_subject_single_seed_v1,0,P07,test_-_P07_-_BROP03,64,pearson_r,0.27109041646190607,1000,fcnn_epoch_1,full_subject_single_seed_validation
weissbart_tf64,fcnn,reconstruction,gate0_gate2_full_subject_single_seed_v1,0,P07,test_-_P07_-_FLOP01,64,pearson_r,-0.10535345385598774,779,fcnn_epoch_1,full_subject_single_seed_validation
weissbart_tf64,fcnn,reconstruction,gate0_gate2_full_subject_single_seed_v1,0,P07,test_-_P07_-_FLOP02,64,pearson_r,-0.03592899010210356,699,fcnn_epoch_1,full_subject_single_seed_validation
weissbart_tf64,fcnn,reconstruction,gate0_gate2_full_subject_single_seed_v1,0,P07,test_-_P07_-_FLOP03,64,pearson_r,0.27916671267547116,655,fcnn_epoch_1,full_subject_single_seed_validation
weissbart_tf64,fcnn,reconstruction,gate0_gate2_full_subject_single_seed_v1,0,P07,test_-_P07_-_FLOP04,64,pearson_r,0.21222246910764253,1213,fcnn_epoch_1,full_subject_single_seed_validation
weissbart_tf64,adt,reconstruction,gate0_gate2_full_subject_single_seed_v1,0,P07,test_-_P07_-_AUNP01,64,pearson_r,0.15467372058844417,1024,adt_epoch_1,full_subject_single_seed_validation
weissbart_tf64,adt,reconstruction,gate0_gate2_full_subject_single_seed_v1,0,P07,test_-_P07_-_AUNP02,64,pearson_r,0.08880710803562539,960,adt_epoch_1,full_subject_single_seed_validation
weissbart_tf64,adt,reconstruction,gate0_gate2_full_subject_single_seed_v1,0,P07,test_-_P07_-_AUNP03,64,pearson_r,0.13448677190977168,896,adt_epoch_1,full_subject_single_seed_validation
weissbart_tf64,adt,reconstruction,gate0_gate2_full_subject_single_seed_v1,0,P07,test_-_P07_-_AUNP04,64,pearson_r,0.17591128320618288,896,adt_epoch_1,full_subject_single_seed_validation
weissbart_tf64,adt,reconstruction,gate0_gate2_full_subject_single_seed_v1,0,P07,test_-_P07_-_AUNP05,64,pearson_r,0.12299173484240614,1216,adt_epoch_1,full_subject_single_seed_validation
weissbart_tf64,adt,reconstruction,gate0_gate2_full_subject_single_seed_v1,0,P07,test_-_P07_-_AUNP06,64,pearson_r,0.07543995052021318,896,adt_epoch_1,full_subject_single_seed_validation
weissbart_tf64,adt,reconstruction,gate0_gate2_full_subject_single_seed_v1,0,P07,test_-_P07_-_AUNP07,64,pearson_r,0.2570810243201541,1152,adt_epoch_1,full_subject_single_seed_validation
weissbart_tf64,adt,reconstruction,gate0_gate2_full_subject_single_seed_v1,0,P07,test_-_P07_-_AUNP08,64,pearson_r,0.023556615498817397,1152,adt_epoch_1,full_subject_single_seed_validation
weissbart_tf64,adt,reconstruction,gate0_gate2_full_subject_single_seed_v1,0,P07,test_-_P07_-_BROP01,64,pearson_r,0.23835242850833085,1024,adt_epoch_1,full_subject_single_seed_validation
weissbart_tf64,adt,reconstruction,gate0_gate2_full_subject_single_seed_v1,0,P07,test_-_P07_-_BROP02,64,pearson_r,0.09957402423702438,1152,adt_epoch_1,full_subject_single_seed_validation
weissbart_tf64,adt,reconstruction,gate0_gate2_full_subject_single_seed_v1,0,P07,test_-_P07_-_BROP03,64,pearson_r,-0.0008740057754145731,1024,adt_epoch_1,full_subject_single_seed_validation
weissbart_tf64,adt,reconstruction,gate0_gate2_full_subject_single_seed_v1,0,P07,test_-_P07_-_FLOP01,64,pearson_r,-0.014588667775976867,768,adt_epoch_1,full_subject_single_seed_validation
weissbart_tf64,adt,reconstruction,gate0_gate2_full_subject_single_seed_v1,0,P07,test_-_P07_-_FLOP02,64,pearson_r,-0.11218866009538553,704,adt_epoch_1,full_subject_single_seed_validation
weissbart_tf64,adt,reconstruction,gate0_gate2_full_subject_single_seed_v1,0,P07,test_-_P07_-_FLOP03,64,pearson_r,0.41949571650544265,704,adt_epoch_1,full_subject_single_seed_validation
weissbart_tf64,adt,reconstruction,gate0_gate2_full_subject_single_seed_v1,0,P07,test_-_P07_-_FLOP04,64,pearson_r,0.11351045756278551,1216,adt_epoch_1,full_subject_single_seed_validation
weissbart_tf64,ridge,reconstruction,gate0_gate2_full_subject_single_seed_v1,0,P08,test_-_P08_-_AUNP01,64,pearson_r,0.19422213457166368,990,ridge_alpha_100.0,full_subject_single_seed_validation
weissbart_tf64,ridge,reconstruction,gate0_gate2_full_subject_single_seed_v1,0,P08,test_-_P08_-_AUNP02,64,pearson_r,0.10100417248036718,970,ridge_alpha_100.0,full_subject_single_seed_validation
weissbart_tf64,ridge,reconstruction,gate0_gate2_full_subject_single_seed_v1,0,P08,test_-_P08_-_AUNP03,64,pearson_r,0.18516158716244946,890,ridge_alpha_100.0,full_subject_single_seed_validation
weissbart_tf64,ridge,reconstruction,gate0_gate2_full_subject_single_seed_v1,0,P08,test_-_P08_-_AUNP04,64,pearson_r,-0.02296426605832982,870,ridge_alpha_100.0,full_subject_single_seed_validation
weissbart_tf64,ridge,reconstruction,gate0_gate2_full_subject_single_seed_v1,0,P08,test_-_P08_-_AUNP05,64,pearson_r,0.052163458036235094,1191,ridge_alpha_100.0,full_subject_single_seed_validation
weissbart_tf64,ridge,reconstruction,gate0_gate2_full_subject_single_seed_v1,0,P08,test_-_P08_-_AUNP06,64,pearson_r,0.11121415493737703,894,ridge_alpha_100.0,full_subject_single_seed_validation
weissbart_tf64,ridge,reconstruction,gate0_gate2_full_subject_single_seed_v1,0,P08,test_-_P08_-_AUNP07,64,pearson_r,0.10396362762218173,1134,ridge_alpha_100.0,full_subject_single_seed_validation
weissbart_tf64,ridge,reconstruction,gate0_gate2_full_subject_single_seed_v1,0,P08,test_-_P08_-_AUNP08,64,pearson_r,0.07780623987908414,1104,ridge_alpha_100.0,full_subject_single_seed_validation
weissbart_tf64,ridge,reconstruction,gate0_gate2_full_subject_single_seed_v1,0,P08,test_-_P08_-_BROP01,64,pearson_r,0.0859056868664335,1017,ridge_alpha_100.0,full_subject_single_seed_validation
weissbart_tf64,ridge,reconstruction,gate0_gate2_full_subject_single_seed_v1,0,P08,test_-_P08_-_BROP02,64,pearson_r,0.0987801459940607,1120,ridge_alpha_100.0,full_subject_single_seed_validation
weissbart_tf64,ridge,reconstruction,gate0_gate2_full_subject_single_seed_v1,0,P08,test_-_P08_-_BROP03,64,pearson_r,0.11594054433905546,1000,ridge_alpha_100.0,full_subject_single_seed_validation
weissbart_tf64,ridge,reconstruction,gate0_gate2_full_subject_single_seed_v1,0,P08,test_-_P08_-_FLOP01,64,pearson_r,0.03620235292056585,779,ridge_alpha_100.0,full_subject_single_seed_validation
weissbart_tf64,ridge,reconstruction,gate0_gate2_full_subject_single_seed_v1,0,P08,test_-_P08_-_FLOP02,64,pearson_r,0.11284694378308012,699,ridge_alpha_100.0,full_subject_single_seed_validation
weissbart_tf64,ridge,reconstruction,gate0_gate2_full_subject_single_seed_v1,0,P08,test_-_P08_-_FLOP03,64,pearson_r,0.09270556715174628,655,ridge_alpha_100.0,full_subject_single_seed_validation
weissbart_tf64,ridge,reconstruction,gate0_gate2_full_subject_single_seed_v1,0,P08,test_-_P08_-_FLOP04,64,pearson_r,0.20486364526836542,1213,ridge_alpha_100.0,full_subject_single_seed_validation
weissbart_tf64,cca,reconstruction,gate0_gate2_full_subject_single_seed_v1,0,P08,test_-_P08_-_AUNP01,64,pearson_r,0.1649997433587548,990,cca_nc_4,full_subject_single_seed_validation
weissbart_tf64,cca,reconstruction,gate0_gate2_full_subject_single_seed_v1,0,P08,test_-_P08_-_AUNP02,64,pearson_r,0.22635121050231172,970,cca_nc_4,full_subject_single_seed_validation
weissbart_tf64,cca,reconstruction,gate0_gate2_full_subject_single_seed_v1,0,P08,test_-_P08_-_AUNP03,64,pearson_r,0.15031780721411253,890,cca_nc_4,full_subject_single_seed_validation
weissbart_tf64,cca,reconstruction,gate0_gate2_full_subject_single_seed_v1,0,P08,test_-_P08_-_AUNP04,64,pearson_r,-0.11518699175733878,870,cca_nc_4,full_subject_single_seed_validation
weissbart_tf64,cca,reconstruction,gate0_gate2_full_subject_single_seed_v1,0,P08,test_-_P08_-_AUNP05,64,pearson_r,0.10113671348327623,1191,cca_nc_4,full_subject_single_seed_validation
weissbart_tf64,cca,reconstruction,gate0_gate2_full_subject_single_seed_v1,0,P08,test_-_P08_-_AUNP06,64,pearson_r,-0.025490495854838754,894,cca_nc_4,full_subject_single_seed_validation
weissbart_tf64,cca,reconstruction,gate0_gate2_full_subject_single_seed_v1,0,P08,test_-_P08_-_AUNP07,64,pearson_r,0.042908569148058996,1134,cca_nc_4,full_subject_single_seed_validation
weissbart_tf64,cca,reconstruction,gate0_gate2_full_subject_single_seed_v1,0,P08,test_-_P08_-_AUNP08,64,pearson_r,0.10890116253501642,1104,cca_nc_4,full_subject_single_seed_validation
weissbart_tf64,cca,reconstruction,gate0_gate2_full_subject_single_seed_v1,0,P08,test_-_P08_-_BROP01,64,pearson_r,0.11701111787897384,1017,cca_nc_4,full_subject_single_seed_validation
weissbart_tf64,cca,reconstruction,gate0_gate2_full_subject_single_seed_v1,0,P08,test_-_P08_-_BROP02,64,pearson_r,0.13439563551439196,1120,cca_nc_4,full_subject_single_seed_validation
weissbart_tf64,cca,reconstruction,gate0_gate2_full_subject_single_seed_v1,0,P08,test_-_P08_-_BROP03,64,pearson_r,0.1310445704305425,1000,cca_nc_4,full_subject_single_seed_validation
weissbart_tf64,cca,reconstruction,gate0_gate2_full_subject_single_seed_v1,0,P08,test_-_P08_-_FLOP01,64,pearson_r,0.0012916750960559082,779,cca_nc_4,full_subject_single_seed_validation
weissbart_tf64,cca,reconstruction,gate0_gate2_full_subject_single_seed_v1,0,P08,test_-_P08_-_FLOP02,64,pearson_r,0.13024058554874993,699,cca_nc_4,full_subject_single_seed_validation
weissbart_tf64,cca,reconstruction,gate0_gate2_full_subject_single_seed_v1,0,P08,test_-_P08_-_FLOP03,64,pearson_r,0.19266583699509818,655,cca_nc_4,full_subject_single_seed_validation
weissbart_tf64,cca,reconstruction,gate0_gate2_full_subject_single_seed_v1,0,P08,test_-_P08_-_FLOP04,64,pearson_r,0.16584045017750465,1213,cca_nc_4,full_subject_single_seed_validation
weissbart_tf64,fcnn,reconstruction,gate0_gate2_full_subject_single_seed_v1,0,P08,test_-_P08_-_AUNP01,64,pearson_r,0.08772529739375838,990,fcnn_epoch_1,full_subject_single_seed_validation
weissbart_tf64,fcnn,reconstruction,gate0_gate2_full_subject_single_seed_v1,0,P08,test_-_P08_-_AUNP02,64,pearson_r,0.24442992025173935,970,fcnn_epoch_1,full_subject_single_seed_validation
weissbart_tf64,fcnn,reconstruction,gate0_gate2_full_subject_single_seed_v1,0,P08,test_-_P08_-_AUNP03,64,pearson_r,0.18718214583910495,890,fcnn_epoch_1,full_subject_single_seed_validation
weissbart_tf64,fcnn,reconstruction,gate0_gate2_full_subject_single_seed_v1,0,P08,test_-_P08_-_AUNP04,64,pearson_r,-0.05153189215474164,870,fcnn_epoch_1,full_subject_single_seed_validation
weissbart_tf64,fcnn,reconstruction,gate0_gate2_full_subject_single_seed_v1,0,P08,test_-_P08_-_AUNP05,64,pearson_r,0.10628866662916932,1191,fcnn_epoch_1,full_subject_single_seed_validation
weissbart_tf64,fcnn,reconstruction,gate0_gate2_full_subject_single_seed_v1,0,P08,test_-_P08_-_AUNP06,64,pearson_r,0.0708618153118714,894,fcnn_epoch_1,full_subject_single_seed_validation
weissbart_tf64,fcnn,reconstruction,gate0_gate2_full_subject_single_seed_v1,0,P08,test_-_P08_-_AUNP07,64,pearson_r,0.010605157244705237,1134,fcnn_epoch_1,full_subject_single_seed_validation
weissbart_tf64,fcnn,reconstruction,gate0_gate2_full_subject_single_seed_v1,0,P08,test_-_P08_-_AUNP08,64,pearson_r,0.06682043664109386,1104,fcnn_epoch_1,full_subject_single_seed_validation
weissbart_tf64,fcnn,reconstruction,gate0_gate2_full_subject_single_seed_v1,0,P08,test_-_P08_-_BROP01,64,pearson_r,-0.032464956934926056,1017,fcnn_epoch_1,full_subject_single_seed_validation
weissbart_tf64,fcnn,reconstruction,gate0_gate2_full_subject_single_seed_v1,0,P08,test_-_P08_-_BROP02,64,pearson_r,0.09253650281287881,1120,fcnn_epoch_1,full_subject_single_seed_validation
weissbart_tf64,fcnn,reconstruction,gate0_gate2_full_subject_single_seed_v1,0,P08,test_-_P08_-_BROP03,64,pearson_r,0.026075304307253133,1000,fcnn_epoch_1,full_subject_single_seed_validation
weissbart_tf64,fcnn,reconstruction,gate0_gate2_full_subject_single_seed_v1,0,P08,test_-_P08_-_FLOP01,64,pearson_r,-0.05278275759533542,779,fcnn_epoch_1,full_subject_single_seed_validation
weissbart_tf64,fcnn,reconstruction,gate0_gate2_full_subject_single_seed_v1,0,P08,test_-_P08_-_FLOP02,64,pearson_r,0.08078063967599919,699,fcnn_epoch_1,full_subject_single_seed_validation
weissbart_tf64,fcnn,reconstruction,gate0_gate2_full_subject_single_seed_v1,0,P08,test_-_P08_-_FLOP03,64,pearson_r,0.31889292147386433,655,fcnn_epoch_1,full_subject_single_seed_validation
weissbart_tf64,fcnn,reconstruction,gate0_gate2_full_subject_single_seed_v1,0,P08,test_-_P08_-_FLOP04,64,pearson_r,0.11507634474415863,1213,fcnn_epoch_1,full_subject_single_seed_validation
weissbart_tf64,adt,reconstruction,gate0_gate2_full_subject_single_seed_v1,0,P08,test_-_P08_-_AUNP01,64,pearson_r,0.039705482586059895,1024,adt_epoch_29,full_subject_single_seed_validation
weissbart_tf64,adt,reconstruction,gate0_gate2_full_subject_single_seed_v1,0,P08,test_-_P08_-_AUNP02,64,pearson_r,0.12117013564099344,960,adt_epoch_29,full_subject_single_seed_validation
weissbart_tf64,adt,reconstruction,gate0_gate2_full_subject_single_seed_v1,0,P08,test_-_P08_-_AUNP03,64,pearson_r,-0.0689539483435516,896,adt_epoch_29,full_subject_single_seed_validation
weissbart_tf64,adt,reconstruction,gate0_gate2_full_subject_single_seed_v1,0,P08,test_-_P08_-_AUNP04,64,pearson_r,-0.007043074560128522,896,adt_epoch_29,full_subject_single_seed_validation
weissbart_tf64,adt,reconstruction,gate0_gate2_full_subject_single_seed_v1,0,P08,test_-_P08_-_AUNP05,64,pearson_r,0.025059322146457935,1216,adt_epoch_29,full_subject_single_seed_validation
weissbart_tf64,adt,reconstruction,gate0_gate2_full_subject_single_seed_v1,0,P08,test_-_P08_-_AUNP06,64,pearson_r,0.12187433867016968,896,adt_epoch_29,full_subject_single_seed_validation
weissbart_tf64,adt,reconstruction,gate0_gate2_full_subject_single_seed_v1,0,P08,test_-_P08_-_AUNP07,64,pearson_r,-0.09663785513082626,1152,adt_epoch_29,full_subject_single_seed_validation
weissbart_tf64,adt,reconstruction,gate0_gate2_full_subject_single_seed_v1,0,P08,test_-_P08_-_AUNP08,64,pearson_r,0.1214527998636014,1152,adt_epoch_29,full_subject_single_seed_validation
weissbart_tf64,adt,reconstruction,gate0_gate2_full_subject_single_seed_v1,0,P08,test_-_P08_-_BROP01,64,pearson_r,0.016325055028572868,1024,adt_epoch_29,full_subject_single_seed_validation
weissbart_tf64,adt,reconstruction,gate0_gate2_full_subject_single_seed_v1,0,P08,test_-_P08_-_BROP02,64,pearson_r,0.06036390453430946,1152,adt_epoch_29,full_subject_single_seed_validation
weissbart_tf64,adt,reconstruction,gate0_gate2_full_subject_single_seed_v1,0,P08,test_-_P08_-_BROP03,64,pearson_r,0.05136631810899714,1024,adt_epoch_29,full_subject_single_seed_validation
weissbart_tf64,adt,reconstruction,gate0_gate2_full_subject_single_seed_v1,0,P08,test_-_P08_-_FLOP01,64,pearson_r,0.15184822202566753,768,adt_epoch_29,full_subject_single_seed_validation
weissbart_tf64,adt,reconstruction,gate0_gate2_full_subject_single_seed_v1,0,P08,test_-_P08_-_FLOP02,64,pearson_r,0.2688386451236326,704,adt_epoch_29,full_subject_single_seed_validation
weissbart_tf64,adt,reconstruction,gate0_gate2_full_subject_single_seed_v1,0,P08,test_-_P08_-_FLOP03,64,pearson_r,0.11789098571659157,704,adt_epoch_29,full_subject_single_seed_validation
weissbart_tf64,adt,reconstruction,gate0_gate2_full_subject_single_seed_v1,0,P08,test_-_P08_-_FLOP04,64,pearson_r,0.12196865803305065,1216,adt_epoch_29,full_subject_single_seed_validation
weissbart_tf64,ridge,reconstruction,gate0_gate2_full_subject_single_seed_v1,0,P09,test_-_P09_-_AUNP01,64,pearson_r,0.10747713981957233,990,ridge_alpha_10.0,full_subject_single_seed_validation
weissbart_tf64,ridge,reconstruction,gate0_gate2_full_subject_single_seed_v1,0,P09,test_-_P09_-_AUNP02,64,pearson_r,0.09225560145915286,970,ridge_alpha_10.0,full_subject_single_seed_validation
weissbart_tf64,ridge,reconstruction,gate0_gate2_full_subject_single_seed_v1,0,P09,test_-_P09_-_AUNP03,64,pearson_r,0.11560615330894113,890,ridge_alpha_10.0,full_subject_single_seed_validation
weissbart_tf64,ridge,reconstruction,gate0_gate2_full_subject_single_seed_v1,0,P09,test_-_P09_-_AUNP04,64,pearson_r,0.11887347261201654,870,ridge_alpha_10.0,full_subject_single_seed_validation
weissbart_tf64,ridge,reconstruction,gate0_gate2_full_subject_single_seed_v1,0,P09,test_-_P09_-_AUNP05,64,pearson_r,0.23730868517734927,1191,ridge_alpha_10.0,full_subject_single_seed_validation
weissbart_tf64,ridge,reconstruction,gate0_gate2_full_subject_single_seed_v1,0,P09,test_-_P09_-_AUNP06,64,pearson_r,0.22338673649823085,894,ridge_alpha_10.0,full_subject_single_seed_validation
weissbart_tf64,ridge,reconstruction,gate0_gate2_full_subject_single_seed_v1,0,P09,test_-_P09_-_AUNP07,64,pearson_r,0.16706945200123083,1134,ridge_alpha_10.0,full_subject_single_seed_validation
weissbart_tf64,ridge,reconstruction,gate0_gate2_full_subject_single_seed_v1,0,P09,test_-_P09_-_AUNP08,64,pearson_r,0.10407472068815415,1104,ridge_alpha_10.0,full_subject_single_seed_validation
weissbart_tf64,ridge,reconstruction,gate0_gate2_full_subject_single_seed_v1,0,P09,test_-_P09_-_BROP01,64,pearson_r,0.08537105379389252,1017,ridge_alpha_10.0,full_subject_single_seed_validation
weissbart_tf64,ridge,reconstruction,gate0_gate2_full_subject_single_seed_v1,0,P09,test_-_P09_-_BROP02,64,pearson_r,0.12913916996783983,1120,ridge_alpha_10.0,full_subject_single_seed_validation
weissbart_tf64,ridge,reconstruction,gate0_gate2_full_subject_single_seed_v1,0,P09,test_-_P09_-_BROP03,64,pearson_r,0.23390801209318487,1000,ridge_alpha_10.0,full_subject_single_seed_validation
weissbart_tf64,ridge,reconstruction,gate0_gate2_full_subject_single_seed_v1,0,P09,test_-_P09_-_FLOP01,64,pearson_r,0.07694368784474023,779,ridge_alpha_10.0,full_subject_single_seed_validation
weissbart_tf64,ridge,reconstruction,gate0_gate2_full_subject_single_seed_v1,0,P09,test_-_P09_-_FLOP02,64,pearson_r,0.20546575461560013,699,ridge_alpha_10.0,full_subject_single_seed_validation
weissbart_tf64,ridge,reconstruction,gate0_gate2_full_subject_single_seed_v1,0,P09,test_-_P09_-_FLOP03,64,pearson_r,0.01299829219232014,655,ridge_alpha_10.0,full_subject_single_seed_validation
weissbart_tf64,ridge,reconstruction,gate0_gate2_full_subject_single_seed_v1,0,P09,test_-_P09_-_FLOP04,64,pearson_r,0.21236945129380014,1213,ridge_alpha_10.0,full_subject_single_seed_validation
weissbart_tf64,cca,reconstruction,gate0_gate2_full_subject_single_seed_v1,0,P09,test_-_P09_-_AUNP01,64,pearson_r,0.1364856668865121,990,cca_nc_4,full_subject_single_seed_validation
weissbart_tf64,cca,reconstruction,gate0_gate2_full_subject_single_seed_v1,0,P09,test_-_P09_-_AUNP02,64,pearson_r,0.1192166569677909,970,cca_nc_4,full_subject_single_seed_validation
weissbart_tf64,cca,reconstruction,gate0_gate2_full_subject_single_seed_v1,0,P09,test_-_P09_-_AUNP03,64,pearson_r,0.0783167795109707,890,cca_nc_4,full_subject_single_seed_validation
weissbart_tf64,cca,reconstruction,gate0_gate2_full_subject_single_seed_v1,0,P09,test_-_P09_-_AUNP04,64,pearson_r,0.2173004667144617,870,cca_nc_4,full_subject_single_seed_validation
weissbart_tf64,cca,reconstruction,gate0_gate2_full_subject_single_seed_v1,0,P09,test_-_P09_-_AUNP05,64,pearson_r,0.13152529947978342,1191,cca_nc_4,full_subject_single_seed_validation
weissbart_tf64,cca,reconstruction,gate0_gate2_full_subject_single_seed_v1,0,P09,test_-_P09_-_AUNP06,64,pearson_r,0.21728783005232002,894,cca_nc_4,full_subject_single_seed_validation
weissbart_tf64,cca,reconstruction,gate0_gate2_full_subject_single_seed_v1,0,P09,test_-_P09_-_AUNP07,64,pearson_r,0.27058779370290775,1134,cca_nc_4,full_subject_single_seed_validation
weissbart_tf64,cca,reconstruction,gate0_gate2_full_subject_single_seed_v1,0,P09,test_-_P09_-_AUNP08,64,pearson_r,0.0850134161096104,1104,cca_nc_4,full_subject_single_seed_validation
weissbart_tf64,cca,reconstruction,gate0_gate2_full_subject_single_seed_v1,0,P09,test_-_P09_-_BROP01,64,pearson_r,0.13302575330735336,1017,cca_nc_4,full_subject_single_seed_validation
weissbart_tf64,cca,reconstruction,gate0_gate2_full_subject_single_seed_v1,0,P09,test_-_P09_-_BROP02,64,pearson_r,0.04724190648797926,1120,cca_nc_4,full_subject_single_seed_validation
weissbart_tf64,cca,reconstruction,gate0_gate2_full_subject_single_seed_v1,0,P09,test_-_P09_-_BROP03,64,pearson_r,0.1525935205565435,1000,cca_nc_4,full_subject_single_seed_validation
weissbart_tf64,cca,reconstruction,gate0_gate2_full_subject_single_seed_v1,0,P09,test_-_P09_-_FLOP01,64,pearson_r,0.06639686339034977,779,cca_nc_4,full_subject_single_seed_validation
weissbart_tf64,cca,reconstruction,gate0_gate2_full_subject_single_seed_v1,0,P09,test_-_P09_-_FLOP02,64,pearson_r,-0.023243446870210474,699,cca_nc_4,full_subject_single_seed_validation
weissbart_tf64,cca,reconstruction,gate0_gate2_full_subject_single_seed_v1,0,P09,test_-_P09_-_FLOP03,64,pearson_r,0.006509047264085569,655,cca_nc_4,full_subject_single_seed_validation
weissbart_tf64,cca,reconstruction,gate0_gate2_full_subject_single_seed_v1,0,P09,test_-_P09_-_FLOP04,64,pearson_r,0.11078261080790167,1213,cca_nc_4,full_subject_single_seed_validation
weissbart_tf64,fcnn,reconstruction,gate0_gate2_full_subject_single_seed_v1,0,P09,test_-_P09_-_AUNP01,64,pearson_r,0.0036559690012415384,990,fcnn_epoch_2,full_subject_single_seed_validation
weissbart_tf64,fcnn,reconstruction,gate0_gate2_full_subject_single_seed_v1,0,P09,test_-_P09_-_AUNP02,64,pearson_r,0.05062078281585271,970,fcnn_epoch_2,full_subject_single_seed_validation
weissbart_tf64,fcnn,reconstruction,gate0_gate2_full_subject_single_seed_v1,0,P09,test_-_P09_-_AUNP03,64,pearson_r,0.14846315234293503,890,fcnn_epoch_2,full_subject_single_seed_validation
weissbart_tf64,fcnn,reconstruction,gate0_gate2_full_subject_single_seed_v1,0,P09,test_-_P09_-_AUNP04,64,pearson_r,0.12868515820022763,870,fcnn_epoch_2,full_subject_single_seed_validation
weissbart_tf64,fcnn,reconstruction,gate0_gate2_full_subject_single_seed_v1,0,P09,test_-_P09_-_AUNP05,64,pearson_r,0.20557167496615242,1191,fcnn_epoch_2,full_subject_single_seed_validation
weissbart_tf64,fcnn,reconstruction,gate0_gate2_full_subject_single_seed_v1,0,P09,test_-_P09_-_AUNP06,64,pearson_r,0.1795801320326072,894,fcnn_epoch_2,full_subject_single_seed_validation
weissbart_tf64,fcnn,reconstruction,gate0_gate2_full_subject_single_seed_v1,0,P09,test_-_P09_-_AUNP07,64,pearson_r,0.253820993635266,1134,fcnn_epoch_2,full_subject_single_seed_validation
weissbart_tf64,fcnn,reconstruction,gate0_gate2_full_subject_single_seed_v1,0,P09,test_-_P09_-_AUNP08,64,pearson_r,0.18506383627046588,1104,fcnn_epoch_2,full_subject_single_seed_validation
weissbart_tf64,fcnn,reconstruction,gate0_gate2_full_subject_single_seed_v1,0,P09,test_-_P09_-_BROP01,64,pearson_r,0.031193746240470478,1017,fcnn_epoch_2,full_subject_single_seed_validation
weissbart_tf64,fcnn,reconstruction,gate0_gate2_full_subject_single_seed_v1,0,P09,test_-_P09_-_BROP02,64,pearson_r,0.11251649964911206,1120,fcnn_epoch_2,full_subject_single_seed_validation
weissbart_tf64,fcnn,reconstruction,gate0_gate2_full_subject_single_seed_v1,0,P09,test_-_P09_-_BROP03,64,pearson_r,0.21592460830152652,1000,fcnn_epoch_2,full_subject_single_seed_validation
weissbart_tf64,fcnn,reconstruction,gate0_gate2_full_subject_single_seed_v1,0,P09,test_-_P09_-_FLOP01,64,pearson_r,0.025487811804623683,779,fcnn_epoch_2,full_subject_single_seed_validation
weissbart_tf64,fcnn,reconstruction,gate0_gate2_full_subject_single_seed_v1,0,P09,test_-_P09_-_FLOP02,64,pearson_r,0.19644280372708792,699,fcnn_epoch_2,full_subject_single_seed_validation
weissbart_tf64,fcnn,reconstruction,gate0_gate2_full_subject_single_seed_v1,0,P09,test_-_P09_-_FLOP03,64,pearson_r,-0.041280606039908706,655,fcnn_epoch_2,full_subject_single_seed_validation
weissbart_tf64,fcnn,reconstruction,gate0_gate2_full_subject_single_seed_v1,0,P09,test_-_P09_-_FLOP04,64,pearson_r,0.09677438198548331,1213,fcnn_epoch_2,full_subject_single_seed_validation
weissbart_tf64,adt,reconstruction,gate0_gate2_full_subject_single_seed_v1,0,P09,test_-_P09_-_AUNP01,64,pearson_r,0.2204503183579388,1024,adt_epoch_2,full_subject_single_seed_validation
weissbart_tf64,adt,reconstruction,gate0_gate2_full_subject_single_seed_v1,0,P09,test_-_P09_-_AUNP02,64,pearson_r,0.08109807452392832,960,adt_epoch_2,full_subject_single_seed_validation
weissbart_tf64,adt,reconstruction,gate0_gate2_full_subject_single_seed_v1,0,P09,test_-_P09_-_AUNP03,64,pearson_r,0.22681397306969245,896,adt_epoch_2,full_subject_single_seed_validation
weissbart_tf64,adt,reconstruction,gate0_gate2_full_subject_single_seed_v1,0,P09,test_-_P09_-_AUNP04,64,pearson_r,0.3530463835825689,896,adt_epoch_2,full_subject_single_seed_validation
weissbart_tf64,adt,reconstruction,gate0_gate2_full_subject_single_seed_v1,0,P09,test_-_P09_-_AUNP05,64,pearson_r,0.19285723545290034,1216,adt_epoch_2,full_subject_single_seed_validation
weissbart_tf64,adt,reconstruction,gate0_gate2_full_subject_single_seed_v1,0,P09,test_-_P09_-_AUNP06,64,pearson_r,0.27917730801392504,896,adt_epoch_2,full_subject_single_seed_validation
weissbart_tf64,adt,reconstruction,gate0_gate2_full_subject_single_seed_v1,0,P09,test_-_P09_-_AUNP07,64,pearson_r,0.1977721740216199,1152,adt_epoch_2,full_subject_single_seed_validation
weissbart_tf64,adt,reconstruction,gate0_gate2_full_subject_single_seed_v1,0,P09,test_-_P09_-_AUNP08,64,pearson_r,0.2151281839778365,1152,adt_epoch_2,full_subject_single_seed_validation
weissbart_tf64,adt,reconstruction,gate0_gate2_full_subject_single_seed_v1,0,P09,test_-_P09_-_BROP01,64,pearson_r,-0.011713222466852224,1024,adt_epoch_2,full_subject_single_seed_validation
weissbart_tf64,adt,reconstruction,gate0_gate2_full_subject_single_seed_v1,0,P09,test_-_P09_-_BROP02,64,pearson_r,0.1275201292844254,1152,adt_epoch_2,full_subject_single_seed_validation
weissbart_tf64,adt,reconstruction,gate0_gate2_full_subject_single_seed_v1,0,P09,test_-_P09_-_BROP03,64,pearson_r,0.07315457277795036,1024,adt_epoch_2,full_subject_single_seed_validation
weissbart_tf64,adt,reconstruction,gate0_gate2_full_subject_single_seed_v1,0,P09,test_-_P09_-_FLOP01,64,pearson_r,0.03446152395004122,768,adt_epoch_2,full_subject_single_seed_validation
weissbart_tf64,adt,reconstruction,gate0_gate2_full_subject_single_seed_v1,0,P09,test_-_P09_-_FLOP02,64,pearson_r,0.21308291068960553,704,adt_epoch_2,full_subject_single_seed_validation
weissbart_tf64,adt,reconstruction,gate0_gate2_full_subject_single_seed_v1,0,P09,test_-_P09_-_FLOP03,64,pearson_r,0.29757715575412774,704,adt_epoch_2,full_subject_single_seed_validation
weissbart_tf64,adt,reconstruction,gate0_gate2_full_subject_single_seed_v1,0,P09,test_-_P09_-_FLOP04,64,pearson_r,0.1835813664715892,1216,adt_epoch_2,full_subject_single_seed_validation
weissbart_tf64,ridge,reconstruction,gate0_gate2_full_subject_single_seed_v1,0,P10,test_-_P10_-_AUNP01,64,pearson_r,0.07857682282469633,990,ridge_alpha_100.0,full_subject_single_seed_validation
weissbart_tf64,ridge,reconstruction,gate0_gate2_full_subject_single_seed_v1,0,P10,test_-_P10_-_AUNP02,64,pearson_r,0.1353185265013322,970,ridge_alpha_100.0,full_subject_single_seed_validation
weissbart_tf64,ridge,reconstruction,gate0_gate2_full_subject_single_seed_v1,0,P10,test_-_P10_-_AUNP03,64,pearson_r,0.06301996450595047,890,ridge_alpha_100.0,full_subject_single_seed_validation
weissbart_tf64,ridge,reconstruction,gate0_gate2_full_subject_single_seed_v1,0,P10,test_-_P10_-_AUNP04,64,pearson_r,0.11250117418492321,870,ridge_alpha_100.0,full_subject_single_seed_validation
weissbart_tf64,ridge,reconstruction,gate0_gate2_full_subject_single_seed_v1,0,P10,test_-_P10_-_AUNP05,64,pearson_r,0.2067116269401201,1191,ridge_alpha_100.0,full_subject_single_seed_validation
weissbart_tf64,ridge,reconstruction,gate0_gate2_full_subject_single_seed_v1,0,P10,test_-_P10_-_AUNP06,64,pearson_r,0.1500664670861692,894,ridge_alpha_100.0,full_subject_single_seed_validation
weissbart_tf64,ridge,reconstruction,gate0_gate2_full_subject_single_seed_v1,0,P10,test_-_P10_-_AUNP07,64,pearson_r,0.07888025869134713,1134,ridge_alpha_100.0,full_subject_single_seed_validation
weissbart_tf64,ridge,reconstruction,gate0_gate2_full_subject_single_seed_v1,0,P10,test_-_P10_-_AUNP08,64,pearson_r,0.044919155887179193,1104,ridge_alpha_100.0,full_subject_single_seed_validation
weissbart_tf64,ridge,reconstruction,gate0_gate2_full_subject_single_seed_v1,0,P10,test_-_P10_-_BROP01,64,pearson_r,0.06961987077371633,1017,ridge_alpha_100.0,full_subject_single_seed_validation
weissbart_tf64,ridge,reconstruction,gate0_gate2_full_subject_single_seed_v1,0,P10,test_-_P10_-_BROP02,64,pearson_r,0.12202691417693817,1120,ridge_alpha_100.0,full_subject_single_seed_validation
weissbart_tf64,ridge,reconstruction,gate0_gate2_full_subject_single_seed_v1,0,P10,test_-_P10_-_BROP03,64,pearson_r,0.16479231085981882,1000,ridge_alpha_100.0,full_subject_single_seed_validation
weissbart_tf64,ridge,reconstruction,gate0_gate2_full_subject_single_seed_v1,0,P10,test_-_P10_-_FLOP01,64,pearson_r,0.060147780722396564,779,ridge_alpha_100.0,full_subject_single_seed_validation
weissbart_tf64,ridge,reconstruction,gate0_gate2_full_subject_single_seed_v1,0,P10,test_-_P10_-_FLOP02,64,pearson_r,0.20225669114693437,699,ridge_alpha_100.0,full_subject_single_seed_validation
weissbart_tf64,ridge,reconstruction,gate0_gate2_full_subject_single_seed_v1,0,P10,test_-_P10_-_FLOP03,64,pearson_r,0.3267502708393113,655,ridge_alpha_100.0,full_subject_single_seed_validation
weissbart_tf64,ridge,reconstruction,gate0_gate2_full_subject_single_seed_v1,0,P10,test_-_P10_-_FLOP04,64,pearson_r,0.15131202452736228,1213,ridge_alpha_100.0,full_subject_single_seed_validation
weissbart_tf64,cca,reconstruction,gate0_gate2_full_subject_single_seed_v1,0,P10,test_-_P10_-_AUNP01,64,pearson_r,0.11286514779440984,990,cca_nc_4,full_subject_single_seed_validation
weissbart_tf64,cca,reconstruction,gate0_gate2_full_subject_single_seed_v1,0,P10,test_-_P10_-_AUNP02,64,pearson_r,0.08759900383531126,970,cca_nc_4,full_subject_single_seed_validation
weissbart_tf64,cca,reconstruction,gate0_gate2_full_subject_single_seed_v1,0,P10,test_-_P10_-_AUNP03,64,pearson_r,-0.05049708539529027,890,cca_nc_4,full_subject_single_seed_validation
weissbart_tf64,cca,reconstruction,gate0_gate2_full_subject_single_seed_v1,0,P10,test_-_P10_-_AUNP04,64,pearson_r,0.19842352296536245,870,cca_nc_4,full_subject_single_seed_validation
weissbart_tf64,cca,reconstruction,gate0_gate2_full_subject_single_seed_v1,0,P10,test_-_P10_-_AUNP05,64,pearson_r,0.21803424619097964,1191,cca_nc_4,full_subject_single_seed_validation
weissbart_tf64,cca,reconstruction,gate0_gate2_full_subject_single_seed_v1,0,P10,test_-_P10_-_AUNP06,64,pearson_r,0.04719949165269795,894,cca_nc_4,full_subject_single_seed_validation
weissbart_tf64,cca,reconstruction,gate0_gate2_full_subject_single_seed_v1,0,P10,test_-_P10_-_AUNP07,64,pearson_r,-0.03144613424163219,1134,cca_nc_4,full_subject_single_seed_validation
weissbart_tf64,cca,reconstruction,gate0_gate2_full_subject_single_seed_v1,0,P10,test_-_P10_-_AUNP08,64,pearson_r,-0.030974919037492592,1104,cca_nc_4,full_subject_single_seed_validation
weissbart_tf64,cca,reconstruction,gate0_gate2_full_subject_single_seed_v1,0,P10,test_-_P10_-_BROP01,64,pearson_r,0.010070740934308691,1017,cca_nc_4,full_subject_single_seed_validation
weissbart_tf64,cca,reconstruction,gate0_gate2_full_subject_single_seed_v1,0,P10,test_-_P10_-_BROP02,64,pearson_r,0.0900198149622793,1120,cca_nc_4,full_subject_single_seed_validation
weissbart_tf64,cca,reconstruction,gate0_gate2_full_subject_single_seed_v1,0,P10,test_-_P10_-_BROP03,64,pearson_r,0.12190327174564652,1000,cca_nc_4,full_subject_single_seed_validation
weissbart_tf64,cca,reconstruction,gate0_gate2_full_subject_single_seed_v1,0,P10,test_-_P10_-_FLOP01,64,pearson_r,0.01144424050017323,779,cca_nc_4,full_subject_single_seed_validation
weissbart_tf64,cca,reconstruction,gate0_gate2_full_subject_single_seed_v1,0,P10,test_-_P10_-_FLOP02,64,pearson_r,0.1999735623556348,699,cca_nc_4,full_subject_single_seed_validation
weissbart_tf64,cca,reconstruction,gate0_gate2_full_subject_single_seed_v1,0,P10,test_-_P10_-_FLOP03,64,pearson_r,0.22759532211315886,655,cca_nc_4,full_subject_single_seed_validation
weissbart_tf64,cca,reconstruction,gate0_gate2_full_subject_single_seed_v1,0,P10,test_-_P10_-_FLOP04,64,pearson_r,0.17052647933636253,1213,cca_nc_4,full_subject_single_seed_validation
weissbart_tf64,fcnn,reconstruction,gate0_gate2_full_subject_single_seed_v1,0,P10,test_-_P10_-_AUNP01,64,pearson_r,0.07140374604630702,990,fcnn_epoch_2,full_subject_single_seed_validation
weissbart_tf64,fcnn,reconstruction,gate0_gate2_full_subject_single_seed_v1,0,P10,test_-_P10_-_AUNP02,64,pearson_r,0.03807716783710277,970,fcnn_epoch_2,full_subject_single_seed_validation
weissbart_tf64,fcnn,reconstruction,gate0_gate2_full_subject_single_seed_v1,0,P10,test_-_P10_-_AUNP03,64,pearson_r,0.008147479179899136,890,fcnn_epoch_2,full_subject_single_seed_validation
weissbart_tf64,fcnn,reconstruction,gate0_gate2_full_subject_single_seed_v1,0,P10,test_-_P10_-_AUNP04,64,pearson_r,0.08965822328288896,870,fcnn_epoch_2,full_subject_single_seed_validation
weissbart_tf64,fcnn,reconstruction,gate0_gate2_full_subject_single_seed_v1,0,P10,test_-_P10_-_AUNP05,64,pearson_r,0.20366107487458868,1191,fcnn_epoch_2,full_subject_single_seed_validation
weissbart_tf64,fcnn,reconstruction,gate0_gate2_full_subject_single_seed_v1,0,P10,test_-_P10_-_AUNP06,64,pearson_r,0.05797731848331863,894,fcnn_epoch_2,full_subject_single_seed_validation
weissbart_tf64,fcnn,reconstruction,gate0_gate2_full_subject_single_seed_v1,0,P10,test_-_P10_-_AUNP07,64,pearson_r,0.0019199668368330796,1134,fcnn_epoch_2,full_subject_single_seed_validation
weissbart_tf64,fcnn,reconstruction,gate0_gate2_full_subject_single_seed_v1,0,P10,test_-_P10_-_AUNP08,64,pearson_r,-0.1436692302872949,1104,fcnn_epoch_2,full_subject_single_seed_validation
weissbart_tf64,fcnn,reconstruction,gate0_gate2_full_subject_single_seed_v1,0,P10,test_-_P10_-_BROP01,64,pearson_r,0.07605136602766964,1017,fcnn_epoch_2,full_subject_single_seed_validation
weissbart_tf64,fcnn,reconstruction,gate0_gate2_full_subject_single_seed_v1,0,P10,test_-_P10_-_BROP02,64,pearson_r,0.046785878563082604,1120,fcnn_epoch_2,full_subject_single_seed_validation
weissbart_tf64,fcnn,reconstruction,gate0_gate2_full_subject_single_seed_v1,0,P10,test_-_P10_-_BROP03,64,pearson_r,-0.03654162429053391,1000,fcnn_epoch_2,full_subject_single_seed_validation
weissbart_tf64,fcnn,reconstruction,gate0_gate2_full_subject_single_seed_v1,0,P10,test_-_P10_-_FLOP01,64,pearson_r,0.054980952089198475,779,fcnn_epoch_2,full_subject_single_seed_validation
weissbart_tf64,fcnn,reconstruction,gate0_gate2_full_subject_single_seed_v1,0,P10,test_-_P10_-_FLOP02,64,pearson_r,0.14950226156455945,699,fcnn_epoch_2,full_subject_single_seed_validation
weissbart_tf64,fcnn,reconstruction,gate0_gate2_full_subject_single_seed_v1,0,P10,test_-_P10_-_FLOP03,64,pearson_r,0.14114473561284127,655,fcnn_epoch_2,full_subject_single_seed_validation
weissbart_tf64,fcnn,reconstruction,gate0_gate2_full_subject_single_seed_v1,0,P10,test_-_P10_-_FLOP04,64,pearson_r,0.1427022597644544,1213,fcnn_epoch_2,full_subject_single_seed_validation
weissbart_tf64,adt,reconstruction,gate0_gate2_full_subject_single_seed_v1,0,P10,test_-_P10_-_AUNP01,64,pearson_r,0.14121046542123067,1024,adt_epoch_7,full_subject_single_seed_validation
weissbart_tf64,adt,reconstruction,gate0_gate2_full_subject_single_seed_v1,0,P10,test_-_P10_-_AUNP02,64,pearson_r,0.05016743380758382,960,adt_epoch_7,full_subject_single_seed_validation
weissbart_tf64,adt,reconstruction,gate0_gate2_full_subject_single_seed_v1,0,P10,test_-_P10_-_AUNP03,64,pearson_r,0.05708532962857964,896,adt_epoch_7,full_subject_single_seed_validation
weissbart_tf64,adt,reconstruction,gate0_gate2_full_subject_single_seed_v1,0,P10,test_-_P10_-_AUNP04,64,pearson_r,0.09370332514233674,896,adt_epoch_7,full_subject_single_seed_validation
weissbart_tf64,adt,reconstruction,gate0_gate2_full_subject_single_seed_v1,0,P10,test_-_P10_-_AUNP05,64,pearson_r,0.2454931385493042,1216,adt_epoch_7,full_subject_single_seed_validation
weissbart_tf64,adt,reconstruction,gate0_gate2_full_subject_single_seed_v1,0,P10,test_-_P10_-_AUNP06,64,pearson_r,0.03980318374446507,896,adt_epoch_7,full_subject_single_seed_validation
weissbart_tf64,adt,reconstruction,gate0_gate2_full_subject_single_seed_v1,0,P10,test_-_P10_-_AUNP07,64,pearson_r,0.1714089035521403,1152,adt_epoch_7,full_subject_single_seed_validation
weissbart_tf64,adt,reconstruction,gate0_gate2_full_subject_single_seed_v1,0,P10,test_-_P10_-_AUNP08,64,pearson_r,0.06689553263043366,1152,adt_epoch_7,full_subject_single_seed_validation
weissbart_tf64,adt,reconstruction,gate0_gate2_full_subject_single_seed_v1,0,P10,test_-_P10_-_BROP01,64,pearson_r,0.12606475013487276,1024,adt_epoch_7,full_subject_single_seed_validation
weissbart_tf64,adt,reconstruction,gate0_gate2_full_subject_single_seed_v1,0,P10,test_-_P10_-_BROP02,64,pearson_r,0.03321864963388169,1152,adt_epoch_7,full_subject_single_seed_validation
weissbart_tf64,adt,reconstruction,gate0_gate2_full_subject_single_seed_v1,0,P10,test_-_P10_-_BROP03,64,pearson_r,0.1053772730525727,1024,adt_epoch_7,full_subject_single_seed_validation
weissbart_tf64,adt,reconstruction,gate0_gate2_full_subject_single_seed_v1,0,P10,test_-_P10_-_FLOP01,64,pearson_r,0.1533850627763457,768,adt_epoch_7,full_subject_single_seed_validation
weissbart_tf64,adt,reconstruction,gate0_gate2_full_subject_single_seed_v1,0,P10,test_-_P10_-_FLOP02,64,pearson_r,-0.08526520856713665,704,adt_epoch_7,full_subject_single_seed_validation
weissbart_tf64,adt,reconstruction,gate0_gate2_full_subject_single_seed_v1,0,P10,test_-_P10_-_FLOP03,64,pearson_r,0.07869934830276311,704,adt_epoch_7,full_subject_single_seed_validation
weissbart_tf64,adt,reconstruction,gate0_gate2_full_subject_single_seed_v1,0,P10,test_-_P10_-_FLOP04,64,pearson_r,0.1567694272857812,1216,adt_epoch_7,full_subject_single_seed_validation
weissbart_tf64,ridge,reconstruction,gate0_gate2_full_subject_single_seed_v1,0,P11,test_-_P11_-_AUNP01,64,pearson_r,0.23735205331466172,990,ridge_alpha_10.0,full_subject_single_seed_validation
weissbart_tf64,ridge,reconstruction,gate0_gate2_full_subject_single_seed_v1,0,P11,test_-_P11_-_AUNP02,64,pearson_r,0.08707579594796055,970,ridge_alpha_10.0,full_subject_single_seed_validation
weissbart_tf64,ridge,reconstruction,gate0_gate2_full_subject_single_seed_v1,0,P11,test_-_P11_-_AUNP03,64,pearson_r,0.2172351289886327,890,ridge_alpha_10.0,full_subject_single_seed_validation
weissbart_tf64,ridge,reconstruction,gate0_gate2_full_subject_single_seed_v1,0,P11,test_-_P11_-_AUNP04,64,pearson_r,0.3442061277559166,870,ridge_alpha_10.0,full_subject_single_seed_validation
weissbart_tf64,ridge,reconstruction,gate0_gate2_full_subject_single_seed_v1,0,P11,test_-_P11_-_AUNP05,64,pearson_r,0.13808359911167536,1191,ridge_alpha_10.0,full_subject_single_seed_validation
weissbart_tf64,ridge,reconstruction,gate0_gate2_full_subject_single_seed_v1,0,P11,test_-_P11_-_AUNP06,64,pearson_r,0.22797311582557897,894,ridge_alpha_10.0,full_subject_single_seed_validation
weissbart_tf64,ridge,reconstruction,gate0_gate2_full_subject_single_seed_v1,0,P11,test_-_P11_-_AUNP07,64,pearson_r,0.1237943547729739,1134,ridge_alpha_10.0,full_subject_single_seed_validation
weissbart_tf64,ridge,reconstruction,gate0_gate2_full_subject_single_seed_v1,0,P11,test_-_P11_-_AUNP08,64,pearson_r,0.01878896188683272,1104,ridge_alpha_10.0,full_subject_single_seed_validation
weissbart_tf64,ridge,reconstruction,gate0_gate2_full_subject_single_seed_v1,0,P11,test_-_P11_-_BROP01,64,pearson_r,0.17383953652625278,1017,ridge_alpha_10.0,full_subject_single_seed_validation
weissbart_tf64,ridge,reconstruction,gate0_gate2_full_subject_single_seed_v1,0,P11,test_-_P11_-_BROP02,64,pearson_r,0.22024243541669508,1120,ridge_alpha_10.0,full_subject_single_seed_validation
weissbart_tf64,ridge,reconstruction,gate0_gate2_full_subject_single_seed_v1,0,P11,test_-_P11_-_BROP03,64,pearson_r,0.22188589847780404,1000,ridge_alpha_10.0,full_subject_single_seed_validation
weissbart_tf64,ridge,reconstruction,gate0_gate2_full_subject_single_seed_v1,0,P11,test_-_P11_-_FLOP01,64,pearson_r,-0.0256463750693418,779,ridge_alpha_10.0,full_subject_single_seed_validation
weissbart_tf64,ridge,reconstruction,gate0_gate2_full_subject_single_seed_v1,0,P11,test_-_P11_-_FLOP02,64,pearson_r,0.11201512580792031,699,ridge_alpha_10.0,full_subject_single_seed_validation
weissbart_tf64,ridge,reconstruction,gate0_gate2_full_subject_single_seed_v1,0,P11,test_-_P11_-_FLOP03,64,pearson_r,0.17835397603179834,655,ridge_alpha_10.0,full_subject_single_seed_validation
weissbart_tf64,ridge,reconstruction,gate0_gate2_full_subject_single_seed_v1,0,P11,test_-_P11_-_FLOP04,64,pearson_r,-0.016098050445165043,1213,ridge_alpha_10.0,full_subject_single_seed_validation
weissbart_tf64,cca,reconstruction,gate0_gate2_full_subject_single_seed_v1,0,P11,test_-_P11_-_AUNP01,64,pearson_r,0.3084011960556653,990,cca_nc_4,full_subject_single_seed_validation
weissbart_tf64,cca,reconstruction,gate0_gate2_full_subject_single_seed_v1,0,P11,test_-_P11_-_AUNP02,64,pearson_r,-0.0191308395986676,970,cca_nc_4,full_subject_single_seed_validation
weissbart_tf64,cca,reconstruction,gate0_gate2_full_subject_single_seed_v1,0,P11,test_-_P11_-_AUNP03,64,pearson_r,0.17390991997833052,890,cca_nc_4,full_subject_single_seed_validation
weissbart_tf64,cca,reconstruction,gate0_gate2_full_subject_single_seed_v1,0,P11,test_-_P11_-_AUNP04,64,pearson_r,0.2655632409215748,870,cca_nc_4,full_subject_single_seed_validation
weissbart_tf64,cca,reconstruction,gate0_gate2_full_subject_single_seed_v1,0,P11,test_-_P11_-_AUNP05,64,pearson_r,0.12778884512100533,1191,cca_nc_4,full_subject_single_seed_validation
weissbart_tf64,cca,reconstruction,gate0_gate2_full_subject_single_seed_v1,0,P11,test_-_P11_-_AUNP06,64,pearson_r,0.1158199721943986,894,cca_nc_4,full_subject_single_seed_validation
weissbart_tf64,cca,reconstruction,gate0_gate2_full_subject_single_seed_v1,0,P11,test_-_P11_-_AUNP07,64,pearson_r,0.013603760161640123,1134,cca_nc_4,full_subject_single_seed_validation
weissbart_tf64,cca,reconstruction,gate0_gate2_full_subject_single_seed_v1,0,P11,test_-_P11_-_AUNP08,64,pearson_r,-0.05759659303183192,1104,cca_nc_4,full_subject_single_seed_validation
weissbart_tf64,cca,reconstruction,gate0_gate2_full_subject_single_seed_v1,0,P11,test_-_P11_-_BROP01,64,pearson_r,0.10069783231337592,1017,cca_nc_4,full_subject_single_seed_validation
weissbart_tf64,cca,reconstruction,gate0_gate2_full_subject_single_seed_v1,0,P11,test_-_P11_-_BROP02,64,pearson_r,0.05898778301141757,1120,cca_nc_4,full_subject_single_seed_validation
weissbart_tf64,cca,reconstruction,gate0_gate2_full_subject_single_seed_v1,0,P11,test_-_P11_-_BROP03,64,pearson_r,0.15754915675372616,1000,cca_nc_4,full_subject_single_seed_validation
weissbart_tf64,cca,reconstruction,gate0_gate2_full_subject_single_seed_v1,0,P11,test_-_P11_-_FLOP01,64,pearson_r,-0.06516661243027279,779,cca_nc_4,full_subject_single_seed_validation
weissbart_tf64,cca,reconstruction,gate0_gate2_full_subject_single_seed_v1,0,P11,test_-_P11_-_FLOP02,64,pearson_r,0.0064829189157203865,699,cca_nc_4,full_subject_single_seed_validation
weissbart_tf64,cca,reconstruction,gate0_gate2_full_subject_single_seed_v1,0,P11,test_-_P11_-_FLOP03,64,pearson_r,0.18262652379976704,655,cca_nc_4,full_subject_single_seed_validation
weissbart_tf64,cca,reconstruction,gate0_gate2_full_subject_single_seed_v1,0,P11,test_-_P11_-_FLOP04,64,pearson_r,-0.03116871759203574,1213,cca_nc_4,full_subject_single_seed_validation
weissbart_tf64,fcnn,reconstruction,gate0_gate2_full_subject_single_seed_v1,0,P11,test_-_P11_-_AUNP01,64,pearson_r,0.26158703079184836,990,fcnn_epoch_1,full_subject_single_seed_validation
weissbart_tf64,fcnn,reconstruction,gate0_gate2_full_subject_single_seed_v1,0,P11,test_-_P11_-_AUNP02,64,pearson_r,0.026713083393625672,970,fcnn_epoch_1,full_subject_single_seed_validation
weissbart_tf64,fcnn,reconstruction,gate0_gate2_full_subject_single_seed_v1,0,P11,test_-_P11_-_AUNP03,64,pearson_r,0.15517517729967734,890,fcnn_epoch_1,full_subject_single_seed_validation
weissbart_tf64,fcnn,reconstruction,gate0_gate2_full_subject_single_seed_v1,0,P11,test_-_P11_-_AUNP04,64,pearson_r,0.2895270729389942,870,fcnn_epoch_1,full_subject_single_seed_validation
weissbart_tf64,fcnn,reconstruction,gate0_gate2_full_subject_single_seed_v1,0,P11,test_-_P11_-_AUNP05,64,pearson_r,0.10232267939539759,1191,fcnn_epoch_1,full_subject_single_seed_validation
weissbart_tf64,fcnn,reconstruction,gate0_gate2_full_subject_single_seed_v1,0,P11,test_-_P11_-_AUNP06,64,pearson_r,0.1886862897384727,894,fcnn_epoch_1,full_subject_single_seed_validation
weissbart_tf64,fcnn,reconstruction,gate0_gate2_full_subject_single_seed_v1,0,P11,test_-_P11_-_AUNP07,64,pearson_r,0.03398218293900276,1134,fcnn_epoch_1,full_subject_single_seed_validation
weissbart_tf64,fcnn,reconstruction,gate0_gate2_full_subject_single_seed_v1,0,P11,test_-_P11_-_AUNP08,64,pearson_r,-0.041986725819883414,1104,fcnn_epoch_1,full_subject_single_seed_validation
weissbart_tf64,fcnn,reconstruction,gate0_gate2_full_subject_single_seed_v1,0,P11,test_-_P11_-_BROP01,64,pearson_r,0.057358257064549924,1017,fcnn_epoch_1,full_subject_single_seed_validation
weissbart_tf64,fcnn,reconstruction,gate0_gate2_full_subject_single_seed_v1,0,P11,test_-_P11_-_BROP02,64,pearson_r,-0.02008589199980583,1120,fcnn_epoch_1,full_subject_single_seed_validation
weissbart_tf64,fcnn,reconstruction,gate0_gate2_full_subject_single_seed_v1,0,P11,test_-_P11_-_BROP03,64,pearson_r,0.1824831306774758,1000,fcnn_epoch_1,full_subject_single_seed_validation
weissbart_tf64,fcnn,reconstruction,gate0_gate2_full_subject_single_seed_v1,0,P11,test_-_P11_-_FLOP01,64,pearson_r,-0.09377316213059622,779,fcnn_epoch_1,full_subject_single_seed_validation
weissbart_tf64,fcnn,reconstruction,gate0_gate2_full_subject_single_seed_v1,0,P11,test_-_P11_-_FLOP02,64,pearson_r,0.06020527448890008,699,fcnn_epoch_1,full_subject_single_seed_validation
weissbart_tf64,fcnn,reconstruction,gate0_gate2_full_subject_single_seed_v1,0,P11,test_-_P11_-_FLOP03,64,pearson_r,0.14018556953248268,655,fcnn_epoch_1,full_subject_single_seed_validation
weissbart_tf64,fcnn,reconstruction,gate0_gate2_full_subject_single_seed_v1,0,P11,test_-_P11_-_FLOP04,64,pearson_r,0.01883005109090851,1213,fcnn_epoch_1,full_subject_single_seed_validation
weissbart_tf64,adt,reconstruction,gate0_gate2_full_subject_single_seed_v1,0,P11,test_-_P11_-_AUNP01,64,pearson_r,0.16346203129875944,1024,adt_epoch_2,full_subject_single_seed_validation
weissbart_tf64,adt,reconstruction,gate0_gate2_full_subject_single_seed_v1,0,P11,test_-_P11_-_AUNP02,64,pearson_r,0.11792480963126735,960,adt_epoch_2,full_subject_single_seed_validation
weissbart_tf64,adt,reconstruction,gate0_gate2_full_subject_single_seed_v1,0,P11,test_-_P11_-_AUNP03,64,pearson_r,0.26388894470450736,896,adt_epoch_2,full_subject_single_seed_validation
weissbart_tf64,adt,reconstruction,gate0_gate2_full_subject_single_seed_v1,0,P11,test_-_P11_-_AUNP04,64,pearson_r,0.33179166314620423,896,adt_epoch_2,full_subject_single_seed_validation
weissbart_tf64,adt,reconstruction,gate0_gate2_full_subject_single_seed_v1,0,P11,test_-_P11_-_AUNP05,64,pearson_r,0.13633818164143185,1216,adt_epoch_2,full_subject_single_seed_validation
weissbart_tf64,adt,reconstruction,gate0_gate2_full_subject_single_seed_v1,0,P11,test_-_P11_-_AUNP06,64,pearson_r,0.15523027009677334,896,adt_epoch_2,full_subject_single_seed_validation
weissbart_tf64,adt,reconstruction,gate0_gate2_full_subject_single_seed_v1,0,P11,test_-_P11_-_AUNP07,64,pearson_r,0.09523802193945118,1152,adt_epoch_2,full_subject_single_seed_validation
weissbart_tf64,adt,reconstruction,gate0_gate2_full_subject_single_seed_v1,0,P11,test_-_P11_-_AUNP08,64,pearson_r,0.08009089330468082,1152,adt_epoch_2,full_subject_single_seed_validation
weissbart_tf64,adt,reconstruction,gate0_gate2_full_subject_single_seed_v1,0,P11,test_-_P11_-_BROP01,64,pearson_r,0.12573411214440638,1024,adt_epoch_2,full_subject_single_seed_validation
weissbart_tf64,adt,reconstruction,gate0_gate2_full_subject_single_seed_v1,0,P11,test_-_P11_-_BROP02,64,pearson_r,0.15977424835346846,1152,adt_epoch_2,full_subject_single_seed_validation
weissbart_tf64,adt,reconstruction,gate0_gate2_full_subject_single_seed_v1,0,P11,test_-_P11_-_BROP03,64,pearson_r,0.2880587670049671,1024,adt_epoch_2,full_subject_single_seed_validation
weissbart_tf64,adt,reconstruction,gate0_gate2_full_subject_single_seed_v1,0,P11,test_-_P11_-_FLOP01,64,pearson_r,0.09719614255718735,768,adt_epoch_2,full_subject_single_seed_validation
weissbart_tf64,adt,reconstruction,gate0_gate2_full_subject_single_seed_v1,0,P11,test_-_P11_-_FLOP02,64,pearson_r,0.038367482080886375,704,adt_epoch_2,full_subject_single_seed_validation
weissbart_tf64,adt,reconstruction,gate0_gate2_full_subject_single_seed_v1,0,P11,test_-_P11_-_FLOP03,64,pearson_r,0.2576178096838755,704,adt_epoch_2,full_subject_single_seed_validation
weissbart_tf64,adt,reconstruction,gate0_gate2_full_subject_single_seed_v1,0,P11,test_-_P11_-_FLOP04,64,pearson_r,0.12968781770306584,1216,adt_epoch_2,full_subject_single_seed_validation
weissbart_tf64,ridge,reconstruction,gate0_gate2_full_subject_single_seed_v1,0,P12,test_-_P12_-_AUNP01,64,pearson_r,0.38294956467799807,990,ridge_alpha_10.0,full_subject_single_seed_validation
weissbart_tf64,ridge,reconstruction,gate0_gate2_full_subject_single_seed_v1,0,P12,test_-_P12_-_AUNP02,64,pearson_r,-0.03486458585518621,970,ridge_alpha_10.0,full_subject_single_seed_validation
weissbart_tf64,ridge,reconstruction,gate0_gate2_full_subject_single_seed_v1,0,P12,test_-_P12_-_AUNP03,64,pearson_r,0.17051891678432407,890,ridge_alpha_10.0,full_subject_single_seed_validation
weissbart_tf64,ridge,reconstruction,gate0_gate2_full_subject_single_seed_v1,0,P12,test_-_P12_-_AUNP04,64,pearson_r,0.22541275283603462,870,ridge_alpha_10.0,full_subject_single_seed_validation
weissbart_tf64,ridge,reconstruction,gate0_gate2_full_subject_single_seed_v1,0,P12,test_-_P12_-_AUNP05,64,pearson_r,0.26949700664580356,1191,ridge_alpha_10.0,full_subject_single_seed_validation
weissbart_tf64,ridge,reconstruction,gate0_gate2_full_subject_single_seed_v1,0,P12,test_-_P12_-_AUNP06,64,pearson_r,0.21731664870650869,894,ridge_alpha_10.0,full_subject_single_seed_validation
weissbart_tf64,ridge,reconstruction,gate0_gate2_full_subject_single_seed_v1,0,P12,test_-_P12_-_AUNP07,64,pearson_r,0.0727487651765892,1134,ridge_alpha_10.0,full_subject_single_seed_validation
weissbart_tf64,ridge,reconstruction,gate0_gate2_full_subject_single_seed_v1,0,P12,test_-_P12_-_AUNP08,64,pearson_r,0.05667829331493995,1104,ridge_alpha_10.0,full_subject_single_seed_validation
weissbart_tf64,ridge,reconstruction,gate0_gate2_full_subject_single_seed_v1,0,P12,test_-_P12_-_BROP01,64,pearson_r,0.0267511445930247,1017,ridge_alpha_10.0,full_subject_single_seed_validation
weissbart_tf64,ridge,reconstruction,gate0_gate2_full_subject_single_seed_v1,0,P12,test_-_P12_-_BROP02,64,pearson_r,0.1972581618817776,1120,ridge_alpha_10.0,full_subject_single_seed_validation
weissbart_tf64,ridge,reconstruction,gate0_gate2_full_subject_single_seed_v1,0,P12,test_-_P12_-_BROP03,64,pearson_r,0.20193210043083376,1000,ridge_alpha_10.0,full_subject_single_seed_validation
weissbart_tf64,ridge,reconstruction,gate0_gate2_full_subject_single_seed_v1,0,P12,test_-_P12_-_FLOP01,64,pearson_r,0.0801744340285227,779,ridge_alpha_10.0,full_subject_single_seed_validation
weissbart_tf64,ridge,reconstruction,gate0_gate2_full_subject_single_seed_v1,0,P12,test_-_P12_-_FLOP02,64,pearson_r,0.0332668900467794,699,ridge_alpha_10.0,full_subject_single_seed_validation
weissbart_tf64,ridge,reconstruction,gate0_gate2_full_subject_single_seed_v1,0,P12,test_-_P12_-_FLOP03,64,pearson_r,0.36154825788400874,655,ridge_alpha_10.0,full_subject_single_seed_validation
weissbart_tf64,ridge,reconstruction,gate0_gate2_full_subject_single_seed_v1,0,P12,test_-_P12_-_FLOP04,64,pearson_r,0.34472864236491396,1213,ridge_alpha_10.0,full_subject_single_seed_validation
weissbart_tf64,cca,reconstruction,gate0_gate2_full_subject_single_seed_v1,0,P12,test_-_P12_-_AUNP01,64,pearson_r,0.36367180656005504,990,cca_nc_2,full_subject_single_seed_validation
weissbart_tf64,cca,reconstruction,gate0_gate2_full_subject_single_seed_v1,0,P12,test_-_P12_-_AUNP02,64,pearson_r,-0.02507418863141038,970,cca_nc_2,full_subject_single_seed_validation
weissbart_tf64,cca,reconstruction,gate0_gate2_full_subject_single_seed_v1,0,P12,test_-_P12_-_AUNP03,64,pearson_r,0.24479542495947712,890,cca_nc_2,full_subject_single_seed_validation
weissbart_tf64,cca,reconstruction,gate0_gate2_full_subject_single_seed_v1,0,P12,test_-_P12_-_AUNP04,64,pearson_r,0.18597418515228342,870,cca_nc_2,full_subject_single_seed_validation
weissbart_tf64,cca,reconstruction,gate0_gate2_full_subject_single_seed_v1,0,P12,test_-_P12_-_AUNP05,64,pearson_r,0.2511185707078461,1191,cca_nc_2,full_subject_single_seed_validation
weissbart_tf64,cca,reconstruction,gate0_gate2_full_subject_single_seed_v1,0,P12,test_-_P12_-_AUNP06,64,pearson_r,0.24518251429077123,894,cca_nc_2,full_subject_single_seed_validation
weissbart_tf64,cca,reconstruction,gate0_gate2_full_subject_single_seed_v1,0,P12,test_-_P12_-_AUNP07,64,pearson_r,0.029820408468072046,1134,cca_nc_2,full_subject_single_seed_validation
weissbart_tf64,cca,reconstruction,gate0_gate2_full_subject_single_seed_v1,0,P12,test_-_P12_-_AUNP08,64,pearson_r,0.09562565955395522,1104,cca_nc_2,full_subject_single_seed_validation
weissbart_tf64,cca,reconstruction,gate0_gate2_full_subject_single_seed_v1,0,P12,test_-_P12_-_BROP01,64,pearson_r,0.062437816314131596,1017,cca_nc_2,full_subject_single_seed_validation
weissbart_tf64,cca,reconstruction,gate0_gate2_full_subject_single_seed_v1,0,P12,test_-_P12_-_BROP02,64,pearson_r,0.08206035440990139,1120,cca_nc_2,full_subject_single_seed_validation
weissbart_tf64,cca,reconstruction,gate0_gate2_full_subject_single_seed_v1,0,P12,test_-_P12_-_BROP03,64,pearson_r,0.032062671109969375,1000,cca_nc_2,full_subject_single_seed_validation
weissbart_tf64,cca,reconstruction,gate0_gate2_full_subject_single_seed_v1,0,P12,test_-_P12_-_FLOP01,64,pearson_r,-0.0398427124984473,779,cca_nc_2,full_subject_single_seed_validation
weissbart_tf64,cca,reconstruction,gate0_gate2_full_subject_single_seed_v1,0,P12,test_-_P12_-_FLOP02,64,pearson_r,-0.010695716218267447,699,cca_nc_2,full_subject_single_seed_validation
weissbart_tf64,cca,reconstruction,gate0_gate2_full_subject_single_seed_v1,0,P12,test_-_P12_-_FLOP03,64,pearson_r,0.33792339676924593,655,cca_nc_2,full_subject_single_seed_validation
weissbart_tf64,cca,reconstruction,gate0_gate2_full_subject_single_seed_v1,0,P12,test_-_P12_-_FLOP04,64,pearson_r,0.19055521998938935,1213,cca_nc_2,full_subject_single_seed_validation
weissbart_tf64,fcnn,reconstruction,gate0_gate2_full_subject_single_seed_v1,0,P12,test_-_P12_-_AUNP01,64,pearson_r,0.2659286708424808,990,fcnn_epoch_1,full_subject_single_seed_validation
weissbart_tf64,fcnn,reconstruction,gate0_gate2_full_subject_single_seed_v1,0,P12,test_-_P12_-_AUNP02,64,pearson_r,-0.10992175675300243,970,fcnn_epoch_1,full_subject_single_seed_validation
weissbart_tf64,fcnn,reconstruction,gate0_gate2_full_subject_single_seed_v1,0,P12,test_-_P12_-_AUNP03,64,pearson_r,0.2403052686133696,890,fcnn_epoch_1,full_subject_single_seed_validation
weissbart_tf64,fcnn,reconstruction,gate0_gate2_full_subject_single_seed_v1,0,P12,test_-_P12_-_AUNP04,64,pearson_r,0.16051589345967693,870,fcnn_epoch_1,full_subject_single_seed_validation
weissbart_tf64,fcnn,reconstruction,gate0_gate2_full_subject_single_seed_v1,0,P12,test_-_P12_-_AUNP05,64,pearson_r,0.10687421009861103,1191,fcnn_epoch_1,full_subject_single_seed_validation
weissbart_tf64,fcnn,reconstruction,gate0_gate2_full_subject_single_seed_v1,0,P12,test_-_P12_-_AUNP06,64,pearson_r,0.27671622280812086,894,fcnn_epoch_1,full_subject_single_seed_validation
weissbart_tf64,fcnn,reconstruction,gate0_gate2_full_subject_single_seed_v1,0,P12,test_-_P12_-_AUNP07,64,pearson_r,0.1313374533767425,1134,fcnn_epoch_1,full_subject_single_seed_validation
weissbart_tf64,fcnn,reconstruction,gate0_gate2_full_subject_single_seed_v1,0,P12,test_-_P12_-_AUNP08,64,pearson_r,0.19961893432664113,1104,fcnn_epoch_1,full_subject_single_seed_validation
weissbart_tf64,fcnn,reconstruction,gate0_gate2_full_subject_single_seed_v1,0,P12,test_-_P12_-_BROP01,64,pearson_r,0.146816484568601,1017,fcnn_epoch_1,full_subject_single_seed_validation
weissbart_tf64,fcnn,reconstruction,gate0_gate2_full_subject_single_seed_v1,0,P12,test_-_P12_-_BROP02,64,pearson_r,0.27812142022896824,1120,fcnn_epoch_1,full_subject_single_seed_validation
weissbart_tf64,fcnn,reconstruction,gate0_gate2_full_subject_single_seed_v1,0,P12,test_-_P12_-_BROP03,64,pearson_r,0.052626393137192605,1000,fcnn_epoch_1,full_subject_single_seed_validation
weissbart_tf64,fcnn,reconstruction,gate0_gate2_full_subject_single_seed_v1,0,P12,test_-_P12_-_FLOP01,64,pearson_r,0.2117792835120503,779,fcnn_epoch_1,full_subject_single_seed_validation
weissbart_tf64,fcnn,reconstruction,gate0_gate2_full_subject_single_seed_v1,0,P12,test_-_P12_-_FLOP02,64,pearson_r,0.14479106579549975,699,fcnn_epoch_1,full_subject_single_seed_validation
weissbart_tf64,fcnn,reconstruction,gate0_gate2_full_subject_single_seed_v1,0,P12,test_-_P12_-_FLOP03,64,pearson_r,0.3205693916706429,655,fcnn_epoch_1,full_subject_single_seed_validation
weissbart_tf64,fcnn,reconstruction,gate0_gate2_full_subject_single_seed_v1,0,P12,test_-_P12_-_FLOP04,64,pearson_r,0.22956207639598514,1213,fcnn_epoch_1,full_subject_single_seed_validation
weissbart_tf64,adt,reconstruction,gate0_gate2_full_subject_single_seed_v1,0,P12,test_-_P12_-_AUNP01,64,pearson_r,0.2687887931954962,1024,adt_epoch_3,full_subject_single_seed_validation
weissbart_tf64,adt,reconstruction,gate0_gate2_full_subject_single_seed_v1,0,P12,test_-_P12_-_AUNP02,64,pearson_r,-0.056098561132406015,960,adt_epoch_3,full_subject_single_seed_validation
weissbart_tf64,adt,reconstruction,gate0_gate2_full_subject_single_seed_v1,0,P12,test_-_P12_-_AUNP03,64,pearson_r,0.07290699883338532,896,adt_epoch_3,full_subject_single_seed_validation
weissbart_tf64,adt,reconstruction,gate0_gate2_full_subject_single_seed_v1,0,P12,test_-_P12_-_AUNP04,64,pearson_r,0.1870744599326098,896,adt_epoch_3,full_subject_single_seed_validation
weissbart_tf64,adt,reconstruction,gate0_gate2_full_subject_single_seed_v1,0,P12,test_-_P12_-_AUNP05,64,pearson_r,0.09728196186789527,1216,adt_epoch_3,full_subject_single_seed_validation
weissbart_tf64,adt,reconstruction,gate0_gate2_full_subject_single_seed_v1,0,P12,test_-_P12_-_AUNP06,64,pearson_r,0.3377146057642115,896,adt_epoch_3,full_subject_single_seed_validation
weissbart_tf64,adt,reconstruction,gate0_gate2_full_subject_single_seed_v1,0,P12,test_-_P12_-_AUNP07,64,pearson_r,0.15336142550084955,1152,adt_epoch_3,full_subject_single_seed_validation
weissbart_tf64,adt,reconstruction,gate0_gate2_full_subject_single_seed_v1,0,P12,test_-_P12_-_AUNP08,64,pearson_r,0.24600768716119922,1152,adt_epoch_3,full_subject_single_seed_validation
weissbart_tf64,adt,reconstruction,gate0_gate2_full_subject_single_seed_v1,0,P12,test_-_P12_-_BROP01,64,pearson_r,-0.04095691068290286,1024,adt_epoch_3,full_subject_single_seed_validation
weissbart_tf64,adt,reconstruction,gate0_gate2_full_subject_single_seed_v1,0,P12,test_-_P12_-_BROP02,64,pearson_r,0.2377280788789083,1152,adt_epoch_3,full_subject_single_seed_validation
weissbart_tf64,adt,reconstruction,gate0_gate2_full_subject_single_seed_v1,0,P12,test_-_P12_-_BROP03,64,pearson_r,0.31825653109360114,1024,adt_epoch_3,full_subject_single_seed_validation
weissbart_tf64,adt,reconstruction,gate0_gate2_full_subject_single_seed_v1,0,P12,test_-_P12_-_FLOP01,64,pearson_r,0.200709953281855,768,adt_epoch_3,full_subject_single_seed_validation
weissbart_tf64,adt,reconstruction,gate0_gate2_full_subject_single_seed_v1,0,P12,test_-_P12_-_FLOP02,64,pearson_r,0.26451114228022365,704,adt_epoch_3,full_subject_single_seed_validation
weissbart_tf64,adt,reconstruction,gate0_gate2_full_subject_single_seed_v1,0,P12,test_-_P12_-_FLOP03,64,pearson_r,0.421812189109352,704,adt_epoch_3,full_subject_single_seed_validation
weissbart_tf64,adt,reconstruction,gate0_gate2_full_subject_single_seed_v1,0,P12,test_-_P12_-_FLOP04,64,pearson_r,0.3570557171626147,1216,adt_epoch_3,full_subject_single_seed_validation
etard_tf64,ridge,reconstruction,gate0_gate2_full_subject_single_seed_v1,0,P00,test_-_P00_-_clean_part_1,64,pearson_r,0.16096452502432562,940,ridge_alpha_10.0,full_subject_single_seed_validation
etard_tf64,ridge,reconstruction,gate0_gate2_full_subject_single_seed_v1,0,P00,test_-_P00_-_clean_part_2,64,pearson_r,0.15377577938172596,976,ridge_alpha_10.0,full_subject_single_seed_validation
etard_tf64,ridge,reconstruction,gate0_gate2_full_subject_single_seed_v1,0,P00,test_-_P00_-_clean_part_3,64,pearson_r,-0.01080015315726197,857,ridge_alpha_10.0,full_subject_single_seed_validation
etard_tf64,ridge,reconstruction,gate0_gate2_full_subject_single_seed_v1,0,P00,test_-_P00_-_clean_part_4,64,pearson_r,0.18082957799600344,938,ridge_alpha_10.0,full_subject_single_seed_validation
etard_tf64,ridge,reconstruction,gate0_gate2_full_subject_single_seed_v1,0,P00,test_-_P00_-_fM_part_1,64,pearson_r,0.05616568775322095,852,ridge_alpha_10.0,full_subject_single_seed_validation
etard_tf64,ridge,reconstruction,gate0_gate2_full_subject_single_seed_v1,0,P00,test_-_P00_-_fM_part_2,64,pearson_r,-0.1540251277269513,813,ridge_alpha_10.0,full_subject_single_seed_validation
etard_tf64,ridge,reconstruction,gate0_gate2_full_subject_single_seed_v1,0,P00,test_-_P00_-_fM_part_3,64,pearson_r,0.07744198652928955,869,ridge_alpha_10.0,full_subject_single_seed_validation
etard_tf64,ridge,reconstruction,gate0_gate2_full_subject_single_seed_v1,0,P00,test_-_P00_-_fM_part_4,64,pearson_r,0.12199605962054332,953,ridge_alpha_10.0,full_subject_single_seed_validation
etard_tf64,ridge,reconstruction,gate0_gate2_full_subject_single_seed_v1,0,P00,test_-_P00_-_fW_part_1,64,pearson_r,0.06620065656833075,843,ridge_alpha_10.0,full_subject_single_seed_validation
etard_tf64,ridge,reconstruction,gate0_gate2_full_subject_single_seed_v1,0,P00,test_-_P00_-_fW_part_2,64,pearson_r,0.055140405514235075,870,ridge_alpha_10.0,full_subject_single_seed_validation
etard_tf64,ridge,reconstruction,gate0_gate2_full_subject_single_seed_v1,0,P00,test_-_P00_-_fW_part_3,64,pearson_r,0.03211671398692091,974,ridge_alpha_10.0,full_subject_single_seed_validation
etard_tf64,ridge,reconstruction,gate0_gate2_full_subject_single_seed_v1,0,P00,test_-_P00_-_fW_part_4,64,pearson_r,0.08973318002948884,1047,ridge_alpha_10.0,full_subject_single_seed_validation
etard_tf64,ridge,reconstruction,gate0_gate2_full_subject_single_seed_v1,0,P00,test_-_P00_-_hb_part_1,64,pearson_r,0.049913058555508164,1137,ridge_alpha_10.0,full_subject_single_seed_validation
etard_tf64,ridge,reconstruction,gate0_gate2_full_subject_single_seed_v1,0,P00,test_-_P00_-_hb_part_2,64,pearson_r,0.11392981734951482,1074,ridge_alpha_10.0,full_subject_single_seed_validation
etard_tf64,ridge,reconstruction,gate0_gate2_full_subject_single_seed_v1,0,P00,test_-_P00_-_hb_part_3,64,pearson_r,0.17033147286886402,1157,ridge_alpha_10.0,full_subject_single_seed_validation
etard_tf64,ridge,reconstruction,gate0_gate2_full_subject_single_seed_v1,0,P00,test_-_P00_-_hb_part_4,64,pearson_r,0.12134922132360776,1080,ridge_alpha_10.0,full_subject_single_seed_validation
etard_tf64,ridge,reconstruction,gate0_gate2_full_subject_single_seed_v1,0,P00,test_-_P00_-_lb_part_1,64,pearson_r,0.03375251491025442,1396,ridge_alpha_10.0,full_subject_single_seed_validation
etard_tf64,ridge,reconstruction,gate0_gate2_full_subject_single_seed_v1,0,P00,test_-_P00_-_lb_part_2,64,pearson_r,0.20780758297105015,1433,ridge_alpha_10.0,full_subject_single_seed_validation
etard_tf64,ridge,reconstruction,gate0_gate2_full_subject_single_seed_v1,0,P00,test_-_P00_-_lb_part_3,64,pearson_r,0.08995393059017832,1365,ridge_alpha_10.0,full_subject_single_seed_validation
etard_tf64,ridge,reconstruction,gate0_gate2_full_subject_single_seed_v1,0,P00,test_-_P00_-_lb_part_4,64,pearson_r,0.209445855252614,1501,ridge_alpha_10.0,full_subject_single_seed_validation
etard_tf64,ridge,reconstruction,gate0_gate2_full_subject_single_seed_v1,0,P00,test_-_P00_-_mb_part_1,64,pearson_r,0.04523365118322276,945,ridge_alpha_10.0,full_subject_single_seed_validation
etard_tf64,ridge,reconstruction,gate0_gate2_full_subject_single_seed_v1,0,P00,test_-_P00_-_mb_part_2,64,pearson_r,0.026026213424739788,994,ridge_alpha_10.0,full_subject_single_seed_validation
etard_tf64,ridge,reconstruction,gate0_gate2_full_subject_single_seed_v1,0,P00,test_-_P00_-_mb_part_3,64,pearson_r,0.10454809862754749,995,ridge_alpha_10.0,full_subject_single_seed_validation
etard_tf64,ridge,reconstruction,gate0_gate2_full_subject_single_seed_v1,0,P00,test_-_P00_-_mb_part_4,64,pearson_r,0.12361299980183794,1034,ridge_alpha_10.0,full_subject_single_seed_validation
etard_tf64,cca,reconstruction,gate0_gate2_full_subject_single_seed_v1,0,P00,test_-_P00_-_clean_part_1,64,pearson_r,-0.11009224437864133,940,cca_nc_1,full_subject_single_seed_validation
etard_tf64,cca,reconstruction,gate0_gate2_full_subject_single_seed_v1,0,P00,test_-_P00_-_clean_part_2,64,pearson_r,0.22838490243576706,976,cca_nc_1,full_subject_single_seed_validation
etard_tf64,cca,reconstruction,gate0_gate2_full_subject_single_seed_v1,0,P00,test_-_P00_-_clean_part_3,64,pearson_r,0.14190393413694127,857,cca_nc_1,full_subject_single_seed_validation
etard_tf64,cca,reconstruction,gate0_gate2_full_subject_single_seed_v1,0,P00,test_-_P00_-_clean_part_4,64,pearson_r,0.08522184524214599,938,cca_nc_1,full_subject_single_seed_validation
etard_tf64,cca,reconstruction,gate0_gate2_full_subject_single_seed_v1,0,P00,test_-_P00_-_fM_part_1,64,pearson_r,0.030614220683560452,852,cca_nc_1,full_subject_single_seed_validation
etard_tf64,cca,reconstruction,gate0_gate2_full_subject_single_seed_v1,0,P00,test_-_P00_-_fM_part_2,64,pearson_r,-0.08035398930937024,813,cca_nc_1,full_subject_single_seed_validation
etard_tf64,cca,reconstruction,gate0_gate2_full_subject_single_seed_v1,0,P00,test_-_P00_-_fM_part_3,64,pearson_r,-0.03287555614325971,869,cca_nc_1,full_subject_single_seed_validation
etard_tf64,cca,reconstruction,gate0_gate2_full_subject_single_seed_v1,0,P00,test_-_P00_-_fM_part_4,64,pearson_r,0.14748565318306306,953,cca_nc_1,full_subject_single_seed_validation
etard_tf64,cca,reconstruction,gate0_gate2_full_subject_single_seed_v1,0,P00,test_-_P00_-_fW_part_1,64,pearson_r,0.15672706918344506,843,cca_nc_1,full_subject_single_seed_validation
etard_tf64,cca,reconstruction,gate0_gate2_full_subject_single_seed_v1,0,P00,test_-_P00_-_fW_part_2,64,pearson_r,0.1148499749583431,870,cca_nc_1,full_subject_single_seed_validation
etard_tf64,cca,reconstruction,gate0_gate2_full_subject_single_seed_v1,0,P00,test_-_P00_-_fW_part_3,64,pearson_r,0.05725901255407157,974,cca_nc_1,full_subject_single_seed_validation
etard_tf64,cca,reconstruction,gate0_gate2_full_subject_single_seed_v1,0,P00,test_-_P00_-_fW_part_4,64,pearson_r,0.10104774710381315,1047,cca_nc_1,full_subject_single_seed_validation
etard_tf64,cca,reconstruction,gate0_gate2_full_subject_single_seed_v1,0,P00,test_-_P00_-_hb_part_1,64,pearson_r,0.08618616397093863,1137,cca_nc_1,full_subject_single_seed_validation
etard_tf64,cca,reconstruction,gate0_gate2_full_subject_single_seed_v1,0,P00,test_-_P00_-_hb_part_2,64,pearson_r,0.027194569581149665,1074,cca_nc_1,full_subject_single_seed_validation
etard_tf64,cca,reconstruction,gate0_gate2_full_subject_single_seed_v1,0,P00,test_-_P00_-_hb_part_3,64,pearson_r,0.0604662078998049,1157,cca_nc_1,full_subject_single_seed_validation
etard_tf64,cca,reconstruction,gate0_gate2_full_subject_single_seed_v1,0,P00,test_-_P00_-_hb_part_4,64,pearson_r,-0.015400696534583487,1080,cca_nc_1,full_subject_single_seed_validation
etard_tf64,cca,reconstruction,gate0_gate2_full_subject_single_seed_v1,0,P00,test_-_P00_-_lb_part_1,64,pearson_r,0.06753486489246253,1396,cca_nc_1,full_subject_single_seed_validation
etard_tf64,cca,reconstruction,gate0_gate2_full_subject_single_seed_v1,0,P00,test_-_P00_-_lb_part_2,64,pearson_r,0.09854434985737788,1433,cca_nc_1,full_subject_single_seed_validation
etard_tf64,cca,reconstruction,gate0_gate2_full_subject_single_seed_v1,0,P00,test_-_P00_-_lb_part_3,64,pearson_r,0.05182726848318277,1365,cca_nc_1,full_subject_single_seed_validation
etard_tf64,cca,reconstruction,gate0_gate2_full_subject_single_seed_v1,0,P00,test_-_P00_-_lb_part_4,64,pearson_r,0.07350285960966953,1501,cca_nc_1,full_subject_single_seed_validation
etard_tf64,cca,reconstruction,gate0_gate2_full_subject_single_seed_v1,0,P00,test_-_P00_-_mb_part_1,64,pearson_r,0.10365916672347751,945,cca_nc_1,full_subject_single_seed_validation
etard_tf64,cca,reconstruction,gate0_gate2_full_subject_single_seed_v1,0,P00,test_-_P00_-_mb_part_2,64,pearson_r,0.08598433191876075,994,cca_nc_1,full_subject_single_seed_validation
etard_tf64,cca,reconstruction,gate0_gate2_full_subject_single_seed_v1,0,P00,test_-_P00_-_mb_part_3,64,pearson_r,-0.009315600896815737,995,cca_nc_1,full_subject_single_seed_validation
etard_tf64,cca,reconstruction,gate0_gate2_full_subject_single_seed_v1,0,P00,test_-_P00_-_mb_part_4,64,pearson_r,0.06038716683067524,1034,cca_nc_1,full_subject_single_seed_validation
etard_tf64,fcnn,reconstruction,gate0_gate2_full_subject_single_seed_v1,0,P00,test_-_P00_-_clean_part_1,64,pearson_r,-0.004802855775829131,940,fcnn_epoch_3,full_subject_single_seed_validation
etard_tf64,fcnn,reconstruction,gate0_gate2_full_subject_single_seed_v1,0,P00,test_-_P00_-_clean_part_2,64,pearson_r,0.11653206724890743,976,fcnn_epoch_3,full_subject_single_seed_validation
etard_tf64,fcnn,reconstruction,gate0_gate2_full_subject_single_seed_v1,0,P00,test_-_P00_-_clean_part_3,64,pearson_r,0.08072667423804723,857,fcnn_epoch_3,full_subject_single_seed_validation
etard_tf64,fcnn,reconstruction,gate0_gate2_full_subject_single_seed_v1,0,P00,test_-_P00_-_clean_part_4,64,pearson_r,-0.010651433806079155,938,fcnn_epoch_3,full_subject_single_seed_validation
etard_tf64,fcnn,reconstruction,gate0_gate2_full_subject_single_seed_v1,0,P00,test_-_P00_-_fM_part_1,64,pearson_r,0.08561324329534217,852,fcnn_epoch_3,full_subject_single_seed_validation
etard_tf64,fcnn,reconstruction,gate0_gate2_full_subject_single_seed_v1,0,P00,test_-_P00_-_fM_part_2,64,pearson_r,0.0017267592520643915,813,fcnn_epoch_3,full_subject_single_seed_validation
etard_tf64,fcnn,reconstruction,gate0_gate2_full_subject_single_seed_v1,0,P00,test_-_P00_-_fM_part_3,64,pearson_r,-0.14375315329446384,869,fcnn_epoch_3,full_subject_single_seed_validation
etard_tf64,fcnn,reconstruction,gate0_gate2_full_subject_single_seed_v1,0,P00,test_-_P00_-_fM_part_4,64,pearson_r,0.0699416989861631,953,fcnn_epoch_3,full_subject_single_seed_validation
etard_tf64,fcnn,reconstruction,gate0_gate2_full_subject_single_seed_v1,0,P00,test_-_P00_-_fW_part_1,64,pearson_r,0.01782162300045471,843,fcnn_epoch_3,full_subject_single_seed_validation
etard_tf64,fcnn,reconstruction,gate0_gate2_full_subject_single_seed_v1,0,P00,test_-_P00_-_fW_part_2,64,pearson_r,-0.040352680778030156,870,fcnn_epoch_3,full_subject_single_seed_validation
etard_tf64,fcnn,reconstruction,gate0_gate2_full_subject_single_seed_v1,0,P00,test_-_P00_-_fW_part_3,64,pearson_r,0.026388592181415652,974,fcnn_epoch_3,full_subject_single_seed_validation
etard_tf64,fcnn,reconstruction,gate0_gate2_full_subject_single_seed_v1,0,P00,test_-_P00_-_fW_part_4,64,pearson_r,0.003269512408600434,1047,fcnn_epoch_3,full_subject_single_seed_validation
etard_tf64,fcnn,reconstruction,gate0_gate2_full_subject_single_seed_v1,0,P00,test_-_P00_-_hb_part_1,64,pearson_r,0.10266384527871461,1137,fcnn_epoch_3,full_subject_single_seed_validation
etard_tf64,fcnn,reconstruction,gate0_gate2_full_subject_single_seed_v1,0,P00,test_-_P00_-_hb_part_2,64,pearson_r,-0.035023942709524455,1074,fcnn_epoch_3,full_subject_single_seed_validation
etard_tf64,fcnn,reconstruction,gate0_gate2_full_subject_single_seed_v1,0,P00,test_-_P00_-_hb_part_3,64,pearson_r,0.051392498360941806,1157,fcnn_epoch_3,full_subject_single_seed_validation
etard_tf64,fcnn,reconstruction,gate0_gate2_full_subject_single_seed_v1,0,P00,test_-_P00_-_hb_part_4,64,pearson_r,0.07082623225702935,1080,fcnn_epoch_3,full_subject_single_seed_validation
etard_tf64,fcnn,reconstruction,gate0_gate2_full_subject_single_seed_v1,0,P00,test_-_P00_-_lb_part_1,64,pearson_r,0.0741749574181525,1396,fcnn_epoch_3,full_subject_single_seed_validation
etard_tf64,fcnn,reconstruction,gate0_gate2_full_subject_single_seed_v1,0,P00,test_-_P00_-_lb_part_2,64,pearson_r,0.1410741936878523,1433,fcnn_epoch_3,full_subject_single_seed_validation
etard_tf64,fcnn,reconstruction,gate0_gate2_full_subject_single_seed_v1,0,P00,test_-_P00_-_lb_part_3,64,pearson_r,0.08021389837503425,1365,fcnn_epoch_3,full_subject_single_seed_validation
etard_tf64,fcnn,reconstruction,gate0_gate2_full_subject_single_seed_v1,0,P00,test_-_P00_-_lb_part_4,64,pearson_r,0.018240651345387084,1501,fcnn_epoch_3,full_subject_single_seed_validation
etard_tf64,fcnn,reconstruction,gate0_gate2_full_subject_single_seed_v1,0,P00,test_-_P00_-_mb_part_1,64,pearson_r,-0.03845209044458025,945,fcnn_epoch_3,full_subject_single_seed_validation
etard_tf64,fcnn,reconstruction,gate0_gate2_full_subject_single_seed_v1,0,P00,test_-_P00_-_mb_part_2,64,pearson_r,0.011379155698877003,994,fcnn_epoch_3,full_subject_single_seed_validation
etard_tf64,fcnn,reconstruction,gate0_gate2_full_subject_single_seed_v1,0,P00,test_-_P00_-_mb_part_3,64,pearson_r,0.09115431548267078,995,fcnn_epoch_3,full_subject_single_seed_validation
etard_tf64,fcnn,reconstruction,gate0_gate2_full_subject_single_seed_v1,0,P00,test_-_P00_-_mb_part_4,64,pearson_r,-0.02851033961400608,1034,fcnn_epoch_3,full_subject_single_seed_validation
etard_tf64,adt,reconstruction,gate0_gate2_full_subject_single_seed_v1,0,P00,test_-_P00_-_clean_part_1,64,pearson_r,-0.07342926066693514,960,adt_epoch_2,full_subject_single_seed_validation
etard_tf64,adt,reconstruction,gate0_gate2_full_subject_single_seed_v1,0,P00,test_-_P00_-_clean_part_2,64,pearson_r,0.17714525286759425,1024,adt_epoch_2,full_subject_single_seed_validation
etard_tf64,adt,reconstruction,gate0_gate2_full_subject_single_seed_v1,0,P00,test_-_P00_-_clean_part_3,64,pearson_r,0.027825635598153656,896,adt_epoch_2,full_subject_single_seed_validation
etard_tf64,adt,reconstruction,gate0_gate2_full_subject_single_seed_v1,0,P00,test_-_P00_-_clean_part_4,64,pearson_r,-0.006880910304031896,960,adt_epoch_2,full_subject_single_seed_validation
etard_tf64,adt,reconstruction,gate0_gate2_full_subject_single_seed_v1,0,P00,test_-_P00_-_fM_part_1,64,pearson_r,0.05674466012817947,896,adt_epoch_2,full_subject_single_seed_validation
etard_tf64,adt,reconstruction,gate0_gate2_full_subject_single_seed_v1,0,P00,test_-_P00_-_fM_part_2,64,pearson_r,0.03788851311638331,832,adt_epoch_2,full_subject_single_seed_validation
etard_tf64,adt,reconstruction,gate0_gate2_full_subject_single_seed_v1,0,P00,test_-_P00_-_fM_part_3,64,pearson_r,0.15416597633806922,896,adt_epoch_2,full_subject_single_seed_validation
etard_tf64,adt,reconstruction,gate0_gate2_full_subject_single_seed_v1,0,P00,test_-_P00_-_fM_part_4,64,pearson_r,-0.02901304937787762,960,adt_epoch_2,full_subject_single_seed_validation
etard_tf64,adt,reconstruction,gate0_gate2_full_subject_single_seed_v1,0,P00,test_-_P00_-_fW_part_1,64,pearson_r,0.2726543108320569,832,adt_epoch_2,full_subject_single_seed_validation
etard_tf64,adt,reconstruction,gate0_gate2_full_subject_single_seed_v1,0,P00,test_-_P00_-_fW_part_2,64,pearson_r,-0.039091109872894686,896,adt_epoch_2,full_subject_single_seed_validation
etard_tf64,adt,reconstruction,gate0_gate2_full_subject_single_seed_v1,0,P00,test_-_P00_-_fW_part_3,64,pearson_r,0.16959645327552691,960,adt_epoch_2,full_subject_single_seed_validation
etard_tf64,adt,reconstruction,gate0_gate2_full_subject_single_seed_v1,0,P00,test_-_P00_-_fW_part_4,64,pearson_r,-0.16007985902021685,1088,adt_epoch_2,full_subject_single_seed_validation
etard_tf64,adt,reconstruction,gate0_gate2_full_subject_single_seed_v1,0,P00,test_-_P00_-_hb_part_1,64,pearson_r,0.31100479900499656,1152,adt_epoch_2,full_subject_single_seed_validation
etard_tf64,adt,reconstruction,gate0_gate2_full_subject_single_seed_v1,0,P00,test_-_P00_-_hb_part_2,64,pearson_r,0.19543452783048265,1088,adt_epoch_2,full_subject_single_seed_validation
etard_tf64,adt,reconstruction,gate0_gate2_full_subject_single_seed_v1,0,P00,test_-_P00_-_hb_part_3,64,pearson_r,0.15979344863860392,1152,adt_epoch_2,full_subject_single_seed_validation
etard_tf64,adt,reconstruction,gate0_gate2_full_subject_single_seed_v1,0,P00,test_-_P00_-_hb_part_4,64,pearson_r,0.18172917518014076,1088,adt_epoch_2,full_subject_single_seed_validation
etard_tf64,adt,reconstruction,gate0_gate2_full_subject_single_seed_v1,0,P00,test_-_P00_-_lb_part_1,64,pearson_r,0.07186247931406155,1408,adt_epoch_2,full_subject_single_seed_validation
etard_tf64,adt,reconstruction,gate0_gate2_full_subject_single_seed_v1,0,P00,test_-_P00_-_lb_part_2,64,pearson_r,0.1729440669401772,1472,adt_epoch_2,full_subject_single_seed_validation
etard_tf64,adt,reconstruction,gate0_gate2_full_subject_single_seed_v1,0,P00,test_-_P00_-_lb_part_3,64,pearson_r,0.11772494478677943,1408,adt_epoch_2,full_subject_single_seed_validation
etard_tf64,adt,reconstruction,gate0_gate2_full_subject_single_seed_v1,0,P00,test_-_P00_-_lb_part_4,64,pearson_r,0.13054323903448053,1536,adt_epoch_2,full_subject_single_seed_validation
etard_tf64,adt,reconstruction,gate0_gate2_full_subject_single_seed_v1,0,P00,test_-_P00_-_mb_part_1,64,pearson_r,0.11087989440688517,960,adt_epoch_2,full_subject_single_seed_validation
etard_tf64,adt,reconstruction,gate0_gate2_full_subject_single_seed_v1,0,P00,test_-_P00_-_mb_part_2,64,pearson_r,0.05248714943790909,1024,adt_epoch_2,full_subject_single_seed_validation
etard_tf64,adt,reconstruction,gate0_gate2_full_subject_single_seed_v1,0,P00,test_-_P00_-_mb_part_3,64,pearson_r,0.13906774105523073,1024,adt_epoch_2,full_subject_single_seed_validation
etard_tf64,adt,reconstruction,gate0_gate2_full_subject_single_seed_v1,0,P00,test_-_P00_-_mb_part_4,64,pearson_r,0.08587899750970783,1024,adt_epoch_2,full_subject_single_seed_validation
etard_tf64,ridge,reconstruction,gate0_gate2_full_subject_single_seed_v1,0,P01,test_-_P01_-_clean_part_1,64,pearson_r,-0.036905085043595964,940,ridge_alpha_1.0,full_subject_single_seed_validation
etard_tf64,ridge,reconstruction,gate0_gate2_full_subject_single_seed_v1,0,P01,test_-_P01_-_clean_part_2,64,pearson_r,0.31619372300922965,976,ridge_alpha_1.0,full_subject_single_seed_validation
etard_tf64,ridge,reconstruction,gate0_gate2_full_subject_single_seed_v1,0,P01,test_-_P01_-_clean_part_3,64,pearson_r,0.2754368017981586,857,ridge_alpha_1.0,full_subject_single_seed_validation
etard_tf64,ridge,reconstruction,gate0_gate2_full_subject_single_seed_v1,0,P01,test_-_P01_-_clean_part_4,64,pearson_r,0.04025428495412225,938,ridge_alpha_1.0,full_subject_single_seed_validation
etard_tf64,ridge,reconstruction,gate0_gate2_full_subject_single_seed_v1,0,P01,test_-_P01_-_fM_part_1,64,pearson_r,-0.03994442164210477,852,ridge_alpha_1.0,full_subject_single_seed_validation
etard_tf64,ridge,reconstruction,gate0_gate2_full_subject_single_seed_v1,0,P01,test_-_P01_-_fM_part_2,64,pearson_r,0.005659679545615245,813,ridge_alpha_1.0,full_subject_single_seed_validation
etard_tf64,ridge,reconstruction,gate0_gate2_full_subject_single_seed_v1,0,P01,test_-_P01_-_fM_part_3,64,pearson_r,0.023301329796285984,869,ridge_alpha_1.0,full_subject_single_seed_validation
etard_tf64,ridge,reconstruction,gate0_gate2_full_subject_single_seed_v1,0,P01,test_-_P01_-_fM_part_4,64,pearson_r,0.24551776970045927,953,ridge_alpha_1.0,full_subject_single_seed_validation
etard_tf64,ridge,reconstruction,gate0_gate2_full_subject_single_seed_v1,0,P01,test_-_P01_-_fW_part_1,64,pearson_r,0.013396383666840619,843,ridge_alpha_1.0,full_subject_single_seed_validation
etard_tf64,ridge,reconstruction,gate0_gate2_full_subject_single_seed_v1,0,P01,test_-_P01_-_fW_part_2,64,pearson_r,0.06762431983823743,870,ridge_alpha_1.0,full_subject_single_seed_validation
etard_tf64,ridge,reconstruction,gate0_gate2_full_subject_single_seed_v1,0,P01,test_-_P01_-_fW_part_3,64,pearson_r,0.12682059282707442,974,ridge_alpha_1.0,full_subject_single_seed_validation
etard_tf64,ridge,reconstruction,gate0_gate2_full_subject_single_seed_v1,0,P01,test_-_P01_-_fW_part_4,64,pearson_r,0.18488721522839258,1047,ridge_alpha_1.0,full_subject_single_seed_validation
etard_tf64,ridge,reconstruction,gate0_gate2_full_subject_single_seed_v1,0,P01,test_-_P01_-_hb_part_1,64,pearson_r,0.21150673044908055,1137,ridge_alpha_1.0,full_subject_single_seed_validation
etard_tf64,ridge,reconstruction,gate0_gate2_full_subject_single_seed_v1,0,P01,test_-_P01_-_hb_part_2,64,pearson_r,0.004693674328705335,1074,ridge_alpha_1.0,full_subject_single_seed_validation
etard_tf64,ridge,reconstruction,gate0_gate2_full_subject_single_seed_v1,0,P01,test_-_P01_-_hb_part_3,64,pearson_r,0.07918467779773175,1157,ridge_alpha_1.0,full_subject_single_seed_validation
etard_tf64,ridge,reconstruction,gate0_gate2_full_subject_single_seed_v1,0,P01,test_-_P01_-_hb_part_4,64,pearson_r,0.14824247269813104,1080,ridge_alpha_1.0,full_subject_single_seed_validation
etard_tf64,ridge,reconstruction,gate0_gate2_full_subject_single_seed_v1,0,P01,test_-_P01_-_lb_part_1,64,pearson_r,0.19030727142951073,1396,ridge_alpha_1.0,full_subject_single_seed_validation
etard_tf64,ridge,reconstruction,gate0_gate2_full_subject_single_seed_v1,0,P01,test_-_P01_-_lb_part_2,64,pearson_r,0.01899112547089461,1433,ridge_alpha_1.0,full_subject_single_seed_validation
etard_tf64,ridge,reconstruction,gate0_gate2_full_subject_single_seed_v1,0,P01,test_-_P01_-_lb_part_3,64,pearson_r,0.0245406950911481,1365,ridge_alpha_1.0,full_subject_single_seed_validation
etard_tf64,ridge,reconstruction,gate0_gate2_full_subject_single_seed_v1,0,P01,test_-_P01_-_lb_part_4,64,pearson_r,0.17591081915834667,1501,ridge_alpha_1.0,full_subject_single_seed_validation
etard_tf64,ridge,reconstruction,gate0_gate2_full_subject_single_seed_v1,0,P01,test_-_P01_-_mb_part_1,64,pearson_r,0.13093528662724832,945,ridge_alpha_1.0,full_subject_single_seed_validation
etard_tf64,ridge,reconstruction,gate0_gate2_full_subject_single_seed_v1,0,P01,test_-_P01_-_mb_part_2,64,pearson_r,0.04583236537762075,994,ridge_alpha_1.0,full_subject_single_seed_validation
etard_tf64,ridge,reconstruction,gate0_gate2_full_subject_single_seed_v1,0,P01,test_-_P01_-_mb_part_3,64,pearson_r,-0.03902402180068045,995,ridge_alpha_1.0,full_subject_single_seed_validation
etard_tf64,ridge,reconstruction,gate0_gate2_full_subject_single_seed_v1,0,P01,test_-_P01_-_mb_part_4,64,pearson_r,0.03035627068866078,1034,ridge_alpha_1.0,full_subject_single_seed_validation
etard_tf64,cca,reconstruction,gate0_gate2_full_subject_single_seed_v1,0,P01,test_-_P01_-_clean_part_1,64,pearson_r,-0.020849470048090422,940,cca_nc_2,full_subject_single_seed_validation
etard_tf64,cca,reconstruction,gate0_gate2_full_subject_single_seed_v1,0,P01,test_-_P01_-_clean_part_2,64,pearson_r,0.19493326396814745,976,cca_nc_2,full_subject_single_seed_validation
etard_tf64,cca,reconstruction,gate0_gate2_full_subject_single_seed_v1,0,P01,test_-_P01_-_clean_part_3,64,pearson_r,0.04148675075263706,857,cca_nc_2,full_subject_single_seed_validation
etard_tf64,cca,reconstruction,gate0_gate2_full_subject_single_seed_v1,0,P01,test_-_P01_-_clean_part_4,64,pearson_r,0.19571303295247613,938,cca_nc_2,full_subject_single_seed_validation
etard_tf64,cca,reconstruction,gate0_gate2_full_subject_single_seed_v1,0,P01,test_-_P01_-_fM_part_1,64,pearson_r,0.04379783946761877,852,cca_nc_2,full_subject_single_seed_validation
etard_tf64,cca,reconstruction,gate0_gate2_full_subject_single_seed_v1,0,P01,test_-_P01_-_fM_part_2,64,pearson_r,0.042097285768364294,813,cca_nc_2,full_subject_single_seed_validation
etard_tf64,cca,reconstruction,gate0_gate2_full_subject_single_seed_v1,0,P01,test_-_P01_-_fM_part_3,64,pearson_r,-0.152517199544858,869,cca_nc_2,full_subject_single_seed_validation
etard_tf64,cca,reconstruction,gate0_gate2_full_subject_single_seed_v1,0,P01,test_-_P01_-_fM_part_4,64,pearson_r,0.2543595800428006,953,cca_nc_2,full_subject_single_seed_validation
etard_tf64,cca,reconstruction,gate0_gate2_full_subject_single_seed_v1,0,P01,test_-_P01_-_fW_part_1,64,pearson_r,-0.009184461786529747,843,cca_nc_2,full_subject_single_seed_validation
etard_tf64,cca,reconstruction,gate0_gate2_full_subject_single_seed_v1,0,P01,test_-_P01_-_fW_part_2,64,pearson_r,0.1543816883262687,870,cca_nc_2,full_subject_single_seed_validation
etard_tf64,cca,reconstruction,gate0_gate2_full_subject_single_seed_v1,0,P01,test_-_P01_-_fW_part_3,64,pearson_r,0.0031496056726265154,974,cca_nc_2,full_subject_single_seed_validation
etard_tf64,cca,reconstruction,gate0_gate2_full_subject_single_seed_v1,0,P01,test_-_P01_-_fW_part_4,64,pearson_r,0.135752597464242,1047,cca_nc_2,full_subject_single_seed_validation
etard_tf64,cca,reconstruction,gate0_gate2_full_subject_single_seed_v1,0,P01,test_-_P01_-_hb_part_1,64,pearson_r,0.29255003755290127,1137,cca_nc_2,full_subject_single_seed_validation
etard_tf64,cca,reconstruction,gate0_gate2_full_subject_single_seed_v1,0,P01,test_-_P01_-_hb_part_2,64,pearson_r,0.1487014903170014,1074,cca_nc_2,full_subject_single_seed_validation
etard_tf64,cca,reconstruction,gate0_gate2_full_subject_single_seed_v1,0,P01,test_-_P01_-_hb_part_3,64,pearson_r,0.16851127435302238,1157,cca_nc_2,full_subject_single_seed_validation
etard_tf64,cca,reconstruction,gate0_gate2_full_subject_single_seed_v1,0,P01,test_-_P01_-_hb_part_4,64,pearson_r,0.1609298528928244,1080,cca_nc_2,full_subject_single_seed_validation
etard_tf64,cca,reconstruction,gate0_gate2_full_subject_single_seed_v1,0,P01,test_-_P01_-_lb_part_1,64,pearson_r,0.07040719103234713,1396,cca_nc_2,full_subject_single_seed_validation
etard_tf64,cca,reconstruction,gate0_gate2_full_subject_single_seed_v1,0,P01,test_-_P01_-_lb_part_2,64,pearson_r,0.05613852119417118,1433,cca_nc_2,full_subject_single_seed_validation
etard_tf64,cca,reconstruction,gate0_gate2_full_subject_single_seed_v1,0,P01,test_-_P01_-_lb_part_3,64,pearson_r,0.11039815998968303,1365,cca_nc_2,full_subject_single_seed_validation
etard_tf64,cca,reconstruction,gate0_gate2_full_subject_single_seed_v1,0,P01,test_-_P01_-_lb_part_4,64,pearson_r,0.21885851905684925,1501,cca_nc_2,full_subject_single_seed_validation
etard_tf64,cca,reconstruction,gate0_gate2_full_subject_single_seed_v1,0,P01,test_-_P01_-_mb_part_1,64,pearson_r,0.08125881487610459,945,cca_nc_2,full_subject_single_seed_validation
etard_tf64,cca,reconstruction,gate0_gate2_full_subject_single_seed_v1,0,P01,test_-_P01_-_mb_part_2,64,pearson_r,-0.0017282314174579501,994,cca_nc_2,full_subject_single_seed_validation
etard_tf64,cca,reconstruction,gate0_gate2_full_subject_single_seed_v1,0,P01,test_-_P01_-_mb_part_3,64,pearson_r,0.12046055519048522,995,cca_nc_2,full_subject_single_seed_validation
etard_tf64,cca,reconstruction,gate0_gate2_full_subject_single_seed_v1,0,P01,test_-_P01_-_mb_part_4,64,pearson_r,0.03052051204571729,1034,cca_nc_2,full_subject_single_seed_validation
etard_tf64,fcnn,reconstruction,gate0_gate2_full_subject_single_seed_v1,0,P01,test_-_P01_-_clean_part_1,64,pearson_r,-0.12825148627236027,940,fcnn_epoch_4,full_subject_single_seed_validation
etard_tf64,fcnn,reconstruction,gate0_gate2_full_subject_single_seed_v1,0,P01,test_-_P01_-_clean_part_2,64,pearson_r,0.2503069955079996,976,fcnn_epoch_4,full_subject_single_seed_validation
etard_tf64,fcnn,reconstruction,gate0_gate2_full_subject_single_seed_v1,0,P01,test_-_P01_-_clean_part_3,64,pearson_r,0.18129008182720022,857,fcnn_epoch_4,full_subject_single_seed_validation
etard_tf64,fcnn,reconstruction,gate0_gate2_full_subject_single_seed_v1,0,P01,test_-_P01_-_clean_part_4,64,pearson_r,0.09327788516301884,938,fcnn_epoch_4,full_subject_single_seed_validation
etard_tf64,fcnn,reconstruction,gate0_gate2_full_subject_single_seed_v1,0,P01,test_-_P01_-_fM_part_1,64,pearson_r,0.06866315959430938,852,fcnn_epoch_4,full_subject_single_seed_validation
etard_tf64,fcnn,reconstruction,gate0_gate2_full_subject_single_seed_v1,0,P01,test_-_P01_-_fM_part_2,64,pearson_r,0.06527528263315659,813,fcnn_epoch_4,full_subject_single_seed_validation
etard_tf64,fcnn,reconstruction,gate0_gate2_full_subject_single_seed_v1,0,P01,test_-_P01_-_fM_part_3,64,pearson_r,0.015398823306556595,869,fcnn_epoch_4,full_subject_single_seed_validation
etard_tf64,fcnn,reconstruction,gate0_gate2_full_subject_single_seed_v1,0,P01,test_-_P01_-_fM_part_4,64,pearson_r,0.05283445329190549,953,fcnn_epoch_4,full_subject_single_seed_validation
etard_tf64,fcnn,reconstruction,gate0_gate2_full_subject_single_seed_v1,0,P01,test_-_P01_-_fW_part_1,64,pearson_r,0.1131169709544516,843,fcnn_epoch_4,full_subject_single_seed_validation
etard_tf64,fcnn,reconstruction,gate0_gate2_full_subject_single_seed_v1,0,P01,test_-_P01_-_fW_part_2,64,pearson_r,0.06807344890874356,870,fcnn_epoch_4,full_subject_single_seed_validation
etard_tf64,fcnn,reconstruction,gate0_gate2_full_subject_single_seed_v1,0,P01,test_-_P01_-_fW_part_3,64,pearson_r,0.12661085550957063,974,fcnn_epoch_4,full_subject_single_seed_validation
etard_tf64,fcnn,reconstruction,gate0_gate2_full_subject_single_seed_v1,0,P01,test_-_P01_-_fW_part_4,64,pearson_r,0.08165138242819281,1047,fcnn_epoch_4,full_subject_single_seed_validation
etard_tf64,fcnn,reconstruction,gate0_gate2_full_subject_single_seed_v1,0,P01,test_-_P01_-_hb_part_1,64,pearson_r,0.07464532884029876,1137,fcnn_epoch_4,full_subject_single_seed_validation
etard_tf64,fcnn,reconstruction,gate0_gate2_full_subject_single_seed_v1,0,P01,test_-_P01_-_hb_part_2,64,pearson_r,-0.16360111414750392,1074,fcnn_epoch_4,full_subject_single_seed_validation
etard_tf64,fcnn,reconstruction,gate0_gate2_full_subject_single_seed_v1,0,P01,test_-_P01_-_hb_part_3,64,pearson_r,0.018935539154003422,1157,fcnn_epoch_4,full_subject_single_seed_validation
etard_tf64,fcnn,reconstruction,gate0_gate2_full_subject_single_seed_v1,0,P01,test_-_P01_-_hb_part_4,64,pearson_r,0.23839287965776396,1080,fcnn_epoch_4,full_subject_single_seed_validation
etard_tf64,fcnn,reconstruction,gate0_gate2_full_subject_single_seed_v1,0,P01,test_-_P01_-_lb_part_1,64,pearson_r,0.07408120484153166,1396,fcnn_epoch_4,full_subject_single_seed_validation
etard_tf64,fcnn,reconstruction,gate0_gate2_full_subject_single_seed_v1,0,P01,test_-_P01_-_lb_part_2,64,pearson_r,0.02394514079405551,1433,fcnn_epoch_4,full_subject_single_seed_validation
etard_tf64,fcnn,reconstruction,gate0_gate2_full_subject_single_seed_v1,0,P01,test_-_P01_-_lb_part_3,64,pearson_r,5.850646973177771e-05,1365,fcnn_epoch_4,full_subject_single_seed_validation
etard_tf64,fcnn,reconstruction,gate0_gate2_full_subject_single_seed_v1,0,P01,test_-_P01_-_lb_part_4,64,pearson_r,0.06867530757903767,1501,fcnn_epoch_4,full_subject_single_seed_validation
etard_tf64,fcnn,reconstruction,gate0_gate2_full_subject_single_seed_v1,0,P01,test_-_P01_-_mb_part_1,64,pearson_r,-0.06520920680662007,945,fcnn_epoch_4,full_subject_single_seed_validation
etard_tf64,fcnn,reconstruction,gate0_gate2_full_subject_single_seed_v1,0,P01,test_-_P01_-_mb_part_2,64,pearson_r,0.06566029050259306,994,fcnn_epoch_4,full_subject_single_seed_validation
etard_tf64,fcnn,reconstruction,gate0_gate2_full_subject_single_seed_v1,0,P01,test_-_P01_-_mb_part_3,64,pearson_r,-0.0017804459743319032,995,fcnn_epoch_4,full_subject_single_seed_validation
etard_tf64,fcnn,reconstruction,gate0_gate2_full_subject_single_seed_v1,0,P01,test_-_P01_-_mb_part_4,64,pearson_r,0.07744088661196877,1034,fcnn_epoch_4,full_subject_single_seed_validation
etard_tf64,adt,reconstruction,gate0_gate2_full_subject_single_seed_v1,0,P01,test_-_P01_-_clean_part_1,64,pearson_r,0.02591471325753691,960,adt_epoch_4,full_subject_single_seed_validation
etard_tf64,adt,reconstruction,gate0_gate2_full_subject_single_seed_v1,0,P01,test_-_P01_-_clean_part_2,64,pearson_r,0.14939579186729246,1024,adt_epoch_4,full_subject_single_seed_validation
etard_tf64,adt,reconstruction,gate0_gate2_full_subject_single_seed_v1,0,P01,test_-_P01_-_clean_part_3,64,pearson_r,-0.002646171665256543,896,adt_epoch_4,full_subject_single_seed_validation
etard_tf64,adt,reconstruction,gate0_gate2_full_subject_single_seed_v1,0,P01,test_-_P01_-_clean_part_4,64,pearson_r,0.2337945960524571,960,adt_epoch_4,full_subject_single_seed_validation
etard_tf64,adt,reconstruction,gate0_gate2_full_subject_single_seed_v1,0,P01,test_-_P01_-_fM_part_1,64,pearson_r,0.13486546117472561,896,adt_epoch_4,full_subject_single_seed_validation
etard_tf64,adt,reconstruction,gate0_gate2_full_subject_single_seed_v1,0,P01,test_-_P01_-_fM_part_2,64,pearson_r,0.1961785968460823,832,adt_epoch_4,full_subject_single_seed_validation
etard_tf64,adt,reconstruction,gate0_gate2_full_subject_single_seed_v1,0,P01,test_-_P01_-_fM_part_3,64,pearson_r,0.09237758787802092,896,adt_epoch_4,full_subject_single_seed_validation
etard_tf64,adt,reconstruction,gate0_gate2_full_subject_single_seed_v1,0,P01,test_-_P01_-_fM_part_4,64,pearson_r,0.1567538963387218,960,adt_epoch_4,full_subject_single_seed_validation
etard_tf64,adt,reconstruction,gate0_gate2_full_subject_single_seed_v1,0,P01,test_-_P01_-_fW_part_1,64,pearson_r,0.08647813466466178,832,adt_epoch_4,full_subject_single_seed_validation
etard_tf64,adt,reconstruction,gate0_gate2_full_subject_single_seed_v1,0,P01,test_-_P01_-_fW_part_2,64,pearson_r,0.17699320302323768,896,adt_epoch_4,full_subject_single_seed_validation
etard_tf64,adt,reconstruction,gate0_gate2_full_subject_single_seed_v1,0,P01,test_-_P01_-_fW_part_3,64,pearson_r,0.1060925464637962,960,adt_epoch_4,full_subject_single_seed_validation
etard_tf64,adt,reconstruction,gate0_gate2_full_subject_single_seed_v1,0,P01,test_-_P01_-_fW_part_4,64,pearson_r,0.11054869393948862,1088,adt_epoch_4,full_subject_single_seed_validation
etard_tf64,adt,reconstruction,gate0_gate2_full_subject_single_seed_v1,0,P01,test_-_P01_-_hb_part_1,64,pearson_r,0.14674088184604123,1152,adt_epoch_4,full_subject_single_seed_validation
etard_tf64,adt,reconstruction,gate0_gate2_full_subject_single_seed_v1,0,P01,test_-_P01_-_hb_part_2,64,pearson_r,0.1307153840273675,1088,adt_epoch_4,full_subject_single_seed_validation
etard_tf64,adt,reconstruction,gate0_gate2_full_subject_single_seed_v1,0,P01,test_-_P01_-_hb_part_3,64,pearson_r,0.02557863142677103,1152,adt_epoch_4,full_subject_single_seed_validation
etard_tf64,adt,reconstruction,gate0_gate2_full_subject_single_seed_v1,0,P01,test_-_P01_-_hb_part_4,64,pearson_r,0.0969922223705454,1088,adt_epoch_4,full_subject_single_seed_validation
etard_tf64,adt,reconstruction,gate0_gate2_full_subject_single_seed_v1,0,P01,test_-_P01_-_lb_part_1,64,pearson_r,0.04978586721255226,1408,adt_epoch_4,full_subject_single_seed_validation
etard_tf64,adt,reconstruction,gate0_gate2_full_subject_single_seed_v1,0,P01,test_-_P01_-_lb_part_2,64,pearson_r,0.19132271218800775,1472,adt_epoch_4,full_subject_single_seed_validation
etard_tf64,adt,reconstruction,gate0_gate2_full_subject_single_seed_v1,0,P01,test_-_P01_-_lb_part_3,64,pearson_r,0.10789869455703295,1408,adt_epoch_4,full_subject_single_seed_validation
etard_tf64,adt,reconstruction,gate0_gate2_full_subject_single_seed_v1,0,P01,test_-_P01_-_lb_part_4,64,pearson_r,0.21852919076385005,1536,adt_epoch_4,full_subject_single_seed_validation
etard_tf64,adt,reconstruction,gate0_gate2_full_subject_single_seed_v1,0,P01,test_-_P01_-_mb_part_1,64,pearson_r,0.1868818875519603,960,adt_epoch_4,full_subject_single_seed_validation
etard_tf64,adt,reconstruction,gate0_gate2_full_subject_single_seed_v1,0,P01,test_-_P01_-_mb_part_2,64,pearson_r,0.06241125537860078,1024,adt_epoch_4,full_subject_single_seed_validation
etard_tf64,adt,reconstruction,gate0_gate2_full_subject_single_seed_v1,0,P01,test_-_P01_-_mb_part_3,64,pearson_r,0.008871779551988762,1024,adt_epoch_4,full_subject_single_seed_validation
etard_tf64,adt,reconstruction,gate0_gate2_full_subject_single_seed_v1,0,P01,test_-_P01_-_mb_part_4,64,pearson_r,0.0447325758568624,1024,adt_epoch_4,full_subject_single_seed_validation
etard_tf64,ridge,reconstruction,gate0_gate2_full_subject_single_seed_v1,0,P02,test_-_P02_-_cleanDutch_part_1,64,pearson_r,0.016027814556649124,941,ridge_alpha_100.0,full_subject_single_seed_validation
etard_tf64,ridge,reconstruction,gate0_gate2_full_subject_single_seed_v1,0,P02,test_-_P02_-_cleanDutch_part_2,64,pearson_r,0.0793703833935782,963,ridge_alpha_100.0,full_subject_single_seed_validation
etard_tf64,ridge,reconstruction,gate0_gate2_full_subject_single_seed_v1,0,P02,test_-_P02_-_cleanDutch_part_3,64,pearson_r,0.18822058204331685,974,ridge_alpha_100.0,full_subject_single_seed_validation
etard_tf64,ridge,reconstruction,gate0_gate2_full_subject_single_seed_v1,0,P02,test_-_P02_-_cleanDutch_part_4,64,pearson_r,0.07500888456297548,970,ridge_alpha_100.0,full_subject_single_seed_validation
etard_tf64,ridge,reconstruction,gate0_gate2_full_subject_single_seed_v1,0,P02,test_-_P02_-_clean_part_1,64,pearson_r,0.11782627289786764,940,ridge_alpha_100.0,full_subject_single_seed_validation
etard_tf64,ridge,reconstruction,gate0_gate2_full_subject_single_seed_v1,0,P02,test_-_P02_-_clean_part_2,64,pearson_r,-0.011292024530871202,976,ridge_alpha_100.0,full_subject_single_seed_validation
etard_tf64,ridge,reconstruction,gate0_gate2_full_subject_single_seed_v1,0,P02,test_-_P02_-_clean_part_3,64,pearson_r,0.0022755950995946342,857,ridge_alpha_100.0,full_subject_single_seed_validation
etard_tf64,ridge,reconstruction,gate0_gate2_full_subject_single_seed_v1,0,P02,test_-_P02_-_clean_part_4,64,pearson_r,0.252086014036965,938,ridge_alpha_100.0,full_subject_single_seed_validation
etard_tf64,ridge,reconstruction,gate0_gate2_full_subject_single_seed_v1,0,P02,test_-_P02_-_fM_part_1,64,pearson_r,0.1748393457397978,852,ridge_alpha_100.0,full_subject_single_seed_validation
etard_tf64,ridge,reconstruction,gate0_gate2_full_subject_single_seed_v1,0,P02,test_-_P02_-_fM_part_2,64,pearson_r,0.20974630246056822,813,ridge_alpha_100.0,full_subject_single_seed_validation
etard_tf64,ridge,reconstruction,gate0_gate2_full_subject_single_seed_v1,0,P02,test_-_P02_-_fM_part_3,64,pearson_r,0.05195933143844563,869,ridge_alpha_100.0,full_subject_single_seed_validation
etard_tf64,ridge,reconstruction,gate0_gate2_full_subject_single_seed_v1,0,P02,test_-_P02_-_fM_part_4,64,pearson_r,0.27066339846182447,953,ridge_alpha_100.0,full_subject_single_seed_validation
etard_tf64,ridge,reconstruction,gate0_gate2_full_subject_single_seed_v1,0,P02,test_-_P02_-_fW_part_1,64,pearson_r,0.06956196442805287,843,ridge_alpha_100.0,full_subject_single_seed_validation
etard_tf64,ridge,reconstruction,gate0_gate2_full_subject_single_seed_v1,0,P02,test_-_P02_-_fW_part_2,64,pearson_r,0.15957953783002932,870,ridge_alpha_100.0,full_subject_single_seed_validation
etard_tf64,ridge,reconstruction,gate0_gate2_full_subject_single_seed_v1,0,P02,test_-_P02_-_fW_part_3,64,pearson_r,0.17490412812109568,974,ridge_alpha_100.0,full_subject_single_seed_validation
etard_tf64,ridge,reconstruction,gate0_gate2_full_subject_single_seed_v1,0,P02,test_-_P02_-_fW_part_4,64,pearson_r,0.08284826962656018,1047,ridge_alpha_100.0,full_subject_single_seed_validation
etard_tf64,ridge,reconstruction,gate0_gate2_full_subject_single_seed_v1,0,P02,test_-_P02_-_hbDutch_part_1,64,pearson_r,-0.06549113948601192,984,ridge_alpha_100.0,full_subject_single_seed_validation
etard_tf64,ridge,reconstruction,gate0_gate2_full_subject_single_seed_v1,0,P02,test_-_P02_-_hbDutch_part_2,64,pearson_r,-0.0021381822585106584,998,ridge_alpha_100.0,full_subject_single_seed_validation
etard_tf64,ridge,reconstruction,gate0_gate2_full_subject_single_seed_v1,0,P02,test_-_P02_-_hbDutch_part_3,64,pearson_r,-0.05522661072148421,1017,ridge_alpha_100.0,full_subject_single_seed_validation
etard_tf64,ridge,reconstruction,gate0_gate2_full_subject_single_seed_v1,0,P02,test_-_P02_-_hbDutch_part_4,64,pearson_r,0.0513197493193561,1001,ridge_alpha_100.0,full_subject_single_seed_validation
etard_tf64,ridge,reconstruction,gate0_gate2_full_subject_single_seed_v1,0,P02,test_-_P02_-_hb_part_1,64,pearson_r,0.024558842504593958,1137,ridge_alpha_100.0,full_subject_single_seed_validation
etard_tf64,ridge,reconstruction,gate0_gate2_full_subject_single_seed_v1,0,P02,test_-_P02_-_hb_part_2,64,pearson_r,0.0809555614705465,1074,ridge_alpha_100.0,full_subject_single_seed_validation
etard_tf64,ridge,reconstruction,gate0_gate2_full_subject_single_seed_v1,0,P02,test_-_P02_-_hb_part_3,64,pearson_r,0.2761742661069034,1157,ridge_alpha_100.0,full_subject_single_seed_validation
etard_tf64,ridge,reconstruction,gate0_gate2_full_subject_single_seed_v1,0,P02,test_-_P02_-_hb_part_4,64,pearson_r,0.151743871738553,1080,ridge_alpha_100.0,full_subject_single_seed_validation
etard_tf64,ridge,reconstruction,gate0_gate2_full_subject_single_seed_v1,0,P02,test_-_P02_-_lbDutch_part_1,64,pearson_r,0.04162852611596576,1001,ridge_alpha_100.0,full_subject_single_seed_validation
etard_tf64,ridge,reconstruction,gate0_gate2_full_subject_single_seed_v1,0,P02,test_-_P02_-_lbDutch_part_2,64,pearson_r,0.031044208636170127,1026,ridge_alpha_100.0,full_subject_single_seed_validation
etard_tf64,ridge,reconstruction,gate0_gate2_full_subject_single_seed_v1,0,P02,test_-_P02_-_lbDutch_part_3,64,pearson_r,0.021836252088372195,991,ridge_alpha_100.0,full_subject_single_seed_validation
etard_tf64,ridge,reconstruction,gate0_gate2_full_subject_single_seed_v1,0,P02,test_-_P02_-_lbDutch_part_4,64,pearson_r,0.0116810293208829,1011,ridge_alpha_100.0,full_subject_single_seed_validation
etard_tf64,ridge,reconstruction,gate0_gate2_full_subject_single_seed_v1,0,P02,test_-_P02_-_lb_part_1,64,pearson_r,0.1536219933283433,1396,ridge_alpha_100.0,full_subject_single_seed_validation
etard_tf64,ridge,reconstruction,gate0_gate2_full_subject_single_seed_v1,0,P02,test_-_P02_-_lb_part_2,64,pearson_r,0.009139319562613752,1433,ridge_alpha_100.0,full_subject_single_seed_validation
etard_tf64,ridge,reconstruction,gate0_gate2_full_subject_single_seed_v1,0,P02,test_-_P02_-_lb_part_3,64,pearson_r,0.10426163196219525,1365,ridge_alpha_100.0,full_subject_single_seed_validation
etard_tf64,ridge,reconstruction,gate0_gate2_full_subject_single_seed_v1,0,P02,test_-_P02_-_lb_part_4,64,pearson_r,0.19026466891097232,1501,ridge_alpha_100.0,full_subject_single_seed_validation
etard_tf64,ridge,reconstruction,gate0_gate2_full_subject_single_seed_v1,0,P02,test_-_P02_-_mbDutch_part_1,64,pearson_r,0.05201426132937093,1021,ridge_alpha_100.0,full_subject_single_seed_validation
etard_tf64,ridge,reconstruction,gate0_gate2_full_subject_single_seed_v1,0,P02,test_-_P02_-_mbDutch_part_2,64,pearson_r,-0.09393647158630752,981,ridge_alpha_100.0,full_subject_single_seed_validation
etard_tf64,ridge,reconstruction,gate0_gate2_full_subject_single_seed_v1,0,P02,test_-_P02_-_mbDutch_part_3,64,pearson_r,0.12754993471022572,995,ridge_alpha_100.0,full_subject_single_seed_validation
etard_tf64,ridge,reconstruction,gate0_gate2_full_subject_single_seed_v1,0,P02,test_-_P02_-_mbDutch_part_4,64,pearson_r,-0.0868237038823314,1000,ridge_alpha_100.0,full_subject_single_seed_validation
etard_tf64,ridge,reconstruction,gate0_gate2_full_subject_single_seed_v1,0,P02,test_-_P02_-_mb_part_1,64,pearson_r,0.17569114701133576,945,ridge_alpha_100.0,full_subject_single_seed_validation
etard_tf64,ridge,reconstruction,gate0_gate2_full_subject_single_seed_v1,0,P02,test_-_P02_-_mb_part_2,64,pearson_r,0.009794740405198624,994,ridge_alpha_100.0,full_subject_single_seed_validation
etard_tf64,ridge,reconstruction,gate0_gate2_full_subject_single_seed_v1,0,P02,test_-_P02_-_mb_part_3,64,pearson_r,-0.0734207903065901,995,ridge_alpha_100.0,full_subject_single_seed_validation
etard_tf64,ridge,reconstruction,gate0_gate2_full_subject_single_seed_v1,0,P02,test_-_P02_-_mb_part_4,64,pearson_r,0.033908196511408056,1034,ridge_alpha_100.0,full_subject_single_seed_validation
etard_tf64,cca,reconstruction,gate0_gate2_full_subject_single_seed_v1,0,P02,test_-_P02_-_cleanDutch_part_1,64,pearson_r,0.007246872186666092,941,cca_nc_4,full_subject_single_seed_validation
etard_tf64,cca,reconstruction,gate0_gate2_full_subject_single_seed_v1,0,P02,test_-_P02_-_cleanDutch_part_2,64,pearson_r,0.030104906266769312,963,cca_nc_4,full_subject_single_seed_validation
etard_tf64,cca,reconstruction,gate0_gate2_full_subject_single_seed_v1,0,P02,test_-_P02_-_cleanDutch_part_3,64,pearson_r,0.11168609763069956,974,cca_nc_4,full_subject_single_seed_validation
etard_tf64,cca,reconstruction,gate0_gate2_full_subject_single_seed_v1,0,P02,test_-_P02_-_cleanDutch_part_4,64,pearson_r,-0.07522708878354514,970,cca_nc_4,full_subject_single_seed_validation
etard_tf64,cca,reconstruction,gate0_gate2_full_subject_single_seed_v1,0,P02,test_-_P02_-_clean_part_1,64,pearson_r,0.10158008055968779,940,cca_nc_4,full_subject_single_seed_validation
etard_tf64,cca,reconstruction,gate0_gate2_full_subject_single_seed_v1,0,P02,test_-_P02_-_clean_part_2,64,pearson_r,0.024199809036918703,976,cca_nc_4,full_subject_single_seed_validation
etard_tf64,cca,reconstruction,gate0_gate2_full_subject_single_seed_v1,0,P02,test_-_P02_-_clean_part_3,64,pearson_r,0.07005095165072295,857,cca_nc_4,full_subject_single_seed_validation
etard_tf64,cca,reconstruction,gate0_gate2_full_subject_single_seed_v1,0,P02,test_-_P02_-_clean_part_4,64,pearson_r,0.18871845104449286,938,cca_nc_4,full_subject_single_seed_validation
etard_tf64,cca,reconstruction,gate0_gate2_full_subject_single_seed_v1,0,P02,test_-_P02_-_fM_part_1,64,pearson_r,0.2468596884008423,852,cca_nc_4,full_subject_single_seed_validation
etard_tf64,cca,reconstruction,gate0_gate2_full_subject_single_seed_v1,0,P02,test_-_P02_-_fM_part_2,64,pearson_r,0.2233476725200833,813,cca_nc_4,full_subject_single_seed_validation
etard_tf64,cca,reconstruction,gate0_gate2_full_subject_single_seed_v1,0,P02,test_-_P02_-_fM_part_3,64,pearson_r,0.010056935211634681,869,cca_nc_4,full_subject_single_seed_validation
etard_tf64,cca,reconstruction,gate0_gate2_full_subject_single_seed_v1,0,P02,test_-_P02_-_fM_part_4,64,pearson_r,0.28426837840249264,953,cca_nc_4,full_subject_single_seed_validation
etard_tf64,cca,reconstruction,gate0_gate2_full_subject_single_seed_v1,0,P02,test_-_P02_-_fW_part_1,64,pearson_r,0.0878398157873288,843,cca_nc_4,full_subject_single_seed_validation
etard_tf64,cca,reconstruction,gate0_gate2_full_subject_single_seed_v1,0,P02,test_-_P02_-_fW_part_2,64,pearson_r,0.08537874641563356,870,cca_nc_4,full_subject_single_seed_validation
etard_tf64,cca,reconstruction,gate0_gate2_full_subject_single_seed_v1,0,P02,test_-_P02_-_fW_part_3,64,pearson_r,0.1487823025664217,974,cca_nc_4,full_subject_single_seed_validation
etard_tf64,cca,reconstruction,gate0_gate2_full_subject_single_seed_v1,0,P02,test_-_P02_-_fW_part_4,64,pearson_r,0.19136350152088702,1047,cca_nc_4,full_subject_single_seed_validation
etard_tf64,cca,reconstruction,gate0_gate2_full_subject_single_seed_v1,0,P02,test_-_P02_-_hbDutch_part_1,64,pearson_r,-0.03791298332757684,984,cca_nc_4,full_subject_single_seed_validation
etard_tf64,cca,reconstruction,gate0_gate2_full_subject_single_seed_v1,0,P02,test_-_P02_-_hbDutch_part_2,64,pearson_r,0.09009956721543655,998,cca_nc_4,full_subject_single_seed_validation
etard_tf64,cca,reconstruction,gate0_gate2_full_subject_single_seed_v1,0,P02,test_-_P02_-_hbDutch_part_3,64,pearson_r,-0.19908956006740772,1017,cca_nc_4,full_subject_single_seed_validation
etard_tf64,cca,reconstruction,gate0_gate2_full_subject_single_seed_v1,0,P02,test_-_P02_-_hbDutch_part_4,64,pearson_r,0.06219327935747302,1001,cca_nc_4,full_subject_single_seed_validation
etard_tf64,cca,reconstruction,gate0_gate2_full_subject_single_seed_v1,0,P02,test_-_P02_-_hb_part_1,64,pearson_r,0.042366028878940115,1137,cca_nc_4,full_subject_single_seed_validation
etard_tf64,cca,reconstruction,gate0_gate2_full_subject_single_seed_v1,0,P02,test_-_P02_-_hb_part_2,64,pearson_r,0.12831208397882038,1074,cca_nc_4,full_subject_single_seed_validation
etard_tf64,cca,reconstruction,gate0_gate2_full_subject_single_seed_v1,0,P02,test_-_P02_-_hb_part_3,64,pearson_r,0.19828069046054914,1157,cca_nc_4,full_subject_single_seed_validation
etard_tf64,cca,reconstruction,gate0_gate2_full_subject_single_seed_v1,0,P02,test_-_P02_-_hb_part_4,64,pearson_r,-0.004466374067867805,1080,cca_nc_4,full_subject_single_seed_validation
etard_tf64,cca,reconstruction,gate0_gate2_full_subject_single_seed_v1,0,P02,test_-_P02_-_lbDutch_part_1,64,pearson_r,-0.042216559274433595,1001,cca_nc_4,full_subject_single_seed_validation
etard_tf64,cca,reconstruction,gate0_gate2_full_subject_single_seed_v1,0,P02,test_-_P02_-_lbDutch_part_2,64,pearson_r,-0.018494569436103187,1026,cca_nc_4,full_subject_single_seed_validation
etard_tf64,cca,reconstruction,gate0_gate2_full_subject_single_seed_v1,0,P02,test_-_P02_-_lbDutch_part_3,64,pearson_r,0.03241252297131459,991,cca_nc_4,full_subject_single_seed_validation
etard_tf64,cca,reconstruction,gate0_gate2_full_subject_single_seed_v1,0,P02,test_-_P02_-_lbDutch_part_4,64,pearson_r,0.007223543850832817,1011,cca_nc_4,full_subject_single_seed_validation
etard_tf64,cca,reconstruction,gate0_gate2_full_subject_single_seed_v1,0,P02,test_-_P02_-_lb_part_1,64,pearson_r,-0.0006722000319846706,1396,cca_nc_4,full_subject_single_seed_validation
etard_tf64,cca,reconstruction,gate0_gate2_full_subject_single_seed_v1,0,P02,test_-_P02_-_lb_part_2,64,pearson_r,0.028819775623167693,1433,cca_nc_4,full_subject_single_seed_validation
etard_tf64,cca,reconstruction,gate0_gate2_full_subject_single_seed_v1,0,P02,test_-_P02_-_lb_part_3,64,pearson_r,0.0960447164186437,1365,cca_nc_4,full_subject_single_seed_validation
etard_tf64,cca,reconstruction,gate0_gate2_full_subject_single_seed_v1,0,P02,test_-_P02_-_lb_part_4,64,pearson_r,0.13702213949360506,1501,cca_nc_4,full_subject_single_seed_validation
etard_tf64,cca,reconstruction,gate0_gate2_full_subject_single_seed_v1,0,P02,test_-_P02_-_mbDutch_part_1,64,pearson_r,-0.028021321292737253,1021,cca_nc_4,full_subject_single_seed_validation
etard_tf64,cca,reconstruction,gate0_gate2_full_subject_single_seed_v1,0,P02,test_-_P02_-_mbDutch_part_2,64,pearson_r,-0.05841821328132712,981,cca_nc_4,full_subject_single_seed_validation
etard_tf64,cca,reconstruction,gate0_gate2_full_subject_single_seed_v1,0,P02,test_-_P02_-_mbDutch_part_3,64,pearson_r,0.07974336248584499,995,cca_nc_4,full_subject_single_seed_validation
etard_tf64,cca,reconstruction,gate0_gate2_full_subject_single_seed_v1,0,P02,test_-_P02_-_mbDutch_part_4,64,pearson_r,-0.09542737671058178,1000,cca_nc_4,full_subject_single_seed_validation
etard_tf64,cca,reconstruction,gate0_gate2_full_subject_single_seed_v1,0,P02,test_-_P02_-_mb_part_1,64,pearson_r,0.11470024053631384,945,cca_nc_4,full_subject_single_seed_validation
etard_tf64,cca,reconstruction,gate0_gate2_full_subject_single_seed_v1,0,P02,test_-_P02_-_mb_part_2,64,pearson_r,0.11304143136447954,994,cca_nc_4,full_subject_single_seed_validation
etard_tf64,cca,reconstruction,gate0_gate2_full_subject_single_seed_v1,0,P02,test_-_P02_-_mb_part_3,64,pearson_r,-0.05327819114250367,995,cca_nc_4,full_subject_single_seed_validation
etard_tf64,cca,reconstruction,gate0_gate2_full_subject_single_seed_v1,0,P02,test_-_P02_-_mb_part_4,64,pearson_r,0.15427615200189684,1034,cca_nc_4,full_subject_single_seed_validation
etard_tf64,fcnn,reconstruction,gate0_gate2_full_subject_single_seed_v1,0,P02,test_-_P02_-_cleanDutch_part_1,64,pearson_r,0.10169483307169472,941,fcnn_epoch_0,full_subject_single_seed_validation
etard_tf64,fcnn,reconstruction,gate0_gate2_full_subject_single_seed_v1,0,P02,test_-_P02_-_cleanDutch_part_2,64,pearson_r,0.08285237387765539,963,fcnn_epoch_0,full_subject_single_seed_validation
etard_tf64,fcnn,reconstruction,gate0_gate2_full_subject_single_seed_v1,0,P02,test_-_P02_-_cleanDutch_part_3,64,pearson_r,0.24935403179661664,974,fcnn_epoch_0,full_subject_single_seed_validation
etard_tf64,fcnn,reconstruction,gate0_gate2_full_subject_single_seed_v1,0,P02,test_-_P02_-_cleanDutch_part_4,64,pearson_r,-0.007303693387182055,970,fcnn_epoch_0,full_subject_single_seed_validation
etard_tf64,fcnn,reconstruction,gate0_gate2_full_subject_single_seed_v1,0,P02,test_-_P02_-_clean_part_1,64,pearson_r,0.1680867086370229,940,fcnn_epoch_0,full_subject_single_seed_validation
etard_tf64,fcnn,reconstruction,gate0_gate2_full_subject_single_seed_v1,0,P02,test_-_P02_-_clean_part_2,64,pearson_r,0.03049379799950308,976,fcnn_epoch_0,full_subject_single_seed_validation
etard_tf64,fcnn,reconstruction,gate0_gate2_full_subject_single_seed_v1,0,P02,test_-_P02_-_clean_part_3,64,pearson_r,-0.06042951792103312,857,fcnn_epoch_0,full_subject_single_seed_validation
etard_tf64,fcnn,reconstruction,gate0_gate2_full_subject_single_seed_v1,0,P02,test_-_P02_-_clean_part_4,64,pearson_r,0.12632729830276898,938,fcnn_epoch_0,full_subject_single_seed_validation
etard_tf64,fcnn,reconstruction,gate0_gate2_full_subject_single_seed_v1,0,P02,test_-_P02_-_fM_part_1,64,pearson_r,0.17945016716332,852,fcnn_epoch_0,full_subject_single_seed_validation
etard_tf64,fcnn,reconstruction,gate0_gate2_full_subject_single_seed_v1,0,P02,test_-_P02_-_fM_part_2,64,pearson_r,0.0906045458725704,813,fcnn_epoch_0,full_subject_single_seed_validation
etard_tf64,fcnn,reconstruction,gate0_gate2_full_subject_single_seed_v1,0,P02,test_-_P02_-_fM_part_3,64,pearson_r,0.020358753624697384,869,fcnn_epoch_0,full_subject_single_seed_validation
etard_tf64,fcnn,reconstruction,gate0_gate2_full_subject_single_seed_v1,0,P02,test_-_P02_-_fM_part_4,64,pearson_r,0.20162073348794152,953,fcnn_epoch_0,full_subject_single_seed_validation
etard_tf64,fcnn,reconstruction,gate0_gate2_full_subject_single_seed_v1,0,P02,test_-_P02_-_fW_part_1,64,pearson_r,-0.012053364530449723,843,fcnn_epoch_0,full_subject_single_seed_validation
etard_tf64,fcnn,reconstruction,gate0_gate2_full_subject_single_seed_v1,0,P02,test_-_P02_-_fW_part_2,64,pearson_r,0.1028411539433222,870,fcnn_epoch_0,full_subject_single_seed_validation
etard_tf64,fcnn,reconstruction,gate0_gate2_full_subject_single_seed_v1,0,P02,test_-_P02_-_fW_part_3,64,pearson_r,0.25435848910122283,974,fcnn_epoch_0,full_subject_single_seed_validation
etard_tf64,fcnn,reconstruction,gate0_gate2_full_subject_single_seed_v1,0,P02,test_-_P02_-_fW_part_4,64,pearson_r,0.0935579398886472,1047,fcnn_epoch_0,full_subject_single_seed_validation
etard_tf64,fcnn,reconstruction,gate0_gate2_full_subject_single_seed_v1,0,P02,test_-_P02_-_hbDutch_part_1,64,pearson_r,-0.005197799944637427,984,fcnn_epoch_0,full_subject_single_seed_validation
etard_tf64,fcnn,reconstruction,gate0_gate2_full_subject_single_seed_v1,0,P02,test_-_P02_-_hbDutch_part_2,64,pearson_r,0.05174407729764148,998,fcnn_epoch_0,full_subject_single_seed_validation
etard_tf64,fcnn,reconstruction,gate0_gate2_full_subject_single_seed_v1,0,P02,test_-_P02_-_hbDutch_part_3,64,pearson_r,-0.12237589355974514,1017,fcnn_epoch_0,full_subject_single_seed_validation
etard_tf64,fcnn,reconstruction,gate0_gate2_full_subject_single_seed_v1,0,P02,test_-_P02_-_hbDutch_part_4,64,pearson_r,0.04667546411518957,1001,fcnn_epoch_0,full_subject_single_seed_validation
etard_tf64,fcnn,reconstruction,gate0_gate2_full_subject_single_seed_v1,0,P02,test_-_P02_-_hb_part_1,64,pearson_r,0.06378278074099374,1137,fcnn_epoch_0,full_subject_single_seed_validation
etard_tf64,fcnn,reconstruction,gate0_gate2_full_subject_single_seed_v1,0,P02,test_-_P02_-_hb_part_2,64,pearson_r,0.1054840412793077,1074,fcnn_epoch_0,full_subject_single_seed_validation
etard_tf64,fcnn,reconstruction,gate0_gate2_full_subject_single_seed_v1,0,P02,test_-_P02_-_hb_part_3,64,pearson_r,0.22172466338757252,1157,fcnn_epoch_0,full_subject_single_seed_validation
etard_tf64,fcnn,reconstruction,gate0_gate2_full_subject_single_seed_v1,0,P02,test_-_P02_-_hb_part_4,64,pearson_r,-0.03259281404818807,1080,fcnn_epoch_0,full_subject_single_seed_validation
etard_tf64,fcnn,reconstruction,gate0_gate2_full_subject_single_seed_v1,0,P02,test_-_P02_-_lbDutch_part_1,64,pearson_r,0.015084313509492173,1001,fcnn_epoch_0,full_subject_single_seed_validation
etard_tf64,fcnn,reconstruction,gate0_gate2_full_subject_single_seed_v1,0,P02,test_-_P02_-_lbDutch_part_2,64,pearson_r,0.02083965173009887,1026,fcnn_epoch_0,full_subject_single_seed_validation
etard_tf64,fcnn,reconstruction,gate0_gate2_full_subject_single_seed_v1,0,P02,test_-_P02_-_lbDutch_part_3,64,pearson_r,0.004943666496019617,991,fcnn_epoch_0,full_subject_single_seed_validation
etard_tf64,fcnn,reconstruction,gate0_gate2_full_subject_single_seed_v1,0,P02,test_-_P02_-_lbDutch_part_4,64,pearson_r,-0.0015145449919124596,1011,fcnn_epoch_0,full_subject_single_seed_validation
etard_tf64,fcnn,reconstruction,gate0_gate2_full_subject_single_seed_v1,0,P02,test_-_P02_-_lb_part_1,64,pearson_r,0.024402038191799414,1396,fcnn_epoch_0,full_subject_single_seed_validation
etard_tf64,fcnn,reconstruction,gate0_gate2_full_subject_single_seed_v1,0,P02,test_-_P02_-_lb_part_2,64,pearson_r,0.0543513879134078,1433,fcnn_epoch_0,full_subject_single_seed_validation
etard_tf64,fcnn,reconstruction,gate0_gate2_full_subject_single_seed_v1,0,P02,test_-_P02_-_lb_part_3,64,pearson_r,0.10916881167387539,1365,fcnn_epoch_0,full_subject_single_seed_validation
etard_tf64,fcnn,reconstruction,gate0_gate2_full_subject_single_seed_v1,0,P02,test_-_P02_-_lb_part_4,64,pearson_r,0.09231841330842346,1501,fcnn_epoch_0,full_subject_single_seed_validation
etard_tf64,fcnn,reconstruction,gate0_gate2_full_subject_single_seed_v1,0,P02,test_-_P02_-_mbDutch_part_1,64,pearson_r,-0.11903761532136001,1021,fcnn_epoch_0,full_subject_single_seed_validation
etard_tf64,fcnn,reconstruction,gate0_gate2_full_subject_single_seed_v1,0,P02,test_-_P02_-_mbDutch_part_2,64,pearson_r,-0.04551500708988075,981,fcnn_epoch_0,full_subject_single_seed_validation
etard_tf64,fcnn,reconstruction,gate0_gate2_full_subject_single_seed_v1,0,P02,test_-_P02_-_mbDutch_part_3,64,pearson_r,0.029572729184724637,995,fcnn_epoch_0,full_subject_single_seed_validation
etard_tf64,fcnn,reconstruction,gate0_gate2_full_subject_single_seed_v1,0,P02,test_-_P02_-_mbDutch_part_4,64,pearson_r,-0.038330826397685584,1000,fcnn_epoch_0,full_subject_single_seed_validation
etard_tf64,fcnn,reconstruction,gate0_gate2_full_subject_single_seed_v1,0,P02,test_-_P02_-_mb_part_1,64,pearson_r,0.07753357494505454,945,fcnn_epoch_0,full_subject_single_seed_validation
etard_tf64,fcnn,reconstruction,gate0_gate2_full_subject_single_seed_v1,0,P02,test_-_P02_-_mb_part_2,64,pearson_r,0.07674306546467564,994,fcnn_epoch_0,full_subject_single_seed_validation
etard_tf64,fcnn,reconstruction,gate0_gate2_full_subject_single_seed_v1,0,P02,test_-_P02_-_mb_part_3,64,pearson_r,0.032611635245078076,995,fcnn_epoch_0,full_subject_single_seed_validation
etard_tf64,fcnn,reconstruction,gate0_gate2_full_subject_single_seed_v1,0,P02,test_-_P02_-_mb_part_4,64,pearson_r,0.07107437236638255,1034,fcnn_epoch_0,full_subject_single_seed_validation
etard_tf64,adt,reconstruction,gate0_gate2_full_subject_single_seed_v1,0,P02,test_-_P02_-_cleanDutch_part_1,64,pearson_r,-0.10637772180552935,960,adt_epoch_8,full_subject_single_seed_validation
etard_tf64,adt,reconstruction,gate0_gate2_full_subject_single_seed_v1,0,P02,test_-_P02_-_cleanDutch_part_2,64,pearson_r,-0.035158835366781264,960,adt_epoch_8,full_subject_single_seed_validation
etard_tf64,adt,reconstruction,gate0_gate2_full_subject_single_seed_v1,0,P02,test_-_P02_-_cleanDutch_part_3,64,pearson_r,0.09671743951481314,960,adt_epoch_8,full_subject_single_seed_validation
etard_tf64,adt,reconstruction,gate0_gate2_full_subject_single_seed_v1,0,P02,test_-_P02_-_cleanDutch_part_4,64,pearson_r,0.06686268971280089,960,adt_epoch_8,full_subject_single_seed_validation
etard_tf64,adt,reconstruction,gate0_gate2_full_subject_single_seed_v1,0,P02,test_-_P02_-_clean_part_1,64,pearson_r,0.09989448500649949,960,adt_epoch_8,full_subject_single_seed_validation
etard_tf64,adt,reconstruction,gate0_gate2_full_subject_single_seed_v1,0,P02,test_-_P02_-_clean_part_2,64,pearson_r,0.10059837923092112,1024,adt_epoch_8,full_subject_single_seed_validation
etard_tf64,adt,reconstruction,gate0_gate2_full_subject_single_seed_v1,0,P02,test_-_P02_-_clean_part_3,64,pearson_r,-0.14995063686893262,896,adt_epoch_8,full_subject_single_seed_validation
etard_tf64,adt,reconstruction,gate0_gate2_full_subject_single_seed_v1,0,P02,test_-_P02_-_clean_part_4,64,pearson_r,0.16223852839363168,960,adt_epoch_8,full_subject_single_seed_validation
etard_tf64,adt,reconstruction,gate0_gate2_full_subject_single_seed_v1,0,P02,test_-_P02_-_fM_part_1,64,pearson_r,0.3573451408690996,896,adt_epoch_8,full_subject_single_seed_validation
etard_tf64,adt,reconstruction,gate0_gate2_full_subject_single_seed_v1,0,P02,test_-_P02_-_fM_part_2,64,pearson_r,0.035648713616290593,832,adt_epoch_8,full_subject_single_seed_validation
etard_tf64,adt,reconstruction,gate0_gate2_full_subject_single_seed_v1,0,P02,test_-_P02_-_fM_part_3,64,pearson_r,0.2840626447877782,896,adt_epoch_8,full_subject_single_seed_validation
etard_tf64,adt,reconstruction,gate0_gate2_full_subject_single_seed_v1,0,P02,test_-_P02_-_fM_part_4,64,pearson_r,0.0825043729731318,960,adt_epoch_8,full_subject_single_seed_validation
etard_tf64,adt,reconstruction,gate0_gate2_full_subject_single_seed_v1,0,P02,test_-_P02_-_fW_part_1,64,pearson_r,-0.006101231564211985,832,adt_epoch_8,full_subject_single_seed_validation
etard_tf64,adt,reconstruction,gate0_gate2_full_subject_single_seed_v1,0,P02,test_-_P02_-_fW_part_2,64,pearson_r,0.06451164096336826,896,adt_epoch_8,full_subject_single_seed_validation
etard_tf64,adt,reconstruction,gate0_gate2_full_subject_single_seed_v1,0,P02,test_-_P02_-_fW_part_3,64,pearson_r,-0.0032992115587209335,960,adt_epoch_8,full_subject_single_seed_validation
etard_tf64,adt,reconstruction,gate0_gate2_full_subject_single_seed_v1,0,P02,test_-_P02_-_fW_part_4,64,pearson_r,0.1864457113525852,1088,adt_epoch_8,full_subject_single_seed_validation
etard_tf64,adt,reconstruction,gate0_gate2_full_subject_single_seed_v1,0,P02,test_-_P02_-_hbDutch_part_1,64,pearson_r,-0.05644441152264423,1024,adt_epoch_8,full_subject_single_seed_validation
etard_tf64,adt,reconstruction,gate0_gate2_full_subject_single_seed_v1,0,P02,test_-_P02_-_hbDutch_part_2,64,pearson_r,0.06633866498916642,1024,adt_epoch_8,full_subject_single_seed_validation
etard_tf64,adt,reconstruction,gate0_gate2_full_subject_single_seed_v1,0,P02,test_-_P02_-_hbDutch_part_3,64,pearson_r,-0.11849977830345239,1024,adt_epoch_8,full_subject_single_seed_validation
etard_tf64,adt,reconstruction,gate0_gate2_full_subject_single_seed_v1,0,P02,test_-_P02_-_hbDutch_part_4,64,pearson_r,-0.026860526028334757,1024,adt_epoch_8,full_subject_single_seed_validation
etard_tf64,adt,reconstruction,gate0_gate2_full_subject_single_seed_v1,0,P02,test_-_P02_-_hb_part_1,64,pearson_r,0.27615378636688676,1152,adt_epoch_8,full_subject_single_seed_validation
etard_tf64,adt,reconstruction,gate0_gate2_full_subject_single_seed_v1,0,P02,test_-_P02_-_hb_part_2,64,pearson_r,0.30559489377271354,1088,adt_epoch_8,full_subject_single_seed_validation
etard_tf64,adt,reconstruction,gate0_gate2_full_subject_single_seed_v1,0,P02,test_-_P02_-_hb_part_3,64,pearson_r,0.3005260418366384,1152,adt_epoch_8,full_subject_single_seed_validation
etard_tf64,adt,reconstruction,gate0_gate2_full_subject_single_seed_v1,0,P02,test_-_P02_-_hb_part_4,64,pearson_r,0.11202459901775819,1088,adt_epoch_8,full_subject_single_seed_validation
etard_tf64,adt,reconstruction,gate0_gate2_full_subject_single_seed_v1,0,P02,test_-_P02_-_lbDutch_part_1,64,pearson_r,0.036834695232939196,1024,adt_epoch_8,full_subject_single_seed_validation
etard_tf64,adt,reconstruction,gate0_gate2_full_subject_single_seed_v1,0,P02,test_-_P02_-_lbDutch_part_2,64,pearson_r,-0.026443637203509063,1024,adt_epoch_8,full_subject_single_seed_validation
etard_tf64,adt,reconstruction,gate0_gate2_full_subject_single_seed_v1,0,P02,test_-_P02_-_lbDutch_part_3,64,pearson_r,0.11182445522473144,1024,adt_epoch_8,full_subject_single_seed_validation
etard_tf64,adt,reconstruction,gate0_gate2_full_subject_single_seed_v1,0,P02,test_-_P02_-_lbDutch_part_4,64,pearson_r,-0.05278336329272341,1024,adt_epoch_8,full_subject_single_seed_validation
etard_tf64,adt,reconstruction,gate0_gate2_full_subject_single_seed_v1,0,P02,test_-_P02_-_lb_part_1,64,pearson_r,0.038422062028182866,1408,adt_epoch_8,full_subject_single_seed_validation
etard_tf64,adt,reconstruction,gate0_gate2_full_subject_single_seed_v1,0,P02,test_-_P02_-_lb_part_2,64,pearson_r,0.007828596060577838,1472,adt_epoch_8,full_subject_single_seed_validation
etard_tf64,adt,reconstruction,gate0_gate2_full_subject_single_seed_v1,0,P02,test_-_P02_-_lb_part_3,64,pearson_r,0.006974923660478376,1408,adt_epoch_8,full_subject_single_seed_validation
etard_tf64,adt,reconstruction,gate0_gate2_full_subject_single_seed_v1,0,P02,test_-_P02_-_lb_part_4,64,pearson_r,0.09533253423970175,1536,adt_epoch_8,full_subject_single_seed_validation
etard_tf64,adt,reconstruction,gate0_gate2_full_subject_single_seed_v1,0,P02,test_-_P02_-_mbDutch_part_1,64,pearson_r,-0.1635515670638758,1024,adt_epoch_8,full_subject_single_seed_validation
etard_tf64,adt,reconstruction,gate0_gate2_full_subject_single_seed_v1,0,P02,test_-_P02_-_mbDutch_part_2,64,pearson_r,-0.011703350739706641,1024,adt_epoch_8,full_subject_single_seed_validation
etard_tf64,adt,reconstruction,gate0_gate2_full_subject_single_seed_v1,0,P02,test_-_P02_-_mbDutch_part_3,64,pearson_r,0.06527063964135285,1024,adt_epoch_8,full_subject_single_seed_validation
etard_tf64,adt,reconstruction,gate0_gate2_full_subject_single_seed_v1,0,P02,test_-_P02_-_mbDutch_part_4,64,pearson_r,0.06224907754791039,1024,adt_epoch_8,full_subject_single_seed_validation
etard_tf64,adt,reconstruction,gate0_gate2_full_subject_single_seed_v1,0,P02,test_-_P02_-_mb_part_1,64,pearson_r,0.0016995676801186857,960,adt_epoch_8,full_subject_single_seed_validation
etard_tf64,adt,reconstruction,gate0_gate2_full_subject_single_seed_v1,0,P02,test_-_P02_-_mb_part_2,64,pearson_r,0.11216234386985065,1024,adt_epoch_8,full_subject_single_seed_validation
etard_tf64,adt,reconstruction,gate0_gate2_full_subject_single_seed_v1,0,P02,test_-_P02_-_mb_part_3,64,pearson_r,0.02262816267109739,1024,adt_epoch_8,full_subject_single_seed_validation
etard_tf64,adt,reconstruction,gate0_gate2_full_subject_single_seed_v1,0,P02,test_-_P02_-_mb_part_4,64,pearson_r,0.1743524264092475,1024,adt_epoch_8,full_subject_single_seed_validation
etard_tf64,ridge,reconstruction,gate0_gate2_full_subject_single_seed_v1,0,P03,test_-_P03_-_clean_part_1,64,pearson_r,0.05494253664712014,940,ridge_alpha_10.0,full_subject_single_seed_validation
etard_tf64,ridge,reconstruction,gate0_gate2_full_subject_single_seed_v1,0,P03,test_-_P03_-_clean_part_2,64,pearson_r,0.24791245044100363,976,ridge_alpha_10.0,full_subject_single_seed_validation
etard_tf64,ridge,reconstruction,gate0_gate2_full_subject_single_seed_v1,0,P03,test_-_P03_-_clean_part_3,64,pearson_r,0.08361138724267167,857,ridge_alpha_10.0,full_subject_single_seed_validation
etard_tf64,ridge,reconstruction,gate0_gate2_full_subject_single_seed_v1,0,P03,test_-_P03_-_clean_part_4,64,pearson_r,0.1958880206517629,938,ridge_alpha_10.0,full_subject_single_seed_validation
etard_tf64,ridge,reconstruction,gate0_gate2_full_subject_single_seed_v1,0,P03,test_-_P03_-_fM_part_1,64,pearson_r,0.25303864365426143,852,ridge_alpha_10.0,full_subject_single_seed_validation
etard_tf64,ridge,reconstruction,gate0_gate2_full_subject_single_seed_v1,0,P03,test_-_P03_-_fM_part_2,64,pearson_r,0.1307147841961794,813,ridge_alpha_10.0,full_subject_single_seed_validation
etard_tf64,ridge,reconstruction,gate0_gate2_full_subject_single_seed_v1,0,P03,test_-_P03_-_fM_part_3,64,pearson_r,0.04135539347079324,869,ridge_alpha_10.0,full_subject_single_seed_validation
etard_tf64,ridge,reconstruction,gate0_gate2_full_subject_single_seed_v1,0,P03,test_-_P03_-_fM_part_4,64,pearson_r,0.2918820506967521,953,ridge_alpha_10.0,full_subject_single_seed_validation
etard_tf64,ridge,reconstruction,gate0_gate2_full_subject_single_seed_v1,0,P03,test_-_P03_-_fW_part_1,64,pearson_r,0.1666833688022031,843,ridge_alpha_10.0,full_subject_single_seed_validation
etard_tf64,ridge,reconstruction,gate0_gate2_full_subject_single_seed_v1,0,P03,test_-_P03_-_fW_part_2,64,pearson_r,0.10524131520341184,870,ridge_alpha_10.0,full_subject_single_seed_validation
etard_tf64,ridge,reconstruction,gate0_gate2_full_subject_single_seed_v1,0,P03,test_-_P03_-_fW_part_3,64,pearson_r,0.023705962998318758,974,ridge_alpha_10.0,full_subject_single_seed_validation
etard_tf64,ridge,reconstruction,gate0_gate2_full_subject_single_seed_v1,0,P03,test_-_P03_-_fW_part_4,64,pearson_r,0.25797494101420343,1047,ridge_alpha_10.0,full_subject_single_seed_validation
etard_tf64,ridge,reconstruction,gate0_gate2_full_subject_single_seed_v1,0,P03,test_-_P03_-_hb_part_1,64,pearson_r,0.11437276327073387,1137,ridge_alpha_10.0,full_subject_single_seed_validation
etard_tf64,ridge,reconstruction,gate0_gate2_full_subject_single_seed_v1,0,P03,test_-_P03_-_hb_part_2,64,pearson_r,0.007434160970125013,1074,ridge_alpha_10.0,full_subject_single_seed_validation
etard_tf64,ridge,reconstruction,gate0_gate2_full_subject_single_seed_v1,0,P03,test_-_P03_-_hb_part_3,64,pearson_r,-0.0659389053554337,1157,ridge_alpha_10.0,full_subject_single_seed_validation
etard_tf64,ridge,reconstruction,gate0_gate2_full_subject_single_seed_v1,0,P03,test_-_P03_-_hb_part_4,64,pearson_r,0.1017814426902666,1080,ridge_alpha_10.0,full_subject_single_seed_validation
etard_tf64,ridge,reconstruction,gate0_gate2_full_subject_single_seed_v1,0,P03,test_-_P03_-_lb_part_1,64,pearson_r,0.0332956781234452,1396,ridge_alpha_10.0,full_subject_single_seed_validation
etard_tf64,ridge,reconstruction,gate0_gate2_full_subject_single_seed_v1,0,P03,test_-_P03_-_lb_part_2,64,pearson_r,0.04329902571974084,1433,ridge_alpha_10.0,full_subject_single_seed_validation
etard_tf64,ridge,reconstruction,gate0_gate2_full_subject_single_seed_v1,0,P03,test_-_P03_-_lb_part_3,64,pearson_r,0.19663869374257917,1365,ridge_alpha_10.0,full_subject_single_seed_validation
etard_tf64,ridge,reconstruction,gate0_gate2_full_subject_single_seed_v1,0,P03,test_-_P03_-_lb_part_4,64,pearson_r,0.03680409323636252,1501,ridge_alpha_10.0,full_subject_single_seed_validation
etard_tf64,ridge,reconstruction,gate0_gate2_full_subject_single_seed_v1,0,P03,test_-_P03_-_mb_part_1,64,pearson_r,0.1129549868902096,945,ridge_alpha_10.0,full_subject_single_seed_validation
etard_tf64,ridge,reconstruction,gate0_gate2_full_subject_single_seed_v1,0,P03,test_-_P03_-_mb_part_2,64,pearson_r,-0.014253214159140371,994,ridge_alpha_10.0,full_subject_single_seed_validation
etard_tf64,ridge,reconstruction,gate0_gate2_full_subject_single_seed_v1,0,P03,test_-_P03_-_mb_part_3,64,pearson_r,0.0213484796375448,995,ridge_alpha_10.0,full_subject_single_seed_validation
etard_tf64,ridge,reconstruction,gate0_gate2_full_subject_single_seed_v1,0,P03,test_-_P03_-_mb_part_4,64,pearson_r,0.056628914243048833,1034,ridge_alpha_10.0,full_subject_single_seed_validation
etard_tf64,cca,reconstruction,gate0_gate2_full_subject_single_seed_v1,0,P03,test_-_P03_-_clean_part_1,64,pearson_r,-0.029935065425733334,940,cca_nc_2,full_subject_single_seed_validation
etard_tf64,cca,reconstruction,gate0_gate2_full_subject_single_seed_v1,0,P03,test_-_P03_-_clean_part_2,64,pearson_r,0.12012087099732745,976,cca_nc_2,full_subject_single_seed_validation
etard_tf64,cca,reconstruction,gate0_gate2_full_subject_single_seed_v1,0,P03,test_-_P03_-_clean_part_3,64,pearson_r,0.09973359147473837,857,cca_nc_2,full_subject_single_seed_validation
etard_tf64,cca,reconstruction,gate0_gate2_full_subject_single_seed_v1,0,P03,test_-_P03_-_clean_part_4,64,pearson_r,0.130887532714689,938,cca_nc_2,full_subject_single_seed_validation
etard_tf64,cca,reconstruction,gate0_gate2_full_subject_single_seed_v1,0,P03,test_-_P03_-_fM_part_1,64,pearson_r,0.174665904030011,852,cca_nc_2,full_subject_single_seed_validation
etard_tf64,cca,reconstruction,gate0_gate2_full_subject_single_seed_v1,0,P03,test_-_P03_-_fM_part_2,64,pearson_r,-0.019983447641803025,813,cca_nc_2,full_subject_single_seed_validation
etard_tf64,cca,reconstruction,gate0_gate2_full_subject_single_seed_v1,0,P03,test_-_P03_-_fM_part_3,64,pearson_r,0.11297549039237142,869,cca_nc_2,full_subject_single_seed_validation
etard_tf64,cca,reconstruction,gate0_gate2_full_subject_single_seed_v1,0,P03,test_-_P03_-_fM_part_4,64,pearson_r,0.2055068977528051,953,cca_nc_2,full_subject_single_seed_validation
etard_tf64,cca,reconstruction,gate0_gate2_full_subject_single_seed_v1,0,P03,test_-_P03_-_fW_part_1,64,pearson_r,0.18650163109548992,843,cca_nc_2,full_subject_single_seed_validation
etard_tf64,cca,reconstruction,gate0_gate2_full_subject_single_seed_v1,0,P03,test_-_P03_-_fW_part_2,64,pearson_r,0.17670347413905407,870,cca_nc_2,full_subject_single_seed_validation
etard_tf64,cca,reconstruction,gate0_gate2_full_subject_single_seed_v1,0,P03,test_-_P03_-_fW_part_3,64,pearson_r,0.07997346737151872,974,cca_nc_2,full_subject_single_seed_validation
etard_tf64,cca,reconstruction,gate0_gate2_full_subject_single_seed_v1,0,P03,test_-_P03_-_fW_part_4,64,pearson_r,0.1343763271436087,1047,cca_nc_2,full_subject_single_seed_validation
etard_tf64,cca,reconstruction,gate0_gate2_full_subject_single_seed_v1,0,P03,test_-_P03_-_hb_part_1,64,pearson_r,-0.02423779105603827,1137,cca_nc_2,full_subject_single_seed_validation
etard_tf64,cca,reconstruction,gate0_gate2_full_subject_single_seed_v1,0,P03,test_-_P03_-_hb_part_2,64,pearson_r,0.02707718062491412,1074,cca_nc_2,full_subject_single_seed_validation
etard_tf64,cca,reconstruction,gate0_gate2_full_subject_single_seed_v1,0,P03,test_-_P03_-_hb_part_3,64,pearson_r,0.02484878646320024,1157,cca_nc_2,full_subject_single_seed_validation
etard_tf64,cca,reconstruction,gate0_gate2_full_subject_single_seed_v1,0,P03,test_-_P03_-_hb_part_4,64,pearson_r,0.042110345812308485,1080,cca_nc_2,full_subject_single_seed_validation
etard_tf64,cca,reconstruction,gate0_gate2_full_subject_single_seed_v1,0,P03,test_-_P03_-_lb_part_1,64,pearson_r,-0.0325980695351376,1396,cca_nc_2,full_subject_single_seed_validation
etard_tf64,cca,reconstruction,gate0_gate2_full_subject_single_seed_v1,0,P03,test_-_P03_-_lb_part_2,64,pearson_r,-0.03379408238585789,1433,cca_nc_2,full_subject_single_seed_validation
etard_tf64,cca,reconstruction,gate0_gate2_full_subject_single_seed_v1,0,P03,test_-_P03_-_lb_part_3,64,pearson_r,0.09784756248841682,1365,cca_nc_2,full_subject_single_seed_validation
etard_tf64,cca,reconstruction,gate0_gate2_full_subject_single_seed_v1,0,P03,test_-_P03_-_lb_part_4,64,pearson_r,-0.0051834155217459835,1501,cca_nc_2,full_subject_single_seed_validation
etard_tf64,cca,reconstruction,gate0_gate2_full_subject_single_seed_v1,0,P03,test_-_P03_-_mb_part_1,64,pearson_r,-0.11800302142984964,945,cca_nc_2,full_subject_single_seed_validation
etard_tf64,cca,reconstruction,gate0_gate2_full_subject_single_seed_v1,0,P03,test_-_P03_-_mb_part_2,64,pearson_r,0.10696636281101891,994,cca_nc_2,full_subject_single_seed_validation
etard_tf64,cca,reconstruction,gate0_gate2_full_subject_single_seed_v1,0,P03,test_-_P03_-_mb_part_3,64,pearson_r,0.02245039832188456,995,cca_nc_2,full_subject_single_seed_validation
etard_tf64,cca,reconstruction,gate0_gate2_full_subject_single_seed_v1,0,P03,test_-_P03_-_mb_part_4,64,pearson_r,0.27331913236769434,1034,cca_nc_2,full_subject_single_seed_validation
etard_tf64,fcnn,reconstruction,gate0_gate2_full_subject_single_seed_v1,0,P03,test_-_P03_-_clean_part_1,64,pearson_r,-0.06689474744741676,940,fcnn_epoch_4,full_subject_single_seed_validation
etard_tf64,fcnn,reconstruction,gate0_gate2_full_subject_single_seed_v1,0,P03,test_-_P03_-_clean_part_2,64,pearson_r,0.2132939437767473,976,fcnn_epoch_4,full_subject_single_seed_validation
etard_tf64,fcnn,reconstruction,gate0_gate2_full_subject_single_seed_v1,0,P03,test_-_P03_-_clean_part_3,64,pearson_r,0.12759307104421902,857,fcnn_epoch_4,full_subject_single_seed_validation
etard_tf64,fcnn,reconstruction,gate0_gate2_full_subject_single_seed_v1,0,P03,test_-_P03_-_clean_part_4,64,pearson_r,0.09691715194281893,938,fcnn_epoch_4,full_subject_single_seed_validation
etard_tf64,fcnn,reconstruction,gate0_gate2_full_subject_single_seed_v1,0,P03,test_-_P03_-_fM_part_1,64,pearson_r,8.358664178826244e-05,852,fcnn_epoch_4,full_subject_single_seed_validation
etard_tf64,fcnn,reconstruction,gate0_gate2_full_subject_single_seed_v1,0,P03,test_-_P03_-_fM_part_2,64,pearson_r,-0.02543559773450769,813,fcnn_epoch_4,full_subject_single_seed_validation
etard_tf64,fcnn,reconstruction,gate0_gate2_full_subject_single_seed_v1,0,P03,test_-_P03_-_fM_part_3,64,pearson_r,0.06594574146057096,869,fcnn_epoch_4,full_subject_single_seed_validation
etard_tf64,fcnn,reconstruction,gate0_gate2_full_subject_single_seed_v1,0,P03,test_-_P03_-_fM_part_4,64,pearson_r,0.10791278838770241,953,fcnn_epoch_4,full_subject_single_seed_validation
etard_tf64,fcnn,reconstruction,gate0_gate2_full_subject_single_seed_v1,0,P03,test_-_P03_-_fW_part_1,64,pearson_r,0.12566946803599366,843,fcnn_epoch_4,full_subject_single_seed_validation
etard_tf64,fcnn,reconstruction,gate0_gate2_full_subject_single_seed_v1,0,P03,test_-_P03_-_fW_part_2,64,pearson_r,0.14798130421914227,870,fcnn_epoch_4,full_subject_single_seed_validation
etard_tf64,fcnn,reconstruction,gate0_gate2_full_subject_single_seed_v1,0,P03,test_-_P03_-_fW_part_3,64,pearson_r,0.15894955768907246,974,fcnn_epoch_4,full_subject_single_seed_validation
etard_tf64,fcnn,reconstruction,gate0_gate2_full_subject_single_seed_v1,0,P03,test_-_P03_-_fW_part_4,64,pearson_r,0.1907988026078757,1047,fcnn_epoch_4,full_subject_single_seed_validation
etard_tf64,fcnn,reconstruction,gate0_gate2_full_subject_single_seed_v1,0,P03,test_-_P03_-_hb_part_1,64,pearson_r,-0.06761658512152349,1137,fcnn_epoch_4,full_subject_single_seed_validation
etard_tf64,fcnn,reconstruction,gate0_gate2_full_subject_single_seed_v1,0,P03,test_-_P03_-_hb_part_2,64,pearson_r,0.06581107213026009,1074,fcnn_epoch_4,full_subject_single_seed_validation
etard_tf64,fcnn,reconstruction,gate0_gate2_full_subject_single_seed_v1,0,P03,test_-_P03_-_hb_part_3,64,pearson_r,0.047349169007716664,1157,fcnn_epoch_4,full_subject_single_seed_validation
etard_tf64,fcnn,reconstruction,gate0_gate2_full_subject_single_seed_v1,0,P03,test_-_P03_-_hb_part_4,64,pearson_r,0.08749835017215929,1080,fcnn_epoch_4,full_subject_single_seed_validation
etard_tf64,fcnn,reconstruction,gate0_gate2_full_subject_single_seed_v1,0,P03,test_-_P03_-_lb_part_1,64,pearson_r,-0.061630244938027295,1396,fcnn_epoch_4,full_subject_single_seed_validation
etard_tf64,fcnn,reconstruction,gate0_gate2_full_subject_single_seed_v1,0,P03,test_-_P03_-_lb_part_2,64,pearson_r,-0.024054776755654126,1433,fcnn_epoch_4,full_subject_single_seed_validation
etard_tf64,fcnn,reconstruction,gate0_gate2_full_subject_single_seed_v1,0,P03,test_-_P03_-_lb_part_3,64,pearson_r,0.16286643960170774,1365,fcnn_epoch_4,full_subject_single_seed_validation
etard_tf64,fcnn,reconstruction,gate0_gate2_full_subject_single_seed_v1,0,P03,test_-_P03_-_lb_part_4,64,pearson_r,-0.03637129334778479,1501,fcnn_epoch_4,full_subject_single_seed_validation
etard_tf64,fcnn,reconstruction,gate0_gate2_full_subject_single_seed_v1,0,P03,test_-_P03_-_mb_part_1,64,pearson_r,0.08771306455366325,945,fcnn_epoch_4,full_subject_single_seed_validation
etard_tf64,fcnn,reconstruction,gate0_gate2_full_subject_single_seed_v1,0,P03,test_-_P03_-_mb_part_2,64,pearson_r,0.07730479820844223,994,fcnn_epoch_4,full_subject_single_seed_validation
etard_tf64,fcnn,reconstruction,gate0_gate2_full_subject_single_seed_v1,0,P03,test_-_P03_-_mb_part_3,64,pearson_r,-0.055531475952312934,995,fcnn_epoch_4,full_subject_single_seed_validation
etard_tf64,fcnn,reconstruction,gate0_gate2_full_subject_single_seed_v1,0,P03,test_-_P03_-_mb_part_4,64,pearson_r,0.15605579499442154,1034,fcnn_epoch_4,full_subject_single_seed_validation
etard_tf64,adt,reconstruction,gate0_gate2_full_subject_single_seed_v1,0,P03,test_-_P03_-_clean_part_1,64,pearson_r,0.09594218532362267,960,adt_epoch_4,full_subject_single_seed_validation
etard_tf64,adt,reconstruction,gate0_gate2_full_subject_single_seed_v1,0,P03,test_-_P03_-_clean_part_2,64,pearson_r,-0.08346737958319213,1024,adt_epoch_4,full_subject_single_seed_validation
etard_tf64,adt,reconstruction,gate0_gate2_full_subject_single_seed_v1,0,P03,test_-_P03_-_clean_part_3,64,pearson_r,0.08000284722171948,896,adt_epoch_4,full_subject_single_seed_validation
etard_tf64,adt,reconstruction,gate0_gate2_full_subject_single_seed_v1,0,P03,test_-_P03_-_clean_part_4,64,pearson_r,0.09988121577593062,960,adt_epoch_4,full_subject_single_seed_validation
etard_tf64,adt,reconstruction,gate0_gate2_full_subject_single_seed_v1,0,P03,test_-_P03_-_fM_part_1,64,pearson_r,0.1791956494235146,896,adt_epoch_4,full_subject_single_seed_validation
etard_tf64,adt,reconstruction,gate0_gate2_full_subject_single_seed_v1,0,P03,test_-_P03_-_fM_part_2,64,pearson_r,0.04324336581869953,832,adt_epoch_4,full_subject_single_seed_validation
etard_tf64,adt,reconstruction,gate0_gate2_full_subject_single_seed_v1,0,P03,test_-_P03_-_fM_part_3,64,pearson_r,0.18009009375866827,896,adt_epoch_4,full_subject_single_seed_validation
etard_tf64,adt,reconstruction,gate0_gate2_full_subject_single_seed_v1,0,P03,test_-_P03_-_fM_part_4,64,pearson_r,0.03913499058856584,960,adt_epoch_4,full_subject_single_seed_validation
etard_tf64,adt,reconstruction,gate0_gate2_full_subject_single_seed_v1,0,P03,test_-_P03_-_fW_part_1,64,pearson_r,0.13021678328047517,832,adt_epoch_4,full_subject_single_seed_validation
etard_tf64,adt,reconstruction,gate0_gate2_full_subject_single_seed_v1,0,P03,test_-_P03_-_fW_part_2,64,pearson_r,0.04551602436175479,896,adt_epoch_4,full_subject_single_seed_validation
etard_tf64,adt,reconstruction,gate0_gate2_full_subject_single_seed_v1,0,P03,test_-_P03_-_fW_part_3,64,pearson_r,0.02090319178662857,960,adt_epoch_4,full_subject_single_seed_validation
etard_tf64,adt,reconstruction,gate0_gate2_full_subject_single_seed_v1,0,P03,test_-_P03_-_fW_part_4,64,pearson_r,0.06925032513076373,1088,adt_epoch_4,full_subject_single_seed_validation
etard_tf64,adt,reconstruction,gate0_gate2_full_subject_single_seed_v1,0,P03,test_-_P03_-_hb_part_1,64,pearson_r,-0.06044696937400668,1152,adt_epoch_4,full_subject_single_seed_validation
etard_tf64,adt,reconstruction,gate0_gate2_full_subject_single_seed_v1,0,P03,test_-_P03_-_hb_part_2,64,pearson_r,0.22503038863039432,1088,adt_epoch_4,full_subject_single_seed_validation
etard_tf64,adt,reconstruction,gate0_gate2_full_subject_single_seed_v1,0,P03,test_-_P03_-_hb_part_3,64,pearson_r,0.04696105008141438,1152,adt_epoch_4,full_subject_single_seed_validation
etard_tf64,adt,reconstruction,gate0_gate2_full_subject_single_seed_v1,0,P03,test_-_P03_-_hb_part_4,64,pearson_r,0.1066410971506979,1088,adt_epoch_4,full_subject_single_seed_validation
etard_tf64,adt,reconstruction,gate0_gate2_full_subject_single_seed_v1,0,P03,test_-_P03_-_lb_part_1,64,pearson_r,0.1572310575516551,1408,adt_epoch_4,full_subject_single_seed_validation
etard_tf64,adt,reconstruction,gate0_gate2_full_subject_single_seed_v1,0,P03,test_-_P03_-_lb_part_2,64,pearson_r,0.047353949184882844,1472,adt_epoch_4,full_subject_single_seed_validation
etard_tf64,adt,reconstruction,gate0_gate2_full_subject_single_seed_v1,0,P03,test_-_P03_-_lb_part_3,64,pearson_r,0.06293087720109096,1408,adt_epoch_4,full_subject_single_seed_validation
etard_tf64,adt,reconstruction,gate0_gate2_full_subject_single_seed_v1,0,P03,test_-_P03_-_lb_part_4,64,pearson_r,0.03573782280183866,1536,adt_epoch_4,full_subject_single_seed_validation
etard_tf64,adt,reconstruction,gate0_gate2_full_subject_single_seed_v1,0,P03,test_-_P03_-_mb_part_1,64,pearson_r,0.10763235761713376,960,adt_epoch_4,full_subject_single_seed_validation
etard_tf64,adt,reconstruction,gate0_gate2_full_subject_single_seed_v1,0,P03,test_-_P03_-_mb_part_2,64,pearson_r,0.11157448109469316,1024,adt_epoch_4,full_subject_single_seed_validation
etard_tf64,adt,reconstruction,gate0_gate2_full_subject_single_seed_v1,0,P03,test_-_P03_-_mb_part_3,64,pearson_r,0.08676410829117726,1024,adt_epoch_4,full_subject_single_seed_validation
etard_tf64,adt,reconstruction,gate0_gate2_full_subject_single_seed_v1,0,P03,test_-_P03_-_mb_part_4,64,pearson_r,0.12786417023547336,1024,adt_epoch_4,full_subject_single_seed_validation
etard_tf64,ridge,reconstruction,gate0_gate2_full_subject_single_seed_v1,0,P04,test_-_P04_-_clean_part_1,64,pearson_r,0.16703841060001534,940,ridge_alpha_10.0,full_subject_single_seed_validation
etard_tf64,ridge,reconstruction,gate0_gate2_full_subject_single_seed_v1,0,P04,test_-_P04_-_clean_part_2,64,pearson_r,0.3537118723356026,976,ridge_alpha_10.0,full_subject_single_seed_validation
etard_tf64,ridge,reconstruction,gate0_gate2_full_subject_single_seed_v1,0,P04,test_-_P04_-_clean_part_3,64,pearson_r,0.05567555316538632,857,ridge_alpha_10.0,full_subject_single_seed_validation
etard_tf64,ridge,reconstruction,gate0_gate2_full_subject_single_seed_v1,0,P04,test_-_P04_-_clean_part_4,64,pearson_r,0.3007767409139454,938,ridge_alpha_10.0,full_subject_single_seed_validation
etard_tf64,ridge,reconstruction,gate0_gate2_full_subject_single_seed_v1,0,P04,test_-_P04_-_fM_part_1,64,pearson_r,0.217094389399837,852,ridge_alpha_10.0,full_subject_single_seed_validation
etard_tf64,ridge,reconstruction,gate0_gate2_full_subject_single_seed_v1,0,P04,test_-_P04_-_fM_part_2,64,pearson_r,0.17521815268372926,813,ridge_alpha_10.0,full_subject_single_seed_validation
etard_tf64,ridge,reconstruction,gate0_gate2_full_subject_single_seed_v1,0,P04,test_-_P04_-_fM_part_3,64,pearson_r,0.13995833721569412,869,ridge_alpha_10.0,full_subject_single_seed_validation
etard_tf64,ridge,reconstruction,gate0_gate2_full_subject_single_seed_v1,0,P04,test_-_P04_-_fM_part_4,64,pearson_r,0.4003228929565543,953,ridge_alpha_10.0,full_subject_single_seed_validation
etard_tf64,ridge,reconstruction,gate0_gate2_full_subject_single_seed_v1,0,P04,test_-_P04_-_fW_part_1,64,pearson_r,0.23371553879687038,843,ridge_alpha_10.0,full_subject_single_seed_validation
etard_tf64,ridge,reconstruction,gate0_gate2_full_subject_single_seed_v1,0,P04,test_-_P04_-_fW_part_2,64,pearson_r,0.1725271373759363,870,ridge_alpha_10.0,full_subject_single_seed_validation
etard_tf64,ridge,reconstruction,gate0_gate2_full_subject_single_seed_v1,0,P04,test_-_P04_-_fW_part_3,64,pearson_r,0.1877580910604804,974,ridge_alpha_10.0,full_subject_single_seed_validation
etard_tf64,ridge,reconstruction,gate0_gate2_full_subject_single_seed_v1,0,P04,test_-_P04_-_fW_part_4,64,pearson_r,0.2849970907020325,1047,ridge_alpha_10.0,full_subject_single_seed_validation
etard_tf64,ridge,reconstruction,gate0_gate2_full_subject_single_seed_v1,0,P04,test_-_P04_-_hb_part_1,64,pearson_r,0.22648948032672728,1137,ridge_alpha_10.0,full_subject_single_seed_validation
etard_tf64,ridge,reconstruction,gate0_gate2_full_subject_single_seed_v1,0,P04,test_-_P04_-_hb_part_2,64,pearson_r,0.1021748392652316,1074,ridge_alpha_10.0,full_subject_single_seed_validation
etard_tf64,ridge,reconstruction,gate0_gate2_full_subject_single_seed_v1,0,P04,test_-_P04_-_hb_part_3,64,pearson_r,0.10323605076058764,1157,ridge_alpha_10.0,full_subject_single_seed_validation
etard_tf64,ridge,reconstruction,gate0_gate2_full_subject_single_seed_v1,0,P04,test_-_P04_-_hb_part_4,64,pearson_r,0.0907295666758626,1080,ridge_alpha_10.0,full_subject_single_seed_validation
etard_tf64,ridge,reconstruction,gate0_gate2_full_subject_single_seed_v1,0,P04,test_-_P04_-_lb_part_1,64,pearson_r,0.06206143125210125,1396,ridge_alpha_10.0,full_subject_single_seed_validation
etard_tf64,ridge,reconstruction,gate0_gate2_full_subject_single_seed_v1,0,P04,test_-_P04_-_lb_part_2,64,pearson_r,0.16495403801590994,1433,ridge_alpha_10.0,full_subject_single_seed_validation
etard_tf64,ridge,reconstruction,gate0_gate2_full_subject_single_seed_v1,0,P04,test_-_P04_-_lb_part_3,64,pearson_r,0.0878049719159745,1365,ridge_alpha_10.0,full_subject_single_seed_validation
etard_tf64,ridge,reconstruction,gate0_gate2_full_subject_single_seed_v1,0,P04,test_-_P04_-_lb_part_4,64,pearson_r,0.24537735213291076,1501,ridge_alpha_10.0,full_subject_single_seed_validation
etard_tf64,ridge,reconstruction,gate0_gate2_full_subject_single_seed_v1,0,P04,test_-_P04_-_mb_part_1,64,pearson_r,0.15671224632552544,945,ridge_alpha_10.0,full_subject_single_seed_validation
etard_tf64,ridge,reconstruction,gate0_gate2_full_subject_single_seed_v1,0,P04,test_-_P04_-_mb_part_2,64,pearson_r,0.21395091781411282,994,ridge_alpha_10.0,full_subject_single_seed_validation
etard_tf64,ridge,reconstruction,gate0_gate2_full_subject_single_seed_v1,0,P04,test_-_P04_-_mb_part_3,64,pearson_r,0.04625071500308346,995,ridge_alpha_10.0,full_subject_single_seed_validation
etard_tf64,ridge,reconstruction,gate0_gate2_full_subject_single_seed_v1,0,P04,test_-_P04_-_mb_part_4,64,pearson_r,0.029325708438889455,1034,ridge_alpha_10.0,full_subject_single_seed_validation
etard_tf64,cca,reconstruction,gate0_gate2_full_subject_single_seed_v1,0,P04,test_-_P04_-_clean_part_1,64,pearson_r,0.1717573378881527,940,cca_nc_1,full_subject_single_seed_validation
etard_tf64,cca,reconstruction,gate0_gate2_full_subject_single_seed_v1,0,P04,test_-_P04_-_clean_part_2,64,pearson_r,0.32424570650736606,976,cca_nc_1,full_subject_single_seed_validation
etard_tf64,cca,reconstruction,gate0_gate2_full_subject_single_seed_v1,0,P04,test_-_P04_-_clean_part_3,64,pearson_r,-0.0007318608501159342,857,cca_nc_1,full_subject_single_seed_validation
etard_tf64,cca,reconstruction,gate0_gate2_full_subject_single_seed_v1,0,P04,test_-_P04_-_clean_part_4,64,pearson_r,0.15023308210054248,938,cca_nc_1,full_subject_single_seed_validation
etard_tf64,cca,reconstruction,gate0_gate2_full_subject_single_seed_v1,0,P04,test_-_P04_-_fM_part_1,64,pearson_r,0.15281926494763906,852,cca_nc_1,full_subject_single_seed_validation
etard_tf64,cca,reconstruction,gate0_gate2_full_subject_single_seed_v1,0,P04,test_-_P04_-_fM_part_2,64,pearson_r,0.11986964591805638,813,cca_nc_1,full_subject_single_seed_validation
etard_tf64,cca,reconstruction,gate0_gate2_full_subject_single_seed_v1,0,P04,test_-_P04_-_fM_part_3,64,pearson_r,0.02597124441058008,869,cca_nc_1,full_subject_single_seed_validation
etard_tf64,cca,reconstruction,gate0_gate2_full_subject_single_seed_v1,0,P04,test_-_P04_-_fM_part_4,64,pearson_r,0.2795336828120172,953,cca_nc_1,full_subject_single_seed_validation
etard_tf64,cca,reconstruction,gate0_gate2_full_subject_single_seed_v1,0,P04,test_-_P04_-_fW_part_1,64,pearson_r,0.07024373759102363,843,cca_nc_1,full_subject_single_seed_validation
etard_tf64,cca,reconstruction,gate0_gate2_full_subject_single_seed_v1,0,P04,test_-_P04_-_fW_part_2,64,pearson_r,0.1324335734878987,870,cca_nc_1,full_subject_single_seed_validation
etard_tf64,cca,reconstruction,gate0_gate2_full_subject_single_seed_v1,0,P04,test_-_P04_-_fW_part_3,64,pearson_r,0.058968417870196715,974,cca_nc_1,full_subject_single_seed_validation
etard_tf64,cca,reconstruction,gate0_gate2_full_subject_single_seed_v1,0,P04,test_-_P04_-_fW_part_4,64,pearson_r,0.2821943288460401,1047,cca_nc_1,full_subject_single_seed_validation
etard_tf64,cca,reconstruction,gate0_gate2_full_subject_single_seed_v1,0,P04,test_-_P04_-_hb_part_1,64,pearson_r,-0.006082800411383557,1137,cca_nc_1,full_subject_single_seed_validation
etard_tf64,cca,reconstruction,gate0_gate2_full_subject_single_seed_v1,0,P04,test_-_P04_-_hb_part_2,64,pearson_r,0.052410372431178534,1074,cca_nc_1,full_subject_single_seed_validation
etard_tf64,cca,reconstruction,gate0_gate2_full_subject_single_seed_v1,0,P04,test_-_P04_-_hb_part_3,64,pearson_r,0.04430502278333883,1157,cca_nc_1,full_subject_single_seed_validation
etard_tf64,cca,reconstruction,gate0_gate2_full_subject_single_seed_v1,0,P04,test_-_P04_-_hb_part_4,64,pearson_r,0.1753191892010702,1080,cca_nc_1,full_subject_single_seed_validation
etard_tf64,cca,reconstruction,gate0_gate2_full_subject_single_seed_v1,0,P04,test_-_P04_-_lb_part_1,64,pearson_r,0.08676307704064118,1396,cca_nc_1,full_subject_single_seed_validation
etard_tf64,cca,reconstruction,gate0_gate2_full_subject_single_seed_v1,0,P04,test_-_P04_-_lb_part_2,64,pearson_r,0.13097697827957877,1433,cca_nc_1,full_subject_single_seed_validation
etard_tf64,cca,reconstruction,gate0_gate2_full_subject_single_seed_v1,0,P04,test_-_P04_-_lb_part_3,64,pearson_r,0.1042375940252205,1365,cca_nc_1,full_subject_single_seed_validation
etard_tf64,cca,reconstruction,gate0_gate2_full_subject_single_seed_v1,0,P04,test_-_P04_-_lb_part_4,64,pearson_r,0.16476099183530765,1501,cca_nc_1,full_subject_single_seed_validation
etard_tf64,cca,reconstruction,gate0_gate2_full_subject_single_seed_v1,0,P04,test_-_P04_-_mb_part_1,64,pearson_r,0.020552905789753884,945,cca_nc_1,full_subject_single_seed_validation
etard_tf64,cca,reconstruction,gate0_gate2_full_subject_single_seed_v1,0,P04,test_-_P04_-_mb_part_2,64,pearson_r,0.11110530736572727,994,cca_nc_1,full_subject_single_seed_validation
etard_tf64,cca,reconstruction,gate0_gate2_full_subject_single_seed_v1,0,P04,test_-_P04_-_mb_part_3,64,pearson_r,-0.07984960522329475,995,cca_nc_1,full_subject_single_seed_validation
etard_tf64,cca,reconstruction,gate0_gate2_full_subject_single_seed_v1,0,P04,test_-_P04_-_mb_part_4,64,pearson_r,-0.08365308168687435,1034,cca_nc_1,full_subject_single_seed_validation
etard_tf64,fcnn,reconstruction,gate0_gate2_full_subject_single_seed_v1,0,P04,test_-_P04_-_clean_part_1,64,pearson_r,0.15750726944004712,940,fcnn_epoch_2,full_subject_single_seed_validation
etard_tf64,fcnn,reconstruction,gate0_gate2_full_subject_single_seed_v1,0,P04,test_-_P04_-_clean_part_2,64,pearson_r,0.32867054016023,976,fcnn_epoch_2,full_subject_single_seed_validation
etard_tf64,fcnn,reconstruction,gate0_gate2_full_subject_single_seed_v1,0,P04,test_-_P04_-_clean_part_3,64,pearson_r,0.28366010318328216,857,fcnn_epoch_2,full_subject_single_seed_validation
etard_tf64,fcnn,reconstruction,gate0_gate2_full_subject_single_seed_v1,0,P04,test_-_P04_-_clean_part_4,64,pearson_r,0.13175089318828462,938,fcnn_epoch_2,full_subject_single_seed_validation
etard_tf64,fcnn,reconstruction,gate0_gate2_full_subject_single_seed_v1,0,P04,test_-_P04_-_fM_part_1,64,pearson_r,0.13082106921100142,852,fcnn_epoch_2,full_subject_single_seed_validation
etard_tf64,fcnn,reconstruction,gate0_gate2_full_subject_single_seed_v1,0,P04,test_-_P04_-_fM_part_2,64,pearson_r,0.12214857078363428,813,fcnn_epoch_2,full_subject_single_seed_validation
etard_tf64,fcnn,reconstruction,gate0_gate2_full_subject_single_seed_v1,0,P04,test_-_P04_-_fM_part_3,64,pearson_r,0.06005104760642949,869,fcnn_epoch_2,full_subject_single_seed_validation
etard_tf64,fcnn,reconstruction,gate0_gate2_full_subject_single_seed_v1,0,P04,test_-_P04_-_fM_part_4,64,pearson_r,0.24523265630911653,953,fcnn_epoch_2,full_subject_single_seed_validation
etard_tf64,fcnn,reconstruction,gate0_gate2_full_subject_single_seed_v1,0,P04,test_-_P04_-_fW_part_1,64,pearson_r,0.012742669089855161,843,fcnn_epoch_2,full_subject_single_seed_validation
etard_tf64,fcnn,reconstruction,gate0_gate2_full_subject_single_seed_v1,0,P04,test_-_P04_-_fW_part_2,64,pearson_r,0.015402148726614637,870,fcnn_epoch_2,full_subject_single_seed_validation
etard_tf64,fcnn,reconstruction,gate0_gate2_full_subject_single_seed_v1,0,P04,test_-_P04_-_fW_part_3,64,pearson_r,0.17345696983881367,974,fcnn_epoch_2,full_subject_single_seed_validation
etard_tf64,fcnn,reconstruction,gate0_gate2_full_subject_single_seed_v1,0,P04,test_-_P04_-_fW_part_4,64,pearson_r,0.2176640724851935,1047,fcnn_epoch_2,full_subject_single_seed_validation
etard_tf64,fcnn,reconstruction,gate0_gate2_full_subject_single_seed_v1,0,P04,test_-_P04_-_hb_part_1,64,pearson_r,0.006817772602248886,1137,fcnn_epoch_2,full_subject_single_seed_validation
etard_tf64,fcnn,reconstruction,gate0_gate2_full_subject_single_seed_v1,0,P04,test_-_P04_-_hb_part_2,64,pearson_r,0.09910891271759488,1074,fcnn_epoch_2,full_subject_single_seed_validation
etard_tf64,fcnn,reconstruction,gate0_gate2_full_subject_single_seed_v1,0,P04,test_-_P04_-_hb_part_3,64,pearson_r,-0.03431280349299035,1157,fcnn_epoch_2,full_subject_single_seed_validation
etard_tf64,fcnn,reconstruction,gate0_gate2_full_subject_single_seed_v1,0,P04,test_-_P04_-_hb_part_4,64,pearson_r,0.17204241583830596,1080,fcnn_epoch_2,full_subject_single_seed_validation
etard_tf64,fcnn,reconstruction,gate0_gate2_full_subject_single_seed_v1,0,P04,test_-_P04_-_lb_part_1,64,pearson_r,0.09363716209958227,1396,fcnn_epoch_2,full_subject_single_seed_validation
etard_tf64,fcnn,reconstruction,gate0_gate2_full_subject_single_seed_v1,0,P04,test_-_P04_-_lb_part_2,64,pearson_r,-0.029567220573064372,1433,fcnn_epoch_2,full_subject_single_seed_validation
etard_tf64,fcnn,reconstruction,gate0_gate2_full_subject_single_seed_v1,0,P04,test_-_P04_-_lb_part_3,64,pearson_r,0.05190605386628976,1365,fcnn_epoch_2,full_subject_single_seed_validation
etard_tf64,fcnn,reconstruction,gate0_gate2_full_subject_single_seed_v1,0,P04,test_-_P04_-_lb_part_4,64,pearson_r,0.1963396367845578,1501,fcnn_epoch_2,full_subject_single_seed_validation
etard_tf64,fcnn,reconstruction,gate0_gate2_full_subject_single_seed_v1,0,P04,test_-_P04_-_mb_part_1,64,pearson_r,-0.0551002024326524,945,fcnn_epoch_2,full_subject_single_seed_validation
etard_tf64,fcnn,reconstruction,gate0_gate2_full_subject_single_seed_v1,0,P04,test_-_P04_-_mb_part_2,64,pearson_r,0.12523421042748553,994,fcnn_epoch_2,full_subject_single_seed_validation
etard_tf64,fcnn,reconstruction,gate0_gate2_full_subject_single_seed_v1,0,P04,test_-_P04_-_mb_part_3,64,pearson_r,-0.030001644357721315,995,fcnn_epoch_2,full_subject_single_seed_validation
etard_tf64,fcnn,reconstruction,gate0_gate2_full_subject_single_seed_v1,0,P04,test_-_P04_-_mb_part_4,64,pearson_r,0.09907933618053263,1034,fcnn_epoch_2,full_subject_single_seed_validation
etard_tf64,adt,reconstruction,gate0_gate2_full_subject_single_seed_v1,0,P04,test_-_P04_-_clean_part_1,64,pearson_r,0.28244155631234963,960,adt_epoch_5,full_subject_single_seed_validation
etard_tf64,adt,reconstruction,gate0_gate2_full_subject_single_seed_v1,0,P04,test_-_P04_-_clean_part_2,64,pearson_r,0.30465458057764094,1024,adt_epoch_5,full_subject_single_seed_validation
etard_tf64,adt,reconstruction,gate0_gate2_full_subject_single_seed_v1,0,P04,test_-_P04_-_clean_part_3,64,pearson_r,0.05601089386079802,896,adt_epoch_5,full_subject_single_seed_validation
etard_tf64,adt,reconstruction,gate0_gate2_full_subject_single_seed_v1,0,P04,test_-_P04_-_clean_part_4,64,pearson_r,0.34103645133872046,960,adt_epoch_5,full_subject_single_seed_validation
etard_tf64,adt,reconstruction,gate0_gate2_full_subject_single_seed_v1,0,P04,test_-_P04_-_fM_part_1,64,pearson_r,0.21070788222425016,896,adt_epoch_5,full_subject_single_seed_validation
etard_tf64,adt,reconstruction,gate0_gate2_full_subject_single_seed_v1,0,P04,test_-_P04_-_fM_part_2,64,pearson_r,0.041613010301237326,832,adt_epoch_5,full_subject_single_seed_validation
etard_tf64,adt,reconstruction,gate0_gate2_full_subject_single_seed_v1,0,P04,test_-_P04_-_fM_part_3,64,pearson_r,0.32958495569611834,896,adt_epoch_5,full_subject_single_seed_validation
etard_tf64,adt,reconstruction,gate0_gate2_full_subject_single_seed_v1,0,P04,test_-_P04_-_fM_part_4,64,pearson_r,0.3379694651371995,960,adt_epoch_5,full_subject_single_seed_validation
etard_tf64,adt,reconstruction,gate0_gate2_full_subject_single_seed_v1,0,P04,test_-_P04_-_fW_part_1,64,pearson_r,0.16619116620877147,832,adt_epoch_5,full_subject_single_seed_validation
etard_tf64,adt,reconstruction,gate0_gate2_full_subject_single_seed_v1,0,P04,test_-_P04_-_fW_part_2,64,pearson_r,0.22017076741321664,896,adt_epoch_5,full_subject_single_seed_validation
etard_tf64,adt,reconstruction,gate0_gate2_full_subject_single_seed_v1,0,P04,test_-_P04_-_fW_part_3,64,pearson_r,0.24428622786763493,960,adt_epoch_5,full_subject_single_seed_validation
etard_tf64,adt,reconstruction,gate0_gate2_full_subject_single_seed_v1,0,P04,test_-_P04_-_fW_part_4,64,pearson_r,0.24336332030185148,1088,adt_epoch_5,full_subject_single_seed_validation
etard_tf64,adt,reconstruction,gate0_gate2_full_subject_single_seed_v1,0,P04,test_-_P04_-_hb_part_1,64,pearson_r,0.0847512157157615,1152,adt_epoch_5,full_subject_single_seed_validation
etard_tf64,adt,reconstruction,gate0_gate2_full_subject_single_seed_v1,0,P04,test_-_P04_-_hb_part_2,64,pearson_r,0.23165819806622195,1088,adt_epoch_5,full_subject_single_seed_validation
etard_tf64,adt,reconstruction,gate0_gate2_full_subject_single_seed_v1,0,P04,test_-_P04_-_hb_part_3,64,pearson_r,0.08146834692636926,1152,adt_epoch_5,full_subject_single_seed_validation
etard_tf64,adt,reconstruction,gate0_gate2_full_subject_single_seed_v1,0,P04,test_-_P04_-_hb_part_4,64,pearson_r,0.29934276445014624,1088,adt_epoch_5,full_subject_single_seed_validation
etard_tf64,adt,reconstruction,gate0_gate2_full_subject_single_seed_v1,0,P04,test_-_P04_-_lb_part_1,64,pearson_r,0.09610610081459975,1408,adt_epoch_5,full_subject_single_seed_validation
etard_tf64,adt,reconstruction,gate0_gate2_full_subject_single_seed_v1,0,P04,test_-_P04_-_lb_part_2,64,pearson_r,0.09075933834939424,1472,adt_epoch_5,full_subject_single_seed_validation
etard_tf64,adt,reconstruction,gate0_gate2_full_subject_single_seed_v1,0,P04,test_-_P04_-_lb_part_3,64,pearson_r,0.14421715591804246,1408,adt_epoch_5,full_subject_single_seed_validation
etard_tf64,adt,reconstruction,gate0_gate2_full_subject_single_seed_v1,0,P04,test_-_P04_-_lb_part_4,64,pearson_r,0.11525332608702268,1536,adt_epoch_5,full_subject_single_seed_validation
etard_tf64,adt,reconstruction,gate0_gate2_full_subject_single_seed_v1,0,P04,test_-_P04_-_mb_part_1,64,pearson_r,0.1787645382319222,960,adt_epoch_5,full_subject_single_seed_validation
etard_tf64,adt,reconstruction,gate0_gate2_full_subject_single_seed_v1,0,P04,test_-_P04_-_mb_part_2,64,pearson_r,0.2349230663687457,1024,adt_epoch_5,full_subject_single_seed_validation
etard_tf64,adt,reconstruction,gate0_gate2_full_subject_single_seed_v1,0,P04,test_-_P04_-_mb_part_3,64,pearson_r,0.10900855041643841,1024,adt_epoch_5,full_subject_single_seed_validation
etard_tf64,adt,reconstruction,gate0_gate2_full_subject_single_seed_v1,0,P04,test_-_P04_-_mb_part_4,64,pearson_r,0.02558614724417904,1024,adt_epoch_5,full_subject_single_seed_validation
etard_tf64,ridge,reconstruction,gate0_gate2_full_subject_single_seed_v1,0,P05,test_-_P05_-_clean_part_1,64,pearson_r,0.0892814570566129,940,ridge_alpha_1.0,full_subject_single_seed_validation
etard_tf64,ridge,reconstruction,gate0_gate2_full_subject_single_seed_v1,0,P05,test_-_P05_-_clean_part_2,64,pearson_r,0.11569643884612063,976,ridge_alpha_1.0,full_subject_single_seed_validation
etard_tf64,ridge,reconstruction,gate0_gate2_full_subject_single_seed_v1,0,P05,test_-_P05_-_clean_part_3,64,pearson_r,0.33660640239896084,857,ridge_alpha_1.0,full_subject_single_seed_validation
etard_tf64,ridge,reconstruction,gate0_gate2_full_subject_single_seed_v1,0,P05,test_-_P05_-_clean_part_4,64,pearson_r,0.1871424664489587,938,ridge_alpha_1.0,full_subject_single_seed_validation
etard_tf64,ridge,reconstruction,gate0_gate2_full_subject_single_seed_v1,0,P05,test_-_P05_-_fM_part_1,64,pearson_r,0.29689870141936375,852,ridge_alpha_1.0,full_subject_single_seed_validation
etard_tf64,ridge,reconstruction,gate0_gate2_full_subject_single_seed_v1,0,P05,test_-_P05_-_fM_part_2,64,pearson_r,0.343211573374453,813,ridge_alpha_1.0,full_subject_single_seed_validation
etard_tf64,ridge,reconstruction,gate0_gate2_full_subject_single_seed_v1,0,P05,test_-_P05_-_fM_part_3,64,pearson_r,0.1251421847404306,869,ridge_alpha_1.0,full_subject_single_seed_validation
etard_tf64,ridge,reconstruction,gate0_gate2_full_subject_single_seed_v1,0,P05,test_-_P05_-_fM_part_4,64,pearson_r,0.3015304539364444,953,ridge_alpha_1.0,full_subject_single_seed_validation
etard_tf64,ridge,reconstruction,gate0_gate2_full_subject_single_seed_v1,0,P05,test_-_P05_-_fW_part_1,64,pearson_r,0.14784037867415203,843,ridge_alpha_1.0,full_subject_single_seed_validation
etard_tf64,ridge,reconstruction,gate0_gate2_full_subject_single_seed_v1,0,P05,test_-_P05_-_fW_part_2,64,pearson_r,0.15833091209633307,870,ridge_alpha_1.0,full_subject_single_seed_validation
etard_tf64,ridge,reconstruction,gate0_gate2_full_subject_single_seed_v1,0,P05,test_-_P05_-_fW_part_3,64,pearson_r,0.19067603138703662,974,ridge_alpha_1.0,full_subject_single_seed_validation
etard_tf64,ridge,reconstruction,gate0_gate2_full_subject_single_seed_v1,0,P05,test_-_P05_-_fW_part_4,64,pearson_r,0.15752039258941325,1047,ridge_alpha_1.0,full_subject_single_seed_validation
etard_tf64,ridge,reconstruction,gate0_gate2_full_subject_single_seed_v1,0,P05,test_-_P05_-_hb_part_1,64,pearson_r,0.15396529487972194,1137,ridge_alpha_1.0,full_subject_single_seed_validation
etard_tf64,ridge,reconstruction,gate0_gate2_full_subject_single_seed_v1,0,P05,test_-_P05_-_hb_part_2,64,pearson_r,0.0992852116308624,1074,ridge_alpha_1.0,full_subject_single_seed_validation
etard_tf64,ridge,reconstruction,gate0_gate2_full_subject_single_seed_v1,0,P05,test_-_P05_-_hb_part_3,64,pearson_r,0.16376833564601764,1157,ridge_alpha_1.0,full_subject_single_seed_validation
etard_tf64,ridge,reconstruction,gate0_gate2_full_subject_single_seed_v1,0,P05,test_-_P05_-_hb_part_4,64,pearson_r,0.14392027570501997,1080,ridge_alpha_1.0,full_subject_single_seed_validation
etard_tf64,ridge,reconstruction,gate0_gate2_full_subject_single_seed_v1,0,P05,test_-_P05_-_lb_part_1,64,pearson_r,0.1595065946435388,1396,ridge_alpha_1.0,full_subject_single_seed_validation
etard_tf64,ridge,reconstruction,gate0_gate2_full_subject_single_seed_v1,0,P05,test_-_P05_-_lb_part_2,64,pearson_r,0.10892508165655522,1433,ridge_alpha_1.0,full_subject_single_seed_validation
etard_tf64,ridge,reconstruction,gate0_gate2_full_subject_single_seed_v1,0,P05,test_-_P05_-_lb_part_3,64,pearson_r,0.06301930524944951,1365,ridge_alpha_1.0,full_subject_single_seed_validation
etard_tf64,ridge,reconstruction,gate0_gate2_full_subject_single_seed_v1,0,P05,test_-_P05_-_lb_part_4,64,pearson_r,0.184139142818491,1501,ridge_alpha_1.0,full_subject_single_seed_validation
etard_tf64,ridge,reconstruction,gate0_gate2_full_subject_single_seed_v1,0,P05,test_-_P05_-_mb_part_1,64,pearson_r,0.24163820164834315,945,ridge_alpha_1.0,full_subject_single_seed_validation
etard_tf64,ridge,reconstruction,gate0_gate2_full_subject_single_seed_v1,0,P05,test_-_P05_-_mb_part_2,64,pearson_r,0.15071686205913323,994,ridge_alpha_1.0,full_subject_single_seed_validation
etard_tf64,ridge,reconstruction,gate0_gate2_full_subject_single_seed_v1,0,P05,test_-_P05_-_mb_part_3,64,pearson_r,0.10455632453078327,995,ridge_alpha_1.0,full_subject_single_seed_validation
etard_tf64,ridge,reconstruction,gate0_gate2_full_subject_single_seed_v1,0,P05,test_-_P05_-_mb_part_4,64,pearson_r,-0.04876849667898059,1034,ridge_alpha_1.0,full_subject_single_seed_validation
etard_tf64,cca,reconstruction,gate0_gate2_full_subject_single_seed_v1,0,P05,test_-_P05_-_clean_part_1,64,pearson_r,0.11630826706103571,940,cca_nc_2,full_subject_single_seed_validation
etard_tf64,cca,reconstruction,gate0_gate2_full_subject_single_seed_v1,0,P05,test_-_P05_-_clean_part_2,64,pearson_r,0.07165873798971609,976,cca_nc_2,full_subject_single_seed_validation
etard_tf64,cca,reconstruction,gate0_gate2_full_subject_single_seed_v1,0,P05,test_-_P05_-_clean_part_3,64,pearson_r,0.06358583112632628,857,cca_nc_2,full_subject_single_seed_validation
etard_tf64,cca,reconstruction,gate0_gate2_full_subject_single_seed_v1,0,P05,test_-_P05_-_clean_part_4,64,pearson_r,0.0782627076463331,938,cca_nc_2,full_subject_single_seed_validation
etard_tf64,cca,reconstruction,gate0_gate2_full_subject_single_seed_v1,0,P05,test_-_P05_-_fM_part_1,64,pearson_r,0.014605809062589008,852,cca_nc_2,full_subject_single_seed_validation
etard_tf64,cca,reconstruction,gate0_gate2_full_subject_single_seed_v1,0,P05,test_-_P05_-_fM_part_2,64,pearson_r,0.21879012744704981,813,cca_nc_2,full_subject_single_seed_validation
etard_tf64,cca,reconstruction,gate0_gate2_full_subject_single_seed_v1,0,P05,test_-_P05_-_fM_part_3,64,pearson_r,-0.10789734021126601,869,cca_nc_2,full_subject_single_seed_validation
etard_tf64,cca,reconstruction,gate0_gate2_full_subject_single_seed_v1,0,P05,test_-_P05_-_fM_part_4,64,pearson_r,0.2699376941315694,953,cca_nc_2,full_subject_single_seed_validation
etard_tf64,cca,reconstruction,gate0_gate2_full_subject_single_seed_v1,0,P05,test_-_P05_-_fW_part_1,64,pearson_r,-0.07046703932279424,843,cca_nc_2,full_subject_single_seed_validation
etard_tf64,cca,reconstruction,gate0_gate2_full_subject_single_seed_v1,0,P05,test_-_P05_-_fW_part_2,64,pearson_r,-0.0007084279344368564,870,cca_nc_2,full_subject_single_seed_validation
etard_tf64,cca,reconstruction,gate0_gate2_full_subject_single_seed_v1,0,P05,test_-_P05_-_fW_part_3,64,pearson_r,0.012223549422420581,974,cca_nc_2,full_subject_single_seed_validation
etard_tf64,cca,reconstruction,gate0_gate2_full_subject_single_seed_v1,0,P05,test_-_P05_-_fW_part_4,64,pearson_r,0.2851822387287039,1047,cca_nc_2,full_subject_single_seed_validation
etard_tf64,cca,reconstruction,gate0_gate2_full_subject_single_seed_v1,0,P05,test_-_P05_-_hb_part_1,64,pearson_r,-0.03080803098099831,1137,cca_nc_2,full_subject_single_seed_validation
etard_tf64,cca,reconstruction,gate0_gate2_full_subject_single_seed_v1,0,P05,test_-_P05_-_hb_part_2,64,pearson_r,0.0506812881959859,1074,cca_nc_2,full_subject_single_seed_validation
etard_tf64,cca,reconstruction,gate0_gate2_full_subject_single_seed_v1,0,P05,test_-_P05_-_hb_part_3,64,pearson_r,0.10129467983453808,1157,cca_nc_2,full_subject_single_seed_validation
etard_tf64,cca,reconstruction,gate0_gate2_full_subject_single_seed_v1,0,P05,test_-_P05_-_hb_part_4,64,pearson_r,0.11323285597293031,1080,cca_nc_2,full_subject_single_seed_validation
etard_tf64,cca,reconstruction,gate0_gate2_full_subject_single_seed_v1,0,P05,test_-_P05_-_lb_part_1,64,pearson_r,0.2023756254640755,1396,cca_nc_2,full_subject_single_seed_validation
etard_tf64,cca,reconstruction,gate0_gate2_full_subject_single_seed_v1,0,P05,test_-_P05_-_lb_part_2,64,pearson_r,0.061709906847277556,1433,cca_nc_2,full_subject_single_seed_validation
etard_tf64,cca,reconstruction,gate0_gate2_full_subject_single_seed_v1,0,P05,test_-_P05_-_lb_part_3,64,pearson_r,0.03969171603849131,1365,cca_nc_2,full_subject_single_seed_validation
etard_tf64,cca,reconstruction,gate0_gate2_full_subject_single_seed_v1,0,P05,test_-_P05_-_lb_part_4,64,pearson_r,0.10612321568115819,1501,cca_nc_2,full_subject_single_seed_validation
etard_tf64,cca,reconstruction,gate0_gate2_full_subject_single_seed_v1,0,P05,test_-_P05_-_mb_part_1,64,pearson_r,0.23915560308941514,945,cca_nc_2,full_subject_single_seed_validation
etard_tf64,cca,reconstruction,gate0_gate2_full_subject_single_seed_v1,0,P05,test_-_P05_-_mb_part_2,64,pearson_r,0.1271840700221872,994,cca_nc_2,full_subject_single_seed_validation
etard_tf64,cca,reconstruction,gate0_gate2_full_subject_single_seed_v1,0,P05,test_-_P05_-_mb_part_3,64,pearson_r,0.10365824336096356,995,cca_nc_2,full_subject_single_seed_validation
etard_tf64,cca,reconstruction,gate0_gate2_full_subject_single_seed_v1,0,P05,test_-_P05_-_mb_part_4,64,pearson_r,-0.07591089442478514,1034,cca_nc_2,full_subject_single_seed_validation
etard_tf64,fcnn,reconstruction,gate0_gate2_full_subject_single_seed_v1,0,P05,test_-_P05_-_clean_part_1,64,pearson_r,0.10066909771760613,940,fcnn_epoch_4,full_subject_single_seed_validation
etard_tf64,fcnn,reconstruction,gate0_gate2_full_subject_single_seed_v1,0,P05,test_-_P05_-_clean_part_2,64,pearson_r,0.08293463160855917,976,fcnn_epoch_4,full_subject_single_seed_validation
etard_tf64,fcnn,reconstruction,gate0_gate2_full_subject_single_seed_v1,0,P05,test_-_P05_-_clean_part_3,64,pearson_r,0.10769974376019412,857,fcnn_epoch_4,full_subject_single_seed_validation
etard_tf64,fcnn,reconstruction,gate0_gate2_full_subject_single_seed_v1,0,P05,test_-_P05_-_clean_part_4,64,pearson_r,0.1278324339336763,938,fcnn_epoch_4,full_subject_single_seed_validation
etard_tf64,fcnn,reconstruction,gate0_gate2_full_subject_single_seed_v1,0,P05,test_-_P05_-_fM_part_1,64,pearson_r,0.061717884039586515,852,fcnn_epoch_4,full_subject_single_seed_validation
etard_tf64,fcnn,reconstruction,gate0_gate2_full_subject_single_seed_v1,0,P05,test_-_P05_-_fM_part_2,64,pearson_r,0.27570949269411565,813,fcnn_epoch_4,full_subject_single_seed_validation
etard_tf64,fcnn,reconstruction,gate0_gate2_full_subject_single_seed_v1,0,P05,test_-_P05_-_fM_part_3,64,pearson_r,0.11613228069895822,869,fcnn_epoch_4,full_subject_single_seed_validation
etard_tf64,fcnn,reconstruction,gate0_gate2_full_subject_single_seed_v1,0,P05,test_-_P05_-_fM_part_4,64,pearson_r,0.19835062307638682,953,fcnn_epoch_4,full_subject_single_seed_validation
etard_tf64,fcnn,reconstruction,gate0_gate2_full_subject_single_seed_v1,0,P05,test_-_P05_-_fW_part_1,64,pearson_r,0.00845866406913086,843,fcnn_epoch_4,full_subject_single_seed_validation
etard_tf64,fcnn,reconstruction,gate0_gate2_full_subject_single_seed_v1,0,P05,test_-_P05_-_fW_part_2,64,pearson_r,0.03845823043692495,870,fcnn_epoch_4,full_subject_single_seed_validation
etard_tf64,fcnn,reconstruction,gate0_gate2_full_subject_single_seed_v1,0,P05,test_-_P05_-_fW_part_3,64,pearson_r,0.07062054779325716,974,fcnn_epoch_4,full_subject_single_seed_validation
etard_tf64,fcnn,reconstruction,gate0_gate2_full_subject_single_seed_v1,0,P05,test_-_P05_-_fW_part_4,64,pearson_r,0.15030355237917992,1047,fcnn_epoch_4,full_subject_single_seed_validation
etard_tf64,fcnn,reconstruction,gate0_gate2_full_subject_single_seed_v1,0,P05,test_-_P05_-_hb_part_1,64,pearson_r,0.02037143243604351,1137,fcnn_epoch_4,full_subject_single_seed_validation
etard_tf64,fcnn,reconstruction,gate0_gate2_full_subject_single_seed_v1,0,P05,test_-_P05_-_hb_part_2,64,pearson_r,0.10552991807976297,1074,fcnn_epoch_4,full_subject_single_seed_validation
etard_tf64,fcnn,reconstruction,gate0_gate2_full_subject_single_seed_v1,0,P05,test_-_P05_-_hb_part_3,64,pearson_r,0.06272569173207983,1157,fcnn_epoch_4,full_subject_single_seed_validation
etard_tf64,fcnn,reconstruction,gate0_gate2_full_subject_single_seed_v1,0,P05,test_-_P05_-_hb_part_4,64,pearson_r,0.13365654325045803,1080,fcnn_epoch_4,full_subject_single_seed_validation
etard_tf64,fcnn,reconstruction,gate0_gate2_full_subject_single_seed_v1,0,P05,test_-_P05_-_lb_part_1,64,pearson_r,0.22240362284224116,1396,fcnn_epoch_4,full_subject_single_seed_validation
etard_tf64,fcnn,reconstruction,gate0_gate2_full_subject_single_seed_v1,0,P05,test_-_P05_-_lb_part_2,64,pearson_r,-0.14503323844246907,1433,fcnn_epoch_4,full_subject_single_seed_validation
etard_tf64,fcnn,reconstruction,gate0_gate2_full_subject_single_seed_v1,0,P05,test_-_P05_-_lb_part_3,64,pearson_r,-0.03284307468900792,1365,fcnn_epoch_4,full_subject_single_seed_validation
etard_tf64,fcnn,reconstruction,gate0_gate2_full_subject_single_seed_v1,0,P05,test_-_P05_-_lb_part_4,64,pearson_r,0.015691032286331022,1501,fcnn_epoch_4,full_subject_single_seed_validation
etard_tf64,fcnn,reconstruction,gate0_gate2_full_subject_single_seed_v1,0,P05,test_-_P05_-_mb_part_1,64,pearson_r,0.050892926191806076,945,fcnn_epoch_4,full_subject_single_seed_validation
etard_tf64,fcnn,reconstruction,gate0_gate2_full_subject_single_seed_v1,0,P05,test_-_P05_-_mb_part_2,64,pearson_r,0.05737426472703946,994,fcnn_epoch_4,full_subject_single_seed_validation
etard_tf64,fcnn,reconstruction,gate0_gate2_full_subject_single_seed_v1,0,P05,test_-_P05_-_mb_part_3,64,pearson_r,0.15547367402318704,995,fcnn_epoch_4,full_subject_single_seed_validation
etard_tf64,fcnn,reconstruction,gate0_gate2_full_subject_single_seed_v1,0,P05,test_-_P05_-_mb_part_4,64,pearson_r,-0.13032126390874227,1034,fcnn_epoch_4,full_subject_single_seed_validation
etard_tf64,adt,reconstruction,gate0_gate2_full_subject_single_seed_v1,0,P05,test_-_P05_-_clean_part_1,64,pearson_r,0.05646634650350973,960,adt_epoch_14,full_subject_single_seed_validation
etard_tf64,adt,reconstruction,gate0_gate2_full_subject_single_seed_v1,0,P05,test_-_P05_-_clean_part_2,64,pearson_r,0.0011449115115850746,1024,adt_epoch_14,full_subject_single_seed_validation
etard_tf64,adt,reconstruction,gate0_gate2_full_subject_single_seed_v1,0,P05,test_-_P05_-_clean_part_3,64,pearson_r,-0.004779397660554519,896,adt_epoch_14,full_subject_single_seed_validation
etard_tf64,adt,reconstruction,gate0_gate2_full_subject_single_seed_v1,0,P05,test_-_P05_-_clean_part_4,64,pearson_r,0.03551017790872694,960,adt_epoch_14,full_subject_single_seed_validation
etard_tf64,adt,reconstruction,gate0_gate2_full_subject_single_seed_v1,0,P05,test_-_P05_-_fM_part_1,64,pearson_r,0.190187764362797,896,adt_epoch_14,full_subject_single_seed_validation
etard_tf64,adt,reconstruction,gate0_gate2_full_subject_single_seed_v1,0,P05,test_-_P05_-_fM_part_2,64,pearson_r,0.10340309330987986,832,adt_epoch_14,full_subject_single_seed_validation
etard_tf64,adt,reconstruction,gate0_gate2_full_subject_single_seed_v1,0,P05,test_-_P05_-_fM_part_3,64,pearson_r,0.26965972748587225,896,adt_epoch_14,full_subject_single_seed_validation
etard_tf64,adt,reconstruction,gate0_gate2_full_subject_single_seed_v1,0,P05,test_-_P05_-_fM_part_4,64,pearson_r,0.12516607022819318,960,adt_epoch_14,full_subject_single_seed_validation
etard_tf64,adt,reconstruction,gate0_gate2_full_subject_single_seed_v1,0,P05,test_-_P05_-_fW_part_1,64,pearson_r,-0.05055417193687856,832,adt_epoch_14,full_subject_single_seed_validation
etard_tf64,adt,reconstruction,gate0_gate2_full_subject_single_seed_v1,0,P05,test_-_P05_-_fW_part_2,64,pearson_r,0.07715419775541263,896,adt_epoch_14,full_subject_single_seed_validation
etard_tf64,adt,reconstruction,gate0_gate2_full_subject_single_seed_v1,0,P05,test_-_P05_-_fW_part_3,64,pearson_r,-0.047026867289237745,960,adt_epoch_14,full_subject_single_seed_validation
etard_tf64,adt,reconstruction,gate0_gate2_full_subject_single_seed_v1,0,P05,test_-_P05_-_fW_part_4,64,pearson_r,0.10171083349021529,1088,adt_epoch_14,full_subject_single_seed_validation
etard_tf64,adt,reconstruction,gate0_gate2_full_subject_single_seed_v1,0,P05,test_-_P05_-_hb_part_1,64,pearson_r,0.17452884073983643,1152,adt_epoch_14,full_subject_single_seed_validation
etard_tf64,adt,reconstruction,gate0_gate2_full_subject_single_seed_v1,0,P05,test_-_P05_-_hb_part_2,64,pearson_r,0.09422730080229168,1088,adt_epoch_14,full_subject_single_seed_validation
etard_tf64,adt,reconstruction,gate0_gate2_full_subject_single_seed_v1,0,P05,test_-_P05_-_hb_part_3,64,pearson_r,0.18633010681226694,1152,adt_epoch_14,full_subject_single_seed_validation
etard_tf64,adt,reconstruction,gate0_gate2_full_subject_single_seed_v1,0,P05,test_-_P05_-_hb_part_4,64,pearson_r,0.13572723811946527,1088,adt_epoch_14,full_subject_single_seed_validation
etard_tf64,adt,reconstruction,gate0_gate2_full_subject_single_seed_v1,0,P05,test_-_P05_-_lb_part_1,64,pearson_r,0.03226358140058983,1408,adt_epoch_14,full_subject_single_seed_validation
etard_tf64,adt,reconstruction,gate0_gate2_full_subject_single_seed_v1,0,P05,test_-_P05_-_lb_part_2,64,pearson_r,0.07321693529349932,1472,adt_epoch_14,full_subject_single_seed_validation
etard_tf64,adt,reconstruction,gate0_gate2_full_subject_single_seed_v1,0,P05,test_-_P05_-_lb_part_3,64,pearson_r,0.034053465845168336,1408,adt_epoch_14,full_subject_single_seed_validation
etard_tf64,adt,reconstruction,gate0_gate2_full_subject_single_seed_v1,0,P05,test_-_P05_-_lb_part_4,64,pearson_r,0.10846286171913977,1536,adt_epoch_14,full_subject_single_seed_validation
etard_tf64,adt,reconstruction,gate0_gate2_full_subject_single_seed_v1,0,P05,test_-_P05_-_mb_part_1,64,pearson_r,0.17909886478622863,960,adt_epoch_14,full_subject_single_seed_validation
etard_tf64,adt,reconstruction,gate0_gate2_full_subject_single_seed_v1,0,P05,test_-_P05_-_mb_part_2,64,pearson_r,0.1999294842041521,1024,adt_epoch_14,full_subject_single_seed_validation
etard_tf64,adt,reconstruction,gate0_gate2_full_subject_single_seed_v1,0,P05,test_-_P05_-_mb_part_3,64,pearson_r,0.15022586594000603,1024,adt_epoch_14,full_subject_single_seed_validation
etard_tf64,adt,reconstruction,gate0_gate2_full_subject_single_seed_v1,0,P05,test_-_P05_-_mb_part_4,64,pearson_r,0.15613969186424537,1024,adt_epoch_14,full_subject_single_seed_validation
etard_tf64,ridge,reconstruction,gate0_gate2_full_subject_single_seed_v1,0,P06,test_-_P06_-_cleanDutch_part_1,64,pearson_r,0.04469547521395884,941,ridge_alpha_100.0,full_subject_single_seed_validation
etard_tf64,ridge,reconstruction,gate0_gate2_full_subject_single_seed_v1,0,P06,test_-_P06_-_cleanDutch_part_2,64,pearson_r,0.11123394347772056,963,ridge_alpha_100.0,full_subject_single_seed_validation
etard_tf64,ridge,reconstruction,gate0_gate2_full_subject_single_seed_v1,0,P06,test_-_P06_-_cleanDutch_part_3,64,pearson_r,0.2562044768130671,974,ridge_alpha_100.0,full_subject_single_seed_validation
etard_tf64,ridge,reconstruction,gate0_gate2_full_subject_single_seed_v1,0,P06,test_-_P06_-_cleanDutch_part_4,64,pearson_r,0.11110173867146116,970,ridge_alpha_100.0,full_subject_single_seed_validation
etard_tf64,ridge,reconstruction,gate0_gate2_full_subject_single_seed_v1,0,P06,test_-_P06_-_clean_part_1,64,pearson_r,0.174845246168341,940,ridge_alpha_100.0,full_subject_single_seed_validation
etard_tf64,ridge,reconstruction,gate0_gate2_full_subject_single_seed_v1,0,P06,test_-_P06_-_clean_part_2,64,pearson_r,0.306694298486915,976,ridge_alpha_100.0,full_subject_single_seed_validation
etard_tf64,ridge,reconstruction,gate0_gate2_full_subject_single_seed_v1,0,P06,test_-_P06_-_clean_part_3,64,pearson_r,0.16086211103793974,857,ridge_alpha_100.0,full_subject_single_seed_validation
etard_tf64,ridge,reconstruction,gate0_gate2_full_subject_single_seed_v1,0,P06,test_-_P06_-_clean_part_4,64,pearson_r,0.0854220549843375,938,ridge_alpha_100.0,full_subject_single_seed_validation
etard_tf64,ridge,reconstruction,gate0_gate2_full_subject_single_seed_v1,0,P06,test_-_P06_-_fM_part_1,64,pearson_r,0.16259476187208852,852,ridge_alpha_100.0,full_subject_single_seed_validation
etard_tf64,ridge,reconstruction,gate0_gate2_full_subject_single_seed_v1,0,P06,test_-_P06_-_fM_part_2,64,pearson_r,-0.019869530323379878,813,ridge_alpha_100.0,full_subject_single_seed_validation
etard_tf64,ridge,reconstruction,gate0_gate2_full_subject_single_seed_v1,0,P06,test_-_P06_-_fM_part_3,64,pearson_r,0.12135547306128043,869,ridge_alpha_100.0,full_subject_single_seed_validation
etard_tf64,ridge,reconstruction,gate0_gate2_full_subject_single_seed_v1,0,P06,test_-_P06_-_fM_part_4,64,pearson_r,0.26660199627838477,953,ridge_alpha_100.0,full_subject_single_seed_validation
etard_tf64,ridge,reconstruction,gate0_gate2_full_subject_single_seed_v1,0,P06,test_-_P06_-_fW_part_1,64,pearson_r,0.04006072659639037,843,ridge_alpha_100.0,full_subject_single_seed_validation
etard_tf64,ridge,reconstruction,gate0_gate2_full_subject_single_seed_v1,0,P06,test_-_P06_-_fW_part_2,64,pearson_r,-0.013314944439090974,870,ridge_alpha_100.0,full_subject_single_seed_validation
etard_tf64,ridge,reconstruction,gate0_gate2_full_subject_single_seed_v1,0,P06,test_-_P06_-_fW_part_3,64,pearson_r,0.09340241767962842,974,ridge_alpha_100.0,full_subject_single_seed_validation
etard_tf64,ridge,reconstruction,gate0_gate2_full_subject_single_seed_v1,0,P06,test_-_P06_-_fW_part_4,64,pearson_r,0.20362132366436722,1047,ridge_alpha_100.0,full_subject_single_seed_validation
etard_tf64,ridge,reconstruction,gate0_gate2_full_subject_single_seed_v1,0,P06,test_-_P06_-_hbDutch_part_1,64,pearson_r,0.11785302176976252,984,ridge_alpha_100.0,full_subject_single_seed_validation
etard_tf64,ridge,reconstruction,gate0_gate2_full_subject_single_seed_v1,0,P06,test_-_P06_-_hbDutch_part_2,64,pearson_r,0.06789961947122297,998,ridge_alpha_100.0,full_subject_single_seed_validation
etard_tf64,ridge,reconstruction,gate0_gate2_full_subject_single_seed_v1,0,P06,test_-_P06_-_hbDutch_part_3,64,pearson_r,0.08871864382084603,1017,ridge_alpha_100.0,full_subject_single_seed_validation
etard_tf64,ridge,reconstruction,gate0_gate2_full_subject_single_seed_v1,0,P06,test_-_P06_-_hbDutch_part_4,64,pearson_r,0.042839457315701115,1001,ridge_alpha_100.0,full_subject_single_seed_validation
etard_tf64,ridge,reconstruction,gate0_gate2_full_subject_single_seed_v1,0,P06,test_-_P06_-_hb_part_1,64,pearson_r,0.05050880081823943,1137,ridge_alpha_100.0,full_subject_single_seed_validation
etard_tf64,ridge,reconstruction,gate0_gate2_full_subject_single_seed_v1,0,P06,test_-_P06_-_hb_part_2,64,pearson_r,0.07999956050004704,1074,ridge_alpha_100.0,full_subject_single_seed_validation
etard_tf64,ridge,reconstruction,gate0_gate2_full_subject_single_seed_v1,0,P06,test_-_P06_-_hb_part_3,64,pearson_r,-0.01409460890884209,1157,ridge_alpha_100.0,full_subject_single_seed_validation
etard_tf64,ridge,reconstruction,gate0_gate2_full_subject_single_seed_v1,0,P06,test_-_P06_-_hb_part_4,64,pearson_r,0.07414074083143803,1080,ridge_alpha_100.0,full_subject_single_seed_validation
etard_tf64,ridge,reconstruction,gate0_gate2_full_subject_single_seed_v1,0,P06,test_-_P06_-_lbDutch_part_1,64,pearson_r,-0.05553405667246958,1001,ridge_alpha_100.0,full_subject_single_seed_validation
etard_tf64,ridge,reconstruction,gate0_gate2_full_subject_single_seed_v1,0,P06,test_-_P06_-_lbDutch_part_2,64,pearson_r,-0.04243374523387904,1026,ridge_alpha_100.0,full_subject_single_seed_validation
etard_tf64,ridge,reconstruction,gate0_gate2_full_subject_single_seed_v1,0,P06,test_-_P06_-_lbDutch_part_3,64,pearson_r,-0.1176150970665659,991,ridge_alpha_100.0,full_subject_single_seed_validation
etard_tf64,ridge,reconstruction,gate0_gate2_full_subject_single_seed_v1,0,P06,test_-_P06_-_lbDutch_part_4,64,pearson_r,0.07565603540604722,1011,ridge_alpha_100.0,full_subject_single_seed_validation
etard_tf64,ridge,reconstruction,gate0_gate2_full_subject_single_seed_v1,0,P06,test_-_P06_-_lb_part_1,64,pearson_r,0.07439054774247542,1396,ridge_alpha_100.0,full_subject_single_seed_validation
etard_tf64,ridge,reconstruction,gate0_gate2_full_subject_single_seed_v1,0,P06,test_-_P06_-_lb_part_2,64,pearson_r,-0.05844721088572676,1433,ridge_alpha_100.0,full_subject_single_seed_validation
etard_tf64,ridge,reconstruction,gate0_gate2_full_subject_single_seed_v1,0,P06,test_-_P06_-_lb_part_3,64,pearson_r,0.04137407287018655,1365,ridge_alpha_100.0,full_subject_single_seed_validation
etard_tf64,ridge,reconstruction,gate0_gate2_full_subject_single_seed_v1,0,P06,test_-_P06_-_lb_part_4,64,pearson_r,0.17098206493068796,1501,ridge_alpha_100.0,full_subject_single_seed_validation
etard_tf64,ridge,reconstruction,gate0_gate2_full_subject_single_seed_v1,0,P06,test_-_P06_-_mbDutch_part_1,64,pearson_r,-0.09916395452063154,1021,ridge_alpha_100.0,full_subject_single_seed_validation
etard_tf64,ridge,reconstruction,gate0_gate2_full_subject_single_seed_v1,0,P06,test_-_P06_-_mbDutch_part_2,64,pearson_r,0.08960573035447787,981,ridge_alpha_100.0,full_subject_single_seed_validation
etard_tf64,ridge,reconstruction,gate0_gate2_full_subject_single_seed_v1,0,P06,test_-_P06_-_mbDutch_part_3,64,pearson_r,0.08701844620542447,995,ridge_alpha_100.0,full_subject_single_seed_validation
etard_tf64,ridge,reconstruction,gate0_gate2_full_subject_single_seed_v1,0,P06,test_-_P06_-_mbDutch_part_4,64,pearson_r,0.0892328960187646,1000,ridge_alpha_100.0,full_subject_single_seed_validation
etard_tf64,ridge,reconstruction,gate0_gate2_full_subject_single_seed_v1,0,P06,test_-_P06_-_mb_part_1,64,pearson_r,0.04353001568879363,945,ridge_alpha_100.0,full_subject_single_seed_validation
etard_tf64,ridge,reconstruction,gate0_gate2_full_subject_single_seed_v1,0,P06,test_-_P06_-_mb_part_2,64,pearson_r,0.11847992084121806,994,ridge_alpha_100.0,full_subject_single_seed_validation
etard_tf64,ridge,reconstruction,gate0_gate2_full_subject_single_seed_v1,0,P06,test_-_P06_-_mb_part_3,64,pearson_r,-0.0891920715252105,995,ridge_alpha_100.0,full_subject_single_seed_validation
etard_tf64,ridge,reconstruction,gate0_gate2_full_subject_single_seed_v1,0,P06,test_-_P06_-_mb_part_4,64,pearson_r,0.041364624184003815,1034,ridge_alpha_100.0,full_subject_single_seed_validation
etard_tf64,cca,reconstruction,gate0_gate2_full_subject_single_seed_v1,0,P06,test_-_P06_-_cleanDutch_part_1,64,pearson_r,0.09964202557181902,941,cca_nc_4,full_subject_single_seed_validation
etard_tf64,cca,reconstruction,gate0_gate2_full_subject_single_seed_v1,0,P06,test_-_P06_-_cleanDutch_part_2,64,pearson_r,0.19600027512022106,963,cca_nc_4,full_subject_single_seed_validation
etard_tf64,cca,reconstruction,gate0_gate2_full_subject_single_seed_v1,0,P06,test_-_P06_-_cleanDutch_part_3,64,pearson_r,0.08081101267265783,974,cca_nc_4,full_subject_single_seed_validation
etard_tf64,cca,reconstruction,gate0_gate2_full_subject_single_seed_v1,0,P06,test_-_P06_-_cleanDutch_part_4,64,pearson_r,0.0003035635749707399,970,cca_nc_4,full_subject_single_seed_validation
etard_tf64,cca,reconstruction,gate0_gate2_full_subject_single_seed_v1,0,P06,test_-_P06_-_clean_part_1,64,pearson_r,0.09440605111601545,940,cca_nc_4,full_subject_single_seed_validation
etard_tf64,cca,reconstruction,gate0_gate2_full_subject_single_seed_v1,0,P06,test_-_P06_-_clean_part_2,64,pearson_r,0.14599474947915783,976,cca_nc_4,full_subject_single_seed_validation
etard_tf64,cca,reconstruction,gate0_gate2_full_subject_single_seed_v1,0,P06,test_-_P06_-_clean_part_3,64,pearson_r,0.12211932482310746,857,cca_nc_4,full_subject_single_seed_validation
etard_tf64,cca,reconstruction,gate0_gate2_full_subject_single_seed_v1,0,P06,test_-_P06_-_clean_part_4,64,pearson_r,0.024900740020500266,938,cca_nc_4,full_subject_single_seed_validation
etard_tf64,cca,reconstruction,gate0_gate2_full_subject_single_seed_v1,0,P06,test_-_P06_-_fM_part_1,64,pearson_r,-0.0039468584199942505,852,cca_nc_4,full_subject_single_seed_validation
etard_tf64,cca,reconstruction,gate0_gate2_full_subject_single_seed_v1,0,P06,test_-_P06_-_fM_part_2,64,pearson_r,0.09952650589145,813,cca_nc_4,full_subject_single_seed_validation
etard_tf64,cca,reconstruction,gate0_gate2_full_subject_single_seed_v1,0,P06,test_-_P06_-_fM_part_3,64,pearson_r,0.19228743256901357,869,cca_nc_4,full_subject_single_seed_validation
etard_tf64,cca,reconstruction,gate0_gate2_full_subject_single_seed_v1,0,P06,test_-_P06_-_fM_part_4,64,pearson_r,0.22322104151191843,953,cca_nc_4,full_subject_single_seed_validation
etard_tf64,cca,reconstruction,gate0_gate2_full_subject_single_seed_v1,0,P06,test_-_P06_-_fW_part_1,64,pearson_r,-0.023177900557793413,843,cca_nc_4,full_subject_single_seed_validation
etard_tf64,cca,reconstruction,gate0_gate2_full_subject_single_seed_v1,0,P06,test_-_P06_-_fW_part_2,64,pearson_r,0.19552747352208247,870,cca_nc_4,full_subject_single_seed_validation
etard_tf64,cca,reconstruction,gate0_gate2_full_subject_single_seed_v1,0,P06,test_-_P06_-_fW_part_3,64,pearson_r,0.1010429846632785,974,cca_nc_4,full_subject_single_seed_validation
etard_tf64,cca,reconstruction,gate0_gate2_full_subject_single_seed_v1,0,P06,test_-_P06_-_fW_part_4,64,pearson_r,0.034966280062073134,1047,cca_nc_4,full_subject_single_seed_validation
etard_tf64,cca,reconstruction,gate0_gate2_full_subject_single_seed_v1,0,P06,test_-_P06_-_hbDutch_part_1,64,pearson_r,0.0708723877030466,984,cca_nc_4,full_subject_single_seed_validation
etard_tf64,cca,reconstruction,gate0_gate2_full_subject_single_seed_v1,0,P06,test_-_P06_-_hbDutch_part_2,64,pearson_r,0.14587826291170047,998,cca_nc_4,full_subject_single_seed_validation
etard_tf64,cca,reconstruction,gate0_gate2_full_subject_single_seed_v1,0,P06,test_-_P06_-_hbDutch_part_3,64,pearson_r,0.12189568429421511,1017,cca_nc_4,full_subject_single_seed_validation
etard_tf64,cca,reconstruction,gate0_gate2_full_subject_single_seed_v1,0,P06,test_-_P06_-_hbDutch_part_4,64,pearson_r,0.13449088961036432,1001,cca_nc_4,full_subject_single_seed_validation
etard_tf64,cca,reconstruction,gate0_gate2_full_subject_single_seed_v1,0,P06,test_-_P06_-_hb_part_1,64,pearson_r,0.05759717522698388,1137,cca_nc_4,full_subject_single_seed_validation
etard_tf64,cca,reconstruction,gate0_gate2_full_subject_single_seed_v1,0,P06,test_-_P06_-_hb_part_2,64,pearson_r,0.020444969123932275,1074,cca_nc_4,full_subject_single_seed_validation
etard_tf64,cca,reconstruction,gate0_gate2_full_subject_single_seed_v1,0,P06,test_-_P06_-_hb_part_3,64,pearson_r,0.017070407494221895,1157,cca_nc_4,full_subject_single_seed_validation
etard_tf64,cca,reconstruction,gate0_gate2_full_subject_single_seed_v1,0,P06,test_-_P06_-_hb_part_4,64,pearson_r,0.025357871274305367,1080,cca_nc_4,full_subject_single_seed_validation
etard_tf64,cca,reconstruction,gate0_gate2_full_subject_single_seed_v1,0,P06,test_-_P06_-_lbDutch_part_1,64,pearson_r,0.0934352783672101,1001,cca_nc_4,full_subject_single_seed_validation
etard_tf64,cca,reconstruction,gate0_gate2_full_subject_single_seed_v1,0,P06,test_-_P06_-_lbDutch_part_2,64,pearson_r,-0.06478156720773925,1026,cca_nc_4,full_subject_single_seed_validation
etard_tf64,cca,reconstruction,gate0_gate2_full_subject_single_seed_v1,0,P06,test_-_P06_-_lbDutch_part_3,64,pearson_r,-0.03807340747037851,991,cca_nc_4,full_subject_single_seed_validation
etard_tf64,cca,reconstruction,gate0_gate2_full_subject_single_seed_v1,0,P06,test_-_P06_-_lbDutch_part_4,64,pearson_r,0.09725700756585963,1011,cca_nc_4,full_subject_single_seed_validation
etard_tf64,cca,reconstruction,gate0_gate2_full_subject_single_seed_v1,0,P06,test_-_P06_-_lb_part_1,64,pearson_r,0.03251427780741159,1396,cca_nc_4,full_subject_single_seed_validation
etard_tf64,cca,reconstruction,gate0_gate2_full_subject_single_seed_v1,0,P06,test_-_P06_-_lb_part_2,64,pearson_r,-0.154639716769587,1433,cca_nc_4,full_subject_single_seed_validation
etard_tf64,cca,reconstruction,gate0_gate2_full_subject_single_seed_v1,0,P06,test_-_P06_-_lb_part_3,64,pearson_r,-0.03312862057819635,1365,cca_nc_4,full_subject_single_seed_validation
etard_tf64,cca,reconstruction,gate0_gate2_full_subject_single_seed_v1,0,P06,test_-_P06_-_lb_part_4,64,pearson_r,0.0541964656980223,1501,cca_nc_4,full_subject_single_seed_validation
etard_tf64,cca,reconstruction,gate0_gate2_full_subject_single_seed_v1,0,P06,test_-_P06_-_mbDutch_part_1,64,pearson_r,-0.02593256607291644,1021,cca_nc_4,full_subject_single_seed_validation
etard_tf64,cca,reconstruction,gate0_gate2_full_subject_single_seed_v1,0,P06,test_-_P06_-_mbDutch_part_2,64,pearson_r,-0.03546099029772439,981,cca_nc_4,full_subject_single_seed_validation
etard_tf64,cca,reconstruction,gate0_gate2_full_subject_single_seed_v1,0,P06,test_-_P06_-_mbDutch_part_3,64,pearson_r,-0.029757164734198534,995,cca_nc_4,full_subject_single_seed_validation
etard_tf64,cca,reconstruction,gate0_gate2_full_subject_single_seed_v1,0,P06,test_-_P06_-_mbDutch_part_4,64,pearson_r,0.02437706702785756,1000,cca_nc_4,full_subject_single_seed_validation
etard_tf64,cca,reconstruction,gate0_gate2_full_subject_single_seed_v1,0,P06,test_-_P06_-_mb_part_1,64,pearson_r,-0.09369990966286124,945,cca_nc_4,full_subject_single_seed_validation
etard_tf64,cca,reconstruction,gate0_gate2_full_subject_single_seed_v1,0,P06,test_-_P06_-_mb_part_2,64,pearson_r,0.12204184728106914,994,cca_nc_4,full_subject_single_seed_validation
etard_tf64,cca,reconstruction,gate0_gate2_full_subject_single_seed_v1,0,P06,test_-_P06_-_mb_part_3,64,pearson_r,0.01743535852782,995,cca_nc_4,full_subject_single_seed_validation
etard_tf64,cca,reconstruction,gate0_gate2_full_subject_single_seed_v1,0,P06,test_-_P06_-_mb_part_4,64,pearson_r,0.043699358090037554,1034,cca_nc_4,full_subject_single_seed_validation
etard_tf64,fcnn,reconstruction,gate0_gate2_full_subject_single_seed_v1,0,P06,test_-_P06_-_cleanDutch_part_1,64,pearson_r,0.2106227868001962,941,fcnn_epoch_2,full_subject_single_seed_validation
etard_tf64,fcnn,reconstruction,gate0_gate2_full_subject_single_seed_v1,0,P06,test_-_P06_-_cleanDutch_part_2,64,pearson_r,0.1402753535082026,963,fcnn_epoch_2,full_subject_single_seed_validation
etard_tf64,fcnn,reconstruction,gate0_gate2_full_subject_single_seed_v1,0,P06,test_-_P06_-_cleanDutch_part_3,64,pearson_r,0.08143460711457179,974,fcnn_epoch_2,full_subject_single_seed_validation
etard_tf64,fcnn,reconstruction,gate0_gate2_full_subject_single_seed_v1,0,P06,test_-_P06_-_cleanDutch_part_4,64,pearson_r,0.08727921561898529,970,fcnn_epoch_2,full_subject_single_seed_validation
etard_tf64,fcnn,reconstruction,gate0_gate2_full_subject_single_seed_v1,0,P06,test_-_P06_-_clean_part_1,64,pearson_r,0.009778003569907405,940,fcnn_epoch_2,full_subject_single_seed_validation
etard_tf64,fcnn,reconstruction,gate0_gate2_full_subject_single_seed_v1,0,P06,test_-_P06_-_clean_part_2,64,pearson_r,0.09944678728345409,976,fcnn_epoch_2,full_subject_single_seed_validation
etard_tf64,fcnn,reconstruction,gate0_gate2_full_subject_single_seed_v1,0,P06,test_-_P06_-_clean_part_3,64,pearson_r,0.022127041710127516,857,fcnn_epoch_2,full_subject_single_seed_validation
etard_tf64,fcnn,reconstruction,gate0_gate2_full_subject_single_seed_v1,0,P06,test_-_P06_-_clean_part_4,64,pearson_r,0.007201933578706146,938,fcnn_epoch_2,full_subject_single_seed_validation
etard_tf64,fcnn,reconstruction,gate0_gate2_full_subject_single_seed_v1,0,P06,test_-_P06_-_fM_part_1,64,pearson_r,0.10052198402227151,852,fcnn_epoch_2,full_subject_single_seed_validation
etard_tf64,fcnn,reconstruction,gate0_gate2_full_subject_single_seed_v1,0,P06,test_-_P06_-_fM_part_2,64,pearson_r,0.120826017238304,813,fcnn_epoch_2,full_subject_single_seed_validation
etard_tf64,fcnn,reconstruction,gate0_gate2_full_subject_single_seed_v1,0,P06,test_-_P06_-_fM_part_3,64,pearson_r,0.2200127497683263,869,fcnn_epoch_2,full_subject_single_seed_validation
etard_tf64,fcnn,reconstruction,gate0_gate2_full_subject_single_seed_v1,0,P06,test_-_P06_-_fM_part_4,64,pearson_r,0.09194373553353337,953,fcnn_epoch_2,full_subject_single_seed_validation
etard_tf64,fcnn,reconstruction,gate0_gate2_full_subject_single_seed_v1,0,P06,test_-_P06_-_fW_part_1,64,pearson_r,-0.05998751453519251,843,fcnn_epoch_2,full_subject_single_seed_validation
etard_tf64,fcnn,reconstruction,gate0_gate2_full_subject_single_seed_v1,0,P06,test_-_P06_-_fW_part_2,64,pearson_r,0.09876333096725017,870,fcnn_epoch_2,full_subject_single_seed_validation
etard_tf64,fcnn,reconstruction,gate0_gate2_full_subject_single_seed_v1,0,P06,test_-_P06_-_fW_part_3,64,pearson_r,0.10695786394798823,974,fcnn_epoch_2,full_subject_single_seed_validation
etard_tf64,fcnn,reconstruction,gate0_gate2_full_subject_single_seed_v1,0,P06,test_-_P06_-_fW_part_4,64,pearson_r,-0.05996215827724473,1047,fcnn_epoch_2,full_subject_single_seed_validation
etard_tf64,fcnn,reconstruction,gate0_gate2_full_subject_single_seed_v1,0,P06,test_-_P06_-_hbDutch_part_1,64,pearson_r,0.0786118428938642,984,fcnn_epoch_2,full_subject_single_seed_validation
etard_tf64,fcnn,reconstruction,gate0_gate2_full_subject_single_seed_v1,0,P06,test_-_P06_-_hbDutch_part_2,64,pearson_r,-0.05688718161507793,998,fcnn_epoch_2,full_subject_single_seed_validation
etard_tf64,fcnn,reconstruction,gate0_gate2_full_subject_single_seed_v1,0,P06,test_-_P06_-_hbDutch_part_3,64,pearson_r,0.039258527811331385,1017,fcnn_epoch_2,full_subject_single_seed_validation
etard_tf64,fcnn,reconstruction,gate0_gate2_full_subject_single_seed_v1,0,P06,test_-_P06_-_hbDutch_part_4,64,pearson_r,-0.02047118954715254,1001,fcnn_epoch_2,full_subject_single_seed_validation
etard_tf64,fcnn,reconstruction,gate0_gate2_full_subject_single_seed_v1,0,P06,test_-_P06_-_hb_part_1,64,pearson_r,0.023427546044441673,1137,fcnn_epoch_2,full_subject_single_seed_validation
etard_tf64,fcnn,reconstruction,gate0_gate2_full_subject_single_seed_v1,0,P06,test_-_P06_-_hb_part_2,64,pearson_r,0.026794865352422034,1074,fcnn_epoch_2,full_subject_single_seed_validation
etard_tf64,fcnn,reconstruction,gate0_gate2_full_subject_single_seed_v1,0,P06,test_-_P06_-_hb_part_3,64,pearson_r,0.004048062961460016,1157,fcnn_epoch_2,full_subject_single_seed_validation
etard_tf64,fcnn,reconstruction,gate0_gate2_full_subject_single_seed_v1,0,P06,test_-_P06_-_hb_part_4,64,pearson_r,0.08634237272066485,1080,fcnn_epoch_2,full_subject_single_seed_validation
etard_tf64,fcnn,reconstruction,gate0_gate2_full_subject_single_seed_v1,0,P06,test_-_P06_-_lbDutch_part_1,64,pearson_r,-0.0030581609669389823,1001,fcnn_epoch_2,full_subject_single_seed_validation
etard_tf64,fcnn,reconstruction,gate0_gate2_full_subject_single_seed_v1,0,P06,test_-_P06_-_lbDutch_part_2,64,pearson_r,0.09498094361636387,1026,fcnn_epoch_2,full_subject_single_seed_validation
etard_tf64,fcnn,reconstruction,gate0_gate2_full_subject_single_seed_v1,0,P06,test_-_P06_-_lbDutch_part_3,64,pearson_r,0.019844266992063323,991,fcnn_epoch_2,full_subject_single_seed_validation
etard_tf64,fcnn,reconstruction,gate0_gate2_full_subject_single_seed_v1,0,P06,test_-_P06_-_lbDutch_part_4,64,pearson_r,0.11723638539769457,1011,fcnn_epoch_2,full_subject_single_seed_validation
etard_tf64,fcnn,reconstruction,gate0_gate2_full_subject_single_seed_v1,0,P06,test_-_P06_-_lb_part_1,64,pearson_r,0.026316460672745727,1396,fcnn_epoch_2,full_subject_single_seed_validation
etard_tf64,fcnn,reconstruction,gate0_gate2_full_subject_single_seed_v1,0,P06,test_-_P06_-_lb_part_2,64,pearson_r,-0.004286664854489566,1433,fcnn_epoch_2,full_subject_single_seed_validation
etard_tf64,fcnn,reconstruction,gate0_gate2_full_subject_single_seed_v1,0,P06,test_-_P06_-_lb_part_3,64,pearson_r,-0.030048009369334674,1365,fcnn_epoch_2,full_subject_single_seed_validation
etard_tf64,fcnn,reconstruction,gate0_gate2_full_subject_single_seed_v1,0,P06,test_-_P06_-_lb_part_4,64,pearson_r,0.042087400087080645,1501,fcnn_epoch_2,full_subject_single_seed_validation
etard_tf64,fcnn,reconstruction,gate0_gate2_full_subject_single_seed_v1,0,P06,test_-_P06_-_mbDutch_part_1,64,pearson_r,0.07579166771789962,1021,fcnn_epoch_2,full_subject_single_seed_validation
etard_tf64,fcnn,reconstruction,gate0_gate2_full_subject_single_seed_v1,0,P06,test_-_P06_-_mbDutch_part_2,64,pearson_r,0.024373870908884356,981,fcnn_epoch_2,full_subject_single_seed_validation
etard_tf64,fcnn,reconstruction,gate0_gate2_full_subject_single_seed_v1,0,P06,test_-_P06_-_mbDutch_part_3,64,pearson_r,0.05584275469943655,995,fcnn_epoch_2,full_subject_single_seed_validation
etard_tf64,fcnn,reconstruction,gate0_gate2_full_subject_single_seed_v1,0,P06,test_-_P06_-_mbDutch_part_4,64,pearson_r,-0.029758938375951144,1000,fcnn_epoch_2,full_subject_single_seed_validation
etard_tf64,fcnn,reconstruction,gate0_gate2_full_subject_single_seed_v1,0,P06,test_-_P06_-_mb_part_1,64,pearson_r,-0.06751161192845102,945,fcnn_epoch_2,full_subject_single_seed_validation
etard_tf64,fcnn,reconstruction,gate0_gate2_full_subject_single_seed_v1,0,P06,test_-_P06_-_mb_part_2,64,pearson_r,0.13913316933869238,994,fcnn_epoch_2,full_subject_single_seed_validation
etard_tf64,fcnn,reconstruction,gate0_gate2_full_subject_single_seed_v1,0,P06,test_-_P06_-_mb_part_3,64,pearson_r,-0.017829142721338054,995,fcnn_epoch_2,full_subject_single_seed_validation
etard_tf64,fcnn,reconstruction,gate0_gate2_full_subject_single_seed_v1,0,P06,test_-_P06_-_mb_part_4,64,pearson_r,-0.007070591269753313,1034,fcnn_epoch_2,full_subject_single_seed_validation
etard_tf64,adt,reconstruction,gate0_gate2_full_subject_single_seed_v1,0,P06,test_-_P06_-_cleanDutch_part_1,64,pearson_r,0.09893682246527141,960,adt_epoch_5,full_subject_single_seed_validation
etard_tf64,adt,reconstruction,gate0_gate2_full_subject_single_seed_v1,0,P06,test_-_P06_-_cleanDutch_part_2,64,pearson_r,0.2826170136080774,960,adt_epoch_5,full_subject_single_seed_validation
etard_tf64,adt,reconstruction,gate0_gate2_full_subject_single_seed_v1,0,P06,test_-_P06_-_cleanDutch_part_3,64,pearson_r,0.027438209360370367,960,adt_epoch_5,full_subject_single_seed_validation
etard_tf64,adt,reconstruction,gate0_gate2_full_subject_single_seed_v1,0,P06,test_-_P06_-_cleanDutch_part_4,64,pearson_r,0.06439901604821148,960,adt_epoch_5,full_subject_single_seed_validation
etard_tf64,adt,reconstruction,gate0_gate2_full_subject_single_seed_v1,0,P06,test_-_P06_-_clean_part_1,64,pearson_r,0.13204188242644987,960,adt_epoch_5,full_subject_single_seed_validation
etard_tf64,adt,reconstruction,gate0_gate2_full_subject_single_seed_v1,0,P06,test_-_P06_-_clean_part_2,64,pearson_r,0.18468574943249896,1024,adt_epoch_5,full_subject_single_seed_validation
etard_tf64,adt,reconstruction,gate0_gate2_full_subject_single_seed_v1,0,P06,test_-_P06_-_clean_part_3,64,pearson_r,-0.17829661591157742,896,adt_epoch_5,full_subject_single_seed_validation
etard_tf64,adt,reconstruction,gate0_gate2_full_subject_single_seed_v1,0,P06,test_-_P06_-_clean_part_4,64,pearson_r,0.15442590933775252,960,adt_epoch_5,full_subject_single_seed_validation
etard_tf64,adt,reconstruction,gate0_gate2_full_subject_single_seed_v1,0,P06,test_-_P06_-_fM_part_1,64,pearson_r,-0.04580733149044182,896,adt_epoch_5,full_subject_single_seed_validation
etard_tf64,adt,reconstruction,gate0_gate2_full_subject_single_seed_v1,0,P06,test_-_P06_-_fM_part_2,64,pearson_r,0.13012016209067098,832,adt_epoch_5,full_subject_single_seed_validation
etard_tf64,adt,reconstruction,gate0_gate2_full_subject_single_seed_v1,0,P06,test_-_P06_-_fM_part_3,64,pearson_r,0.11870367915048263,896,adt_epoch_5,full_subject_single_seed_validation
etard_tf64,adt,reconstruction,gate0_gate2_full_subject_single_seed_v1,0,P06,test_-_P06_-_fM_part_4,64,pearson_r,0.014215526443022812,960,adt_epoch_5,full_subject_single_seed_validation
etard_tf64,adt,reconstruction,gate0_gate2_full_subject_single_seed_v1,0,P06,test_-_P06_-_fW_part_1,64,pearson_r,0.1924042025877198,832,adt_epoch_5,full_subject_single_seed_validation
etard_tf64,adt,reconstruction,gate0_gate2_full_subject_single_seed_v1,0,P06,test_-_P06_-_fW_part_2,64,pearson_r,-0.02096438486452755,896,adt_epoch_5,full_subject_single_seed_validation
etard_tf64,adt,reconstruction,gate0_gate2_full_subject_single_seed_v1,0,P06,test_-_P06_-_fW_part_3,64,pearson_r,0.13647916790054473,960,adt_epoch_5,full_subject_single_seed_validation
etard_tf64,adt,reconstruction,gate0_gate2_full_subject_single_seed_v1,0,P06,test_-_P06_-_fW_part_4,64,pearson_r,0.22135439134737717,1088,adt_epoch_5,full_subject_single_seed_validation
etard_tf64,adt,reconstruction,gate0_gate2_full_subject_single_seed_v1,0,P06,test_-_P06_-_hbDutch_part_1,64,pearson_r,-0.027982710972380014,1024,adt_epoch_5,full_subject_single_seed_validation
etard_tf64,adt,reconstruction,gate0_gate2_full_subject_single_seed_v1,0,P06,test_-_P06_-_hbDutch_part_2,64,pearson_r,0.09658970208140427,1024,adt_epoch_5,full_subject_single_seed_validation
etard_tf64,adt,reconstruction,gate0_gate2_full_subject_single_seed_v1,0,P06,test_-_P06_-_hbDutch_part_3,64,pearson_r,0.2649004648943173,1024,adt_epoch_5,full_subject_single_seed_validation
etard_tf64,adt,reconstruction,gate0_gate2_full_subject_single_seed_v1,0,P06,test_-_P06_-_hbDutch_part_4,64,pearson_r,0.02812879560842728,1024,adt_epoch_5,full_subject_single_seed_validation
etard_tf64,adt,reconstruction,gate0_gate2_full_subject_single_seed_v1,0,P06,test_-_P06_-_hb_part_1,64,pearson_r,-0.05321318661482738,1152,adt_epoch_5,full_subject_single_seed_validation
etard_tf64,adt,reconstruction,gate0_gate2_full_subject_single_seed_v1,0,P06,test_-_P06_-_hb_part_2,64,pearson_r,0.18262700595346062,1088,adt_epoch_5,full_subject_single_seed_validation
etard_tf64,adt,reconstruction,gate0_gate2_full_subject_single_seed_v1,0,P06,test_-_P06_-_hb_part_3,64,pearson_r,0.10189540468099648,1152,adt_epoch_5,full_subject_single_seed_validation
etard_tf64,adt,reconstruction,gate0_gate2_full_subject_single_seed_v1,0,P06,test_-_P06_-_hb_part_4,64,pearson_r,0.1564717762441927,1088,adt_epoch_5,full_subject_single_seed_validation
etard_tf64,adt,reconstruction,gate0_gate2_full_subject_single_seed_v1,0,P06,test_-_P06_-_lbDutch_part_1,64,pearson_r,0.05369732206634721,1024,adt_epoch_5,full_subject_single_seed_validation
etard_tf64,adt,reconstruction,gate0_gate2_full_subject_single_seed_v1,0,P06,test_-_P06_-_lbDutch_part_2,64,pearson_r,-0.13216317218257506,1024,adt_epoch_5,full_subject_single_seed_validation
etard_tf64,adt,reconstruction,gate0_gate2_full_subject_single_seed_v1,0,P06,test_-_P06_-_lbDutch_part_3,64,pearson_r,-0.08211088846843109,1024,adt_epoch_5,full_subject_single_seed_validation
etard_tf64,adt,reconstruction,gate0_gate2_full_subject_single_seed_v1,0,P06,test_-_P06_-_lbDutch_part_4,64,pearson_r,0.08679539940947065,1024,adt_epoch_5,full_subject_single_seed_validation
etard_tf64,adt,reconstruction,gate0_gate2_full_subject_single_seed_v1,0,P06,test_-_P06_-_lb_part_1,64,pearson_r,0.22268084615243505,1408,adt_epoch_5,full_subject_single_seed_validation
etard_tf64,adt,reconstruction,gate0_gate2_full_subject_single_seed_v1,0,P06,test_-_P06_-_lb_part_2,64,pearson_r,0.0028184999350708527,1472,adt_epoch_5,full_subject_single_seed_validation
etard_tf64,adt,reconstruction,gate0_gate2_full_subject_single_seed_v1,0,P06,test_-_P06_-_lb_part_3,64,pearson_r,0.12112802857995685,1408,adt_epoch_5,full_subject_single_seed_validation
etard_tf64,adt,reconstruction,gate0_gate2_full_subject_single_seed_v1,0,P06,test_-_P06_-_lb_part_4,64,pearson_r,0.053775056180930154,1536,adt_epoch_5,full_subject_single_seed_validation
etard_tf64,adt,reconstruction,gate0_gate2_full_subject_single_seed_v1,0,P06,test_-_P06_-_mbDutch_part_1,64,pearson_r,0.21825570374334433,1024,adt_epoch_5,full_subject_single_seed_validation
etard_tf64,adt,reconstruction,gate0_gate2_full_subject_single_seed_v1,0,P06,test_-_P06_-_mbDutch_part_2,64,pearson_r,0.1222755374593507,1024,adt_epoch_5,full_subject_single_seed_validation
etard_tf64,adt,reconstruction,gate0_gate2_full_subject_single_seed_v1,0,P06,test_-_P06_-_mbDutch_part_3,64,pearson_r,0.10178962884495234,1024,adt_epoch_5,full_subject_single_seed_validation
etard_tf64,adt,reconstruction,gate0_gate2_full_subject_single_seed_v1,0,P06,test_-_P06_-_mbDutch_part_4,64,pearson_r,0.08446470848149891,1024,adt_epoch_5,full_subject_single_seed_validation
etard_tf64,adt,reconstruction,gate0_gate2_full_subject_single_seed_v1,0,P06,test_-_P06_-_mb_part_1,64,pearson_r,-0.10804326580480968,960,adt_epoch_5,full_subject_single_seed_validation
etard_tf64,adt,reconstruction,gate0_gate2_full_subject_single_seed_v1,0,P06,test_-_P06_-_mb_part_2,64,pearson_r,-0.04541672919851246,1024,adt_epoch_5,full_subject_single_seed_validation
etard_tf64,adt,reconstruction,gate0_gate2_full_subject_single_seed_v1,0,P06,test_-_P06_-_mb_part_3,64,pearson_r,0.12524501533757817,1024,adt_epoch_5,full_subject_single_seed_validation
etard_tf64,adt,reconstruction,gate0_gate2_full_subject_single_seed_v1,0,P06,test_-_P06_-_mb_part_4,64,pearson_r,0.04248189228006437,1024,adt_epoch_5,full_subject_single_seed_validation
etard_tf64,ridge,reconstruction,gate0_gate2_full_subject_single_seed_v1,0,P07,test_-_P07_-_cleanDutch_part_1,64,pearson_r,0.0709006056736704,941,ridge_alpha_100.0,full_subject_single_seed_validation
etard_tf64,ridge,reconstruction,gate0_gate2_full_subject_single_seed_v1,0,P07,test_-_P07_-_cleanDutch_part_2,64,pearson_r,0.06876449045089128,963,ridge_alpha_100.0,full_subject_single_seed_validation
etard_tf64,ridge,reconstruction,gate0_gate2_full_subject_single_seed_v1,0,P07,test_-_P07_-_cleanDutch_part_3,64,pearson_r,0.22059460139656165,974,ridge_alpha_100.0,full_subject_single_seed_validation
etard_tf64,ridge,reconstruction,gate0_gate2_full_subject_single_seed_v1,0,P07,test_-_P07_-_cleanDutch_part_4,64,pearson_r,-0.02853360597688709,970,ridge_alpha_100.0,full_subject_single_seed_validation
etard_tf64,ridge,reconstruction,gate0_gate2_full_subject_single_seed_v1,0,P07,test_-_P07_-_clean_part_1,64,pearson_r,-0.05701986308696009,940,ridge_alpha_100.0,full_subject_single_seed_validation
etard_tf64,ridge,reconstruction,gate0_gate2_full_subject_single_seed_v1,0,P07,test_-_P07_-_clean_part_2,64,pearson_r,0.1783673345093282,976,ridge_alpha_100.0,full_subject_single_seed_validation
etard_tf64,ridge,reconstruction,gate0_gate2_full_subject_single_seed_v1,0,P07,test_-_P07_-_clean_part_3,64,pearson_r,0.00871067040679955,857,ridge_alpha_100.0,full_subject_single_seed_validation
etard_tf64,ridge,reconstruction,gate0_gate2_full_subject_single_seed_v1,0,P07,test_-_P07_-_clean_part_4,64,pearson_r,0.009304669246558196,938,ridge_alpha_100.0,full_subject_single_seed_validation
etard_tf64,ridge,reconstruction,gate0_gate2_full_subject_single_seed_v1,0,P07,test_-_P07_-_fM_part_1,64,pearson_r,-0.010343265725541137,852,ridge_alpha_100.0,full_subject_single_seed_validation
etard_tf64,ridge,reconstruction,gate0_gate2_full_subject_single_seed_v1,0,P07,test_-_P07_-_fM_part_2,64,pearson_r,0.21787806903965276,813,ridge_alpha_100.0,full_subject_single_seed_validation
etard_tf64,ridge,reconstruction,gate0_gate2_full_subject_single_seed_v1,0,P07,test_-_P07_-_fM_part_3,64,pearson_r,0.18114987489487158,869,ridge_alpha_100.0,full_subject_single_seed_validation
etard_tf64,ridge,reconstruction,gate0_gate2_full_subject_single_seed_v1,0,P07,test_-_P07_-_fM_part_4,64,pearson_r,0.26447566145372575,953,ridge_alpha_100.0,full_subject_single_seed_validation
etard_tf64,ridge,reconstruction,gate0_gate2_full_subject_single_seed_v1,0,P07,test_-_P07_-_fW_part_1,64,pearson_r,-0.12425677553954922,843,ridge_alpha_100.0,full_subject_single_seed_validation
etard_tf64,ridge,reconstruction,gate0_gate2_full_subject_single_seed_v1,0,P07,test_-_P07_-_fW_part_2,64,pearson_r,0.1746110960451404,870,ridge_alpha_100.0,full_subject_single_seed_validation
etard_tf64,ridge,reconstruction,gate0_gate2_full_subject_single_seed_v1,0,P07,test_-_P07_-_fW_part_3,64,pearson_r,0.06568978007774626,974,ridge_alpha_100.0,full_subject_single_seed_validation
etard_tf64,ridge,reconstruction,gate0_gate2_full_subject_single_seed_v1,0,P07,test_-_P07_-_fW_part_4,64,pearson_r,-0.029558753866294335,1047,ridge_alpha_100.0,full_subject_single_seed_validation
etard_tf64,ridge,reconstruction,gate0_gate2_full_subject_single_seed_v1,0,P07,test_-_P07_-_hbDutch_part_1,64,pearson_r,-0.02185539681126773,984,ridge_alpha_100.0,full_subject_single_seed_validation
etard_tf64,ridge,reconstruction,gate0_gate2_full_subject_single_seed_v1,0,P07,test_-_P07_-_hbDutch_part_2,64,pearson_r,0.07477119316607395,998,ridge_alpha_100.0,full_subject_single_seed_validation
etard_tf64,ridge,reconstruction,gate0_gate2_full_subject_single_seed_v1,0,P07,test_-_P07_-_hbDutch_part_3,64,pearson_r,-0.09001485558175394,1017,ridge_alpha_100.0,full_subject_single_seed_validation
etard_tf64,ridge,reconstruction,gate0_gate2_full_subject_single_seed_v1,0,P07,test_-_P07_-_hbDutch_part_4,64,pearson_r,0.011448662098759705,1001,ridge_alpha_100.0,full_subject_single_seed_validation
etard_tf64,ridge,reconstruction,gate0_gate2_full_subject_single_seed_v1,0,P07,test_-_P07_-_hb_part_1,64,pearson_r,0.2397114320599964,1137,ridge_alpha_100.0,full_subject_single_seed_validation
etard_tf64,ridge,reconstruction,gate0_gate2_full_subject_single_seed_v1,0,P07,test_-_P07_-_hb_part_2,64,pearson_r,0.1601917224724868,1074,ridge_alpha_100.0,full_subject_single_seed_validation
etard_tf64,ridge,reconstruction,gate0_gate2_full_subject_single_seed_v1,0,P07,test_-_P07_-_hb_part_3,64,pearson_r,0.030275267259475658,1157,ridge_alpha_100.0,full_subject_single_seed_validation
etard_tf64,ridge,reconstruction,gate0_gate2_full_subject_single_seed_v1,0,P07,test_-_P07_-_hb_part_4,64,pearson_r,0.16348686638143045,1080,ridge_alpha_100.0,full_subject_single_seed_validation
etard_tf64,ridge,reconstruction,gate0_gate2_full_subject_single_seed_v1,0,P07,test_-_P07_-_lbDutch_part_1,64,pearson_r,-0.07597671038863014,1001,ridge_alpha_100.0,full_subject_single_seed_validation
etard_tf64,ridge,reconstruction,gate0_gate2_full_subject_single_seed_v1,0,P07,test_-_P07_-_lbDutch_part_2,64,pearson_r,0.1093175312493971,1026,ridge_alpha_100.0,full_subject_single_seed_validation
etard_tf64,ridge,reconstruction,gate0_gate2_full_subject_single_seed_v1,0,P07,test_-_P07_-_lbDutch_part_3,64,pearson_r,0.06188231379540383,991,ridge_alpha_100.0,full_subject_single_seed_validation
etard_tf64,ridge,reconstruction,gate0_gate2_full_subject_single_seed_v1,0,P07,test_-_P07_-_lbDutch_part_4,64,pearson_r,-0.025247508238577694,1011,ridge_alpha_100.0,full_subject_single_seed_validation
etard_tf64,ridge,reconstruction,gate0_gate2_full_subject_single_seed_v1,0,P07,test_-_P07_-_lb_part_1,64,pearson_r,0.12183562659506757,1396,ridge_alpha_100.0,full_subject_single_seed_validation
etard_tf64,ridge,reconstruction,gate0_gate2_full_subject_single_seed_v1,0,P07,test_-_P07_-_lb_part_2,64,pearson_r,0.10133656789137449,1433,ridge_alpha_100.0,full_subject_single_seed_validation
etard_tf64,ridge,reconstruction,gate0_gate2_full_subject_single_seed_v1,0,P07,test_-_P07_-_lb_part_3,64,pearson_r,0.022851082288848575,1365,ridge_alpha_100.0,full_subject_single_seed_validation
etard_tf64,ridge,reconstruction,gate0_gate2_full_subject_single_seed_v1,0,P07,test_-_P07_-_lb_part_4,64,pearson_r,0.0962156200834531,1501,ridge_alpha_100.0,full_subject_single_seed_validation
etard_tf64,ridge,reconstruction,gate0_gate2_full_subject_single_seed_v1,0,P07,test_-_P07_-_mbDutch_part_1,64,pearson_r,-0.08008619305297275,1021,ridge_alpha_100.0,full_subject_single_seed_validation
etard_tf64,ridge,reconstruction,gate0_gate2_full_subject_single_seed_v1,0,P07,test_-_P07_-_mbDutch_part_2,64,pearson_r,-0.17054625381284283,981,ridge_alpha_100.0,full_subject_single_seed_validation
etard_tf64,ridge,reconstruction,gate0_gate2_full_subject_single_seed_v1,0,P07,test_-_P07_-_mbDutch_part_3,64,pearson_r,-0.08832909629402909,995,ridge_alpha_100.0,full_subject_single_seed_validation
etard_tf64,ridge,reconstruction,gate0_gate2_full_subject_single_seed_v1,0,P07,test_-_P07_-_mbDutch_part_4,64,pearson_r,-0.062461161076282926,1000,ridge_alpha_100.0,full_subject_single_seed_validation
etard_tf64,ridge,reconstruction,gate0_gate2_full_subject_single_seed_v1,0,P07,test_-_P07_-_mb_part_1,64,pearson_r,0.16092632281610222,945,ridge_alpha_100.0,full_subject_single_seed_validation
etard_tf64,ridge,reconstruction,gate0_gate2_full_subject_single_seed_v1,0,P07,test_-_P07_-_mb_part_2,64,pearson_r,0.15024880873402285,994,ridge_alpha_100.0,full_subject_single_seed_validation
etard_tf64,ridge,reconstruction,gate0_gate2_full_subject_single_seed_v1,0,P07,test_-_P07_-_mb_part_3,64,pearson_r,0.029813102398699505,995,ridge_alpha_100.0,full_subject_single_seed_validation
etard_tf64,ridge,reconstruction,gate0_gate2_full_subject_single_seed_v1,0,P07,test_-_P07_-_mb_part_4,64,pearson_r,-0.0014217023727684035,1034,ridge_alpha_100.0,full_subject_single_seed_validation
etard_tf64,cca,reconstruction,gate0_gate2_full_subject_single_seed_v1,0,P07,test_-_P07_-_cleanDutch_part_1,64,pearson_r,-0.06794300625879031,941,cca_nc_4,full_subject_single_seed_validation
etard_tf64,cca,reconstruction,gate0_gate2_full_subject_single_seed_v1,0,P07,test_-_P07_-_cleanDutch_part_2,64,pearson_r,-0.023255884033121378,963,cca_nc_4,full_subject_single_seed_validation
etard_tf64,cca,reconstruction,gate0_gate2_full_subject_single_seed_v1,0,P07,test_-_P07_-_cleanDutch_part_3,64,pearson_r,-0.004707305503978581,974,cca_nc_4,full_subject_single_seed_validation
etard_tf64,cca,reconstruction,gate0_gate2_full_subject_single_seed_v1,0,P07,test_-_P07_-_cleanDutch_part_4,64,pearson_r,0.05676206155632178,970,cca_nc_4,full_subject_single_seed_validation
etard_tf64,cca,reconstruction,gate0_gate2_full_subject_single_seed_v1,0,P07,test_-_P07_-_clean_part_1,64,pearson_r,-0.13506274213285152,940,cca_nc_4,full_subject_single_seed_validation
etard_tf64,cca,reconstruction,gate0_gate2_full_subject_single_seed_v1,0,P07,test_-_P07_-_clean_part_2,64,pearson_r,0.1361251112842624,976,cca_nc_4,full_subject_single_seed_validation
etard_tf64,cca,reconstruction,gate0_gate2_full_subject_single_seed_v1,0,P07,test_-_P07_-_clean_part_3,64,pearson_r,0.09985449530233992,857,cca_nc_4,full_subject_single_seed_validation
etard_tf64,cca,reconstruction,gate0_gate2_full_subject_single_seed_v1,0,P07,test_-_P07_-_clean_part_4,64,pearson_r,0.07981989954134656,938,cca_nc_4,full_subject_single_seed_validation
etard_tf64,cca,reconstruction,gate0_gate2_full_subject_single_seed_v1,0,P07,test_-_P07_-_fM_part_1,64,pearson_r,0.1233444342784683,852,cca_nc_4,full_subject_single_seed_validation
etard_tf64,cca,reconstruction,gate0_gate2_full_subject_single_seed_v1,0,P07,test_-_P07_-_fM_part_2,64,pearson_r,0.16947129208158754,813,cca_nc_4,full_subject_single_seed_validation
etard_tf64,cca,reconstruction,gate0_gate2_full_subject_single_seed_v1,0,P07,test_-_P07_-_fM_part_3,64,pearson_r,0.15754136956539708,869,cca_nc_4,full_subject_single_seed_validation
etard_tf64,cca,reconstruction,gate0_gate2_full_subject_single_seed_v1,0,P07,test_-_P07_-_fM_part_4,64,pearson_r,0.2986592466280946,953,cca_nc_4,full_subject_single_seed_validation
etard_tf64,cca,reconstruction,gate0_gate2_full_subject_single_seed_v1,0,P07,test_-_P07_-_fW_part_1,64,pearson_r,-0.1267392026853443,843,cca_nc_4,full_subject_single_seed_validation
etard_tf64,cca,reconstruction,gate0_gate2_full_subject_single_seed_v1,0,P07,test_-_P07_-_fW_part_2,64,pearson_r,0.178422233561533,870,cca_nc_4,full_subject_single_seed_validation
etard_tf64,cca,reconstruction,gate0_gate2_full_subject_single_seed_v1,0,P07,test_-_P07_-_fW_part_3,64,pearson_r,0.028065605188769004,974,cca_nc_4,full_subject_single_seed_validation
etard_tf64,cca,reconstruction,gate0_gate2_full_subject_single_seed_v1,0,P07,test_-_P07_-_fW_part_4,64,pearson_r,-0.041743329362401854,1047,cca_nc_4,full_subject_single_seed_validation
etard_tf64,cca,reconstruction,gate0_gate2_full_subject_single_seed_v1,0,P07,test_-_P07_-_hbDutch_part_1,64,pearson_r,-0.0158772004968325,984,cca_nc_4,full_subject_single_seed_validation
etard_tf64,cca,reconstruction,gate0_gate2_full_subject_single_seed_v1,0,P07,test_-_P07_-_hbDutch_part_2,64,pearson_r,0.21214442125565078,998,cca_nc_4,full_subject_single_seed_validation
etard_tf64,cca,reconstruction,gate0_gate2_full_subject_single_seed_v1,0,P07,test_-_P07_-_hbDutch_part_3,64,pearson_r,-0.10541249918706158,1017,cca_nc_4,full_subject_single_seed_validation
etard_tf64,cca,reconstruction,gate0_gate2_full_subject_single_seed_v1,0,P07,test_-_P07_-_hbDutch_part_4,64,pearson_r,0.02572502606864229,1001,cca_nc_4,full_subject_single_seed_validation
etard_tf64,cca,reconstruction,gate0_gate2_full_subject_single_seed_v1,0,P07,test_-_P07_-_hb_part_1,64,pearson_r,0.29803106434050947,1137,cca_nc_4,full_subject_single_seed_validation
etard_tf64,cca,reconstruction,gate0_gate2_full_subject_single_seed_v1,0,P07,test_-_P07_-_hb_part_2,64,pearson_r,0.22804424628431916,1074,cca_nc_4,full_subject_single_seed_validation
etard_tf64,cca,reconstruction,gate0_gate2_full_subject_single_seed_v1,0,P07,test_-_P07_-_hb_part_3,64,pearson_r,0.09462546148449816,1157,cca_nc_4,full_subject_single_seed_validation
etard_tf64,cca,reconstruction,gate0_gate2_full_subject_single_seed_v1,0,P07,test_-_P07_-_hb_part_4,64,pearson_r,0.2748897831087535,1080,cca_nc_4,full_subject_single_seed_validation
etard_tf64,cca,reconstruction,gate0_gate2_full_subject_single_seed_v1,0,P07,test_-_P07_-_lbDutch_part_1,64,pearson_r,-0.13248891974001967,1001,cca_nc_4,full_subject_single_seed_validation
etard_tf64,cca,reconstruction,gate0_gate2_full_subject_single_seed_v1,0,P07,test_-_P07_-_lbDutch_part_2,64,pearson_r,0.13454454154784912,1026,cca_nc_4,full_subject_single_seed_validation
etard_tf64,cca,reconstruction,gate0_gate2_full_subject_single_seed_v1,0,P07,test_-_P07_-_lbDutch_part_3,64,pearson_r,-0.06782752353664201,991,cca_nc_4,full_subject_single_seed_validation
etard_tf64,cca,reconstruction,gate0_gate2_full_subject_single_seed_v1,0,P07,test_-_P07_-_lbDutch_part_4,64,pearson_r,-0.0380983809165958,1011,cca_nc_4,full_subject_single_seed_validation
etard_tf64,cca,reconstruction,gate0_gate2_full_subject_single_seed_v1,0,P07,test_-_P07_-_lb_part_1,64,pearson_r,0.05653168505056019,1396,cca_nc_4,full_subject_single_seed_validation
etard_tf64,cca,reconstruction,gate0_gate2_full_subject_single_seed_v1,0,P07,test_-_P07_-_lb_part_2,64,pearson_r,0.0415697771611589,1433,cca_nc_4,full_subject_single_seed_validation
etard_tf64,cca,reconstruction,gate0_gate2_full_subject_single_seed_v1,0,P07,test_-_P07_-_lb_part_3,64,pearson_r,-0.012519794679665328,1365,cca_nc_4,full_subject_single_seed_validation
etard_tf64,cca,reconstruction,gate0_gate2_full_subject_single_seed_v1,0,P07,test_-_P07_-_lb_part_4,64,pearson_r,0.036455454805220756,1501,cca_nc_4,full_subject_single_seed_validation
etard_tf64,cca,reconstruction,gate0_gate2_full_subject_single_seed_v1,0,P07,test_-_P07_-_mbDutch_part_1,64,pearson_r,0.057635658630137684,1021,cca_nc_4,full_subject_single_seed_validation
etard_tf64,cca,reconstruction,gate0_gate2_full_subject_single_seed_v1,0,P07,test_-_P07_-_mbDutch_part_2,64,pearson_r,-0.07165084692354093,981,cca_nc_4,full_subject_single_seed_validation
etard_tf64,cca,reconstruction,gate0_gate2_full_subject_single_seed_v1,0,P07,test_-_P07_-_mbDutch_part_3,64,pearson_r,-0.022344387189926724,995,cca_nc_4,full_subject_single_seed_validation
etard_tf64,cca,reconstruction,gate0_gate2_full_subject_single_seed_v1,0,P07,test_-_P07_-_mbDutch_part_4,64,pearson_r,-0.05910450661435683,1000,cca_nc_4,full_subject_single_seed_validation
etard_tf64,cca,reconstruction,gate0_gate2_full_subject_single_seed_v1,0,P07,test_-_P07_-_mb_part_1,64,pearson_r,-0.017005746577510267,945,cca_nc_4,full_subject_single_seed_validation
etard_tf64,cca,reconstruction,gate0_gate2_full_subject_single_seed_v1,0,P07,test_-_P07_-_mb_part_2,64,pearson_r,-0.015292236888558932,994,cca_nc_4,full_subject_single_seed_validation
etard_tf64,cca,reconstruction,gate0_gate2_full_subject_single_seed_v1,0,P07,test_-_P07_-_mb_part_3,64,pearson_r,-0.012633285038470029,995,cca_nc_4,full_subject_single_seed_validation
etard_tf64,cca,reconstruction,gate0_gate2_full_subject_single_seed_v1,0,P07,test_-_P07_-_mb_part_4,64,pearson_r,0.10694869443275527,1034,cca_nc_4,full_subject_single_seed_validation
etard_tf64,fcnn,reconstruction,gate0_gate2_full_subject_single_seed_v1,0,P07,test_-_P07_-_cleanDutch_part_1,64,pearson_r,-0.05754688917499212,941,fcnn_epoch_2,full_subject_single_seed_validation
etard_tf64,fcnn,reconstruction,gate0_gate2_full_subject_single_seed_v1,0,P07,test_-_P07_-_cleanDutch_part_2,64,pearson_r,0.05242412083887029,963,fcnn_epoch_2,full_subject_single_seed_validation
etard_tf64,fcnn,reconstruction,gate0_gate2_full_subject_single_seed_v1,0,P07,test_-_P07_-_cleanDutch_part_3,64,pearson_r,-0.060223295148349516,974,fcnn_epoch_2,full_subject_single_seed_validation
etard_tf64,fcnn,reconstruction,gate0_gate2_full_subject_single_seed_v1,0,P07,test_-_P07_-_cleanDutch_part_4,64,pearson_r,-0.01229264867309718,970,fcnn_epoch_2,full_subject_single_seed_validation
etard_tf64,fcnn,reconstruction,gate0_gate2_full_subject_single_seed_v1,0,P07,test_-_P07_-_clean_part_1,64,pearson_r,0.036031883871774494,940,fcnn_epoch_2,full_subject_single_seed_validation
etard_tf64,fcnn,reconstruction,gate0_gate2_full_subject_single_seed_v1,0,P07,test_-_P07_-_clean_part_2,64,pearson_r,0.1557649430877161,976,fcnn_epoch_2,full_subject_single_seed_validation
etard_tf64,fcnn,reconstruction,gate0_gate2_full_subject_single_seed_v1,0,P07,test_-_P07_-_clean_part_3,64,pearson_r,0.03991110534583302,857,fcnn_epoch_2,full_subject_single_seed_validation
etard_tf64,fcnn,reconstruction,gate0_gate2_full_subject_single_seed_v1,0,P07,test_-_P07_-_clean_part_4,64,pearson_r,-0.027236885790094513,938,fcnn_epoch_2,full_subject_single_seed_validation
etard_tf64,fcnn,reconstruction,gate0_gate2_full_subject_single_seed_v1,0,P07,test_-_P07_-_fM_part_1,64,pearson_r,0.19977489410200186,852,fcnn_epoch_2,full_subject_single_seed_validation
etard_tf64,fcnn,reconstruction,gate0_gate2_full_subject_single_seed_v1,0,P07,test_-_P07_-_fM_part_2,64,pearson_r,0.14635449102762252,813,fcnn_epoch_2,full_subject_single_seed_validation
etard_tf64,fcnn,reconstruction,gate0_gate2_full_subject_single_seed_v1,0,P07,test_-_P07_-_fM_part_3,64,pearson_r,0.119702094684886,869,fcnn_epoch_2,full_subject_single_seed_validation
etard_tf64,fcnn,reconstruction,gate0_gate2_full_subject_single_seed_v1,0,P07,test_-_P07_-_fM_part_4,64,pearson_r,0.13213036857396226,953,fcnn_epoch_2,full_subject_single_seed_validation
etard_tf64,fcnn,reconstruction,gate0_gate2_full_subject_single_seed_v1,0,P07,test_-_P07_-_fW_part_1,64,pearson_r,-0.16541003738504287,843,fcnn_epoch_2,full_subject_single_seed_validation
etard_tf64,fcnn,reconstruction,gate0_gate2_full_subject_single_seed_v1,0,P07,test_-_P07_-_fW_part_2,64,pearson_r,-0.009802663370616792,870,fcnn_epoch_2,full_subject_single_seed_validation
etard_tf64,fcnn,reconstruction,gate0_gate2_full_subject_single_seed_v1,0,P07,test_-_P07_-_fW_part_3,64,pearson_r,-0.003488969892644828,974,fcnn_epoch_2,full_subject_single_seed_validation
etard_tf64,fcnn,reconstruction,gate0_gate2_full_subject_single_seed_v1,0,P07,test_-_P07_-_fW_part_4,64,pearson_r,-0.09705054698065087,1047,fcnn_epoch_2,full_subject_single_seed_validation
etard_tf64,fcnn,reconstruction,gate0_gate2_full_subject_single_seed_v1,0,P07,test_-_P07_-_hbDutch_part_1,64,pearson_r,0.01564947669962133,984,fcnn_epoch_2,full_subject_single_seed_validation
etard_tf64,fcnn,reconstruction,gate0_gate2_full_subject_single_seed_v1,0,P07,test_-_P07_-_hbDutch_part_2,64,pearson_r,0.1195910672845782,998,fcnn_epoch_2,full_subject_single_seed_validation
etard_tf64,fcnn,reconstruction,gate0_gate2_full_subject_single_seed_v1,0,P07,test_-_P07_-_hbDutch_part_3,64,pearson_r,-0.11353650128692806,1017,fcnn_epoch_2,full_subject_single_seed_validation
etard_tf64,fcnn,reconstruction,gate0_gate2_full_subject_single_seed_v1,0,P07,test_-_P07_-_hbDutch_part_4,64,pearson_r,-0.050737542086114036,1001,fcnn_epoch_2,full_subject_single_seed_validation
etard_tf64,fcnn,reconstruction,gate0_gate2_full_subject_single_seed_v1,0,P07,test_-_P07_-_hb_part_1,64,pearson_r,0.2020579648011514,1137,fcnn_epoch_2,full_subject_single_seed_validation
etard_tf64,fcnn,reconstruction,gate0_gate2_full_subject_single_seed_v1,0,P07,test_-_P07_-_hb_part_2,64,pearson_r,0.19964356332924812,1074,fcnn_epoch_2,full_subject_single_seed_validation
etard_tf64,fcnn,reconstruction,gate0_gate2_full_subject_single_seed_v1,0,P07,test_-_P07_-_hb_part_3,64,pearson_r,0.09821861756644829,1157,fcnn_epoch_2,full_subject_single_seed_validation
etard_tf64,fcnn,reconstruction,gate0_gate2_full_subject_single_seed_v1,0,P07,test_-_P07_-_hb_part_4,64,pearson_r,0.26197410095529783,1080,fcnn_epoch_2,full_subject_single_seed_validation
etard_tf64,fcnn,reconstruction,gate0_gate2_full_subject_single_seed_v1,0,P07,test_-_P07_-_lbDutch_part_1,64,pearson_r,-0.07010951574704412,1001,fcnn_epoch_2,full_subject_single_seed_validation
etard_tf64,fcnn,reconstruction,gate0_gate2_full_subject_single_seed_v1,0,P07,test_-_P07_-_lbDutch_part_2,64,pearson_r,0.14643543859066496,1026,fcnn_epoch_2,full_subject_single_seed_validation
etard_tf64,fcnn,reconstruction,gate0_gate2_full_subject_single_seed_v1,0,P07,test_-_P07_-_lbDutch_part_3,64,pearson_r,-0.10131068779439353,991,fcnn_epoch_2,full_subject_single_seed_validation
etard_tf64,fcnn,reconstruction,gate0_gate2_full_subject_single_seed_v1,0,P07,test_-_P07_-_lbDutch_part_4,64,pearson_r,0.0262217286323536,1011,fcnn_epoch_2,full_subject_single_seed_validation
etard_tf64,fcnn,reconstruction,gate0_gate2_full_subject_single_seed_v1,0,P07,test_-_P07_-_lb_part_1,64,pearson_r,0.027740416322657505,1396,fcnn_epoch_2,full_subject_single_seed_validation
etard_tf64,fcnn,reconstruction,gate0_gate2_full_subject_single_seed_v1,0,P07,test_-_P07_-_lb_part_2,64,pearson_r,0.14385660414063164,1433,fcnn_epoch_2,full_subject_single_seed_validation
etard_tf64,fcnn,reconstruction,gate0_gate2_full_subject_single_seed_v1,0,P07,test_-_P07_-_lb_part_3,64,pearson_r,0.010817394944885768,1365,fcnn_epoch_2,full_subject_single_seed_validation
etard_tf64,fcnn,reconstruction,gate0_gate2_full_subject_single_seed_v1,0,P07,test_-_P07_-_lb_part_4,64,pearson_r,0.12206515202143284,1501,fcnn_epoch_2,full_subject_single_seed_validation
etard_tf64,fcnn,reconstruction,gate0_gate2_full_subject_single_seed_v1,0,P07,test_-_P07_-_mbDutch_part_1,64,pearson_r,0.09471562892165653,1021,fcnn_epoch_2,full_subject_single_seed_validation
etard_tf64,fcnn,reconstruction,gate0_gate2_full_subject_single_seed_v1,0,P07,test_-_P07_-_mbDutch_part_2,64,pearson_r,-0.09387059163459516,981,fcnn_epoch_2,full_subject_single_seed_validation
etard_tf64,fcnn,reconstruction,gate0_gate2_full_subject_single_seed_v1,0,P07,test_-_P07_-_mbDutch_part_3,64,pearson_r,0.015422823219131578,995,fcnn_epoch_2,full_subject_single_seed_validation
etard_tf64,fcnn,reconstruction,gate0_gate2_full_subject_single_seed_v1,0,P07,test_-_P07_-_mbDutch_part_4,64,pearson_r,-0.044682096998769356,1000,fcnn_epoch_2,full_subject_single_seed_validation
etard_tf64,fcnn,reconstruction,gate0_gate2_full_subject_single_seed_v1,0,P07,test_-_P07_-_mb_part_1,64,pearson_r,0.12840556148850632,945,fcnn_epoch_2,full_subject_single_seed_validation
etard_tf64,fcnn,reconstruction,gate0_gate2_full_subject_single_seed_v1,0,P07,test_-_P07_-_mb_part_2,64,pearson_r,-0.03030303747491905,994,fcnn_epoch_2,full_subject_single_seed_validation
etard_tf64,fcnn,reconstruction,gate0_gate2_full_subject_single_seed_v1,0,P07,test_-_P07_-_mb_part_3,64,pearson_r,0.0435662573763587,995,fcnn_epoch_2,full_subject_single_seed_validation
etard_tf64,fcnn,reconstruction,gate0_gate2_full_subject_single_seed_v1,0,P07,test_-_P07_-_mb_part_4,64,pearson_r,0.06995555102931496,1034,fcnn_epoch_2,full_subject_single_seed_validation
etard_tf64,adt,reconstruction,gate0_gate2_full_subject_single_seed_v1,0,P07,test_-_P07_-_cleanDutch_part_1,64,pearson_r,0.049541802962134826,960,adt_epoch_6,full_subject_single_seed_validation
etard_tf64,adt,reconstruction,gate0_gate2_full_subject_single_seed_v1,0,P07,test_-_P07_-_cleanDutch_part_2,64,pearson_r,0.034492604638156434,960,adt_epoch_6,full_subject_single_seed_validation
etard_tf64,adt,reconstruction,gate0_gate2_full_subject_single_seed_v1,0,P07,test_-_P07_-_cleanDutch_part_3,64,pearson_r,0.008832565888497968,960,adt_epoch_6,full_subject_single_seed_validation
etard_tf64,adt,reconstruction,gate0_gate2_full_subject_single_seed_v1,0,P07,test_-_P07_-_cleanDutch_part_4,64,pearson_r,0.0127786294441988,960,adt_epoch_6,full_subject_single_seed_validation
etard_tf64,adt,reconstruction,gate0_gate2_full_subject_single_seed_v1,0,P07,test_-_P07_-_clean_part_1,64,pearson_r,-0.0007602093976591844,960,adt_epoch_6,full_subject_single_seed_validation
etard_tf64,adt,reconstruction,gate0_gate2_full_subject_single_seed_v1,0,P07,test_-_P07_-_clean_part_2,64,pearson_r,0.07234881138716023,1024,adt_epoch_6,full_subject_single_seed_validation
etard_tf64,adt,reconstruction,gate0_gate2_full_subject_single_seed_v1,0,P07,test_-_P07_-_clean_part_3,64,pearson_r,-0.07155955181032096,896,adt_epoch_6,full_subject_single_seed_validation
etard_tf64,adt,reconstruction,gate0_gate2_full_subject_single_seed_v1,0,P07,test_-_P07_-_clean_part_4,64,pearson_r,0.08858149592847316,960,adt_epoch_6,full_subject_single_seed_validation
etard_tf64,adt,reconstruction,gate0_gate2_full_subject_single_seed_v1,0,P07,test_-_P07_-_fM_part_1,64,pearson_r,-0.05107979508245502,896,adt_epoch_6,full_subject_single_seed_validation
etard_tf64,adt,reconstruction,gate0_gate2_full_subject_single_seed_v1,0,P07,test_-_P07_-_fM_part_2,64,pearson_r,0.2384523028752315,832,adt_epoch_6,full_subject_single_seed_validation
etard_tf64,adt,reconstruction,gate0_gate2_full_subject_single_seed_v1,0,P07,test_-_P07_-_fM_part_3,64,pearson_r,0.23406270593251896,896,adt_epoch_6,full_subject_single_seed_validation
etard_tf64,adt,reconstruction,gate0_gate2_full_subject_single_seed_v1,0,P07,test_-_P07_-_fM_part_4,64,pearson_r,-0.013810662468582643,960,adt_epoch_6,full_subject_single_seed_validation
etard_tf64,adt,reconstruction,gate0_gate2_full_subject_single_seed_v1,0,P07,test_-_P07_-_fW_part_1,64,pearson_r,-0.18719903360685003,832,adt_epoch_6,full_subject_single_seed_validation
etard_tf64,adt,reconstruction,gate0_gate2_full_subject_single_seed_v1,0,P07,test_-_P07_-_fW_part_2,64,pearson_r,0.11860838514333169,896,adt_epoch_6,full_subject_single_seed_validation
etard_tf64,adt,reconstruction,gate0_gate2_full_subject_single_seed_v1,0,P07,test_-_P07_-_fW_part_3,64,pearson_r,-0.12175414472187883,960,adt_epoch_6,full_subject_single_seed_validation
etard_tf64,adt,reconstruction,gate0_gate2_full_subject_single_seed_v1,0,P07,test_-_P07_-_fW_part_4,64,pearson_r,-0.03968026804127045,1088,adt_epoch_6,full_subject_single_seed_validation
etard_tf64,adt,reconstruction,gate0_gate2_full_subject_single_seed_v1,0,P07,test_-_P07_-_hbDutch_part_1,64,pearson_r,0.16981521220197301,1024,adt_epoch_6,full_subject_single_seed_validation
etard_tf64,adt,reconstruction,gate0_gate2_full_subject_single_seed_v1,0,P07,test_-_P07_-_hbDutch_part_2,64,pearson_r,0.14758636580959017,1024,adt_epoch_6,full_subject_single_seed_validation
etard_tf64,adt,reconstruction,gate0_gate2_full_subject_single_seed_v1,0,P07,test_-_P07_-_hbDutch_part_3,64,pearson_r,-0.07389769066821168,1024,adt_epoch_6,full_subject_single_seed_validation
etard_tf64,adt,reconstruction,gate0_gate2_full_subject_single_seed_v1,0,P07,test_-_P07_-_hbDutch_part_4,64,pearson_r,0.20278919163749665,1024,adt_epoch_6,full_subject_single_seed_validation
etard_tf64,adt,reconstruction,gate0_gate2_full_subject_single_seed_v1,0,P07,test_-_P07_-_hb_part_1,64,pearson_r,0.10763741093387454,1152,adt_epoch_6,full_subject_single_seed_validation
etard_tf64,adt,reconstruction,gate0_gate2_full_subject_single_seed_v1,0,P07,test_-_P07_-_hb_part_2,64,pearson_r,0.03455941300730497,1088,adt_epoch_6,full_subject_single_seed_validation
etard_tf64,adt,reconstruction,gate0_gate2_full_subject_single_seed_v1,0,P07,test_-_P07_-_hb_part_3,64,pearson_r,0.2429078177973317,1152,adt_epoch_6,full_subject_single_seed_validation
etard_tf64,adt,reconstruction,gate0_gate2_full_subject_single_seed_v1,0,P07,test_-_P07_-_hb_part_4,64,pearson_r,0.1800894419500207,1088,adt_epoch_6,full_subject_single_seed_validation
etard_tf64,adt,reconstruction,gate0_gate2_full_subject_single_seed_v1,0,P07,test_-_P07_-_lbDutch_part_1,64,pearson_r,0.025317861628438684,1024,adt_epoch_6,full_subject_single_seed_validation
etard_tf64,adt,reconstruction,gate0_gate2_full_subject_single_seed_v1,0,P07,test_-_P07_-_lbDutch_part_2,64,pearson_r,0.14191144066373945,1024,adt_epoch_6,full_subject_single_seed_validation
etard_tf64,adt,reconstruction,gate0_gate2_full_subject_single_seed_v1,0,P07,test_-_P07_-_lbDutch_part_3,64,pearson_r,-0.0065191722216375895,1024,adt_epoch_6,full_subject_single_seed_validation
etard_tf64,adt,reconstruction,gate0_gate2_full_subject_single_seed_v1,0,P07,test_-_P07_-_lbDutch_part_4,64,pearson_r,-0.10228254223679535,1024,adt_epoch_6,full_subject_single_seed_validation
etard_tf64,adt,reconstruction,gate0_gate2_full_subject_single_seed_v1,0,P07,test_-_P07_-_lb_part_1,64,pearson_r,0.03638041325618367,1408,adt_epoch_6,full_subject_single_seed_validation
etard_tf64,adt,reconstruction,gate0_gate2_full_subject_single_seed_v1,0,P07,test_-_P07_-_lb_part_2,64,pearson_r,-0.10826644454476805,1472,adt_epoch_6,full_subject_single_seed_validation
etard_tf64,adt,reconstruction,gate0_gate2_full_subject_single_seed_v1,0,P07,test_-_P07_-_lb_part_3,64,pearson_r,0.026305809051645455,1408,adt_epoch_6,full_subject_single_seed_validation
etard_tf64,adt,reconstruction,gate0_gate2_full_subject_single_seed_v1,0,P07,test_-_P07_-_lb_part_4,64,pearson_r,0.07023947026824884,1536,adt_epoch_6,full_subject_single_seed_validation
etard_tf64,adt,reconstruction,gate0_gate2_full_subject_single_seed_v1,0,P07,test_-_P07_-_mbDutch_part_1,64,pearson_r,0.026730882467663558,1024,adt_epoch_6,full_subject_single_seed_validation
etard_tf64,adt,reconstruction,gate0_gate2_full_subject_single_seed_v1,0,P07,test_-_P07_-_mbDutch_part_2,64,pearson_r,0.16181623350594934,1024,adt_epoch_6,full_subject_single_seed_validation
etard_tf64,adt,reconstruction,gate0_gate2_full_subject_single_seed_v1,0,P07,test_-_P07_-_mbDutch_part_3,64,pearson_r,0.19281973188563237,1024,adt_epoch_6,full_subject_single_seed_validation
etard_tf64,adt,reconstruction,gate0_gate2_full_subject_single_seed_v1,0,P07,test_-_P07_-_mbDutch_part_4,64,pearson_r,0.028803320796506805,1024,adt_epoch_6,full_subject_single_seed_validation
etard_tf64,adt,reconstruction,gate0_gate2_full_subject_single_seed_v1,0,P07,test_-_P07_-_mb_part_1,64,pearson_r,-0.05999118700142899,960,adt_epoch_6,full_subject_single_seed_validation
etard_tf64,adt,reconstruction,gate0_gate2_full_subject_single_seed_v1,0,P07,test_-_P07_-_mb_part_2,64,pearson_r,-0.016409037266637914,1024,adt_epoch_6,full_subject_single_seed_validation
etard_tf64,adt,reconstruction,gate0_gate2_full_subject_single_seed_v1,0,P07,test_-_P07_-_mb_part_3,64,pearson_r,0.06878305475500669,1024,adt_epoch_6,full_subject_single_seed_validation
etard_tf64,adt,reconstruction,gate0_gate2_full_subject_single_seed_v1,0,P07,test_-_P07_-_mb_part_4,64,pearson_r,0.12548677992837443,1024,adt_epoch_6,full_subject_single_seed_validation
etard_tf64,ridge,reconstruction,gate0_gate2_full_subject_single_seed_v1,0,P08,test_-_P08_-_cleanDutch_part_1,64,pearson_r,0.029531470493847082,941,ridge_alpha_100.0,full_subject_single_seed_validation
etard_tf64,ridge,reconstruction,gate0_gate2_full_subject_single_seed_v1,0,P08,test_-_P08_-_cleanDutch_part_2,64,pearson_r,0.10178161918328464,963,ridge_alpha_100.0,full_subject_single_seed_validation
etard_tf64,ridge,reconstruction,gate0_gate2_full_subject_single_seed_v1,0,P08,test_-_P08_-_cleanDutch_part_3,64,pearson_r,0.013286865762274086,974,ridge_alpha_100.0,full_subject_single_seed_validation
etard_tf64,ridge,reconstruction,gate0_gate2_full_subject_single_seed_v1,0,P08,test_-_P08_-_cleanDutch_part_4,64,pearson_r,0.04330283847273393,970,ridge_alpha_100.0,full_subject_single_seed_validation
etard_tf64,ridge,reconstruction,gate0_gate2_full_subject_single_seed_v1,0,P08,test_-_P08_-_clean_part_1,64,pearson_r,0.17390494211650917,940,ridge_alpha_100.0,full_subject_single_seed_validation
etard_tf64,ridge,reconstruction,gate0_gate2_full_subject_single_seed_v1,0,P08,test_-_P08_-_clean_part_2,64,pearson_r,0.19038080372553373,976,ridge_alpha_100.0,full_subject_single_seed_validation
etard_tf64,ridge,reconstruction,gate0_gate2_full_subject_single_seed_v1,0,P08,test_-_P08_-_clean_part_3,64,pearson_r,0.23584056013161883,857,ridge_alpha_100.0,full_subject_single_seed_validation
etard_tf64,ridge,reconstruction,gate0_gate2_full_subject_single_seed_v1,0,P08,test_-_P08_-_clean_part_4,64,pearson_r,0.24954426440887167,938,ridge_alpha_100.0,full_subject_single_seed_validation
etard_tf64,ridge,reconstruction,gate0_gate2_full_subject_single_seed_v1,0,P08,test_-_P08_-_fM_part_1,64,pearson_r,0.2171482902801164,852,ridge_alpha_100.0,full_subject_single_seed_validation
etard_tf64,ridge,reconstruction,gate0_gate2_full_subject_single_seed_v1,0,P08,test_-_P08_-_fM_part_2,64,pearson_r,0.3065763916065807,813,ridge_alpha_100.0,full_subject_single_seed_validation
etard_tf64,ridge,reconstruction,gate0_gate2_full_subject_single_seed_v1,0,P08,test_-_P08_-_fM_part_3,64,pearson_r,0.1382536574360195,869,ridge_alpha_100.0,full_subject_single_seed_validation
etard_tf64,ridge,reconstruction,gate0_gate2_full_subject_single_seed_v1,0,P08,test_-_P08_-_fM_part_4,64,pearson_r,0.3459201283824186,953,ridge_alpha_100.0,full_subject_single_seed_validation
etard_tf64,ridge,reconstruction,gate0_gate2_full_subject_single_seed_v1,0,P08,test_-_P08_-_fW_part_1,64,pearson_r,0.13231374213292163,843,ridge_alpha_100.0,full_subject_single_seed_validation
etard_tf64,ridge,reconstruction,gate0_gate2_full_subject_single_seed_v1,0,P08,test_-_P08_-_fW_part_2,64,pearson_r,0.24996100304450797,870,ridge_alpha_100.0,full_subject_single_seed_validation
etard_tf64,ridge,reconstruction,gate0_gate2_full_subject_single_seed_v1,0,P08,test_-_P08_-_fW_part_3,64,pearson_r,0.12313586491706717,974,ridge_alpha_100.0,full_subject_single_seed_validation
etard_tf64,ridge,reconstruction,gate0_gate2_full_subject_single_seed_v1,0,P08,test_-_P08_-_fW_part_4,64,pearson_r,0.3204404018598563,1047,ridge_alpha_100.0,full_subject_single_seed_validation
etard_tf64,ridge,reconstruction,gate0_gate2_full_subject_single_seed_v1,0,P08,test_-_P08_-_hbDutch_part_1,64,pearson_r,0.003594646058470185,984,ridge_alpha_100.0,full_subject_single_seed_validation
etard_tf64,ridge,reconstruction,gate0_gate2_full_subject_single_seed_v1,0,P08,test_-_P08_-_hbDutch_part_2,64,pearson_r,0.08800076045170348,998,ridge_alpha_100.0,full_subject_single_seed_validation
etard_tf64,ridge,reconstruction,gate0_gate2_full_subject_single_seed_v1,0,P08,test_-_P08_-_hbDutch_part_3,64,pearson_r,0.05970805748278448,1017,ridge_alpha_100.0,full_subject_single_seed_validation
etard_tf64,ridge,reconstruction,gate0_gate2_full_subject_single_seed_v1,0,P08,test_-_P08_-_hbDutch_part_4,64,pearson_r,-0.025125400519144143,1001,ridge_alpha_100.0,full_subject_single_seed_validation
etard_tf64,ridge,reconstruction,gate0_gate2_full_subject_single_seed_v1,0,P08,test_-_P08_-_hb_part_1,64,pearson_r,0.18305608741828544,1137,ridge_alpha_100.0,full_subject_single_seed_validation
etard_tf64,ridge,reconstruction,gate0_gate2_full_subject_single_seed_v1,0,P08,test_-_P08_-_hb_part_2,64,pearson_r,0.26247124454066656,1074,ridge_alpha_100.0,full_subject_single_seed_validation
etard_tf64,ridge,reconstruction,gate0_gate2_full_subject_single_seed_v1,0,P08,test_-_P08_-_hb_part_3,64,pearson_r,0.15024404395844498,1157,ridge_alpha_100.0,full_subject_single_seed_validation
etard_tf64,ridge,reconstruction,gate0_gate2_full_subject_single_seed_v1,0,P08,test_-_P08_-_hb_part_4,64,pearson_r,0.13985568907014634,1080,ridge_alpha_100.0,full_subject_single_seed_validation
etard_tf64,ridge,reconstruction,gate0_gate2_full_subject_single_seed_v1,0,P08,test_-_P08_-_lbDutch_part_1,64,pearson_r,0.014583946588644474,1001,ridge_alpha_100.0,full_subject_single_seed_validation
etard_tf64,ridge,reconstruction,gate0_gate2_full_subject_single_seed_v1,0,P08,test_-_P08_-_lbDutch_part_2,64,pearson_r,0.1291542294966677,1026,ridge_alpha_100.0,full_subject_single_seed_validation
etard_tf64,ridge,reconstruction,gate0_gate2_full_subject_single_seed_v1,0,P08,test_-_P08_-_lbDutch_part_3,64,pearson_r,0.02940726100742471,991,ridge_alpha_100.0,full_subject_single_seed_validation
etard_tf64,ridge,reconstruction,gate0_gate2_full_subject_single_seed_v1,0,P08,test_-_P08_-_lbDutch_part_4,64,pearson_r,0.019485664133009672,1011,ridge_alpha_100.0,full_subject_single_seed_validation
etard_tf64,ridge,reconstruction,gate0_gate2_full_subject_single_seed_v1,0,P08,test_-_P08_-_lb_part_1,64,pearson_r,0.2004776681800144,1396,ridge_alpha_100.0,full_subject_single_seed_validation
etard_tf64,ridge,reconstruction,gate0_gate2_full_subject_single_seed_v1,0,P08,test_-_P08_-_lb_part_2,64,pearson_r,0.11856648826892457,1433,ridge_alpha_100.0,full_subject_single_seed_validation
etard_tf64,ridge,reconstruction,gate0_gate2_full_subject_single_seed_v1,0,P08,test_-_P08_-_lb_part_3,64,pearson_r,0.17244188456670628,1365,ridge_alpha_100.0,full_subject_single_seed_validation
etard_tf64,ridge,reconstruction,gate0_gate2_full_subject_single_seed_v1,0,P08,test_-_P08_-_lb_part_4,64,pearson_r,0.2665125424795727,1501,ridge_alpha_100.0,full_subject_single_seed_validation
etard_tf64,ridge,reconstruction,gate0_gate2_full_subject_single_seed_v1,0,P08,test_-_P08_-_mbDutch_part_1,64,pearson_r,0.13688859325041466,1021,ridge_alpha_100.0,full_subject_single_seed_validation
etard_tf64,ridge,reconstruction,gate0_gate2_full_subject_single_seed_v1,0,P08,test_-_P08_-_mbDutch_part_2,64,pearson_r,0.01945253834547167,981,ridge_alpha_100.0,full_subject_single_seed_validation
etard_tf64,ridge,reconstruction,gate0_gate2_full_subject_single_seed_v1,0,P08,test_-_P08_-_mbDutch_part_3,64,pearson_r,0.14563811241184,995,ridge_alpha_100.0,full_subject_single_seed_validation
etard_tf64,ridge,reconstruction,gate0_gate2_full_subject_single_seed_v1,0,P08,test_-_P08_-_mbDutch_part_4,64,pearson_r,0.03473078373891187,1000,ridge_alpha_100.0,full_subject_single_seed_validation
etard_tf64,ridge,reconstruction,gate0_gate2_full_subject_single_seed_v1,0,P08,test_-_P08_-_mb_part_1,64,pearson_r,0.10755679362471547,945,ridge_alpha_100.0,full_subject_single_seed_validation
etard_tf64,ridge,reconstruction,gate0_gate2_full_subject_single_seed_v1,0,P08,test_-_P08_-_mb_part_2,64,pearson_r,0.14483996487591855,994,ridge_alpha_100.0,full_subject_single_seed_validation
etard_tf64,ridge,reconstruction,gate0_gate2_full_subject_single_seed_v1,0,P08,test_-_P08_-_mb_part_3,64,pearson_r,0.15204751058321703,995,ridge_alpha_100.0,full_subject_single_seed_validation
etard_tf64,ridge,reconstruction,gate0_gate2_full_subject_single_seed_v1,0,P08,test_-_P08_-_mb_part_4,64,pearson_r,0.16243147318847914,1034,ridge_alpha_100.0,full_subject_single_seed_validation
etard_tf64,cca,reconstruction,gate0_gate2_full_subject_single_seed_v1,0,P08,test_-_P08_-_cleanDutch_part_1,64,pearson_r,0.060466233534202364,941,cca_nc_4,full_subject_single_seed_validation
etard_tf64,cca,reconstruction,gate0_gate2_full_subject_single_seed_v1,0,P08,test_-_P08_-_cleanDutch_part_2,64,pearson_r,-0.09419254638775196,963,cca_nc_4,full_subject_single_seed_validation
etard_tf64,cca,reconstruction,gate0_gate2_full_subject_single_seed_v1,0,P08,test_-_P08_-_cleanDutch_part_3,64,pearson_r,-0.01934237467402163,974,cca_nc_4,full_subject_single_seed_validation
etard_tf64,cca,reconstruction,gate0_gate2_full_subject_single_seed_v1,0,P08,test_-_P08_-_cleanDutch_part_4,64,pearson_r,0.13318590980887493,970,cca_nc_4,full_subject_single_seed_validation
etard_tf64,cca,reconstruction,gate0_gate2_full_subject_single_seed_v1,0,P08,test_-_P08_-_clean_part_1,64,pearson_r,0.26037759060753535,940,cca_nc_4,full_subject_single_seed_validation
etard_tf64,cca,reconstruction,gate0_gate2_full_subject_single_seed_v1,0,P08,test_-_P08_-_clean_part_2,64,pearson_r,-0.0026664731992839647,976,cca_nc_4,full_subject_single_seed_validation
etard_tf64,cca,reconstruction,gate0_gate2_full_subject_single_seed_v1,0,P08,test_-_P08_-_clean_part_3,64,pearson_r,0.18048046714534166,857,cca_nc_4,full_subject_single_seed_validation
etard_tf64,cca,reconstruction,gate0_gate2_full_subject_single_seed_v1,0,P08,test_-_P08_-_clean_part_4,64,pearson_r,0.09623910807580914,938,cca_nc_4,full_subject_single_seed_validation
etard_tf64,cca,reconstruction,gate0_gate2_full_subject_single_seed_v1,0,P08,test_-_P08_-_fM_part_1,64,pearson_r,0.08621599135925026,852,cca_nc_4,full_subject_single_seed_validation
etard_tf64,cca,reconstruction,gate0_gate2_full_subject_single_seed_v1,0,P08,test_-_P08_-_fM_part_2,64,pearson_r,0.228915039413772,813,cca_nc_4,full_subject_single_seed_validation
etard_tf64,cca,reconstruction,gate0_gate2_full_subject_single_seed_v1,0,P08,test_-_P08_-_fM_part_3,64,pearson_r,-0.08482059315002087,869,cca_nc_4,full_subject_single_seed_validation
etard_tf64,cca,reconstruction,gate0_gate2_full_subject_single_seed_v1,0,P08,test_-_P08_-_fM_part_4,64,pearson_r,0.24849369533019258,953,cca_nc_4,full_subject_single_seed_validation
etard_tf64,cca,reconstruction,gate0_gate2_full_subject_single_seed_v1,0,P08,test_-_P08_-_fW_part_1,64,pearson_r,0.16687048083123704,843,cca_nc_4,full_subject_single_seed_validation
etard_tf64,cca,reconstruction,gate0_gate2_full_subject_single_seed_v1,0,P08,test_-_P08_-_fW_part_2,64,pearson_r,0.2702247913208238,870,cca_nc_4,full_subject_single_seed_validation
etard_tf64,cca,reconstruction,gate0_gate2_full_subject_single_seed_v1,0,P08,test_-_P08_-_fW_part_3,64,pearson_r,0.04857940474615901,974,cca_nc_4,full_subject_single_seed_validation
etard_tf64,cca,reconstruction,gate0_gate2_full_subject_single_seed_v1,0,P08,test_-_P08_-_fW_part_4,64,pearson_r,0.21480891206236796,1047,cca_nc_4,full_subject_single_seed_validation
etard_tf64,cca,reconstruction,gate0_gate2_full_subject_single_seed_v1,0,P08,test_-_P08_-_hbDutch_part_1,64,pearson_r,0.03688008639685663,984,cca_nc_4,full_subject_single_seed_validation
etard_tf64,cca,reconstruction,gate0_gate2_full_subject_single_seed_v1,0,P08,test_-_P08_-_hbDutch_part_2,64,pearson_r,-0.0059026666183923365,998,cca_nc_4,full_subject_single_seed_validation
etard_tf64,cca,reconstruction,gate0_gate2_full_subject_single_seed_v1,0,P08,test_-_P08_-_hbDutch_part_3,64,pearson_r,0.09587694465671454,1017,cca_nc_4,full_subject_single_seed_validation
etard_tf64,cca,reconstruction,gate0_gate2_full_subject_single_seed_v1,0,P08,test_-_P08_-_hbDutch_part_4,64,pearson_r,0.04658529238216444,1001,cca_nc_4,full_subject_single_seed_validation
etard_tf64,cca,reconstruction,gate0_gate2_full_subject_single_seed_v1,0,P08,test_-_P08_-_hb_part_1,64,pearson_r,0.029502012656983455,1137,cca_nc_4,full_subject_single_seed_validation
etard_tf64,cca,reconstruction,gate0_gate2_full_subject_single_seed_v1,0,P08,test_-_P08_-_hb_part_2,64,pearson_r,0.09995488834551576,1074,cca_nc_4,full_subject_single_seed_validation
etard_tf64,cca,reconstruction,gate0_gate2_full_subject_single_seed_v1,0,P08,test_-_P08_-_hb_part_3,64,pearson_r,0.18982067067062575,1157,cca_nc_4,full_subject_single_seed_validation
etard_tf64,cca,reconstruction,gate0_gate2_full_subject_single_seed_v1,0,P08,test_-_P08_-_hb_part_4,64,pearson_r,0.17918393536510036,1080,cca_nc_4,full_subject_single_seed_validation
etard_tf64,cca,reconstruction,gate0_gate2_full_subject_single_seed_v1,0,P08,test_-_P08_-_lbDutch_part_1,64,pearson_r,-3.618851286915126e-05,1001,cca_nc_4,full_subject_single_seed_validation
etard_tf64,cca,reconstruction,gate0_gate2_full_subject_single_seed_v1,0,P08,test_-_P08_-_lbDutch_part_2,64,pearson_r,0.0039450031553086885,1026,cca_nc_4,full_subject_single_seed_validation
etard_tf64,cca,reconstruction,gate0_gate2_full_subject_single_seed_v1,0,P08,test_-_P08_-_lbDutch_part_3,64,pearson_r,-0.1330634143446486,991,cca_nc_4,full_subject_single_seed_validation
etard_tf64,cca,reconstruction,gate0_gate2_full_subject_single_seed_v1,0,P08,test_-_P08_-_lbDutch_part_4,64,pearson_r,-0.0018536220435653801,1011,cca_nc_4,full_subject_single_seed_validation
etard_tf64,cca,reconstruction,gate0_gate2_full_subject_single_seed_v1,0,P08,test_-_P08_-_lb_part_1,64,pearson_r,0.12194193919815435,1396,cca_nc_4,full_subject_single_seed_validation
etard_tf64,cca,reconstruction,gate0_gate2_full_subject_single_seed_v1,0,P08,test_-_P08_-_lb_part_2,64,pearson_r,0.05625052020038326,1433,cca_nc_4,full_subject_single_seed_validation
etard_tf64,cca,reconstruction,gate0_gate2_full_subject_single_seed_v1,0,P08,test_-_P08_-_lb_part_3,64,pearson_r,0.10120177404688867,1365,cca_nc_4,full_subject_single_seed_validation
etard_tf64,cca,reconstruction,gate0_gate2_full_subject_single_seed_v1,0,P08,test_-_P08_-_lb_part_4,64,pearson_r,0.16065987623965713,1501,cca_nc_4,full_subject_single_seed_validation
etard_tf64,cca,reconstruction,gate0_gate2_full_subject_single_seed_v1,0,P08,test_-_P08_-_mbDutch_part_1,64,pearson_r,0.09007404774944044,1021,cca_nc_4,full_subject_single_seed_validation
etard_tf64,cca,reconstruction,gate0_gate2_full_subject_single_seed_v1,0,P08,test_-_P08_-_mbDutch_part_2,64,pearson_r,-0.12332471133329068,981,cca_nc_4,full_subject_single_seed_validation
etard_tf64,cca,reconstruction,gate0_gate2_full_subject_single_seed_v1,0,P08,test_-_P08_-_mbDutch_part_3,64,pearson_r,-0.01349582800150763,995,cca_nc_4,full_subject_single_seed_validation
etard_tf64,cca,reconstruction,gate0_gate2_full_subject_single_seed_v1,0,P08,test_-_P08_-_mbDutch_part_4,64,pearson_r,-0.0076902467657435115,1000,cca_nc_4,full_subject_single_seed_validation
etard_tf64,cca,reconstruction,gate0_gate2_full_subject_single_seed_v1,0,P08,test_-_P08_-_mb_part_1,64,pearson_r,-0.03761136944542102,945,cca_nc_4,full_subject_single_seed_validation
etard_tf64,cca,reconstruction,gate0_gate2_full_subject_single_seed_v1,0,P08,test_-_P08_-_mb_part_2,64,pearson_r,0.1888751668924077,994,cca_nc_4,full_subject_single_seed_validation
etard_tf64,cca,reconstruction,gate0_gate2_full_subject_single_seed_v1,0,P08,test_-_P08_-_mb_part_3,64,pearson_r,0.022301585545263288,995,cca_nc_4,full_subject_single_seed_validation
etard_tf64,cca,reconstruction,gate0_gate2_full_subject_single_seed_v1,0,P08,test_-_P08_-_mb_part_4,64,pearson_r,0.12813329332784523,1034,cca_nc_4,full_subject_single_seed_validation
etard_tf64,fcnn,reconstruction,gate0_gate2_full_subject_single_seed_v1,0,P08,test_-_P08_-_cleanDutch_part_1,64,pearson_r,0.018472917750922073,941,fcnn_epoch_3,full_subject_single_seed_validation
etard_tf64,fcnn,reconstruction,gate0_gate2_full_subject_single_seed_v1,0,P08,test_-_P08_-_cleanDutch_part_2,64,pearson_r,0.16330333147194281,963,fcnn_epoch_3,full_subject_single_seed_validation
etard_tf64,fcnn,reconstruction,gate0_gate2_full_subject_single_seed_v1,0,P08,test_-_P08_-_cleanDutch_part_3,64,pearson_r,-0.05209427187854923,974,fcnn_epoch_3,full_subject_single_seed_validation
etard_tf64,fcnn,reconstruction,gate0_gate2_full_subject_single_seed_v1,0,P08,test_-_P08_-_cleanDutch_part_4,64,pearson_r,0.11769562529202195,970,fcnn_epoch_3,full_subject_single_seed_validation
etard_tf64,fcnn,reconstruction,gate0_gate2_full_subject_single_seed_v1,0,P08,test_-_P08_-_clean_part_1,64,pearson_r,0.19493974471412012,940,fcnn_epoch_3,full_subject_single_seed_validation
etard_tf64,fcnn,reconstruction,gate0_gate2_full_subject_single_seed_v1,0,P08,test_-_P08_-_clean_part_2,64,pearson_r,0.05312736425929736,976,fcnn_epoch_3,full_subject_single_seed_validation
etard_tf64,fcnn,reconstruction,gate0_gate2_full_subject_single_seed_v1,0,P08,test_-_P08_-_clean_part_3,64,pearson_r,0.12319805140314914,857,fcnn_epoch_3,full_subject_single_seed_validation
etard_tf64,fcnn,reconstruction,gate0_gate2_full_subject_single_seed_v1,0,P08,test_-_P08_-_clean_part_4,64,pearson_r,0.16159412654928745,938,fcnn_epoch_3,full_subject_single_seed_validation
etard_tf64,fcnn,reconstruction,gate0_gate2_full_subject_single_seed_v1,0,P08,test_-_P08_-_fM_part_1,64,pearson_r,0.23757320177469812,852,fcnn_epoch_3,full_subject_single_seed_validation
etard_tf64,fcnn,reconstruction,gate0_gate2_full_subject_single_seed_v1,0,P08,test_-_P08_-_fM_part_2,64,pearson_r,0.21435970142328692,813,fcnn_epoch_3,full_subject_single_seed_validation
etard_tf64,fcnn,reconstruction,gate0_gate2_full_subject_single_seed_v1,0,P08,test_-_P08_-_fM_part_3,64,pearson_r,0.08850115380372323,869,fcnn_epoch_3,full_subject_single_seed_validation
etard_tf64,fcnn,reconstruction,gate0_gate2_full_subject_single_seed_v1,0,P08,test_-_P08_-_fM_part_4,64,pearson_r,0.16648596781381148,953,fcnn_epoch_3,full_subject_single_seed_validation
etard_tf64,fcnn,reconstruction,gate0_gate2_full_subject_single_seed_v1,0,P08,test_-_P08_-_fW_part_1,64,pearson_r,0.05951392065213415,843,fcnn_epoch_3,full_subject_single_seed_validation
etard_tf64,fcnn,reconstruction,gate0_gate2_full_subject_single_seed_v1,0,P08,test_-_P08_-_fW_part_2,64,pearson_r,0.23536245453731514,870,fcnn_epoch_3,full_subject_single_seed_validation
etard_tf64,fcnn,reconstruction,gate0_gate2_full_subject_single_seed_v1,0,P08,test_-_P08_-_fW_part_3,64,pearson_r,0.07955967739193938,974,fcnn_epoch_3,full_subject_single_seed_validation
etard_tf64,fcnn,reconstruction,gate0_gate2_full_subject_single_seed_v1,0,P08,test_-_P08_-_fW_part_4,64,pearson_r,0.09434945201250902,1047,fcnn_epoch_3,full_subject_single_seed_validation
etard_tf64,fcnn,reconstruction,gate0_gate2_full_subject_single_seed_v1,0,P08,test_-_P08_-_hbDutch_part_1,64,pearson_r,-0.1767796358488192,984,fcnn_epoch_3,full_subject_single_seed_validation
etard_tf64,fcnn,reconstruction,gate0_gate2_full_subject_single_seed_v1,0,P08,test_-_P08_-_hbDutch_part_2,64,pearson_r,-0.03756100393223838,998,fcnn_epoch_3,full_subject_single_seed_validation
etard_tf64,fcnn,reconstruction,gate0_gate2_full_subject_single_seed_v1,0,P08,test_-_P08_-_hbDutch_part_3,64,pearson_r,-0.14019415485669687,1017,fcnn_epoch_3,full_subject_single_seed_validation
etard_tf64,fcnn,reconstruction,gate0_gate2_full_subject_single_seed_v1,0,P08,test_-_P08_-_hbDutch_part_4,64,pearson_r,0.0069857656489089506,1001,fcnn_epoch_3,full_subject_single_seed_validation
etard_tf64,fcnn,reconstruction,gate0_gate2_full_subject_single_seed_v1,0,P08,test_-_P08_-_hb_part_1,64,pearson_r,0.05114022166473572,1137,fcnn_epoch_3,full_subject_single_seed_validation
etard_tf64,fcnn,reconstruction,gate0_gate2_full_subject_single_seed_v1,0,P08,test_-_P08_-_hb_part_2,64,pearson_r,0.10440920218696988,1074,fcnn_epoch_3,full_subject_single_seed_validation
etard_tf64,fcnn,reconstruction,gate0_gate2_full_subject_single_seed_v1,0,P08,test_-_P08_-_hb_part_3,64,pearson_r,0.18476712948468654,1157,fcnn_epoch_3,full_subject_single_seed_validation
etard_tf64,fcnn,reconstruction,gate0_gate2_full_subject_single_seed_v1,0,P08,test_-_P08_-_hb_part_4,64,pearson_r,0.10227378492260934,1080,fcnn_epoch_3,full_subject_single_seed_validation
etard_tf64,fcnn,reconstruction,gate0_gate2_full_subject_single_seed_v1,0,P08,test_-_P08_-_lbDutch_part_1,64,pearson_r,-0.0038053493066933556,1001,fcnn_epoch_3,full_subject_single_seed_validation
etard_tf64,fcnn,reconstruction,gate0_gate2_full_subject_single_seed_v1,0,P08,test_-_P08_-_lbDutch_part_2,64,pearson_r,0.05215908809785387,1026,fcnn_epoch_3,full_subject_single_seed_validation
etard_tf64,fcnn,reconstruction,gate0_gate2_full_subject_single_seed_v1,0,P08,test_-_P08_-_lbDutch_part_3,64,pearson_r,0.0015463972272535345,991,fcnn_epoch_3,full_subject_single_seed_validation
etard_tf64,fcnn,reconstruction,gate0_gate2_full_subject_single_seed_v1,0,P08,test_-_P08_-_lbDutch_part_4,64,pearson_r,0.030029867592525347,1011,fcnn_epoch_3,full_subject_single_seed_validation
etard_tf64,fcnn,reconstruction,gate0_gate2_full_subject_single_seed_v1,0,P08,test_-_P08_-_lb_part_1,64,pearson_r,0.18227507492075753,1396,fcnn_epoch_3,full_subject_single_seed_validation
etard_tf64,fcnn,reconstruction,gate0_gate2_full_subject_single_seed_v1,0,P08,test_-_P08_-_lb_part_2,64,pearson_r,0.12507424170871326,1433,fcnn_epoch_3,full_subject_single_seed_validation
etard_tf64,fcnn,reconstruction,gate0_gate2_full_subject_single_seed_v1,0,P08,test_-_P08_-_lb_part_3,64,pearson_r,0.15919309436626553,1365,fcnn_epoch_3,full_subject_single_seed_validation
etard_tf64,fcnn,reconstruction,gate0_gate2_full_subject_single_seed_v1,0,P08,test_-_P08_-_lb_part_4,64,pearson_r,0.0853213287480228,1501,fcnn_epoch_3,full_subject_single_seed_validation
etard_tf64,fcnn,reconstruction,gate0_gate2_full_subject_single_seed_v1,0,P08,test_-_P08_-_mbDutch_part_1,64,pearson_r,0.057814087536819235,1021,fcnn_epoch_3,full_subject_single_seed_validation
etard_tf64,fcnn,reconstruction,gate0_gate2_full_subject_single_seed_v1,0,P08,test_-_P08_-_mbDutch_part_2,64,pearson_r,-0.07533337602562265,981,fcnn_epoch_3,full_subject_single_seed_validation
etard_tf64,fcnn,reconstruction,gate0_gate2_full_subject_single_seed_v1,0,P08,test_-_P08_-_mbDutch_part_3,64,pearson_r,0.08172308251008754,995,fcnn_epoch_3,full_subject_single_seed_validation
etard_tf64,fcnn,reconstruction,gate0_gate2_full_subject_single_seed_v1,0,P08,test_-_P08_-_mbDutch_part_4,64,pearson_r,0.08979718233090021,1000,fcnn_epoch_3,full_subject_single_seed_validation
etard_tf64,fcnn,reconstruction,gate0_gate2_full_subject_single_seed_v1,0,P08,test_-_P08_-_mb_part_1,64,pearson_r,0.024359065802413656,945,fcnn_epoch_3,full_subject_single_seed_validation
etard_tf64,fcnn,reconstruction,gate0_gate2_full_subject_single_seed_v1,0,P08,test_-_P08_-_mb_part_2,64,pearson_r,0.19689005201498233,994,fcnn_epoch_3,full_subject_single_seed_validation
etard_tf64,fcnn,reconstruction,gate0_gate2_full_subject_single_seed_v1,0,P08,test_-_P08_-_mb_part_3,64,pearson_r,0.139928780984022,995,fcnn_epoch_3,full_subject_single_seed_validation
etard_tf64,fcnn,reconstruction,gate0_gate2_full_subject_single_seed_v1,0,P08,test_-_P08_-_mb_part_4,64,pearson_r,0.05893966658893164,1034,fcnn_epoch_3,full_subject_single_seed_validation
etard_tf64,adt,reconstruction,gate0_gate2_full_subject_single_seed_v1,0,P08,test_-_P08_-_cleanDutch_part_1,64,pearson_r,0.06490035845822942,960,adt_epoch_2,full_subject_single_seed_validation
etard_tf64,adt,reconstruction,gate0_gate2_full_subject_single_seed_v1,0,P08,test_-_P08_-_cleanDutch_part_2,64,pearson_r,0.33009048319586115,960,adt_epoch_2,full_subject_single_seed_validation
etard_tf64,adt,reconstruction,gate0_gate2_full_subject_single_seed_v1,0,P08,test_-_P08_-_cleanDutch_part_3,64,pearson_r,0.05935466288691303,960,adt_epoch_2,full_subject_single_seed_validation
etard_tf64,adt,reconstruction,gate0_gate2_full_subject_single_seed_v1,0,P08,test_-_P08_-_cleanDutch_part_4,64,pearson_r,0.16917542488787674,960,adt_epoch_2,full_subject_single_seed_validation
etard_tf64,adt,reconstruction,gate0_gate2_full_subject_single_seed_v1,0,P08,test_-_P08_-_clean_part_1,64,pearson_r,0.395661544508003,960,adt_epoch_2,full_subject_single_seed_validation
etard_tf64,adt,reconstruction,gate0_gate2_full_subject_single_seed_v1,0,P08,test_-_P08_-_clean_part_2,64,pearson_r,0.12732249364168574,1024,adt_epoch_2,full_subject_single_seed_validation
etard_tf64,adt,reconstruction,gate0_gate2_full_subject_single_seed_v1,0,P08,test_-_P08_-_clean_part_3,64,pearson_r,0.18342260797271107,896,adt_epoch_2,full_subject_single_seed_validation
etard_tf64,adt,reconstruction,gate0_gate2_full_subject_single_seed_v1,0,P08,test_-_P08_-_clean_part_4,64,pearson_r,0.33083815636661956,960,adt_epoch_2,full_subject_single_seed_validation
etard_tf64,adt,reconstruction,gate0_gate2_full_subject_single_seed_v1,0,P08,test_-_P08_-_fM_part_1,64,pearson_r,0.16549226671145567,896,adt_epoch_2,full_subject_single_seed_validation
etard_tf64,adt,reconstruction,gate0_gate2_full_subject_single_seed_v1,0,P08,test_-_P08_-_fM_part_2,64,pearson_r,0.24857953837745053,832,adt_epoch_2,full_subject_single_seed_validation
etard_tf64,adt,reconstruction,gate0_gate2_full_subject_single_seed_v1,0,P08,test_-_P08_-_fM_part_3,64,pearson_r,0.20923777897685836,896,adt_epoch_2,full_subject_single_seed_validation
etard_tf64,adt,reconstruction,gate0_gate2_full_subject_single_seed_v1,0,P08,test_-_P08_-_fM_part_4,64,pearson_r,0.32522172312342346,960,adt_epoch_2,full_subject_single_seed_validation
etard_tf64,adt,reconstruction,gate0_gate2_full_subject_single_seed_v1,0,P08,test_-_P08_-_fW_part_1,64,pearson_r,0.15452193693153357,832,adt_epoch_2,full_subject_single_seed_validation
etard_tf64,adt,reconstruction,gate0_gate2_full_subject_single_seed_v1,0,P08,test_-_P08_-_fW_part_2,64,pearson_r,0.3125167842637664,896,adt_epoch_2,full_subject_single_seed_validation
etard_tf64,adt,reconstruction,gate0_gate2_full_subject_single_seed_v1,0,P08,test_-_P08_-_fW_part_3,64,pearson_r,0.09093192274550181,960,adt_epoch_2,full_subject_single_seed_validation
etard_tf64,adt,reconstruction,gate0_gate2_full_subject_single_seed_v1,0,P08,test_-_P08_-_fW_part_4,64,pearson_r,0.3064720607357386,1088,adt_epoch_2,full_subject_single_seed_validation
etard_tf64,adt,reconstruction,gate0_gate2_full_subject_single_seed_v1,0,P08,test_-_P08_-_hbDutch_part_1,64,pearson_r,-0.1375594793288654,1024,adt_epoch_2,full_subject_single_seed_validation
etard_tf64,adt,reconstruction,gate0_gate2_full_subject_single_seed_v1,0,P08,test_-_P08_-_hbDutch_part_2,64,pearson_r,0.052247902487729876,1024,adt_epoch_2,full_subject_single_seed_validation
etard_tf64,adt,reconstruction,gate0_gate2_full_subject_single_seed_v1,0,P08,test_-_P08_-_hbDutch_part_3,64,pearson_r,0.06614467302784231,1024,adt_epoch_2,full_subject_single_seed_validation
etard_tf64,adt,reconstruction,gate0_gate2_full_subject_single_seed_v1,0,P08,test_-_P08_-_hbDutch_part_4,64,pearson_r,-0.006222255487142111,1024,adt_epoch_2,full_subject_single_seed_validation
etard_tf64,adt,reconstruction,gate0_gate2_full_subject_single_seed_v1,0,P08,test_-_P08_-_hb_part_1,64,pearson_r,0.16689654578161017,1152,adt_epoch_2,full_subject_single_seed_validation
etard_tf64,adt,reconstruction,gate0_gate2_full_subject_single_seed_v1,0,P08,test_-_P08_-_hb_part_2,64,pearson_r,0.11833376437737014,1088,adt_epoch_2,full_subject_single_seed_validation
etard_tf64,adt,reconstruction,gate0_gate2_full_subject_single_seed_v1,0,P08,test_-_P08_-_hb_part_3,64,pearson_r,0.1112617771586581,1152,adt_epoch_2,full_subject_single_seed_validation
etard_tf64,adt,reconstruction,gate0_gate2_full_subject_single_seed_v1,0,P08,test_-_P08_-_hb_part_4,64,pearson_r,0.17056422153572778,1088,adt_epoch_2,full_subject_single_seed_validation
etard_tf64,adt,reconstruction,gate0_gate2_full_subject_single_seed_v1,0,P08,test_-_P08_-_lbDutch_part_1,64,pearson_r,0.11090934537942694,1024,adt_epoch_2,full_subject_single_seed_validation
etard_tf64,adt,reconstruction,gate0_gate2_full_subject_single_seed_v1,0,P08,test_-_P08_-_lbDutch_part_2,64,pearson_r,0.128873674359199,1024,adt_epoch_2,full_subject_single_seed_validation
etard_tf64,adt,reconstruction,gate0_gate2_full_subject_single_seed_v1,0,P08,test_-_P08_-_lbDutch_part_3,64,pearson_r,0.13262316413090225,1024,adt_epoch_2,full_subject_single_seed_validation
etard_tf64,adt,reconstruction,gate0_gate2_full_subject_single_seed_v1,0,P08,test_-_P08_-_lbDutch_part_4,64,pearson_r,0.03477577750321418,1024,adt_epoch_2,full_subject_single_seed_validation
etard_tf64,adt,reconstruction,gate0_gate2_full_subject_single_seed_v1,0,P08,test_-_P08_-_lb_part_1,64,pearson_r,0.21765335214090334,1408,adt_epoch_2,full_subject_single_seed_validation
etard_tf64,adt,reconstruction,gate0_gate2_full_subject_single_seed_v1,0,P08,test_-_P08_-_lb_part_2,64,pearson_r,0.22147267690321398,1472,adt_epoch_2,full_subject_single_seed_validation
etard_tf64,adt,reconstruction,gate0_gate2_full_subject_single_seed_v1,0,P08,test_-_P08_-_lb_part_3,64,pearson_r,0.2034303378085911,1408,adt_epoch_2,full_subject_single_seed_validation
etard_tf64,adt,reconstruction,gate0_gate2_full_subject_single_seed_v1,0,P08,test_-_P08_-_lb_part_4,64,pearson_r,0.14791251393349086,1536,adt_epoch_2,full_subject_single_seed_validation
etard_tf64,adt,reconstruction,gate0_gate2_full_subject_single_seed_v1,0,P08,test_-_P08_-_mbDutch_part_1,64,pearson_r,0.07619795689290074,1024,adt_epoch_2,full_subject_single_seed_validation
etard_tf64,adt,reconstruction,gate0_gate2_full_subject_single_seed_v1,0,P08,test_-_P08_-_mbDutch_part_2,64,pearson_r,0.023668453095765877,1024,adt_epoch_2,full_subject_single_seed_validation
etard_tf64,adt,reconstruction,gate0_gate2_full_subject_single_seed_v1,0,P08,test_-_P08_-_mbDutch_part_3,64,pearson_r,0.1946236103651148,1024,adt_epoch_2,full_subject_single_seed_validation
etard_tf64,adt,reconstruction,gate0_gate2_full_subject_single_seed_v1,0,P08,test_-_P08_-_mbDutch_part_4,64,pearson_r,0.10290994060715485,1024,adt_epoch_2,full_subject_single_seed_validation
etard_tf64,adt,reconstruction,gate0_gate2_full_subject_single_seed_v1,0,P08,test_-_P08_-_mb_part_1,64,pearson_r,0.1956721822648199,960,adt_epoch_2,full_subject_single_seed_validation
etard_tf64,adt,reconstruction,gate0_gate2_full_subject_single_seed_v1,0,P08,test_-_P08_-_mb_part_2,64,pearson_r,0.24995948365752474,1024,adt_epoch_2,full_subject_single_seed_validation
etard_tf64,adt,reconstruction,gate0_gate2_full_subject_single_seed_v1,0,P08,test_-_P08_-_mb_part_3,64,pearson_r,0.010605727205621859,1024,adt_epoch_2,full_subject_single_seed_validation
etard_tf64,adt,reconstruction,gate0_gate2_full_subject_single_seed_v1,0,P08,test_-_P08_-_mb_part_4,64,pearson_r,0.10990882510979505,1024,adt_epoch_2,full_subject_single_seed_validation
etard_tf64,ridge,reconstruction,gate0_gate2_full_subject_single_seed_v1,0,P09,test_-_P09_-_cleanDutch_part_1,64,pearson_r,0.03454855696442616,941,ridge_alpha_100.0,full_subject_single_seed_validation
etard_tf64,ridge,reconstruction,gate0_gate2_full_subject_single_seed_v1,0,P09,test_-_P09_-_cleanDutch_part_2,64,pearson_r,0.07485596014959901,963,ridge_alpha_100.0,full_subject_single_seed_validation
etard_tf64,ridge,reconstruction,gate0_gate2_full_subject_single_seed_v1,0,P09,test_-_P09_-_cleanDutch_part_3,64,pearson_r,0.20904721855489708,974,ridge_alpha_100.0,full_subject_single_seed_validation
etard_tf64,ridge,reconstruction,gate0_gate2_full_subject_single_seed_v1,0,P09,test_-_P09_-_cleanDutch_part_4,64,pearson_r,0.17298603037151328,970,ridge_alpha_100.0,full_subject_single_seed_validation
etard_tf64,ridge,reconstruction,gate0_gate2_full_subject_single_seed_v1,0,P09,test_-_P09_-_clean_part_1,64,pearson_r,0.10216565969467857,940,ridge_alpha_100.0,full_subject_single_seed_validation
etard_tf64,ridge,reconstruction,gate0_gate2_full_subject_single_seed_v1,0,P09,test_-_P09_-_clean_part_2,64,pearson_r,0.20720722772035488,976,ridge_alpha_100.0,full_subject_single_seed_validation
etard_tf64,ridge,reconstruction,gate0_gate2_full_subject_single_seed_v1,0,P09,test_-_P09_-_clean_part_3,64,pearson_r,0.21410749654280814,857,ridge_alpha_100.0,full_subject_single_seed_validation
etard_tf64,ridge,reconstruction,gate0_gate2_full_subject_single_seed_v1,0,P09,test_-_P09_-_clean_part_4,64,pearson_r,0.28425758883915286,938,ridge_alpha_100.0,full_subject_single_seed_validation
etard_tf64,ridge,reconstruction,gate0_gate2_full_subject_single_seed_v1,0,P09,test_-_P09_-_fM_part_1,64,pearson_r,0.1077974688032358,852,ridge_alpha_100.0,full_subject_single_seed_validation
etard_tf64,ridge,reconstruction,gate0_gate2_full_subject_single_seed_v1,0,P09,test_-_P09_-_fM_part_2,64,pearson_r,0.14966573632409616,813,ridge_alpha_100.0,full_subject_single_seed_validation
etard_tf64,ridge,reconstruction,gate0_gate2_full_subject_single_seed_v1,0,P09,test_-_P09_-_fM_part_3,64,pearson_r,0.0873971847185985,869,ridge_alpha_100.0,full_subject_single_seed_validation
etard_tf64,ridge,reconstruction,gate0_gate2_full_subject_single_seed_v1,0,P09,test_-_P09_-_fM_part_4,64,pearson_r,0.260194324581796,953,ridge_alpha_100.0,full_subject_single_seed_validation
etard_tf64,ridge,reconstruction,gate0_gate2_full_subject_single_seed_v1,0,P09,test_-_P09_-_fW_part_1,64,pearson_r,0.11950497732203934,843,ridge_alpha_100.0,full_subject_single_seed_validation
etard_tf64,ridge,reconstruction,gate0_gate2_full_subject_single_seed_v1,0,P09,test_-_P09_-_fW_part_2,64,pearson_r,0.0371436701486049,870,ridge_alpha_100.0,full_subject_single_seed_validation
etard_tf64,ridge,reconstruction,gate0_gate2_full_subject_single_seed_v1,0,P09,test_-_P09_-_fW_part_3,64,pearson_r,0.0802334519728115,974,ridge_alpha_100.0,full_subject_single_seed_validation
etard_tf64,ridge,reconstruction,gate0_gate2_full_subject_single_seed_v1,0,P09,test_-_P09_-_fW_part_4,64,pearson_r,0.2727963202761721,1047,ridge_alpha_100.0,full_subject_single_seed_validation
etard_tf64,ridge,reconstruction,gate0_gate2_full_subject_single_seed_v1,0,P09,test_-_P09_-_hbDutch_part_1,64,pearson_r,0.1298993505456549,984,ridge_alpha_100.0,full_subject_single_seed_validation
etard_tf64,ridge,reconstruction,gate0_gate2_full_subject_single_seed_v1,0,P09,test_-_P09_-_hbDutch_part_2,64,pearson_r,-0.14473975398446556,998,ridge_alpha_100.0,full_subject_single_seed_validation
etard_tf64,ridge,reconstruction,gate0_gate2_full_subject_single_seed_v1,0,P09,test_-_P09_-_hbDutch_part_3,64,pearson_r,-0.07389537542066217,1017,ridge_alpha_100.0,full_subject_single_seed_validation
etard_tf64,ridge,reconstruction,gate0_gate2_full_subject_single_seed_v1,0,P09,test_-_P09_-_hbDutch_part_4,64,pearson_r,0.06606223560027749,1001,ridge_alpha_100.0,full_subject_single_seed_validation
etard_tf64,ridge,reconstruction,gate0_gate2_full_subject_single_seed_v1,0,P09,test_-_P09_-_hb_part_1,64,pearson_r,0.14002804014586684,1137,ridge_alpha_100.0,full_subject_single_seed_validation
etard_tf64,ridge,reconstruction,gate0_gate2_full_subject_single_seed_v1,0,P09,test_-_P09_-_hb_part_2,64,pearson_r,0.014452551343211818,1074,ridge_alpha_100.0,full_subject_single_seed_validation
etard_tf64,ridge,reconstruction,gate0_gate2_full_subject_single_seed_v1,0,P09,test_-_P09_-_hb_part_3,64,pearson_r,0.18757866334128206,1157,ridge_alpha_100.0,full_subject_single_seed_validation
etard_tf64,ridge,reconstruction,gate0_gate2_full_subject_single_seed_v1,0,P09,test_-_P09_-_hb_part_4,64,pearson_r,0.11926239609707229,1080,ridge_alpha_100.0,full_subject_single_seed_validation
etard_tf64,ridge,reconstruction,gate0_gate2_full_subject_single_seed_v1,0,P09,test_-_P09_-_lbDutch_part_1,64,pearson_r,-0.014730504919623239,1001,ridge_alpha_100.0,full_subject_single_seed_validation
etard_tf64,ridge,reconstruction,gate0_gate2_full_subject_single_seed_v1,0,P09,test_-_P09_-_lbDutch_part_2,64,pearson_r,0.09961331853339048,1026,ridge_alpha_100.0,full_subject_single_seed_validation
etard_tf64,ridge,reconstruction,gate0_gate2_full_subject_single_seed_v1,0,P09,test_-_P09_-_lbDutch_part_3,64,pearson_r,0.23437363921146667,991,ridge_alpha_100.0,full_subject_single_seed_validation
etard_tf64,ridge,reconstruction,gate0_gate2_full_subject_single_seed_v1,0,P09,test_-_P09_-_lbDutch_part_4,64,pearson_r,0.04947372283970349,1011,ridge_alpha_100.0,full_subject_single_seed_validation
etard_tf64,ridge,reconstruction,gate0_gate2_full_subject_single_seed_v1,0,P09,test_-_P09_-_lb_part_1,64,pearson_r,0.17871915457771162,1396,ridge_alpha_100.0,full_subject_single_seed_validation
etard_tf64,ridge,reconstruction,gate0_gate2_full_subject_single_seed_v1,0,P09,test_-_P09_-_lb_part_2,64,pearson_r,0.05662749670954167,1433,ridge_alpha_100.0,full_subject_single_seed_validation
etard_tf64,ridge,reconstruction,gate0_gate2_full_subject_single_seed_v1,0,P09,test_-_P09_-_lb_part_3,64,pearson_r,0.14974715369214578,1365,ridge_alpha_100.0,full_subject_single_seed_validation
etard_tf64,ridge,reconstruction,gate0_gate2_full_subject_single_seed_v1,0,P09,test_-_P09_-_lb_part_4,64,pearson_r,0.21390797877428486,1501,ridge_alpha_100.0,full_subject_single_seed_validation
etard_tf64,ridge,reconstruction,gate0_gate2_full_subject_single_seed_v1,0,P09,test_-_P09_-_mbDutch_part_1,64,pearson_r,0.010963478719792015,1021,ridge_alpha_100.0,full_subject_single_seed_validation
etard_tf64,ridge,reconstruction,gate0_gate2_full_subject_single_seed_v1,0,P09,test_-_P09_-_mbDutch_part_2,64,pearson_r,-0.08048908678226759,981,ridge_alpha_100.0,full_subject_single_seed_validation
etard_tf64,ridge,reconstruction,gate0_gate2_full_subject_single_seed_v1,0,P09,test_-_P09_-_mbDutch_part_3,64,pearson_r,0.06671026702687521,995,ridge_alpha_100.0,full_subject_single_seed_validation
etard_tf64,ridge,reconstruction,gate0_gate2_full_subject_single_seed_v1,0,P09,test_-_P09_-_mbDutch_part_4,64,pearson_r,-0.011548939412779834,1000,ridge_alpha_100.0,full_subject_single_seed_validation
etard_tf64,ridge,reconstruction,gate0_gate2_full_subject_single_seed_v1,0,P09,test_-_P09_-_mb_part_1,64,pearson_r,0.01524037610814066,945,ridge_alpha_100.0,full_subject_single_seed_validation
etard_tf64,ridge,reconstruction,gate0_gate2_full_subject_single_seed_v1,0,P09,test_-_P09_-_mb_part_2,64,pearson_r,0.07820739398815417,994,ridge_alpha_100.0,full_subject_single_seed_validation
etard_tf64,ridge,reconstruction,gate0_gate2_full_subject_single_seed_v1,0,P09,test_-_P09_-_mb_part_3,64,pearson_r,0.0808415563671313,995,ridge_alpha_100.0,full_subject_single_seed_validation
etard_tf64,ridge,reconstruction,gate0_gate2_full_subject_single_seed_v1,0,P09,test_-_P09_-_mb_part_4,64,pearson_r,0.030607853255772186,1034,ridge_alpha_100.0,full_subject_single_seed_validation
etard_tf64,cca,reconstruction,gate0_gate2_full_subject_single_seed_v1,0,P09,test_-_P09_-_cleanDutch_part_1,64,pearson_r,-0.002163081798013141,941,cca_nc_4,full_subject_single_seed_validation
etard_tf64,cca,reconstruction,gate0_gate2_full_subject_single_seed_v1,0,P09,test_-_P09_-_cleanDutch_part_2,64,pearson_r,0.004038429391846065,963,cca_nc_4,full_subject_single_seed_validation
etard_tf64,cca,reconstruction,gate0_gate2_full_subject_single_seed_v1,0,P09,test_-_P09_-_cleanDutch_part_3,64,pearson_r,0.10299891420711119,974,cca_nc_4,full_subject_single_seed_validation
etard_tf64,cca,reconstruction,gate0_gate2_full_subject_single_seed_v1,0,P09,test_-_P09_-_cleanDutch_part_4,64,pearson_r,0.060828613368234155,970,cca_nc_4,full_subject_single_seed_validation
etard_tf64,cca,reconstruction,gate0_gate2_full_subject_single_seed_v1,0,P09,test_-_P09_-_clean_part_1,64,pearson_r,0.08387614357248638,940,cca_nc_4,full_subject_single_seed_validation
etard_tf64,cca,reconstruction,gate0_gate2_full_subject_single_seed_v1,0,P09,test_-_P09_-_clean_part_2,64,pearson_r,0.07407324327011904,976,cca_nc_4,full_subject_single_seed_validation
etard_tf64,cca,reconstruction,gate0_gate2_full_subject_single_seed_v1,0,P09,test_-_P09_-_clean_part_3,64,pearson_r,0.1397881207927036,857,cca_nc_4,full_subject_single_seed_validation
etard_tf64,cca,reconstruction,gate0_gate2_full_subject_single_seed_v1,0,P09,test_-_P09_-_clean_part_4,64,pearson_r,0.2238801420218507,938,cca_nc_4,full_subject_single_seed_validation
etard_tf64,cca,reconstruction,gate0_gate2_full_subject_single_seed_v1,0,P09,test_-_P09_-_fM_part_1,64,pearson_r,0.17096599026453593,852,cca_nc_4,full_subject_single_seed_validation
etard_tf64,cca,reconstruction,gate0_gate2_full_subject_single_seed_v1,0,P09,test_-_P09_-_fM_part_2,64,pearson_r,0.17589012746616528,813,cca_nc_4,full_subject_single_seed_validation
etard_tf64,cca,reconstruction,gate0_gate2_full_subject_single_seed_v1,0,P09,test_-_P09_-_fM_part_3,64,pearson_r,0.010976409602584726,869,cca_nc_4,full_subject_single_seed_validation
etard_tf64,cca,reconstruction,gate0_gate2_full_subject_single_seed_v1,0,P09,test_-_P09_-_fM_part_4,64,pearson_r,0.23139002956557855,953,cca_nc_4,full_subject_single_seed_validation
etard_tf64,cca,reconstruction,gate0_gate2_full_subject_single_seed_v1,0,P09,test_-_P09_-_fW_part_1,64,pearson_r,0.060614257432212944,843,cca_nc_4,full_subject_single_seed_validation
etard_tf64,cca,reconstruction,gate0_gate2_full_subject_single_seed_v1,0,P09,test_-_P09_-_fW_part_2,64,pearson_r,0.11195704910958783,870,cca_nc_4,full_subject_single_seed_validation
etard_tf64,cca,reconstruction,gate0_gate2_full_subject_single_seed_v1,0,P09,test_-_P09_-_fW_part_3,64,pearson_r,0.02135688815677738,974,cca_nc_4,full_subject_single_seed_validation
etard_tf64,cca,reconstruction,gate0_gate2_full_subject_single_seed_v1,0,P09,test_-_P09_-_fW_part_4,64,pearson_r,0.26301696067963976,1047,cca_nc_4,full_subject_single_seed_validation
etard_tf64,cca,reconstruction,gate0_gate2_full_subject_single_seed_v1,0,P09,test_-_P09_-_hbDutch_part_1,64,pearson_r,0.1138188261788126,984,cca_nc_4,full_subject_single_seed_validation
etard_tf64,cca,reconstruction,gate0_gate2_full_subject_single_seed_v1,0,P09,test_-_P09_-_hbDutch_part_2,64,pearson_r,-0.033842852692943313,998,cca_nc_4,full_subject_single_seed_validation
etard_tf64,cca,reconstruction,gate0_gate2_full_subject_single_seed_v1,0,P09,test_-_P09_-_hbDutch_part_3,64,pearson_r,-0.08779735900520733,1017,cca_nc_4,full_subject_single_seed_validation
etard_tf64,cca,reconstruction,gate0_gate2_full_subject_single_seed_v1,0,P09,test_-_P09_-_hbDutch_part_4,64,pearson_r,0.09734670605007965,1001,cca_nc_4,full_subject_single_seed_validation
etard_tf64,cca,reconstruction,gate0_gate2_full_subject_single_seed_v1,0,P09,test_-_P09_-_hb_part_1,64,pearson_r,0.021135289569616404,1137,cca_nc_4,full_subject_single_seed_validation
etard_tf64,cca,reconstruction,gate0_gate2_full_subject_single_seed_v1,0,P09,test_-_P09_-_hb_part_2,64,pearson_r,0.001916189905486161,1074,cca_nc_4,full_subject_single_seed_validation
etard_tf64,cca,reconstruction,gate0_gate2_full_subject_single_seed_v1,0,P09,test_-_P09_-_hb_part_3,64,pearson_r,0.0653968126059692,1157,cca_nc_4,full_subject_single_seed_validation
etard_tf64,cca,reconstruction,gate0_gate2_full_subject_single_seed_v1,0,P09,test_-_P09_-_hb_part_4,64,pearson_r,0.11816254385580924,1080,cca_nc_4,full_subject_single_seed_validation
etard_tf64,cca,reconstruction,gate0_gate2_full_subject_single_seed_v1,0,P09,test_-_P09_-_lbDutch_part_1,64,pearson_r,-0.036028394312938625,1001,cca_nc_4,full_subject_single_seed_validation
etard_tf64,cca,reconstruction,gate0_gate2_full_subject_single_seed_v1,0,P09,test_-_P09_-_lbDutch_part_2,64,pearson_r,0.03980696131444342,1026,cca_nc_4,full_subject_single_seed_validation
etard_tf64,cca,reconstruction,gate0_gate2_full_subject_single_seed_v1,0,P09,test_-_P09_-_lbDutch_part_3,64,pearson_r,0.17018056699667372,991,cca_nc_4,full_subject_single_seed_validation
etard_tf64,cca,reconstruction,gate0_gate2_full_subject_single_seed_v1,0,P09,test_-_P09_-_lbDutch_part_4,64,pearson_r,0.016483490732322723,1011,cca_nc_4,full_subject_single_seed_validation
etard_tf64,cca,reconstruction,gate0_gate2_full_subject_single_seed_v1,0,P09,test_-_P09_-_lb_part_1,64,pearson_r,0.058343226357685775,1396,cca_nc_4,full_subject_single_seed_validation
etard_tf64,cca,reconstruction,gate0_gate2_full_subject_single_seed_v1,0,P09,test_-_P09_-_lb_part_2,64,pearson_r,0.06150306843291534,1433,cca_nc_4,full_subject_single_seed_validation
etard_tf64,cca,reconstruction,gate0_gate2_full_subject_single_seed_v1,0,P09,test_-_P09_-_lb_part_3,64,pearson_r,-0.003887654563788747,1365,cca_nc_4,full_subject_single_seed_validation
etard_tf64,cca,reconstruction,gate0_gate2_full_subject_single_seed_v1,0,P09,test_-_P09_-_lb_part_4,64,pearson_r,0.22008693206881705,1501,cca_nc_4,full_subject_single_seed_validation
etard_tf64,cca,reconstruction,gate0_gate2_full_subject_single_seed_v1,0,P09,test_-_P09_-_mbDutch_part_1,64,pearson_r,0.09944984577649996,1021,cca_nc_4,full_subject_single_seed_validation
etard_tf64,cca,reconstruction,gate0_gate2_full_subject_single_seed_v1,0,P09,test_-_P09_-_mbDutch_part_2,64,pearson_r,-0.0552712699885745,981,cca_nc_4,full_subject_single_seed_validation
etard_tf64,cca,reconstruction,gate0_gate2_full_subject_single_seed_v1,0,P09,test_-_P09_-_mbDutch_part_3,64,pearson_r,0.16694439353835694,995,cca_nc_4,full_subject_single_seed_validation
etard_tf64,cca,reconstruction,gate0_gate2_full_subject_single_seed_v1,0,P09,test_-_P09_-_mbDutch_part_4,64,pearson_r,-0.0030872199078182954,1000,cca_nc_4,full_subject_single_seed_validation
etard_tf64,cca,reconstruction,gate0_gate2_full_subject_single_seed_v1,0,P09,test_-_P09_-_mb_part_1,64,pearson_r,-0.07182664303328533,945,cca_nc_4,full_subject_single_seed_validation
etard_tf64,cca,reconstruction,gate0_gate2_full_subject_single_seed_v1,0,P09,test_-_P09_-_mb_part_2,64,pearson_r,-0.0026789362452354464,994,cca_nc_4,full_subject_single_seed_validation
etard_tf64,cca,reconstruction,gate0_gate2_full_subject_single_seed_v1,0,P09,test_-_P09_-_mb_part_3,64,pearson_r,0.11910583678880551,995,cca_nc_4,full_subject_single_seed_validation
etard_tf64,cca,reconstruction,gate0_gate2_full_subject_single_seed_v1,0,P09,test_-_P09_-_mb_part_4,64,pearson_r,-0.009399827251666167,1034,cca_nc_4,full_subject_single_seed_validation
etard_tf64,fcnn,reconstruction,gate0_gate2_full_subject_single_seed_v1,0,P09,test_-_P09_-_cleanDutch_part_1,64,pearson_r,0.017365862896299575,941,fcnn_epoch_4,full_subject_single_seed_validation
etard_tf64,fcnn,reconstruction,gate0_gate2_full_subject_single_seed_v1,0,P09,test_-_P09_-_cleanDutch_part_2,64,pearson_r,0.007712519690291035,963,fcnn_epoch_4,full_subject_single_seed_validation
etard_tf64,fcnn,reconstruction,gate0_gate2_full_subject_single_seed_v1,0,P09,test_-_P09_-_cleanDutch_part_3,64,pearson_r,0.07533093456506935,974,fcnn_epoch_4,full_subject_single_seed_validation
etard_tf64,fcnn,reconstruction,gate0_gate2_full_subject_single_seed_v1,0,P09,test_-_P09_-_cleanDutch_part_4,64,pearson_r,0.12637175496667788,970,fcnn_epoch_4,full_subject_single_seed_validation
etard_tf64,fcnn,reconstruction,gate0_gate2_full_subject_single_seed_v1,0,P09,test_-_P09_-_clean_part_1,64,pearson_r,0.20282890812041082,940,fcnn_epoch_4,full_subject_single_seed_validation
etard_tf64,fcnn,reconstruction,gate0_gate2_full_subject_single_seed_v1,0,P09,test_-_P09_-_clean_part_2,64,pearson_r,0.21129318621327048,976,fcnn_epoch_4,full_subject_single_seed_validation
etard_tf64,fcnn,reconstruction,gate0_gate2_full_subject_single_seed_v1,0,P09,test_-_P09_-_clean_part_3,64,pearson_r,0.03839221043066977,857,fcnn_epoch_4,full_subject_single_seed_validation
etard_tf64,fcnn,reconstruction,gate0_gate2_full_subject_single_seed_v1,0,P09,test_-_P09_-_clean_part_4,64,pearson_r,0.20290659437013947,938,fcnn_epoch_4,full_subject_single_seed_validation
etard_tf64,fcnn,reconstruction,gate0_gate2_full_subject_single_seed_v1,0,P09,test_-_P09_-_fM_part_1,64,pearson_r,0.11407419292151931,852,fcnn_epoch_4,full_subject_single_seed_validation
etard_tf64,fcnn,reconstruction,gate0_gate2_full_subject_single_seed_v1,0,P09,test_-_P09_-_fM_part_2,64,pearson_r,0.15948669513486707,813,fcnn_epoch_4,full_subject_single_seed_validation
etard_tf64,fcnn,reconstruction,gate0_gate2_full_subject_single_seed_v1,0,P09,test_-_P09_-_fM_part_3,64,pearson_r,0.1592945367458461,869,fcnn_epoch_4,full_subject_single_seed_validation
etard_tf64,fcnn,reconstruction,gate0_gate2_full_subject_single_seed_v1,0,P09,test_-_P09_-_fM_part_4,64,pearson_r,-0.006669131431595516,953,fcnn_epoch_4,full_subject_single_seed_validation
etard_tf64,fcnn,reconstruction,gate0_gate2_full_subject_single_seed_v1,0,P09,test_-_P09_-_fW_part_1,64,pearson_r,0.09040340482227319,843,fcnn_epoch_4,full_subject_single_seed_validation
etard_tf64,fcnn,reconstruction,gate0_gate2_full_subject_single_seed_v1,0,P09,test_-_P09_-_fW_part_2,64,pearson_r,0.12868378877535538,870,fcnn_epoch_4,full_subject_single_seed_validation
etard_tf64,fcnn,reconstruction,gate0_gate2_full_subject_single_seed_v1,0,P09,test_-_P09_-_fW_part_3,64,pearson_r,0.08548716601548922,974,fcnn_epoch_4,full_subject_single_seed_validation
etard_tf64,fcnn,reconstruction,gate0_gate2_full_subject_single_seed_v1,0,P09,test_-_P09_-_fW_part_4,64,pearson_r,0.08978508300419719,1047,fcnn_epoch_4,full_subject_single_seed_validation
etard_tf64,fcnn,reconstruction,gate0_gate2_full_subject_single_seed_v1,0,P09,test_-_P09_-_hbDutch_part_1,64,pearson_r,-0.013977059122335475,984,fcnn_epoch_4,full_subject_single_seed_validation
etard_tf64,fcnn,reconstruction,gate0_gate2_full_subject_single_seed_v1,0,P09,test_-_P09_-_hbDutch_part_2,64,pearson_r,-0.13174576790429038,998,fcnn_epoch_4,full_subject_single_seed_validation
etard_tf64,fcnn,reconstruction,gate0_gate2_full_subject_single_seed_v1,0,P09,test_-_P09_-_hbDutch_part_3,64,pearson_r,-0.041755704679097574,1017,fcnn_epoch_4,full_subject_single_seed_validation
etard_tf64,fcnn,reconstruction,gate0_gate2_full_subject_single_seed_v1,0,P09,test_-_P09_-_hbDutch_part_4,64,pearson_r,0.1109498006309089,1001,fcnn_epoch_4,full_subject_single_seed_validation
etard_tf64,fcnn,reconstruction,gate0_gate2_full_subject_single_seed_v1,0,P09,test_-_P09_-_hb_part_1,64,pearson_r,0.14320826189938107,1137,fcnn_epoch_4,full_subject_single_seed_validation
etard_tf64,fcnn,reconstruction,gate0_gate2_full_subject_single_seed_v1,0,P09,test_-_P09_-_hb_part_2,64,pearson_r,0.1491149891534198,1074,fcnn_epoch_4,full_subject_single_seed_validation
etard_tf64,fcnn,reconstruction,gate0_gate2_full_subject_single_seed_v1,0,P09,test_-_P09_-_hb_part_3,64,pearson_r,0.04663948709143052,1157,fcnn_epoch_4,full_subject_single_seed_validation
etard_tf64,fcnn,reconstruction,gate0_gate2_full_subject_single_seed_v1,0,P09,test_-_P09_-_hb_part_4,64,pearson_r,0.12393148120122327,1080,fcnn_epoch_4,full_subject_single_seed_validation
etard_tf64,fcnn,reconstruction,gate0_gate2_full_subject_single_seed_v1,0,P09,test_-_P09_-_lbDutch_part_1,64,pearson_r,-0.06211093496313025,1001,fcnn_epoch_4,full_subject_single_seed_validation
etard_tf64,fcnn,reconstruction,gate0_gate2_full_subject_single_seed_v1,0,P09,test_-_P09_-_lbDutch_part_2,64,pearson_r,-0.014443815786652523,1026,fcnn_epoch_4,full_subject_single_seed_validation
etard_tf64,fcnn,reconstruction,gate0_gate2_full_subject_single_seed_v1,0,P09,test_-_P09_-_lbDutch_part_3,64,pearson_r,0.24162870461509278,991,fcnn_epoch_4,full_subject_single_seed_validation
etard_tf64,fcnn,reconstruction,gate0_gate2_full_subject_single_seed_v1,0,P09,test_-_P09_-_lbDutch_part_4,64,pearson_r,0.0456959301417261,1011,fcnn_epoch_4,full_subject_single_seed_validation
etard_tf64,fcnn,reconstruction,gate0_gate2_full_subject_single_seed_v1,0,P09,test_-_P09_-_lb_part_1,64,pearson_r,-0.0033326279044634433,1396,fcnn_epoch_4,full_subject_single_seed_validation
etard_tf64,fcnn,reconstruction,gate0_gate2_full_subject_single_seed_v1,0,P09,test_-_P09_-_lb_part_2,64,pearson_r,-0.17974483438001837,1433,fcnn_epoch_4,full_subject_single_seed_validation
etard_tf64,fcnn,reconstruction,gate0_gate2_full_subject_single_seed_v1,0,P09,test_-_P09_-_lb_part_3,64,pearson_r,0.048658815226593606,1365,fcnn_epoch_4,full_subject_single_seed_validation
etard_tf64,fcnn,reconstruction,gate0_gate2_full_subject_single_seed_v1,0,P09,test_-_P09_-_lb_part_4,64,pearson_r,0.2199311889711976,1501,fcnn_epoch_4,full_subject_single_seed_validation
etard_tf64,fcnn,reconstruction,gate0_gate2_full_subject_single_seed_v1,0,P09,test_-_P09_-_mbDutch_part_1,64,pearson_r,0.045994199812719246,1021,fcnn_epoch_4,full_subject_single_seed_validation
etard_tf64,fcnn,reconstruction,gate0_gate2_full_subject_single_seed_v1,0,P09,test_-_P09_-_mbDutch_part_2,64,pearson_r,-0.04354955333286193,981,fcnn_epoch_4,full_subject_single_seed_validation
etard_tf64,fcnn,reconstruction,gate0_gate2_full_subject_single_seed_v1,0,P09,test_-_P09_-_mbDutch_part_3,64,pearson_r,0.03668018961902618,995,fcnn_epoch_4,full_subject_single_seed_validation
etard_tf64,fcnn,reconstruction,gate0_gate2_full_subject_single_seed_v1,0,P09,test_-_P09_-_mbDutch_part_4,64,pearson_r,-0.11654204765465873,1000,fcnn_epoch_4,full_subject_single_seed_validation
etard_tf64,fcnn,reconstruction,gate0_gate2_full_subject_single_seed_v1,0,P09,test_-_P09_-_mb_part_1,64,pearson_r,0.12815203794741256,945,fcnn_epoch_4,full_subject_single_seed_validation
etard_tf64,fcnn,reconstruction,gate0_gate2_full_subject_single_seed_v1,0,P09,test_-_P09_-_mb_part_2,64,pearson_r,-0.01597256148940918,994,fcnn_epoch_4,full_subject_single_seed_validation
etard_tf64,fcnn,reconstruction,gate0_gate2_full_subject_single_seed_v1,0,P09,test_-_P09_-_mb_part_3,64,pearson_r,0.04910077898754279,995,fcnn_epoch_4,full_subject_single_seed_validation
etard_tf64,fcnn,reconstruction,gate0_gate2_full_subject_single_seed_v1,0,P09,test_-_P09_-_mb_part_4,64,pearson_r,-0.03295876051848654,1034,fcnn_epoch_4,full_subject_single_seed_validation
etard_tf64,adt,reconstruction,gate0_gate2_full_subject_single_seed_v1,0,P09,test_-_P09_-_cleanDutch_part_1,64,pearson_r,0.27376614284380235,960,adt_epoch_4,full_subject_single_seed_validation
etard_tf64,adt,reconstruction,gate0_gate2_full_subject_single_seed_v1,0,P09,test_-_P09_-_cleanDutch_part_2,64,pearson_r,0.08481714415198072,960,adt_epoch_4,full_subject_single_seed_validation
etard_tf64,adt,reconstruction,gate0_gate2_full_subject_single_seed_v1,0,P09,test_-_P09_-_cleanDutch_part_3,64,pearson_r,0.20896231219262512,960,adt_epoch_4,full_subject_single_seed_validation
etard_tf64,adt,reconstruction,gate0_gate2_full_subject_single_seed_v1,0,P09,test_-_P09_-_cleanDutch_part_4,64,pearson_r,0.021906970724724754,960,adt_epoch_4,full_subject_single_seed_validation
etard_tf64,adt,reconstruction,gate0_gate2_full_subject_single_seed_v1,0,P09,test_-_P09_-_clean_part_1,64,pearson_r,0.16634523842859042,960,adt_epoch_4,full_subject_single_seed_validation
etard_tf64,adt,reconstruction,gate0_gate2_full_subject_single_seed_v1,0,P09,test_-_P09_-_clean_part_2,64,pearson_r,0.10757714435683871,1024,adt_epoch_4,full_subject_single_seed_validation
etard_tf64,adt,reconstruction,gate0_gate2_full_subject_single_seed_v1,0,P09,test_-_P09_-_clean_part_3,64,pearson_r,0.20329688457075493,896,adt_epoch_4,full_subject_single_seed_validation
etard_tf64,adt,reconstruction,gate0_gate2_full_subject_single_seed_v1,0,P09,test_-_P09_-_clean_part_4,64,pearson_r,0.25075866376834766,960,adt_epoch_4,full_subject_single_seed_validation
etard_tf64,adt,reconstruction,gate0_gate2_full_subject_single_seed_v1,0,P09,test_-_P09_-_fM_part_1,64,pearson_r,0.2611605363158674,896,adt_epoch_4,full_subject_single_seed_validation
etard_tf64,adt,reconstruction,gate0_gate2_full_subject_single_seed_v1,0,P09,test_-_P09_-_fM_part_2,64,pearson_r,0.22028531148731695,832,adt_epoch_4,full_subject_single_seed_validation
etard_tf64,adt,reconstruction,gate0_gate2_full_subject_single_seed_v1,0,P09,test_-_P09_-_fM_part_3,64,pearson_r,0.18801281760114194,896,adt_epoch_4,full_subject_single_seed_validation
etard_tf64,adt,reconstruction,gate0_gate2_full_subject_single_seed_v1,0,P09,test_-_P09_-_fM_part_4,64,pearson_r,0.36988222886802347,960,adt_epoch_4,full_subject_single_seed_validation
etard_tf64,adt,reconstruction,gate0_gate2_full_subject_single_seed_v1,0,P09,test_-_P09_-_fW_part_1,64,pearson_r,0.037948119052590976,832,adt_epoch_4,full_subject_single_seed_validation
etard_tf64,adt,reconstruction,gate0_gate2_full_subject_single_seed_v1,0,P09,test_-_P09_-_fW_part_2,64,pearson_r,0.03500084381068968,896,adt_epoch_4,full_subject_single_seed_validation
etard_tf64,adt,reconstruction,gate0_gate2_full_subject_single_seed_v1,0,P09,test_-_P09_-_fW_part_3,64,pearson_r,-0.0359838285186867,960,adt_epoch_4,full_subject_single_seed_validation
etard_tf64,adt,reconstruction,gate0_gate2_full_subject_single_seed_v1,0,P09,test_-_P09_-_fW_part_4,64,pearson_r,0.28029771294904277,1088,adt_epoch_4,full_subject_single_seed_validation
etard_tf64,adt,reconstruction,gate0_gate2_full_subject_single_seed_v1,0,P09,test_-_P09_-_hbDutch_part_1,64,pearson_r,0.10938958602760725,1024,adt_epoch_4,full_subject_single_seed_validation
etard_tf64,adt,reconstruction,gate0_gate2_full_subject_single_seed_v1,0,P09,test_-_P09_-_hbDutch_part_2,64,pearson_r,-0.004348702675604221,1024,adt_epoch_4,full_subject_single_seed_validation
etard_tf64,adt,reconstruction,gate0_gate2_full_subject_single_seed_v1,0,P09,test_-_P09_-_hbDutch_part_3,64,pearson_r,0.002707512957951008,1024,adt_epoch_4,full_subject_single_seed_validation
etard_tf64,adt,reconstruction,gate0_gate2_full_subject_single_seed_v1,0,P09,test_-_P09_-_hbDutch_part_4,64,pearson_r,-0.06251368359010737,1024,adt_epoch_4,full_subject_single_seed_validation
etard_tf64,adt,reconstruction,gate0_gate2_full_subject_single_seed_v1,0,P09,test_-_P09_-_hb_part_1,64,pearson_r,0.03549388668273574,1152,adt_epoch_4,full_subject_single_seed_validation
etard_tf64,adt,reconstruction,gate0_gate2_full_subject_single_seed_v1,0,P09,test_-_P09_-_hb_part_2,64,pearson_r,0.08823446601029933,1088,adt_epoch_4,full_subject_single_seed_validation
etard_tf64,adt,reconstruction,gate0_gate2_full_subject_single_seed_v1,0,P09,test_-_P09_-_hb_part_3,64,pearson_r,0.12775556046321324,1152,adt_epoch_4,full_subject_single_seed_validation
etard_tf64,adt,reconstruction,gate0_gate2_full_subject_single_seed_v1,0,P09,test_-_P09_-_hb_part_4,64,pearson_r,0.13234315331620652,1088,adt_epoch_4,full_subject_single_seed_validation
etard_tf64,adt,reconstruction,gate0_gate2_full_subject_single_seed_v1,0,P09,test_-_P09_-_lbDutch_part_1,64,pearson_r,-0.014857044017459246,1024,adt_epoch_4,full_subject_single_seed_validation
etard_tf64,adt,reconstruction,gate0_gate2_full_subject_single_seed_v1,0,P09,test_-_P09_-_lbDutch_part_2,64,pearson_r,0.034667728018222106,1024,adt_epoch_4,full_subject_single_seed_validation
etard_tf64,adt,reconstruction,gate0_gate2_full_subject_single_seed_v1,0,P09,test_-_P09_-_lbDutch_part_3,64,pearson_r,0.27884871474568484,1024,adt_epoch_4,full_subject_single_seed_validation
etard_tf64,adt,reconstruction,gate0_gate2_full_subject_single_seed_v1,0,P09,test_-_P09_-_lbDutch_part_4,64,pearson_r,0.23223016090284376,1024,adt_epoch_4,full_subject_single_seed_validation
etard_tf64,adt,reconstruction,gate0_gate2_full_subject_single_seed_v1,0,P09,test_-_P09_-_lb_part_1,64,pearson_r,0.18926176857680638,1408,adt_epoch_4,full_subject_single_seed_validation
etard_tf64,adt,reconstruction,gate0_gate2_full_subject_single_seed_v1,0,P09,test_-_P09_-_lb_part_2,64,pearson_r,-0.03198030978253932,1472,adt_epoch_4,full_subject_single_seed_validation
etard_tf64,adt,reconstruction,gate0_gate2_full_subject_single_seed_v1,0,P09,test_-_P09_-_lb_part_3,64,pearson_r,0.11790250288459928,1408,adt_epoch_4,full_subject_single_seed_validation
etard_tf64,adt,reconstruction,gate0_gate2_full_subject_single_seed_v1,0,P09,test_-_P09_-_lb_part_4,64,pearson_r,0.18424692596874237,1536,adt_epoch_4,full_subject_single_seed_validation
etard_tf64,adt,reconstruction,gate0_gate2_full_subject_single_seed_v1,0,P09,test_-_P09_-_mbDutch_part_1,64,pearson_r,0.2041836113462402,1024,adt_epoch_4,full_subject_single_seed_validation
etard_tf64,adt,reconstruction,gate0_gate2_full_subject_single_seed_v1,0,P09,test_-_P09_-_mbDutch_part_2,64,pearson_r,0.037351025850735055,1024,adt_epoch_4,full_subject_single_seed_validation
etard_tf64,adt,reconstruction,gate0_gate2_full_subject_single_seed_v1,0,P09,test_-_P09_-_mbDutch_part_3,64,pearson_r,0.062463466576930755,1024,adt_epoch_4,full_subject_single_seed_validation
etard_tf64,adt,reconstruction,gate0_gate2_full_subject_single_seed_v1,0,P09,test_-_P09_-_mbDutch_part_4,64,pearson_r,0.01553633620220127,1024,adt_epoch_4,full_subject_single_seed_validation
etard_tf64,adt,reconstruction,gate0_gate2_full_subject_single_seed_v1,0,P09,test_-_P09_-_mb_part_1,64,pearson_r,-0.16410619887906427,960,adt_epoch_4,full_subject_single_seed_validation
etard_tf64,adt,reconstruction,gate0_gate2_full_subject_single_seed_v1,0,P09,test_-_P09_-_mb_part_2,64,pearson_r,0.03021753641914946,1024,adt_epoch_4,full_subject_single_seed_validation
etard_tf64,adt,reconstruction,gate0_gate2_full_subject_single_seed_v1,0,P09,test_-_P09_-_mb_part_3,64,pearson_r,0.0965514327451298,1024,adt_epoch_4,full_subject_single_seed_validation
etard_tf64,adt,reconstruction,gate0_gate2_full_subject_single_seed_v1,0,P09,test_-_P09_-_mb_part_4,64,pearson_r,0.14222738231229215,1024,adt_epoch_4,full_subject_single_seed_validation
etard_tf64,ridge,reconstruction,gate0_gate2_full_subject_single_seed_v1,0,P10,test_-_P10_-_cleanDutch_part_1,64,pearson_r,0.03767033362734638,941,ridge_alpha_100.0,full_subject_single_seed_validation
etard_tf64,ridge,reconstruction,gate0_gate2_full_subject_single_seed_v1,0,P10,test_-_P10_-_cleanDutch_part_2,64,pearson_r,0.1952952557677432,963,ridge_alpha_100.0,full_subject_single_seed_validation
etard_tf64,ridge,reconstruction,gate0_gate2_full_subject_single_seed_v1,0,P10,test_-_P10_-_cleanDutch_part_3,64,pearson_r,0.2689152935588021,974,ridge_alpha_100.0,full_subject_single_seed_validation
etard_tf64,ridge,reconstruction,gate0_gate2_full_subject_single_seed_v1,0,P10,test_-_P10_-_cleanDutch_part_4,64,pearson_r,0.31027801414299805,970,ridge_alpha_100.0,full_subject_single_seed_validation
etard_tf64,ridge,reconstruction,gate0_gate2_full_subject_single_seed_v1,0,P10,test_-_P10_-_clean_part_1,64,pearson_r,0.2507751562018296,940,ridge_alpha_100.0,full_subject_single_seed_validation
etard_tf64,ridge,reconstruction,gate0_gate2_full_subject_single_seed_v1,0,P10,test_-_P10_-_clean_part_2,64,pearson_r,0.13693017307998465,976,ridge_alpha_100.0,full_subject_single_seed_validation
etard_tf64,ridge,reconstruction,gate0_gate2_full_subject_single_seed_v1,0,P10,test_-_P10_-_clean_part_3,64,pearson_r,0.1288072337256426,857,ridge_alpha_100.0,full_subject_single_seed_validation
etard_tf64,ridge,reconstruction,gate0_gate2_full_subject_single_seed_v1,0,P10,test_-_P10_-_clean_part_4,64,pearson_r,0.4327525262762424,938,ridge_alpha_100.0,full_subject_single_seed_validation
etard_tf64,ridge,reconstruction,gate0_gate2_full_subject_single_seed_v1,0,P10,test_-_P10_-_fM_part_1,64,pearson_r,0.1175979984272414,852,ridge_alpha_100.0,full_subject_single_seed_validation
etard_tf64,ridge,reconstruction,gate0_gate2_full_subject_single_seed_v1,0,P10,test_-_P10_-_fM_part_2,64,pearson_r,0.28827285709667605,813,ridge_alpha_100.0,full_subject_single_seed_validation
etard_tf64,ridge,reconstruction,gate0_gate2_full_subject_single_seed_v1,0,P10,test_-_P10_-_fM_part_3,64,pearson_r,0.20363650886132473,869,ridge_alpha_100.0,full_subject_single_seed_validation
etard_tf64,ridge,reconstruction,gate0_gate2_full_subject_single_seed_v1,0,P10,test_-_P10_-_fM_part_4,64,pearson_r,0.4582850577788022,953,ridge_alpha_100.0,full_subject_single_seed_validation
etard_tf64,ridge,reconstruction,gate0_gate2_full_subject_single_seed_v1,0,P10,test_-_P10_-_fW_part_1,64,pearson_r,0.16966137250482335,843,ridge_alpha_100.0,full_subject_single_seed_validation
etard_tf64,ridge,reconstruction,gate0_gate2_full_subject_single_seed_v1,0,P10,test_-_P10_-_fW_part_2,64,pearson_r,0.21844993425331624,870,ridge_alpha_100.0,full_subject_single_seed_validation
etard_tf64,ridge,reconstruction,gate0_gate2_full_subject_single_seed_v1,0,P10,test_-_P10_-_fW_part_3,64,pearson_r,0.20299321515073981,974,ridge_alpha_100.0,full_subject_single_seed_validation
etard_tf64,ridge,reconstruction,gate0_gate2_full_subject_single_seed_v1,0,P10,test_-_P10_-_fW_part_4,64,pearson_r,0.07957867287074799,1047,ridge_alpha_100.0,full_subject_single_seed_validation
etard_tf64,ridge,reconstruction,gate0_gate2_full_subject_single_seed_v1,0,P10,test_-_P10_-_hbDutch_part_1,64,pearson_r,0.09429193563182067,984,ridge_alpha_100.0,full_subject_single_seed_validation
etard_tf64,ridge,reconstruction,gate0_gate2_full_subject_single_seed_v1,0,P10,test_-_P10_-_hbDutch_part_2,64,pearson_r,0.0718019357151563,998,ridge_alpha_100.0,full_subject_single_seed_validation
etard_tf64,ridge,reconstruction,gate0_gate2_full_subject_single_seed_v1,0,P10,test_-_P10_-_hbDutch_part_3,64,pearson_r,0.004491771696951823,1017,ridge_alpha_100.0,full_subject_single_seed_validation
etard_tf64,ridge,reconstruction,gate0_gate2_full_subject_single_seed_v1,0,P10,test_-_P10_-_hbDutch_part_4,64,pearson_r,0.032074904933521164,1001,ridge_alpha_100.0,full_subject_single_seed_validation
etard_tf64,ridge,reconstruction,gate0_gate2_full_subject_single_seed_v1,0,P10,test_-_P10_-_hb_part_1,64,pearson_r,0.21950583669662888,1137,ridge_alpha_100.0,full_subject_single_seed_validation
etard_tf64,ridge,reconstruction,gate0_gate2_full_subject_single_seed_v1,0,P10,test_-_P10_-_hb_part_2,64,pearson_r,0.04951235305154414,1074,ridge_alpha_100.0,full_subject_single_seed_validation
etard_tf64,ridge,reconstruction,gate0_gate2_full_subject_single_seed_v1,0,P10,test_-_P10_-_hb_part_3,64,pearson_r,0.010672167043618057,1157,ridge_alpha_100.0,full_subject_single_seed_validation
etard_tf64,ridge,reconstruction,gate0_gate2_full_subject_single_seed_v1,0,P10,test_-_P10_-_hb_part_4,64,pearson_r,0.04973218681387816,1080,ridge_alpha_100.0,full_subject_single_seed_validation
etard_tf64,ridge,reconstruction,gate0_gate2_full_subject_single_seed_v1,0,P10,test_-_P10_-_lbDutch_part_1,64,pearson_r,0.1545646244220006,1001,ridge_alpha_100.0,full_subject_single_seed_validation
etard_tf64,ridge,reconstruction,gate0_gate2_full_subject_single_seed_v1,0,P10,test_-_P10_-_lbDutch_part_2,64,pearson_r,0.18906720378480077,1026,ridge_alpha_100.0,full_subject_single_seed_validation
etard_tf64,ridge,reconstruction,gate0_gate2_full_subject_single_seed_v1,0,P10,test_-_P10_-_lbDutch_part_3,64,pearson_r,0.08494771981681165,991,ridge_alpha_100.0,full_subject_single_seed_validation
etard_tf64,ridge,reconstruction,gate0_gate2_full_subject_single_seed_v1,0,P10,test_-_P10_-_lbDutch_part_4,64,pearson_r,0.11644882079949007,1011,ridge_alpha_100.0,full_subject_single_seed_validation
etard_tf64,ridge,reconstruction,gate0_gate2_full_subject_single_seed_v1,0,P10,test_-_P10_-_lb_part_1,64,pearson_r,0.1566317287769513,1396,ridge_alpha_100.0,full_subject_single_seed_validation
etard_tf64,ridge,reconstruction,gate0_gate2_full_subject_single_seed_v1,0,P10,test_-_P10_-_lb_part_2,64,pearson_r,0.1459157417257228,1433,ridge_alpha_100.0,full_subject_single_seed_validation
etard_tf64,ridge,reconstruction,gate0_gate2_full_subject_single_seed_v1,0,P10,test_-_P10_-_lb_part_3,64,pearson_r,0.062279413257151,1365,ridge_alpha_100.0,full_subject_single_seed_validation
etard_tf64,ridge,reconstruction,gate0_gate2_full_subject_single_seed_v1,0,P10,test_-_P10_-_lb_part_4,64,pearson_r,0.14730680640003668,1501,ridge_alpha_100.0,full_subject_single_seed_validation
etard_tf64,ridge,reconstruction,gate0_gate2_full_subject_single_seed_v1,0,P10,test_-_P10_-_mbDutch_part_1,64,pearson_r,0.04853254787686963,1021,ridge_alpha_100.0,full_subject_single_seed_validation
etard_tf64,ridge,reconstruction,gate0_gate2_full_subject_single_seed_v1,0,P10,test_-_P10_-_mbDutch_part_2,64,pearson_r,0.09274535158440379,981,ridge_alpha_100.0,full_subject_single_seed_validation
etard_tf64,ridge,reconstruction,gate0_gate2_full_subject_single_seed_v1,0,P10,test_-_P10_-_mbDutch_part_3,64,pearson_r,0.21186370451593953,995,ridge_alpha_100.0,full_subject_single_seed_validation
etard_tf64,ridge,reconstruction,gate0_gate2_full_subject_single_seed_v1,0,P10,test_-_P10_-_mbDutch_part_4,64,pearson_r,0.09298320675750753,1000,ridge_alpha_100.0,full_subject_single_seed_validation
etard_tf64,ridge,reconstruction,gate0_gate2_full_subject_single_seed_v1,0,P10,test_-_P10_-_mb_part_1,64,pearson_r,0.17021107422176743,945,ridge_alpha_100.0,full_subject_single_seed_validation
etard_tf64,ridge,reconstruction,gate0_gate2_full_subject_single_seed_v1,0,P10,test_-_P10_-_mb_part_2,64,pearson_r,-0.0036254719842046487,994,ridge_alpha_100.0,full_subject_single_seed_validation
etard_tf64,ridge,reconstruction,gate0_gate2_full_subject_single_seed_v1,0,P10,test_-_P10_-_mb_part_3,64,pearson_r,0.10020871246299169,995,ridge_alpha_100.0,full_subject_single_seed_validation
etard_tf64,ridge,reconstruction,gate0_gate2_full_subject_single_seed_v1,0,P10,test_-_P10_-_mb_part_4,64,pearson_r,-0.0417386633576425,1034,ridge_alpha_100.0,full_subject_single_seed_validation
etard_tf64,cca,reconstruction,gate0_gate2_full_subject_single_seed_v1,0,P10,test_-_P10_-_cleanDutch_part_1,64,pearson_r,-0.11925410753454542,941,cca_nc_1,full_subject_single_seed_validation
etard_tf64,cca,reconstruction,gate0_gate2_full_subject_single_seed_v1,0,P10,test_-_P10_-_cleanDutch_part_2,64,pearson_r,-0.047069170171885014,963,cca_nc_1,full_subject_single_seed_validation
etard_tf64,cca,reconstruction,gate0_gate2_full_subject_single_seed_v1,0,P10,test_-_P10_-_cleanDutch_part_3,64,pearson_r,0.24258057530880822,974,cca_nc_1,full_subject_single_seed_validation
etard_tf64,cca,reconstruction,gate0_gate2_full_subject_single_seed_v1,0,P10,test_-_P10_-_cleanDutch_part_4,64,pearson_r,0.1574155106375219,970,cca_nc_1,full_subject_single_seed_validation
etard_tf64,cca,reconstruction,gate0_gate2_full_subject_single_seed_v1,0,P10,test_-_P10_-_clean_part_1,64,pearson_r,0.20625936375131287,940,cca_nc_1,full_subject_single_seed_validation
etard_tf64,cca,reconstruction,gate0_gate2_full_subject_single_seed_v1,0,P10,test_-_P10_-_clean_part_2,64,pearson_r,0.08108405273393193,976,cca_nc_1,full_subject_single_seed_validation
etard_tf64,cca,reconstruction,gate0_gate2_full_subject_single_seed_v1,0,P10,test_-_P10_-_clean_part_3,64,pearson_r,0.06757930306351177,857,cca_nc_1,full_subject_single_seed_validation
etard_tf64,cca,reconstruction,gate0_gate2_full_subject_single_seed_v1,0,P10,test_-_P10_-_clean_part_4,64,pearson_r,0.34304616463715387,938,cca_nc_1,full_subject_single_seed_validation
etard_tf64,cca,reconstruction,gate0_gate2_full_subject_single_seed_v1,0,P10,test_-_P10_-_fM_part_1,64,pearson_r,0.14889428870741964,852,cca_nc_1,full_subject_single_seed_validation
etard_tf64,cca,reconstruction,gate0_gate2_full_subject_single_seed_v1,0,P10,test_-_P10_-_fM_part_2,64,pearson_r,0.3018251614337816,813,cca_nc_1,full_subject_single_seed_validation
etard_tf64,cca,reconstruction,gate0_gate2_full_subject_single_seed_v1,0,P10,test_-_P10_-_fM_part_3,64,pearson_r,0.09109408579344945,869,cca_nc_1,full_subject_single_seed_validation
etard_tf64,cca,reconstruction,gate0_gate2_full_subject_single_seed_v1,0,P10,test_-_P10_-_fM_part_4,64,pearson_r,0.39212041137720394,953,cca_nc_1,full_subject_single_seed_validation
etard_tf64,cca,reconstruction,gate0_gate2_full_subject_single_seed_v1,0,P10,test_-_P10_-_fW_part_1,64,pearson_r,0.1363281120196639,843,cca_nc_1,full_subject_single_seed_validation
etard_tf64,cca,reconstruction,gate0_gate2_full_subject_single_seed_v1,0,P10,test_-_P10_-_fW_part_2,64,pearson_r,0.07189831535972746,870,cca_nc_1,full_subject_single_seed_validation
etard_tf64,cca,reconstruction,gate0_gate2_full_subject_single_seed_v1,0,P10,test_-_P10_-_fW_part_3,64,pearson_r,0.19063318990238273,974,cca_nc_1,full_subject_single_seed_validation
etard_tf64,cca,reconstruction,gate0_gate2_full_subject_single_seed_v1,0,P10,test_-_P10_-_fW_part_4,64,pearson_r,0.06269445531857455,1047,cca_nc_1,full_subject_single_seed_validation
etard_tf64,cca,reconstruction,gate0_gate2_full_subject_single_seed_v1,0,P10,test_-_P10_-_hbDutch_part_1,64,pearson_r,0.09234956219910734,984,cca_nc_1,full_subject_single_seed_validation
etard_tf64,cca,reconstruction,gate0_gate2_full_subject_single_seed_v1,0,P10,test_-_P10_-_hbDutch_part_2,64,pearson_r,0.1790844109738962,998,cca_nc_1,full_subject_single_seed_validation
etard_tf64,cca,reconstruction,gate0_gate2_full_subject_single_seed_v1,0,P10,test_-_P10_-_hbDutch_part_3,64,pearson_r,0.046529462583428195,1017,cca_nc_1,full_subject_single_seed_validation
etard_tf64,cca,reconstruction,gate0_gate2_full_subject_single_seed_v1,0,P10,test_-_P10_-_hbDutch_part_4,64,pearson_r,0.1134496970212053,1001,cca_nc_1,full_subject_single_seed_validation
etard_tf64,cca,reconstruction,gate0_gate2_full_subject_single_seed_v1,0,P10,test_-_P10_-_hb_part_1,64,pearson_r,0.2288623169318943,1137,cca_nc_1,full_subject_single_seed_validation
etard_tf64,cca,reconstruction,gate0_gate2_full_subject_single_seed_v1,0,P10,test_-_P10_-_hb_part_2,64,pearson_r,0.07222561802709714,1074,cca_nc_1,full_subject_single_seed_validation
etard_tf64,cca,reconstruction,gate0_gate2_full_subject_single_seed_v1,0,P10,test_-_P10_-_hb_part_3,64,pearson_r,0.09269090101918497,1157,cca_nc_1,full_subject_single_seed_validation
etard_tf64,cca,reconstruction,gate0_gate2_full_subject_single_seed_v1,0,P10,test_-_P10_-_hb_part_4,64,pearson_r,0.08652175013134139,1080,cca_nc_1,full_subject_single_seed_validation
etard_tf64,cca,reconstruction,gate0_gate2_full_subject_single_seed_v1,0,P10,test_-_P10_-_lbDutch_part_1,64,pearson_r,-0.09242265257354805,1001,cca_nc_1,full_subject_single_seed_validation
etard_tf64,cca,reconstruction,gate0_gate2_full_subject_single_seed_v1,0,P10,test_-_P10_-_lbDutch_part_2,64,pearson_r,0.12275926715172016,1026,cca_nc_1,full_subject_single_seed_validation
etard_tf64,cca,reconstruction,gate0_gate2_full_subject_single_seed_v1,0,P10,test_-_P10_-_lbDutch_part_3,64,pearson_r,0.177882819373036,991,cca_nc_1,full_subject_single_seed_validation
etard_tf64,cca,reconstruction,gate0_gate2_full_subject_single_seed_v1,0,P10,test_-_P10_-_lbDutch_part_4,64,pearson_r,-0.07190836370384535,1011,cca_nc_1,full_subject_single_seed_validation
etard_tf64,cca,reconstruction,gate0_gate2_full_subject_single_seed_v1,0,P10,test_-_P10_-_lb_part_1,64,pearson_r,0.11329262707384034,1396,cca_nc_1,full_subject_single_seed_validation
etard_tf64,cca,reconstruction,gate0_gate2_full_subject_single_seed_v1,0,P10,test_-_P10_-_lb_part_2,64,pearson_r,0.12648539257595984,1433,cca_nc_1,full_subject_single_seed_validation
etard_tf64,cca,reconstruction,gate0_gate2_full_subject_single_seed_v1,0,P10,test_-_P10_-_lb_part_3,64,pearson_r,0.06286366486748608,1365,cca_nc_1,full_subject_single_seed_validation
etard_tf64,cca,reconstruction,gate0_gate2_full_subject_single_seed_v1,0,P10,test_-_P10_-_lb_part_4,64,pearson_r,0.16072275181111845,1501,cca_nc_1,full_subject_single_seed_validation
etard_tf64,cca,reconstruction,gate0_gate2_full_subject_single_seed_v1,0,P10,test_-_P10_-_mbDutch_part_1,64,pearson_r,0.07737945875819575,1021,cca_nc_1,full_subject_single_seed_validation
etard_tf64,cca,reconstruction,gate0_gate2_full_subject_single_seed_v1,0,P10,test_-_P10_-_mbDutch_part_2,64,pearson_r,-0.002505656487941837,981,cca_nc_1,full_subject_single_seed_validation
etard_tf64,cca,reconstruction,gate0_gate2_full_subject_single_seed_v1,0,P10,test_-_P10_-_mbDutch_part_3,64,pearson_r,0.043447347981687166,995,cca_nc_1,full_subject_single_seed_validation
etard_tf64,cca,reconstruction,gate0_gate2_full_subject_single_seed_v1,0,P10,test_-_P10_-_mbDutch_part_4,64,pearson_r,-0.008674709189883221,1000,cca_nc_1,full_subject_single_seed_validation
etard_tf64,cca,reconstruction,gate0_gate2_full_subject_single_seed_v1,0,P10,test_-_P10_-_mb_part_1,64,pearson_r,0.06335468555306621,945,cca_nc_1,full_subject_single_seed_validation
etard_tf64,cca,reconstruction,gate0_gate2_full_subject_single_seed_v1,0,P10,test_-_P10_-_mb_part_2,64,pearson_r,0.07337369530072894,994,cca_nc_1,full_subject_single_seed_validation
etard_tf64,cca,reconstruction,gate0_gate2_full_subject_single_seed_v1,0,P10,test_-_P10_-_mb_part_3,64,pearson_r,0.05291270661654525,995,cca_nc_1,full_subject_single_seed_validation
etard_tf64,cca,reconstruction,gate0_gate2_full_subject_single_seed_v1,0,P10,test_-_P10_-_mb_part_4,64,pearson_r,0.07253047194527419,1034,cca_nc_1,full_subject_single_seed_validation
etard_tf64,fcnn,reconstruction,gate0_gate2_full_subject_single_seed_v1,0,P10,test_-_P10_-_cleanDutch_part_1,64,pearson_r,0.10464586361571597,941,fcnn_epoch_1,full_subject_single_seed_validation
etard_tf64,fcnn,reconstruction,gate0_gate2_full_subject_single_seed_v1,0,P10,test_-_P10_-_cleanDutch_part_2,64,pearson_r,0.03059396274002349,963,fcnn_epoch_1,full_subject_single_seed_validation
etard_tf64,fcnn,reconstruction,gate0_gate2_full_subject_single_seed_v1,0,P10,test_-_P10_-_cleanDutch_part_3,64,pearson_r,0.16041882750893008,974,fcnn_epoch_1,full_subject_single_seed_validation
etard_tf64,fcnn,reconstruction,gate0_gate2_full_subject_single_seed_v1,0,P10,test_-_P10_-_cleanDutch_part_4,64,pearson_r,0.11512603495945913,970,fcnn_epoch_1,full_subject_single_seed_validation
etard_tf64,fcnn,reconstruction,gate0_gate2_full_subject_single_seed_v1,0,P10,test_-_P10_-_clean_part_1,64,pearson_r,0.2295365213384374,940,fcnn_epoch_1,full_subject_single_seed_validation
etard_tf64,fcnn,reconstruction,gate0_gate2_full_subject_single_seed_v1,0,P10,test_-_P10_-_clean_part_2,64,pearson_r,0.05378728454286512,976,fcnn_epoch_1,full_subject_single_seed_validation
etard_tf64,fcnn,reconstruction,gate0_gate2_full_subject_single_seed_v1,0,P10,test_-_P10_-_clean_part_3,64,pearson_r,0.15331246948496516,857,fcnn_epoch_1,full_subject_single_seed_validation
etard_tf64,fcnn,reconstruction,gate0_gate2_full_subject_single_seed_v1,0,P10,test_-_P10_-_clean_part_4,64,pearson_r,0.3830766722497626,938,fcnn_epoch_1,full_subject_single_seed_validation
etard_tf64,fcnn,reconstruction,gate0_gate2_full_subject_single_seed_v1,0,P10,test_-_P10_-_fM_part_1,64,pearson_r,0.18789868824461511,852,fcnn_epoch_1,full_subject_single_seed_validation
etard_tf64,fcnn,reconstruction,gate0_gate2_full_subject_single_seed_v1,0,P10,test_-_P10_-_fM_part_2,64,pearson_r,0.21813715124647226,813,fcnn_epoch_1,full_subject_single_seed_validation
etard_tf64,fcnn,reconstruction,gate0_gate2_full_subject_single_seed_v1,0,P10,test_-_P10_-_fM_part_3,64,pearson_r,0.1553126617794803,869,fcnn_epoch_1,full_subject_single_seed_validation
etard_tf64,fcnn,reconstruction,gate0_gate2_full_subject_single_seed_v1,0,P10,test_-_P10_-_fM_part_4,64,pearson_r,0.3028316195640425,953,fcnn_epoch_1,full_subject_single_seed_validation
etard_tf64,fcnn,reconstruction,gate0_gate2_full_subject_single_seed_v1,0,P10,test_-_P10_-_fW_part_1,64,pearson_r,0.10117500467198112,843,fcnn_epoch_1,full_subject_single_seed_validation
etard_tf64,fcnn,reconstruction,gate0_gate2_full_subject_single_seed_v1,0,P10,test_-_P10_-_fW_part_2,64,pearson_r,0.062841862833153,870,fcnn_epoch_1,full_subject_single_seed_validation
etard_tf64,fcnn,reconstruction,gate0_gate2_full_subject_single_seed_v1,0,P10,test_-_P10_-_fW_part_3,64,pearson_r,0.14011648653975492,974,fcnn_epoch_1,full_subject_single_seed_validation
etard_tf64,fcnn,reconstruction,gate0_gate2_full_subject_single_seed_v1,0,P10,test_-_P10_-_fW_part_4,64,pearson_r,0.10133476576535018,1047,fcnn_epoch_1,full_subject_single_seed_validation
etard_tf64,fcnn,reconstruction,gate0_gate2_full_subject_single_seed_v1,0,P10,test_-_P10_-_hbDutch_part_1,64,pearson_r,0.056897326873406436,984,fcnn_epoch_1,full_subject_single_seed_validation
etard_tf64,fcnn,reconstruction,gate0_gate2_full_subject_single_seed_v1,0,P10,test_-_P10_-_hbDutch_part_2,64,pearson_r,0.045009709949031675,998,fcnn_epoch_1,full_subject_single_seed_validation
etard_tf64,fcnn,reconstruction,gate0_gate2_full_subject_single_seed_v1,0,P10,test_-_P10_-_hbDutch_part_3,64,pearson_r,0.015586489961408448,1017,fcnn_epoch_1,full_subject_single_seed_validation
etard_tf64,fcnn,reconstruction,gate0_gate2_full_subject_single_seed_v1,0,P10,test_-_P10_-_hbDutch_part_4,64,pearson_r,0.05556830346816728,1001,fcnn_epoch_1,full_subject_single_seed_validation
etard_tf64,fcnn,reconstruction,gate0_gate2_full_subject_single_seed_v1,0,P10,test_-_P10_-_hb_part_1,64,pearson_r,0.2693961699163404,1137,fcnn_epoch_1,full_subject_single_seed_validation
etard_tf64,fcnn,reconstruction,gate0_gate2_full_subject_single_seed_v1,0,P10,test_-_P10_-_hb_part_2,64,pearson_r,-0.041712713584721194,1074,fcnn_epoch_1,full_subject_single_seed_validation
etard_tf64,fcnn,reconstruction,gate0_gate2_full_subject_single_seed_v1,0,P10,test_-_P10_-_hb_part_3,64,pearson_r,-0.03678307653994407,1157,fcnn_epoch_1,full_subject_single_seed_validation
etard_tf64,fcnn,reconstruction,gate0_gate2_full_subject_single_seed_v1,0,P10,test_-_P10_-_hb_part_4,64,pearson_r,-0.03540045682653788,1080,fcnn_epoch_1,full_subject_single_seed_validation
etard_tf64,fcnn,reconstruction,gate0_gate2_full_subject_single_seed_v1,0,P10,test_-_P10_-_lbDutch_part_1,64,pearson_r,0.1079067697675618,1001,fcnn_epoch_1,full_subject_single_seed_validation
etard_tf64,fcnn,reconstruction,gate0_gate2_full_subject_single_seed_v1,0,P10,test_-_P10_-_lbDutch_part_2,64,pearson_r,0.1072908134297459,1026,fcnn_epoch_1,full_subject_single_seed_validation
etard_tf64,fcnn,reconstruction,gate0_gate2_full_subject_single_seed_v1,0,P10,test_-_P10_-_lbDutch_part_3,64,pearson_r,0.09980223280590614,991,fcnn_epoch_1,full_subject_single_seed_validation
etard_tf64,fcnn,reconstruction,gate0_gate2_full_subject_single_seed_v1,0,P10,test_-_P10_-_lbDutch_part_4,64,pearson_r,0.009785991944223906,1011,fcnn_epoch_1,full_subject_single_seed_validation
etard_tf64,fcnn,reconstruction,gate0_gate2_full_subject_single_seed_v1,0,P10,test_-_P10_-_lb_part_1,64,pearson_r,-0.012023861367376503,1396,fcnn_epoch_1,full_subject_single_seed_validation
etard_tf64,fcnn,reconstruction,gate0_gate2_full_subject_single_seed_v1,0,P10,test_-_P10_-_lb_part_2,64,pearson_r,0.053354190979964376,1433,fcnn_epoch_1,full_subject_single_seed_validation
etard_tf64,fcnn,reconstruction,gate0_gate2_full_subject_single_seed_v1,0,P10,test_-_P10_-_lb_part_3,64,pearson_r,0.09985304384070176,1365,fcnn_epoch_1,full_subject_single_seed_validation
etard_tf64,fcnn,reconstruction,gate0_gate2_full_subject_single_seed_v1,0,P10,test_-_P10_-_lb_part_4,64,pearson_r,0.14688160655012197,1501,fcnn_epoch_1,full_subject_single_seed_validation
etard_tf64,fcnn,reconstruction,gate0_gate2_full_subject_single_seed_v1,0,P10,test_-_P10_-_mbDutch_part_1,64,pearson_r,0.08765297533938758,1021,fcnn_epoch_1,full_subject_single_seed_validation
etard_tf64,fcnn,reconstruction,gate0_gate2_full_subject_single_seed_v1,0,P10,test_-_P10_-_mbDutch_part_2,64,pearson_r,0.08140035288672351,981,fcnn_epoch_1,full_subject_single_seed_validation
etard_tf64,fcnn,reconstruction,gate0_gate2_full_subject_single_seed_v1,0,P10,test_-_P10_-_mbDutch_part_3,64,pearson_r,0.08625567709351624,995,fcnn_epoch_1,full_subject_single_seed_validation
etard_tf64,fcnn,reconstruction,gate0_gate2_full_subject_single_seed_v1,0,P10,test_-_P10_-_mbDutch_part_4,64,pearson_r,0.004916621891423494,1000,fcnn_epoch_1,full_subject_single_seed_validation
etard_tf64,fcnn,reconstruction,gate0_gate2_full_subject_single_seed_v1,0,P10,test_-_P10_-_mb_part_1,64,pearson_r,0.1339128423182037,945,fcnn_epoch_1,full_subject_single_seed_validation
etard_tf64,fcnn,reconstruction,gate0_gate2_full_subject_single_seed_v1,0,P10,test_-_P10_-_mb_part_2,64,pearson_r,-0.04366674263201913,994,fcnn_epoch_1,full_subject_single_seed_validation
etard_tf64,fcnn,reconstruction,gate0_gate2_full_subject_single_seed_v1,0,P10,test_-_P10_-_mb_part_3,64,pearson_r,0.11281619611259999,995,fcnn_epoch_1,full_subject_single_seed_validation
etard_tf64,fcnn,reconstruction,gate0_gate2_full_subject_single_seed_v1,0,P10,test_-_P10_-_mb_part_4,64,pearson_r,-0.05008354530772272,1034,fcnn_epoch_1,full_subject_single_seed_validation
etard_tf64,adt,reconstruction,gate0_gate2_full_subject_single_seed_v1,0,P10,test_-_P10_-_cleanDutch_part_1,64,pearson_r,0.06386258737532081,960,adt_epoch_3,full_subject_single_seed_validation
etard_tf64,adt,reconstruction,gate0_gate2_full_subject_single_seed_v1,0,P10,test_-_P10_-_cleanDutch_part_2,64,pearson_r,0.10495843377507451,960,adt_epoch_3,full_subject_single_seed_validation
etard_tf64,adt,reconstruction,gate0_gate2_full_subject_single_seed_v1,0,P10,test_-_P10_-_cleanDutch_part_3,64,pearson_r,0.37738653991102983,960,adt_epoch_3,full_subject_single_seed_validation
etard_tf64,adt,reconstruction,gate0_gate2_full_subject_single_seed_v1,0,P10,test_-_P10_-_cleanDutch_part_4,64,pearson_r,0.318759856604367,960,adt_epoch_3,full_subject_single_seed_validation
etard_tf64,adt,reconstruction,gate0_gate2_full_subject_single_seed_v1,0,P10,test_-_P10_-_clean_part_1,64,pearson_r,0.2643779383992952,960,adt_epoch_3,full_subject_single_seed_validation
etard_tf64,adt,reconstruction,gate0_gate2_full_subject_single_seed_v1,0,P10,test_-_P10_-_clean_part_2,64,pearson_r,0.1307862204799951,1024,adt_epoch_3,full_subject_single_seed_validation
etard_tf64,adt,reconstruction,gate0_gate2_full_subject_single_seed_v1,0,P10,test_-_P10_-_clean_part_3,64,pearson_r,0.288883032812719,896,adt_epoch_3,full_subject_single_seed_validation
etard_tf64,adt,reconstruction,gate0_gate2_full_subject_single_seed_v1,0,P10,test_-_P10_-_clean_part_4,64,pearson_r,0.5037360230147372,960,adt_epoch_3,full_subject_single_seed_validation
etard_tf64,adt,reconstruction,gate0_gate2_full_subject_single_seed_v1,0,P10,test_-_P10_-_fM_part_1,64,pearson_r,0.07826100096927871,896,adt_epoch_3,full_subject_single_seed_validation
etard_tf64,adt,reconstruction,gate0_gate2_full_subject_single_seed_v1,0,P10,test_-_P10_-_fM_part_2,64,pearson_r,0.5540299231605661,832,adt_epoch_3,full_subject_single_seed_validation
etard_tf64,adt,reconstruction,gate0_gate2_full_subject_single_seed_v1,0,P10,test_-_P10_-_fM_part_3,64,pearson_r,0.13248751466028513,896,adt_epoch_3,full_subject_single_seed_validation
etard_tf64,adt,reconstruction,gate0_gate2_full_subject_single_seed_v1,0,P10,test_-_P10_-_fM_part_4,64,pearson_r,0.38414733388633265,960,adt_epoch_3,full_subject_single_seed_validation
etard_tf64,adt,reconstruction,gate0_gate2_full_subject_single_seed_v1,0,P10,test_-_P10_-_fW_part_1,64,pearson_r,0.2439579421217422,832,adt_epoch_3,full_subject_single_seed_validation
etard_tf64,adt,reconstruction,gate0_gate2_full_subject_single_seed_v1,0,P10,test_-_P10_-_fW_part_2,64,pearson_r,0.3061511750886402,896,adt_epoch_3,full_subject_single_seed_validation
etard_tf64,adt,reconstruction,gate0_gate2_full_subject_single_seed_v1,0,P10,test_-_P10_-_fW_part_3,64,pearson_r,0.21452055479146406,960,adt_epoch_3,full_subject_single_seed_validation
etard_tf64,adt,reconstruction,gate0_gate2_full_subject_single_seed_v1,0,P10,test_-_P10_-_fW_part_4,64,pearson_r,0.2679681759926798,1088,adt_epoch_3,full_subject_single_seed_validation
etard_tf64,adt,reconstruction,gate0_gate2_full_subject_single_seed_v1,0,P10,test_-_P10_-_hbDutch_part_1,64,pearson_r,0.09321298145258032,1024,adt_epoch_3,full_subject_single_seed_validation
etard_tf64,adt,reconstruction,gate0_gate2_full_subject_single_seed_v1,0,P10,test_-_P10_-_hbDutch_part_2,64,pearson_r,0.07249901603106058,1024,adt_epoch_3,full_subject_single_seed_validation
etard_tf64,adt,reconstruction,gate0_gate2_full_subject_single_seed_v1,0,P10,test_-_P10_-_hbDutch_part_3,64,pearson_r,-0.04157659841641989,1024,adt_epoch_3,full_subject_single_seed_validation
etard_tf64,adt,reconstruction,gate0_gate2_full_subject_single_seed_v1,0,P10,test_-_P10_-_hbDutch_part_4,64,pearson_r,0.18374722264525262,1024,adt_epoch_3,full_subject_single_seed_validation
etard_tf64,adt,reconstruction,gate0_gate2_full_subject_single_seed_v1,0,P10,test_-_P10_-_hb_part_1,64,pearson_r,0.28514036142354493,1152,adt_epoch_3,full_subject_single_seed_validation
etard_tf64,adt,reconstruction,gate0_gate2_full_subject_single_seed_v1,0,P10,test_-_P10_-_hb_part_2,64,pearson_r,0.2456746033746973,1088,adt_epoch_3,full_subject_single_seed_validation
etard_tf64,adt,reconstruction,gate0_gate2_full_subject_single_seed_v1,0,P10,test_-_P10_-_hb_part_3,64,pearson_r,0.19585867912445656,1152,adt_epoch_3,full_subject_single_seed_validation
etard_tf64,adt,reconstruction,gate0_gate2_full_subject_single_seed_v1,0,P10,test_-_P10_-_hb_part_4,64,pearson_r,0.2962875449784894,1088,adt_epoch_3,full_subject_single_seed_validation
etard_tf64,adt,reconstruction,gate0_gate2_full_subject_single_seed_v1,0,P10,test_-_P10_-_lbDutch_part_1,64,pearson_r,0.07456786864686121,1024,adt_epoch_3,full_subject_single_seed_validation
etard_tf64,adt,reconstruction,gate0_gate2_full_subject_single_seed_v1,0,P10,test_-_P10_-_lbDutch_part_2,64,pearson_r,0.11189439778864774,1024,adt_epoch_3,full_subject_single_seed_validation
etard_tf64,adt,reconstruction,gate0_gate2_full_subject_single_seed_v1,0,P10,test_-_P10_-_lbDutch_part_3,64,pearson_r,0.12617907261350295,1024,adt_epoch_3,full_subject_single_seed_validation
etard_tf64,adt,reconstruction,gate0_gate2_full_subject_single_seed_v1,0,P10,test_-_P10_-_lbDutch_part_4,64,pearson_r,0.006983166200828096,1024,adt_epoch_3,full_subject_single_seed_validation
etard_tf64,adt,reconstruction,gate0_gate2_full_subject_single_seed_v1,0,P10,test_-_P10_-_lb_part_1,64,pearson_r,0.19524002798229725,1408,adt_epoch_3,full_subject_single_seed_validation
etard_tf64,adt,reconstruction,gate0_gate2_full_subject_single_seed_v1,0,P10,test_-_P10_-_lb_part_2,64,pearson_r,0.21715075066414016,1472,adt_epoch_3,full_subject_single_seed_validation
etard_tf64,adt,reconstruction,gate0_gate2_full_subject_single_seed_v1,0,P10,test_-_P10_-_lb_part_3,64,pearson_r,0.06135815924237758,1408,adt_epoch_3,full_subject_single_seed_validation
etard_tf64,adt,reconstruction,gate0_gate2_full_subject_single_seed_v1,0,P10,test_-_P10_-_lb_part_4,64,pearson_r,0.25515914214965907,1536,adt_epoch_3,full_subject_single_seed_validation
etard_tf64,adt,reconstruction,gate0_gate2_full_subject_single_seed_v1,0,P10,test_-_P10_-_mbDutch_part_1,64,pearson_r,0.04668882025448728,1024,adt_epoch_3,full_subject_single_seed_validation
etard_tf64,adt,reconstruction,gate0_gate2_full_subject_single_seed_v1,0,P10,test_-_P10_-_mbDutch_part_2,64,pearson_r,-0.0814471673147812,1024,adt_epoch_3,full_subject_single_seed_validation
etard_tf64,adt,reconstruction,gate0_gate2_full_subject_single_seed_v1,0,P10,test_-_P10_-_mbDutch_part_3,64,pearson_r,0.14905190773953989,1024,adt_epoch_3,full_subject_single_seed_validation
etard_tf64,adt,reconstruction,gate0_gate2_full_subject_single_seed_v1,0,P10,test_-_P10_-_mbDutch_part_4,64,pearson_r,0.023585167137646895,1024,adt_epoch_3,full_subject_single_seed_validation
etard_tf64,adt,reconstruction,gate0_gate2_full_subject_single_seed_v1,0,P10,test_-_P10_-_mb_part_1,64,pearson_r,0.2425812254983067,960,adt_epoch_3,full_subject_single_seed_validation
etard_tf64,adt,reconstruction,gate0_gate2_full_subject_single_seed_v1,0,P10,test_-_P10_-_mb_part_2,64,pearson_r,0.2206315368199687,1024,adt_epoch_3,full_subject_single_seed_validation
etard_tf64,adt,reconstruction,gate0_gate2_full_subject_single_seed_v1,0,P10,test_-_P10_-_mb_part_3,64,pearson_r,0.08503287780378331,1024,adt_epoch_3,full_subject_single_seed_validation
etard_tf64,adt,reconstruction,gate0_gate2_full_subject_single_seed_v1,0,P10,test_-_P10_-_mb_part_4,64,pearson_r,0.011160292820877387,1024,adt_epoch_3,full_subject_single_seed_validation
etard_tf64,ridge,reconstruction,gate0_gate2_full_subject_single_seed_v1,0,P11,test_-_P11_-_cleanDutch_part_1,64,pearson_r,0.08012371261297217,941,ridge_alpha_0.001,full_subject_single_seed_validation
etard_tf64,ridge,reconstruction,gate0_gate2_full_subject_single_seed_v1,0,P11,test_-_P11_-_cleanDutch_part_2,64,pearson_r,0.15328922059179553,963,ridge_alpha_0.001,full_subject_single_seed_validation
etard_tf64,ridge,reconstruction,gate0_gate2_full_subject_single_seed_v1,0,P11,test_-_P11_-_cleanDutch_part_3,64,pearson_r,0.06399212382477766,974,ridge_alpha_0.001,full_subject_single_seed_validation
etard_tf64,ridge,reconstruction,gate0_gate2_full_subject_single_seed_v1,0,P11,test_-_P11_-_cleanDutch_part_4,64,pearson_r,0.04604331216781068,970,ridge_alpha_0.001,full_subject_single_seed_validation
etard_tf64,ridge,reconstruction,gate0_gate2_full_subject_single_seed_v1,0,P11,test_-_P11_-_hbDutch_part_1,64,pearson_r,-0.04677297657028057,984,ridge_alpha_0.001,full_subject_single_seed_validation
etard_tf64,ridge,reconstruction,gate0_gate2_full_subject_single_seed_v1,0,P11,test_-_P11_-_hbDutch_part_2,64,pearson_r,-0.007188723100631735,998,ridge_alpha_0.001,full_subject_single_seed_validation
etard_tf64,ridge,reconstruction,gate0_gate2_full_subject_single_seed_v1,0,P11,test_-_P11_-_hbDutch_part_3,64,pearson_r,0.12917670637649228,1017,ridge_alpha_0.001,full_subject_single_seed_validation
etard_tf64,ridge,reconstruction,gate0_gate2_full_subject_single_seed_v1,0,P11,test_-_P11_-_hbDutch_part_4,64,pearson_r,-0.06845914138630745,1001,ridge_alpha_0.001,full_subject_single_seed_validation
etard_tf64,ridge,reconstruction,gate0_gate2_full_subject_single_seed_v1,0,P11,test_-_P11_-_lbDutch_part_1,64,pearson_r,0.06753108729735584,1001,ridge_alpha_0.001,full_subject_single_seed_validation
etard_tf64,ridge,reconstruction,gate0_gate2_full_subject_single_seed_v1,0,P11,test_-_P11_-_lbDutch_part_2,64,pearson_r,0.07676041761737583,1026,ridge_alpha_0.001,full_subject_single_seed_validation
etard_tf64,ridge,reconstruction,gate0_gate2_full_subject_single_seed_v1,0,P11,test_-_P11_-_lbDutch_part_3,64,pearson_r,-0.046971451951245226,991,ridge_alpha_0.001,full_subject_single_seed_validation
etard_tf64,ridge,reconstruction,gate0_gate2_full_subject_single_seed_v1,0,P11,test_-_P11_-_lbDutch_part_4,64,pearson_r,0.08073027767176942,1011,ridge_alpha_0.001,full_subject_single_seed_validation
etard_tf64,ridge,reconstruction,gate0_gate2_full_subject_single_seed_v1,0,P11,test_-_P11_-_mbDutch_part_1,64,pearson_r,0.16060932825757426,1021,ridge_alpha_0.001,full_subject_single_seed_validation
etard_tf64,ridge,reconstruction,gate0_gate2_full_subject_single_seed_v1,0,P11,test_-_P11_-_mbDutch_part_2,64,pearson_r,0.07493231165867141,981,ridge_alpha_0.001,full_subject_single_seed_validation
etard_tf64,ridge,reconstruction,gate0_gate2_full_subject_single_seed_v1,0,P11,test_-_P11_-_mbDutch_part_3,64,pearson_r,-0.06237903204394655,995,ridge_alpha_0.001,full_subject_single_seed_validation
etard_tf64,ridge,reconstruction,gate0_gate2_full_subject_single_seed_v1,0,P11,test_-_P11_-_mbDutch_part_4,64,pearson_r,0.01615583867283379,1000,ridge_alpha_0.001,full_subject_single_seed_validation
etard_tf64,cca,reconstruction,gate0_gate2_full_subject_single_seed_v1,0,P11,test_-_P11_-_cleanDutch_part_1,64,pearson_r,0.03318129177730641,941,cca_nc_1,full_subject_single_seed_validation
etard_tf64,cca,reconstruction,gate0_gate2_full_subject_single_seed_v1,0,P11,test_-_P11_-_cleanDutch_part_2,64,pearson_r,-0.050579922884177037,963,cca_nc_1,full_subject_single_seed_validation
etard_tf64,cca,reconstruction,gate0_gate2_full_subject_single_seed_v1,0,P11,test_-_P11_-_cleanDutch_part_3,64,pearson_r,0.08042066200252378,974,cca_nc_1,full_subject_single_seed_validation
etard_tf64,cca,reconstruction,gate0_gate2_full_subject_single_seed_v1,0,P11,test_-_P11_-_cleanDutch_part_4,64,pearson_r,0.11420581626626138,970,cca_nc_1,full_subject_single_seed_validation
etard_tf64,cca,reconstruction,gate0_gate2_full_subject_single_seed_v1,0,P11,test_-_P11_-_hbDutch_part_1,64,pearson_r,-0.03894841741730558,984,cca_nc_1,full_subject_single_seed_validation
etard_tf64,cca,reconstruction,gate0_gate2_full_subject_single_seed_v1,0,P11,test_-_P11_-_hbDutch_part_2,64,pearson_r,0.09065946911601484,998,cca_nc_1,full_subject_single_seed_validation
etard_tf64,cca,reconstruction,gate0_gate2_full_subject_single_seed_v1,0,P11,test_-_P11_-_hbDutch_part_3,64,pearson_r,0.0824432177335298,1017,cca_nc_1,full_subject_single_seed_validation
etard_tf64,cca,reconstruction,gate0_gate2_full_subject_single_seed_v1,0,P11,test_-_P11_-_hbDutch_part_4,64,pearson_r,-0.10137671858144008,1001,cca_nc_1,full_subject_single_seed_validation
etard_tf64,cca,reconstruction,gate0_gate2_full_subject_single_seed_v1,0,P11,test_-_P11_-_lbDutch_part_1,64,pearson_r,-0.005224842648739438,1001,cca_nc_1,full_subject_single_seed_validation
etard_tf64,cca,reconstruction,gate0_gate2_full_subject_single_seed_v1,0,P11,test_-_P11_-_lbDutch_part_2,64,pearson_r,0.07614707716277333,1026,cca_nc_1,full_subject_single_seed_validation
etard_tf64,cca,reconstruction,gate0_gate2_full_subject_single_seed_v1,0,P11,test_-_P11_-_lbDutch_part_3,64,pearson_r,0.08553646410538494,991,cca_nc_1,full_subject_single_seed_validation
etard_tf64,cca,reconstruction,gate0_gate2_full_subject_single_seed_v1,0,P11,test_-_P11_-_lbDutch_part_4,64,pearson_r,0.025622686719594213,1011,cca_nc_1,full_subject_single_seed_validation
etard_tf64,cca,reconstruction,gate0_gate2_full_subject_single_seed_v1,0,P11,test_-_P11_-_mbDutch_part_1,64,pearson_r,0.0375109192386474,1021,cca_nc_1,full_subject_single_seed_validation
etard_tf64,cca,reconstruction,gate0_gate2_full_subject_single_seed_v1,0,P11,test_-_P11_-_mbDutch_part_2,64,pearson_r,0.03155306809498848,981,cca_nc_1,full_subject_single_seed_validation
etard_tf64,cca,reconstruction,gate0_gate2_full_subject_single_seed_v1,0,P11,test_-_P11_-_mbDutch_part_3,64,pearson_r,-0.0967944299351554,995,cca_nc_1,full_subject_single_seed_validation
etard_tf64,cca,reconstruction,gate0_gate2_full_subject_single_seed_v1,0,P11,test_-_P11_-_mbDutch_part_4,64,pearson_r,-0.09275983301019647,1000,cca_nc_1,full_subject_single_seed_validation
etard_tf64,fcnn,reconstruction,gate0_gate2_full_subject_single_seed_v1,0,P11,test_-_P11_-_cleanDutch_part_1,64,pearson_r,-0.023355445428793326,941,fcnn_epoch_1,full_subject_single_seed_validation
etard_tf64,fcnn,reconstruction,gate0_gate2_full_subject_single_seed_v1,0,P11,test_-_P11_-_cleanDutch_part_2,64,pearson_r,-0.04977099077455169,963,fcnn_epoch_1,full_subject_single_seed_validation
etard_tf64,fcnn,reconstruction,gate0_gate2_full_subject_single_seed_v1,0,P11,test_-_P11_-_cleanDutch_part_3,64,pearson_r,0.19057430466417286,974,fcnn_epoch_1,full_subject_single_seed_validation
etard_tf64,fcnn,reconstruction,gate0_gate2_full_subject_single_seed_v1,0,P11,test_-_P11_-_cleanDutch_part_4,64,pearson_r,0.10145694862194876,970,fcnn_epoch_1,full_subject_single_seed_validation
etard_tf64,fcnn,reconstruction,gate0_gate2_full_subject_single_seed_v1,0,P11,test_-_P11_-_hbDutch_part_1,64,pearson_r,-0.08789125702026708,984,fcnn_epoch_1,full_subject_single_seed_validation
etard_tf64,fcnn,reconstruction,gate0_gate2_full_subject_single_seed_v1,0,P11,test_-_P11_-_hbDutch_part_2,64,pearson_r,0.12558939753948872,998,fcnn_epoch_1,full_subject_single_seed_validation
etard_tf64,fcnn,reconstruction,gate0_gate2_full_subject_single_seed_v1,0,P11,test_-_P11_-_hbDutch_part_3,64,pearson_r,0.09054192303703573,1017,fcnn_epoch_1,full_subject_single_seed_validation
etard_tf64,fcnn,reconstruction,gate0_gate2_full_subject_single_seed_v1,0,P11,test_-_P11_-_hbDutch_part_4,64,pearson_r,0.027513061853765133,1001,fcnn_epoch_1,full_subject_single_seed_validation
etard_tf64,fcnn,reconstruction,gate0_gate2_full_subject_single_seed_v1,0,P11,test_-_P11_-_lbDutch_part_1,64,pearson_r,0.08451206959102645,1001,fcnn_epoch_1,full_subject_single_seed_validation
etard_tf64,fcnn,reconstruction,gate0_gate2_full_subject_single_seed_v1,0,P11,test_-_P11_-_lbDutch_part_2,64,pearson_r,0.1042060128611567,1026,fcnn_epoch_1,full_subject_single_seed_validation
etard_tf64,fcnn,reconstruction,gate0_gate2_full_subject_single_seed_v1,0,P11,test_-_P11_-_lbDutch_part_3,64,pearson_r,0.04356576599440936,991,fcnn_epoch_1,full_subject_single_seed_validation
etard_tf64,fcnn,reconstruction,gate0_gate2_full_subject_single_seed_v1,0,P11,test_-_P11_-_lbDutch_part_4,64,pearson_r,0.03758454251603405,1011,fcnn_epoch_1,full_subject_single_seed_validation
etard_tf64,fcnn,reconstruction,gate0_gate2_full_subject_single_seed_v1,0,P11,test_-_P11_-_mbDutch_part_1,64,pearson_r,0.1305648693579689,1021,fcnn_epoch_1,full_subject_single_seed_validation
etard_tf64,fcnn,reconstruction,gate0_gate2_full_subject_single_seed_v1,0,P11,test_-_P11_-_mbDutch_part_2,64,pearson_r,0.019973926401460045,981,fcnn_epoch_1,full_subject_single_seed_validation
etard_tf64,fcnn,reconstruction,gate0_gate2_full_subject_single_seed_v1,0,P11,test_-_P11_-_mbDutch_part_3,64,pearson_r,0.06856644537315816,995,fcnn_epoch_1,full_subject_single_seed_validation
etard_tf64,fcnn,reconstruction,gate0_gate2_full_subject_single_seed_v1,0,P11,test_-_P11_-_mbDutch_part_4,64,pearson_r,-0.023280978240043538,1000,fcnn_epoch_1,full_subject_single_seed_validation
etard_tf64,adt,reconstruction,gate0_gate2_full_subject_single_seed_v1,0,P11,test_-_P11_-_cleanDutch_part_1,64,pearson_r,0.16903373279046388,960,adt_epoch_1,full_subject_single_seed_validation
etard_tf64,adt,reconstruction,gate0_gate2_full_subject_single_seed_v1,0,P11,test_-_P11_-_cleanDutch_part_2,64,pearson_r,0.0511024763940708,960,adt_epoch_1,full_subject_single_seed_validation
etard_tf64,adt,reconstruction,gate0_gate2_full_subject_single_seed_v1,0,P11,test_-_P11_-_cleanDutch_part_3,64,pearson_r,-0.11429317274242046,960,adt_epoch_1,full_subject_single_seed_validation
etard_tf64,adt,reconstruction,gate0_gate2_full_subject_single_seed_v1,0,P11,test_-_P11_-_cleanDutch_part_4,64,pearson_r,0.026657466129960873,960,adt_epoch_1,full_subject_single_seed_validation
etard_tf64,adt,reconstruction,gate0_gate2_full_subject_single_seed_v1,0,P11,test_-_P11_-_hbDutch_part_1,64,pearson_r,0.03366197769506056,1024,adt_epoch_1,full_subject_single_seed_validation
etard_tf64,adt,reconstruction,gate0_gate2_full_subject_single_seed_v1,0,P11,test_-_P11_-_hbDutch_part_2,64,pearson_r,0.02080791358474047,1024,adt_epoch_1,full_subject_single_seed_validation
etard_tf64,adt,reconstruction,gate0_gate2_full_subject_single_seed_v1,0,P11,test_-_P11_-_hbDutch_part_3,64,pearson_r,0.1061240366985767,1024,adt_epoch_1,full_subject_single_seed_validation
etard_tf64,adt,reconstruction,gate0_gate2_full_subject_single_seed_v1,0,P11,test_-_P11_-_hbDutch_part_4,64,pearson_r,-0.04088604856302305,1024,adt_epoch_1,full_subject_single_seed_validation
etard_tf64,adt,reconstruction,gate0_gate2_full_subject_single_seed_v1,0,P11,test_-_P11_-_lbDutch_part_1,64,pearson_r,-0.06184821821167113,1024,adt_epoch_1,full_subject_single_seed_validation
etard_tf64,adt,reconstruction,gate0_gate2_full_subject_single_seed_v1,0,P11,test_-_P11_-_lbDutch_part_2,64,pearson_r,-0.030423314875972936,1024,adt_epoch_1,full_subject_single_seed_validation
etard_tf64,adt,reconstruction,gate0_gate2_full_subject_single_seed_v1,0,P11,test_-_P11_-_lbDutch_part_3,64,pearson_r,0.01881145643231799,1024,adt_epoch_1,full_subject_single_seed_validation
etard_tf64,adt,reconstruction,gate0_gate2_full_subject_single_seed_v1,0,P11,test_-_P11_-_lbDutch_part_4,64,pearson_r,0.019666170985008634,1024,adt_epoch_1,full_subject_single_seed_validation
etard_tf64,adt,reconstruction,gate0_gate2_full_subject_single_seed_v1,0,P11,test_-_P11_-_mbDutch_part_1,64,pearson_r,0.09603740323475361,1024,adt_epoch_1,full_subject_single_seed_validation
etard_tf64,adt,reconstruction,gate0_gate2_full_subject_single_seed_v1,0,P11,test_-_P11_-_mbDutch_part_2,64,pearson_r,0.10896853448625962,1024,adt_epoch_1,full_subject_single_seed_validation
etard_tf64,adt,reconstruction,gate0_gate2_full_subject_single_seed_v1,0,P11,test_-_P11_-_mbDutch_part_3,64,pearson_r,0.07566868884378312,1024,adt_epoch_1,full_subject_single_seed_validation
etard_tf64,adt,reconstruction,gate0_gate2_full_subject_single_seed_v1,0,P11,test_-_P11_-_mbDutch_part_4,64,pearson_r,-0.014826401438405964,1024,adt_epoch_1,full_subject_single_seed_validation
etard_tf64,ridge,reconstruction,gate0_gate2_full_subject_single_seed_v1,0,P12,test_-_P12_-_cleanDutch_part_1,64,pearson_r,-0.015786866826327354,941,ridge_alpha_1.0,full_subject_single_seed_validation
etard_tf64,ridge,reconstruction,gate0_gate2_full_subject_single_seed_v1,0,P12,test_-_P12_-_cleanDutch_part_2,64,pearson_r,0.05465787096222057,963,ridge_alpha_1.0,full_subject_single_seed_validation
etard_tf64,ridge,reconstruction,gate0_gate2_full_subject_single_seed_v1,0,P12,test_-_P12_-_cleanDutch_part_3,64,pearson_r,0.11110359852695477,974,ridge_alpha_1.0,full_subject_single_seed_validation
etard_tf64,ridge,reconstruction,gate0_gate2_full_subject_single_seed_v1,0,P12,test_-_P12_-_cleanDutch_part_4,64,pearson_r,0.03376623230358228,970,ridge_alpha_1.0,full_subject_single_seed_validation
etard_tf64,ridge,reconstruction,gate0_gate2_full_subject_single_seed_v1,0,P12,test_-_P12_-_hbDutch_part_1,64,pearson_r,0.05008377136230425,984,ridge_alpha_1.0,full_subject_single_seed_validation
etard_tf64,ridge,reconstruction,gate0_gate2_full_subject_single_seed_v1,0,P12,test_-_P12_-_hbDutch_part_2,64,pearson_r,0.05596817406723146,998,ridge_alpha_1.0,full_subject_single_seed_validation
etard_tf64,ridge,reconstruction,gate0_gate2_full_subject_single_seed_v1,0,P12,test_-_P12_-_hbDutch_part_3,64,pearson_r,0.08920035672719928,1017,ridge_alpha_1.0,full_subject_single_seed_validation
etard_tf64,ridge,reconstruction,gate0_gate2_full_subject_single_seed_v1,0,P12,test_-_P12_-_hbDutch_part_4,64,pearson_r,-0.008823088732646247,1001,ridge_alpha_1.0,full_subject_single_seed_validation
etard_tf64,ridge,reconstruction,gate0_gate2_full_subject_single_seed_v1,0,P12,test_-_P12_-_lbDutch_part_1,64,pearson_r,0.15480098817560822,1001,ridge_alpha_1.0,full_subject_single_seed_validation
etard_tf64,ridge,reconstruction,gate0_gate2_full_subject_single_seed_v1,0,P12,test_-_P12_-_lbDutch_part_2,64,pearson_r,-0.08660073380929274,1026,ridge_alpha_1.0,full_subject_single_seed_validation
etard_tf64,ridge,reconstruction,gate0_gate2_full_subject_single_seed_v1,0,P12,test_-_P12_-_lbDutch_part_3,64,pearson_r,0.1697137686832963,991,ridge_alpha_1.0,full_subject_single_seed_validation
etard_tf64,ridge,reconstruction,gate0_gate2_full_subject_single_seed_v1,0,P12,test_-_P12_-_lbDutch_part_4,64,pearson_r,0.12266644649810632,1011,ridge_alpha_1.0,full_subject_single_seed_validation
etard_tf64,ridge,reconstruction,gate0_gate2_full_subject_single_seed_v1,0,P12,test_-_P12_-_mbDutch_part_1,64,pearson_r,-0.030560829873924285,1021,ridge_alpha_1.0,full_subject_single_seed_validation
etard_tf64,ridge,reconstruction,gate0_gate2_full_subject_single_seed_v1,0,P12,test_-_P12_-_mbDutch_part_2,64,pearson_r,-0.017419821901971073,981,ridge_alpha_1.0,full_subject_single_seed_validation
etard_tf64,ridge,reconstruction,gate0_gate2_full_subject_single_seed_v1,0,P12,test_-_P12_-_mbDutch_part_3,64,pearson_r,0.15198125955697903,995,ridge_alpha_1.0,full_subject_single_seed_validation
etard_tf64,ridge,reconstruction,gate0_gate2_full_subject_single_seed_v1,0,P12,test_-_P12_-_mbDutch_part_4,64,pearson_r,-0.01814004229295481,1000,ridge_alpha_1.0,full_subject_single_seed_validation
etard_tf64,cca,reconstruction,gate0_gate2_full_subject_single_seed_v1,0,P12,test_-_P12_-_cleanDutch_part_1,64,pearson_r,-0.06642925872088473,941,cca_nc_2,full_subject_single_seed_validation
etard_tf64,cca,reconstruction,gate0_gate2_full_subject_single_seed_v1,0,P12,test_-_P12_-_cleanDutch_part_2,64,pearson_r,0.08124030602769894,963,cca_nc_2,full_subject_single_seed_validation
etard_tf64,cca,reconstruction,gate0_gate2_full_subject_single_seed_v1,0,P12,test_-_P12_-_cleanDutch_part_3,64,pearson_r,0.09056373344080032,974,cca_nc_2,full_subject_single_seed_validation
etard_tf64,cca,reconstruction,gate0_gate2_full_subject_single_seed_v1,0,P12,test_-_P12_-_cleanDutch_part_4,64,pearson_r,0.036925297987859255,970,cca_nc_2,full_subject_single_seed_validation
etard_tf64,cca,reconstruction,gate0_gate2_full_subject_single_seed_v1,0,P12,test_-_P12_-_hbDutch_part_1,64,pearson_r,0.018939202043016024,984,cca_nc_2,full_subject_single_seed_validation
etard_tf64,cca,reconstruction,gate0_gate2_full_subject_single_seed_v1,0,P12,test_-_P12_-_hbDutch_part_2,64,pearson_r,0.1346608184016259,998,cca_nc_2,full_subject_single_seed_validation
etard_tf64,cca,reconstruction,gate0_gate2_full_subject_single_seed_v1,0,P12,test_-_P12_-_hbDutch_part_3,64,pearson_r,0.10793562057791443,1017,cca_nc_2,full_subject_single_seed_validation
etard_tf64,cca,reconstruction,gate0_gate2_full_subject_single_seed_v1,0,P12,test_-_P12_-_hbDutch_part_4,64,pearson_r,0.017505626399722016,1001,cca_nc_2,full_subject_single_seed_validation
etard_tf64,cca,reconstruction,gate0_gate2_full_subject_single_seed_v1,0,P12,test_-_P12_-_lbDutch_part_1,64,pearson_r,0.02745185308878141,1001,cca_nc_2,full_subject_single_seed_validation
etard_tf64,cca,reconstruction,gate0_gate2_full_subject_single_seed_v1,0,P12,test_-_P12_-_lbDutch_part_2,64,pearson_r,0.04195900485613878,1026,cca_nc_2,full_subject_single_seed_validation
etard_tf64,cca,reconstruction,gate0_gate2_full_subject_single_seed_v1,0,P12,test_-_P12_-_lbDutch_part_3,64,pearson_r,0.049402937056220265,991,cca_nc_2,full_subject_single_seed_validation
etard_tf64,cca,reconstruction,gate0_gate2_full_subject_single_seed_v1,0,P12,test_-_P12_-_lbDutch_part_4,64,pearson_r,-0.00789246467153729,1011,cca_nc_2,full_subject_single_seed_validation
etard_tf64,cca,reconstruction,gate0_gate2_full_subject_single_seed_v1,0,P12,test_-_P12_-_mbDutch_part_1,64,pearson_r,0.09182104571644671,1021,cca_nc_2,full_subject_single_seed_validation
etard_tf64,cca,reconstruction,gate0_gate2_full_subject_single_seed_v1,0,P12,test_-_P12_-_mbDutch_part_2,64,pearson_r,0.003895860742477683,981,cca_nc_2,full_subject_single_seed_validation
etard_tf64,cca,reconstruction,gate0_gate2_full_subject_single_seed_v1,0,P12,test_-_P12_-_mbDutch_part_3,64,pearson_r,0.09950077531358512,995,cca_nc_2,full_subject_single_seed_validation
etard_tf64,cca,reconstruction,gate0_gate2_full_subject_single_seed_v1,0,P12,test_-_P12_-_mbDutch_part_4,64,pearson_r,0.0360927522874183,1000,cca_nc_2,full_subject_single_seed_validation
etard_tf64,fcnn,reconstruction,gate0_gate2_full_subject_single_seed_v1,0,P12,test_-_P12_-_cleanDutch_part_1,64,pearson_r,-0.005533910753758214,941,fcnn_epoch_4,full_subject_single_seed_validation
etard_tf64,fcnn,reconstruction,gate0_gate2_full_subject_single_seed_v1,0,P12,test_-_P12_-_cleanDutch_part_2,64,pearson_r,-0.024184920837824038,963,fcnn_epoch_4,full_subject_single_seed_validation
etard_tf64,fcnn,reconstruction,gate0_gate2_full_subject_single_seed_v1,0,P12,test_-_P12_-_cleanDutch_part_3,64,pearson_r,0.07567572608252131,974,fcnn_epoch_4,full_subject_single_seed_validation
etard_tf64,fcnn,reconstruction,gate0_gate2_full_subject_single_seed_v1,0,P12,test_-_P12_-_cleanDutch_part_4,64,pearson_r,0.03487839075591301,970,fcnn_epoch_4,full_subject_single_seed_validation
etard_tf64,fcnn,reconstruction,gate0_gate2_full_subject_single_seed_v1,0,P12,test_-_P12_-_hbDutch_part_1,64,pearson_r,-0.07767378371186036,984,fcnn_epoch_4,full_subject_single_seed_validation
etard_tf64,fcnn,reconstruction,gate0_gate2_full_subject_single_seed_v1,0,P12,test_-_P12_-_hbDutch_part_2,64,pearson_r,-0.03179580072509672,998,fcnn_epoch_4,full_subject_single_seed_validation
etard_tf64,fcnn,reconstruction,gate0_gate2_full_subject_single_seed_v1,0,P12,test_-_P12_-_hbDutch_part_3,64,pearson_r,0.03397795528759571,1017,fcnn_epoch_4,full_subject_single_seed_validation
etard_tf64,fcnn,reconstruction,gate0_gate2_full_subject_single_seed_v1,0,P12,test_-_P12_-_hbDutch_part_4,64,pearson_r,-0.01888913949687366,1001,fcnn_epoch_4,full_subject_single_seed_validation
etard_tf64,fcnn,reconstruction,gate0_gate2_full_subject_single_seed_v1,0,P12,test_-_P12_-_lbDutch_part_1,64,pearson_r,0.13247723234833653,1001,fcnn_epoch_4,full_subject_single_seed_validation
etard_tf64,fcnn,reconstruction,gate0_gate2_full_subject_single_seed_v1,0,P12,test_-_P12_-_lbDutch_part_2,64,pearson_r,-0.03159787543587916,1026,fcnn_epoch_4,full_subject_single_seed_validation
etard_tf64,fcnn,reconstruction,gate0_gate2_full_subject_single_seed_v1,0,P12,test_-_P12_-_lbDutch_part_3,64,pearson_r,0.07296145242406601,991,fcnn_epoch_4,full_subject_single_seed_validation
etard_tf64,fcnn,reconstruction,gate0_gate2_full_subject_single_seed_v1,0,P12,test_-_P12_-_lbDutch_part_4,64,pearson_r,0.051046988509533396,1011,fcnn_epoch_4,full_subject_single_seed_validation
etard_tf64,fcnn,reconstruction,gate0_gate2_full_subject_single_seed_v1,0,P12,test_-_P12_-_mbDutch_part_1,64,pearson_r,-0.012935993445290096,1021,fcnn_epoch_4,full_subject_single_seed_validation
etard_tf64,fcnn,reconstruction,gate0_gate2_full_subject_single_seed_v1,0,P12,test_-_P12_-_mbDutch_part_2,64,pearson_r,0.03037229874865248,981,fcnn_epoch_4,full_subject_single_seed_validation
etard_tf64,fcnn,reconstruction,gate0_gate2_full_subject_single_seed_v1,0,P12,test_-_P12_-_mbDutch_part_3,64,pearson_r,0.12888644917183575,995,fcnn_epoch_4,full_subject_single_seed_validation
etard_tf64,fcnn,reconstruction,gate0_gate2_full_subject_single_seed_v1,0,P12,test_-_P12_-_mbDutch_part_4,64,pearson_r,0.031196529684807343,1000,fcnn_epoch_4,full_subject_single_seed_validation
etard_tf64,adt,reconstruction,gate0_gate2_full_subject_single_seed_v1,0,P12,test_-_P12_-_cleanDutch_part_1,64,pearson_r,0.2521012490525193,960,adt_epoch_6,full_subject_single_seed_validation
etard_tf64,adt,reconstruction,gate0_gate2_full_subject_single_seed_v1,0,P12,test_-_P12_-_cleanDutch_part_2,64,pearson_r,0.007498123554814067,960,adt_epoch_6,full_subject_single_seed_validation
etard_tf64,adt,reconstruction,gate0_gate2_full_subject_single_seed_v1,0,P12,test_-_P12_-_cleanDutch_part_3,64,pearson_r,0.1297915419241812,960,adt_epoch_6,full_subject_single_seed_validation
etard_tf64,adt,reconstruction,gate0_gate2_full_subject_single_seed_v1,0,P12,test_-_P12_-_cleanDutch_part_4,64,pearson_r,0.020559328582423948,960,adt_epoch_6,full_subject_single_seed_validation
etard_tf64,adt,reconstruction,gate0_gate2_full_subject_single_seed_v1,0,P12,test_-_P12_-_hbDutch_part_1,64,pearson_r,0.016611677989908986,1024,adt_epoch_6,full_subject_single_seed_validation
etard_tf64,adt,reconstruction,gate0_gate2_full_subject_single_seed_v1,0,P12,test_-_P12_-_hbDutch_part_2,64,pearson_r,-0.09249575157655918,1024,adt_epoch_6,full_subject_single_seed_validation
etard_tf64,adt,reconstruction,gate0_gate2_full_subject_single_seed_v1,0,P12,test_-_P12_-_hbDutch_part_3,64,pearson_r,0.1134694659330934,1024,adt_epoch_6,full_subject_single_seed_validation
etard_tf64,adt,reconstruction,gate0_gate2_full_subject_single_seed_v1,0,P12,test_-_P12_-_hbDutch_part_4,64,pearson_r,-0.13955529700057834,1024,adt_epoch_6,full_subject_single_seed_validation
etard_tf64,adt,reconstruction,gate0_gate2_full_subject_single_seed_v1,0,P12,test_-_P12_-_lbDutch_part_1,64,pearson_r,-0.02700602850825295,1024,adt_epoch_6,full_subject_single_seed_validation
etard_tf64,adt,reconstruction,gate0_gate2_full_subject_single_seed_v1,0,P12,test_-_P12_-_lbDutch_part_2,64,pearson_r,0.06342407957267257,1024,adt_epoch_6,full_subject_single_seed_validation
etard_tf64,adt,reconstruction,gate0_gate2_full_subject_single_seed_v1,0,P12,test_-_P12_-_lbDutch_part_3,64,pearson_r,0.02965007375097847,1024,adt_epoch_6,full_subject_single_seed_validation
etard_tf64,adt,reconstruction,gate0_gate2_full_subject_single_seed_v1,0,P12,test_-_P12_-_lbDutch_part_4,64,pearson_r,0.081726233012089,1024,adt_epoch_6,full_subject_single_seed_validation
etard_tf64,adt,reconstruction,gate0_gate2_full_subject_single_seed_v1,0,P12,test_-_P12_-_mbDutch_part_1,64,pearson_r,0.10168267586782419,1024,adt_epoch_6,full_subject_single_seed_validation
etard_tf64,adt,reconstruction,gate0_gate2_full_subject_single_seed_v1,0,P12,test_-_P12_-_mbDutch_part_2,64,pearson_r,0.15720259550210333,1024,adt_epoch_6,full_subject_single_seed_validation
etard_tf64,adt,reconstruction,gate0_gate2_full_subject_single_seed_v1,0,P12,test_-_P12_-_mbDutch_part_3,64,pearson_r,0.34658123129890456,1024,adt_epoch_6,full_subject_single_seed_validation
etard_tf64,adt,reconstruction,gate0_gate2_full_subject_single_seed_v1,0,P12,test_-_P12_-_mbDutch_part_4,64,pearson_r,0.12366021991666233,1024,adt_epoch_6,full_subject_single_seed_validation
etard_tf64,ridge,reconstruction,gate0_gate2_full_subject_single_seed_v1,0,P13,test_-_P13_-_cleanDutch_part_1,64,pearson_r,0.04987358540285256,941,ridge_alpha_100.0,full_subject_single_seed_validation
etard_tf64,ridge,reconstruction,gate0_gate2_full_subject_single_seed_v1,0,P13,test_-_P13_-_cleanDutch_part_2,64,pearson_r,0.039791952089679734,963,ridge_alpha_100.0,full_subject_single_seed_validation
etard_tf64,ridge,reconstruction,gate0_gate2_full_subject_single_seed_v1,0,P13,test_-_P13_-_cleanDutch_part_3,64,pearson_r,0.013961123534481906,974,ridge_alpha_100.0,full_subject_single_seed_validation
etard_tf64,ridge,reconstruction,gate0_gate2_full_subject_single_seed_v1,0,P13,test_-_P13_-_cleanDutch_part_4,64,pearson_r,0.2021924897418927,970,ridge_alpha_100.0,full_subject_single_seed_validation
etard_tf64,ridge,reconstruction,gate0_gate2_full_subject_single_seed_v1,0,P13,test_-_P13_-_clean_part_1,64,pearson_r,0.05390532100986748,940,ridge_alpha_100.0,full_subject_single_seed_validation
etard_tf64,ridge,reconstruction,gate0_gate2_full_subject_single_seed_v1,0,P13,test_-_P13_-_clean_part_2,64,pearson_r,0.1874517526378386,976,ridge_alpha_100.0,full_subject_single_seed_validation
etard_tf64,ridge,reconstruction,gate0_gate2_full_subject_single_seed_v1,0,P13,test_-_P13_-_clean_part_3,64,pearson_r,0.30587214275479363,857,ridge_alpha_100.0,full_subject_single_seed_validation
etard_tf64,ridge,reconstruction,gate0_gate2_full_subject_single_seed_v1,0,P13,test_-_P13_-_clean_part_4,64,pearson_r,0.11873833645154395,938,ridge_alpha_100.0,full_subject_single_seed_validation
etard_tf64,ridge,reconstruction,gate0_gate2_full_subject_single_seed_v1,0,P13,test_-_P13_-_fM_part_1,64,pearson_r,0.19945289472068473,852,ridge_alpha_100.0,full_subject_single_seed_validation
etard_tf64,ridge,reconstruction,gate0_gate2_full_subject_single_seed_v1,0,P13,test_-_P13_-_fM_part_2,64,pearson_r,0.11927269848905488,813,ridge_alpha_100.0,full_subject_single_seed_validation
etard_tf64,ridge,reconstruction,gate0_gate2_full_subject_single_seed_v1,0,P13,test_-_P13_-_fM_part_3,64,pearson_r,-0.014119320656052576,869,ridge_alpha_100.0,full_subject_single_seed_validation
etard_tf64,ridge,reconstruction,gate0_gate2_full_subject_single_seed_v1,0,P13,test_-_P13_-_fM_part_4,64,pearson_r,0.26587702225631327,953,ridge_alpha_100.0,full_subject_single_seed_validation
etard_tf64,ridge,reconstruction,gate0_gate2_full_subject_single_seed_v1,0,P13,test_-_P13_-_fW_part_1,64,pearson_r,0.1860494254953428,843,ridge_alpha_100.0,full_subject_single_seed_validation
etard_tf64,ridge,reconstruction,gate0_gate2_full_subject_single_seed_v1,0,P13,test_-_P13_-_fW_part_2,64,pearson_r,0.05863874733503004,870,ridge_alpha_100.0,full_subject_single_seed_validation
etard_tf64,ridge,reconstruction,gate0_gate2_full_subject_single_seed_v1,0,P13,test_-_P13_-_fW_part_3,64,pearson_r,0.05660188081107332,974,ridge_alpha_100.0,full_subject_single_seed_validation
etard_tf64,ridge,reconstruction,gate0_gate2_full_subject_single_seed_v1,0,P13,test_-_P13_-_fW_part_4,64,pearson_r,0.17627337352996444,1047,ridge_alpha_100.0,full_subject_single_seed_validation
etard_tf64,ridge,reconstruction,gate0_gate2_full_subject_single_seed_v1,0,P13,test_-_P13_-_hbDutch_part_1,64,pearson_r,0.04139540111797749,984,ridge_alpha_100.0,full_subject_single_seed_validation
etard_tf64,ridge,reconstruction,gate0_gate2_full_subject_single_seed_v1,0,P13,test_-_P13_-_hbDutch_part_2,64,pearson_r,0.10965402201637169,998,ridge_alpha_100.0,full_subject_single_seed_validation
etard_tf64,ridge,reconstruction,gate0_gate2_full_subject_single_seed_v1,0,P13,test_-_P13_-_hbDutch_part_3,64,pearson_r,0.04323182412856996,1017,ridge_alpha_100.0,full_subject_single_seed_validation
etard_tf64,ridge,reconstruction,gate0_gate2_full_subject_single_seed_v1,0,P13,test_-_P13_-_hbDutch_part_4,64,pearson_r,-0.0535407145076456,1001,ridge_alpha_100.0,full_subject_single_seed_validation
etard_tf64,ridge,reconstruction,gate0_gate2_full_subject_single_seed_v1,0,P13,test_-_P13_-_hb_part_1,64,pearson_r,0.17419627224235532,1137,ridge_alpha_100.0,full_subject_single_seed_validation
etard_tf64,ridge,reconstruction,gate0_gate2_full_subject_single_seed_v1,0,P13,test_-_P13_-_hb_part_2,64,pearson_r,0.004723847454294364,1074,ridge_alpha_100.0,full_subject_single_seed_validation
etard_tf64,ridge,reconstruction,gate0_gate2_full_subject_single_seed_v1,0,P13,test_-_P13_-_hb_part_3,64,pearson_r,-0.012075902444747565,1157,ridge_alpha_100.0,full_subject_single_seed_validation
etard_tf64,ridge,reconstruction,gate0_gate2_full_subject_single_seed_v1,0,P13,test_-_P13_-_hb_part_4,64,pearson_r,0.09046148832460174,1080,ridge_alpha_100.0,full_subject_single_seed_validation
etard_tf64,ridge,reconstruction,gate0_gate2_full_subject_single_seed_v1,0,P13,test_-_P13_-_lbDutch_part_1,64,pearson_r,0.16235293075757823,1001,ridge_alpha_100.0,full_subject_single_seed_validation
etard_tf64,ridge,reconstruction,gate0_gate2_full_subject_single_seed_v1,0,P13,test_-_P13_-_lbDutch_part_2,64,pearson_r,0.04439638887616546,1026,ridge_alpha_100.0,full_subject_single_seed_validation
etard_tf64,ridge,reconstruction,gate0_gate2_full_subject_single_seed_v1,0,P13,test_-_P13_-_lbDutch_part_3,64,pearson_r,-0.053433866020080927,991,ridge_alpha_100.0,full_subject_single_seed_validation
etard_tf64,ridge,reconstruction,gate0_gate2_full_subject_single_seed_v1,0,P13,test_-_P13_-_lbDutch_part_4,64,pearson_r,-0.06169185054156896,1011,ridge_alpha_100.0,full_subject_single_seed_validation
etard_tf64,ridge,reconstruction,gate0_gate2_full_subject_single_seed_v1,0,P13,test_-_P13_-_lb_part_1,64,pearson_r,0.07453751262591725,1396,ridge_alpha_100.0,full_subject_single_seed_validation
etard_tf64,ridge,reconstruction,gate0_gate2_full_subject_single_seed_v1,0,P13,test_-_P13_-_lb_part_2,64,pearson_r,0.15758603846120597,1433,ridge_alpha_100.0,full_subject_single_seed_validation
etard_tf64,ridge,reconstruction,gate0_gate2_full_subject_single_seed_v1,0,P13,test_-_P13_-_lb_part_3,64,pearson_r,0.1411704008994818,1365,ridge_alpha_100.0,full_subject_single_seed_validation
etard_tf64,ridge,reconstruction,gate0_gate2_full_subject_single_seed_v1,0,P13,test_-_P13_-_lb_part_4,64,pearson_r,0.09622065924372081,1501,ridge_alpha_100.0,full_subject_single_seed_validation
etard_tf64,ridge,reconstruction,gate0_gate2_full_subject_single_seed_v1,0,P13,test_-_P13_-_mbDutch_part_1,64,pearson_r,0.06313839184437348,1021,ridge_alpha_100.0,full_subject_single_seed_validation
etard_tf64,ridge,reconstruction,gate0_gate2_full_subject_single_seed_v1,0,P13,test_-_P13_-_mbDutch_part_2,64,pearson_r,0.0633385785504472,981,ridge_alpha_100.0,full_subject_single_seed_validation
etard_tf64,ridge,reconstruction,gate0_gate2_full_subject_single_seed_v1,0,P13,test_-_P13_-_mbDutch_part_3,64,pearson_r,0.012689105751246096,995,ridge_alpha_100.0,full_subject_single_seed_validation
etard_tf64,ridge,reconstruction,gate0_gate2_full_subject_single_seed_v1,0,P13,test_-_P13_-_mbDutch_part_4,64,pearson_r,-0.03964224135717396,1000,ridge_alpha_100.0,full_subject_single_seed_validation
etard_tf64,ridge,reconstruction,gate0_gate2_full_subject_single_seed_v1,0,P13,test_-_P13_-_mb_part_1,64,pearson_r,0.17319849216037195,945,ridge_alpha_100.0,full_subject_single_seed_validation
etard_tf64,ridge,reconstruction,gate0_gate2_full_subject_single_seed_v1,0,P13,test_-_P13_-_mb_part_2,64,pearson_r,-0.012752118190548143,994,ridge_alpha_100.0,full_subject_single_seed_validation
etard_tf64,ridge,reconstruction,gate0_gate2_full_subject_single_seed_v1,0,P13,test_-_P13_-_mb_part_3,64,pearson_r,0.027903515855967245,995,ridge_alpha_100.0,full_subject_single_seed_validation
etard_tf64,ridge,reconstruction,gate0_gate2_full_subject_single_seed_v1,0,P13,test_-_P13_-_mb_part_4,64,pearson_r,0.027690095282758016,1034,ridge_alpha_100.0,full_subject_single_seed_validation
etard_tf64,cca,reconstruction,gate0_gate2_full_subject_single_seed_v1,0,P13,test_-_P13_-_cleanDutch_part_1,64,pearson_r,0.04693197807082946,941,cca_nc_1,full_subject_single_seed_validation
etard_tf64,cca,reconstruction,gate0_gate2_full_subject_single_seed_v1,0,P13,test_-_P13_-_cleanDutch_part_2,64,pearson_r,0.0070305716802465095,963,cca_nc_1,full_subject_single_seed_validation
etard_tf64,cca,reconstruction,gate0_gate2_full_subject_single_seed_v1,0,P13,test_-_P13_-_cleanDutch_part_3,64,pearson_r,-0.14667499668055878,974,cca_nc_1,full_subject_single_seed_validation
etard_tf64,cca,reconstruction,gate0_gate2_full_subject_single_seed_v1,0,P13,test_-_P13_-_cleanDutch_part_4,64,pearson_r,0.10953158602297147,970,cca_nc_1,full_subject_single_seed_validation
etard_tf64,cca,reconstruction,gate0_gate2_full_subject_single_seed_v1,0,P13,test_-_P13_-_clean_part_1,64,pearson_r,0.023795661752405696,940,cca_nc_1,full_subject_single_seed_validation
etard_tf64,cca,reconstruction,gate0_gate2_full_subject_single_seed_v1,0,P13,test_-_P13_-_clean_part_2,64,pearson_r,0.09737012993985254,976,cca_nc_1,full_subject_single_seed_validation
etard_tf64,cca,reconstruction,gate0_gate2_full_subject_single_seed_v1,0,P13,test_-_P13_-_clean_part_3,64,pearson_r,0.2512668269178053,857,cca_nc_1,full_subject_single_seed_validation
etard_tf64,cca,reconstruction,gate0_gate2_full_subject_single_seed_v1,0,P13,test_-_P13_-_clean_part_4,64,pearson_r,0.15696042842857083,938,cca_nc_1,full_subject_single_seed_validation
etard_tf64,cca,reconstruction,gate0_gate2_full_subject_single_seed_v1,0,P13,test_-_P13_-_fM_part_1,64,pearson_r,0.1527014861305456,852,cca_nc_1,full_subject_single_seed_validation
etard_tf64,cca,reconstruction,gate0_gate2_full_subject_single_seed_v1,0,P13,test_-_P13_-_fM_part_2,64,pearson_r,0.0830250212637131,813,cca_nc_1,full_subject_single_seed_validation
etard_tf64,cca,reconstruction,gate0_gate2_full_subject_single_seed_v1,0,P13,test_-_P13_-_fM_part_3,64,pearson_r,0.094254419716343,869,cca_nc_1,full_subject_single_seed_validation
etard_tf64,cca,reconstruction,gate0_gate2_full_subject_single_seed_v1,0,P13,test_-_P13_-_fM_part_4,64,pearson_r,0.3276701556862353,953,cca_nc_1,full_subject_single_seed_validation
etard_tf64,cca,reconstruction,gate0_gate2_full_subject_single_seed_v1,0,P13,test_-_P13_-_fW_part_1,64,pearson_r,-0.028078086517939065,843,cca_nc_1,full_subject_single_seed_validation
etard_tf64,cca,reconstruction,gate0_gate2_full_subject_single_seed_v1,0,P13,test_-_P13_-_fW_part_2,64,pearson_r,0.23521753126681844,870,cca_nc_1,full_subject_single_seed_validation
etard_tf64,cca,reconstruction,gate0_gate2_full_subject_single_seed_v1,0,P13,test_-_P13_-_fW_part_3,64,pearson_r,0.028959625255722248,974,cca_nc_1,full_subject_single_seed_validation
etard_tf64,cca,reconstruction,gate0_gate2_full_subject_single_seed_v1,0,P13,test_-_P13_-_fW_part_4,64,pearson_r,0.20644482654254842,1047,cca_nc_1,full_subject_single_seed_validation
etard_tf64,cca,reconstruction,gate0_gate2_full_subject_single_seed_v1,0,P13,test_-_P13_-_hbDutch_part_1,64,pearson_r,-0.02487606833305916,984,cca_nc_1,full_subject_single_seed_validation
etard_tf64,cca,reconstruction,gate0_gate2_full_subject_single_seed_v1,0,P13,test_-_P13_-_hbDutch_part_2,64,pearson_r,0.14801463095971432,998,cca_nc_1,full_subject_single_seed_validation
etard_tf64,cca,reconstruction,gate0_gate2_full_subject_single_seed_v1,0,P13,test_-_P13_-_hbDutch_part_3,64,pearson_r,-0.07053209511031795,1017,cca_nc_1,full_subject_single_seed_validation
etard_tf64,cca,reconstruction,gate0_gate2_full_subject_single_seed_v1,0,P13,test_-_P13_-_hbDutch_part_4,64,pearson_r,-0.011611234499205198,1001,cca_nc_1,full_subject_single_seed_validation
etard_tf64,cca,reconstruction,gate0_gate2_full_subject_single_seed_v1,0,P13,test_-_P13_-_hb_part_1,64,pearson_r,0.18421859432011703,1137,cca_nc_1,full_subject_single_seed_validation
etard_tf64,cca,reconstruction,gate0_gate2_full_subject_single_seed_v1,0,P13,test_-_P13_-_hb_part_2,64,pearson_r,-0.20630383517563958,1074,cca_nc_1,full_subject_single_seed_validation
etard_tf64,cca,reconstruction,gate0_gate2_full_subject_single_seed_v1,0,P13,test_-_P13_-_hb_part_3,64,pearson_r,0.20216894828816073,1157,cca_nc_1,full_subject_single_seed_validation
etard_tf64,cca,reconstruction,gate0_gate2_full_subject_single_seed_v1,0,P13,test_-_P13_-_hb_part_4,64,pearson_r,-0.07167110573534172,1080,cca_nc_1,full_subject_single_seed_validation
etard_tf64,cca,reconstruction,gate0_gate2_full_subject_single_seed_v1,0,P13,test_-_P13_-_lbDutch_part_1,64,pearson_r,0.12185668256067338,1001,cca_nc_1,full_subject_single_seed_validation
etard_tf64,cca,reconstruction,gate0_gate2_full_subject_single_seed_v1,0,P13,test_-_P13_-_lbDutch_part_2,64,pearson_r,0.049455178916666204,1026,cca_nc_1,full_subject_single_seed_validation
etard_tf64,cca,reconstruction,gate0_gate2_full_subject_single_seed_v1,0,P13,test_-_P13_-_lbDutch_part_3,64,pearson_r,-0.050999759443310345,991,cca_nc_1,full_subject_single_seed_validation
etard_tf64,cca,reconstruction,gate0_gate2_full_subject_single_seed_v1,0,P13,test_-_P13_-_lbDutch_part_4,64,pearson_r,-0.03252057688439122,1011,cca_nc_1,full_subject_single_seed_validation
etard_tf64,cca,reconstruction,gate0_gate2_full_subject_single_seed_v1,0,P13,test_-_P13_-_lb_part_1,64,pearson_r,0.09885481554671648,1396,cca_nc_1,full_subject_single_seed_validation
etard_tf64,cca,reconstruction,gate0_gate2_full_subject_single_seed_v1,0,P13,test_-_P13_-_lb_part_2,64,pearson_r,0.11415911668353002,1433,cca_nc_1,full_subject_single_seed_validation
etard_tf64,cca,reconstruction,gate0_gate2_full_subject_single_seed_v1,0,P13,test_-_P13_-_lb_part_3,64,pearson_r,0.13005168521933835,1365,cca_nc_1,full_subject_single_seed_validation
etard_tf64,cca,reconstruction,gate0_gate2_full_subject_single_seed_v1,0,P13,test_-_P13_-_lb_part_4,64,pearson_r,-0.08827775881113376,1501,cca_nc_1,full_subject_single_seed_validation
etard_tf64,cca,reconstruction,gate0_gate2_full_subject_single_seed_v1,0,P13,test_-_P13_-_mbDutch_part_1,64,pearson_r,0.07169038950993617,1021,cca_nc_1,full_subject_single_seed_validation
etard_tf64,cca,reconstruction,gate0_gate2_full_subject_single_seed_v1,0,P13,test_-_P13_-_mbDutch_part_2,64,pearson_r,0.05106333506300321,981,cca_nc_1,full_subject_single_seed_validation
etard_tf64,cca,reconstruction,gate0_gate2_full_subject_single_seed_v1,0,P13,test_-_P13_-_mbDutch_part_3,64,pearson_r,0.10371928640790995,995,cca_nc_1,full_subject_single_seed_validation
etard_tf64,cca,reconstruction,gate0_gate2_full_subject_single_seed_v1,0,P13,test_-_P13_-_mbDutch_part_4,64,pearson_r,-0.11540679075712611,1000,cca_nc_1,full_subject_single_seed_validation
etard_tf64,cca,reconstruction,gate0_gate2_full_subject_single_seed_v1,0,P13,test_-_P13_-_mb_part_1,64,pearson_r,0.10356224660256223,945,cca_nc_1,full_subject_single_seed_validation
etard_tf64,cca,reconstruction,gate0_gate2_full_subject_single_seed_v1,0,P13,test_-_P13_-_mb_part_2,64,pearson_r,0.09555443721411445,994,cca_nc_1,full_subject_single_seed_validation
etard_tf64,cca,reconstruction,gate0_gate2_full_subject_single_seed_v1,0,P13,test_-_P13_-_mb_part_3,64,pearson_r,0.01636508925908929,995,cca_nc_1,full_subject_single_seed_validation
etard_tf64,cca,reconstruction,gate0_gate2_full_subject_single_seed_v1,0,P13,test_-_P13_-_mb_part_4,64,pearson_r,0.023453229719169442,1034,cca_nc_1,full_subject_single_seed_validation
etard_tf64,fcnn,reconstruction,gate0_gate2_full_subject_single_seed_v1,0,P13,test_-_P13_-_cleanDutch_part_1,64,pearson_r,0.114238716980123,941,fcnn_epoch_2,full_subject_single_seed_validation
etard_tf64,fcnn,reconstruction,gate0_gate2_full_subject_single_seed_v1,0,P13,test_-_P13_-_cleanDutch_part_2,64,pearson_r,0.039705122293370504,963,fcnn_epoch_2,full_subject_single_seed_validation
etard_tf64,fcnn,reconstruction,gate0_gate2_full_subject_single_seed_v1,0,P13,test_-_P13_-_cleanDutch_part_3,64,pearson_r,0.003459808416912658,974,fcnn_epoch_2,full_subject_single_seed_validation
etard_tf64,fcnn,reconstruction,gate0_gate2_full_subject_single_seed_v1,0,P13,test_-_P13_-_cleanDutch_part_4,64,pearson_r,0.09018734057979373,970,fcnn_epoch_2,full_subject_single_seed_validation
etard_tf64,fcnn,reconstruction,gate0_gate2_full_subject_single_seed_v1,0,P13,test_-_P13_-_clean_part_1,64,pearson_r,-0.02085292176574146,940,fcnn_epoch_2,full_subject_single_seed_validation
etard_tf64,fcnn,reconstruction,gate0_gate2_full_subject_single_seed_v1,0,P13,test_-_P13_-_clean_part_2,64,pearson_r,0.17726497140564518,976,fcnn_epoch_2,full_subject_single_seed_validation
etard_tf64,fcnn,reconstruction,gate0_gate2_full_subject_single_seed_v1,0,P13,test_-_P13_-_clean_part_3,64,pearson_r,0.028795866759512827,857,fcnn_epoch_2,full_subject_single_seed_validation
etard_tf64,fcnn,reconstruction,gate0_gate2_full_subject_single_seed_v1,0,P13,test_-_P13_-_clean_part_4,64,pearson_r,0.0119374857598222,938,fcnn_epoch_2,full_subject_single_seed_validation
etard_tf64,fcnn,reconstruction,gate0_gate2_full_subject_single_seed_v1,0,P13,test_-_P13_-_fM_part_1,64,pearson_r,0.24490496276255636,852,fcnn_epoch_2,full_subject_single_seed_validation
etard_tf64,fcnn,reconstruction,gate0_gate2_full_subject_single_seed_v1,0,P13,test_-_P13_-_fM_part_2,64,pearson_r,0.27757638971820436,813,fcnn_epoch_2,full_subject_single_seed_validation
etard_tf64,fcnn,reconstruction,gate0_gate2_full_subject_single_seed_v1,0,P13,test_-_P13_-_fM_part_3,64,pearson_r,0.05867083965853623,869,fcnn_epoch_2,full_subject_single_seed_validation
etard_tf64,fcnn,reconstruction,gate0_gate2_full_subject_single_seed_v1,0,P13,test_-_P13_-_fM_part_4,64,pearson_r,0.19911223658384622,953,fcnn_epoch_2,full_subject_single_seed_validation
etard_tf64,fcnn,reconstruction,gate0_gate2_full_subject_single_seed_v1,0,P13,test_-_P13_-_fW_part_1,64,pearson_r,0.10184253428898826,843,fcnn_epoch_2,full_subject_single_seed_validation
etard_tf64,fcnn,reconstruction,gate0_gate2_full_subject_single_seed_v1,0,P13,test_-_P13_-_fW_part_2,64,pearson_r,0.14960309022891907,870,fcnn_epoch_2,full_subject_single_seed_validation
etard_tf64,fcnn,reconstruction,gate0_gate2_full_subject_single_seed_v1,0,P13,test_-_P13_-_fW_part_3,64,pearson_r,-0.08100995251614061,974,fcnn_epoch_2,full_subject_single_seed_validation
etard_tf64,fcnn,reconstruction,gate0_gate2_full_subject_single_seed_v1,0,P13,test_-_P13_-_fW_part_4,64,pearson_r,0.07547448260662463,1047,fcnn_epoch_2,full_subject_single_seed_validation
etard_tf64,fcnn,reconstruction,gate0_gate2_full_subject_single_seed_v1,0,P13,test_-_P13_-_hbDutch_part_1,64,pearson_r,0.05035458092617667,984,fcnn_epoch_2,full_subject_single_seed_validation
etard_tf64,fcnn,reconstruction,gate0_gate2_full_subject_single_seed_v1,0,P13,test_-_P13_-_hbDutch_part_2,64,pearson_r,-0.03691571633022051,998,fcnn_epoch_2,full_subject_single_seed_validation
etard_tf64,fcnn,reconstruction,gate0_gate2_full_subject_single_seed_v1,0,P13,test_-_P13_-_hbDutch_part_3,64,pearson_r,-0.08183605911050919,1017,fcnn_epoch_2,full_subject_single_seed_validation
etard_tf64,fcnn,reconstruction,gate0_gate2_full_subject_single_seed_v1,0,P13,test_-_P13_-_hbDutch_part_4,64,pearson_r,-0.005287475780299184,1001,fcnn_epoch_2,full_subject_single_seed_validation
etard_tf64,fcnn,reconstruction,gate0_gate2_full_subject_single_seed_v1,0,P13,test_-_P13_-_hb_part_1,64,pearson_r,0.11273393912930355,1137,fcnn_epoch_2,full_subject_single_seed_validation
etard_tf64,fcnn,reconstruction,gate0_gate2_full_subject_single_seed_v1,0,P13,test_-_P13_-_hb_part_2,64,pearson_r,-0.06721902683549497,1074,fcnn_epoch_2,full_subject_single_seed_validation
etard_tf64,fcnn,reconstruction,gate0_gate2_full_subject_single_seed_v1,0,P13,test_-_P13_-_hb_part_3,64,pearson_r,0.025620969085196336,1157,fcnn_epoch_2,full_subject_single_seed_validation
etard_tf64,fcnn,reconstruction,gate0_gate2_full_subject_single_seed_v1,0,P13,test_-_P13_-_hb_part_4,64,pearson_r,0.023851674035508495,1080,fcnn_epoch_2,full_subject_single_seed_validation
etard_tf64,fcnn,reconstruction,gate0_gate2_full_subject_single_seed_v1,0,P13,test_-_P13_-_lbDutch_part_1,64,pearson_r,0.17262544101676486,1001,fcnn_epoch_2,full_subject_single_seed_validation
etard_tf64,fcnn,reconstruction,gate0_gate2_full_subject_single_seed_v1,0,P13,test_-_P13_-_lbDutch_part_2,64,pearson_r,0.00852737304656527,1026,fcnn_epoch_2,full_subject_single_seed_validation
etard_tf64,fcnn,reconstruction,gate0_gate2_full_subject_single_seed_v1,0,P13,test_-_P13_-_lbDutch_part_3,64,pearson_r,0.03384823028184703,991,fcnn_epoch_2,full_subject_single_seed_validation
etard_tf64,fcnn,reconstruction,gate0_gate2_full_subject_single_seed_v1,0,P13,test_-_P13_-_lbDutch_part_4,64,pearson_r,-0.045103633422912716,1011,fcnn_epoch_2,full_subject_single_seed_validation
etard_tf64,fcnn,reconstruction,gate0_gate2_full_subject_single_seed_v1,0,P13,test_-_P13_-_lb_part_1,64,pearson_r,-0.01948734698077664,1396,fcnn_epoch_2,full_subject_single_seed_validation
etard_tf64,fcnn,reconstruction,gate0_gate2_full_subject_single_seed_v1,0,P13,test_-_P13_-_lb_part_2,64,pearson_r,0.07042524652336746,1433,fcnn_epoch_2,full_subject_single_seed_validation
etard_tf64,fcnn,reconstruction,gate0_gate2_full_subject_single_seed_v1,0,P13,test_-_P13_-_lb_part_3,64,pearson_r,0.20132005375300238,1365,fcnn_epoch_2,full_subject_single_seed_validation
etard_tf64,fcnn,reconstruction,gate0_gate2_full_subject_single_seed_v1,0,P13,test_-_P13_-_lb_part_4,64,pearson_r,-0.03594193001916401,1501,fcnn_epoch_2,full_subject_single_seed_validation
etard_tf64,fcnn,reconstruction,gate0_gate2_full_subject_single_seed_v1,0,P13,test_-_P13_-_mbDutch_part_1,64,pearson_r,0.04510442569973253,1021,fcnn_epoch_2,full_subject_single_seed_validation
etard_tf64,fcnn,reconstruction,gate0_gate2_full_subject_single_seed_v1,0,P13,test_-_P13_-_mbDutch_part_2,64,pearson_r,0.031911306768843344,981,fcnn_epoch_2,full_subject_single_seed_validation
etard_tf64,fcnn,reconstruction,gate0_gate2_full_subject_single_seed_v1,0,P13,test_-_P13_-_mbDutch_part_3,64,pearson_r,-0.0036401448036847755,995,fcnn_epoch_2,full_subject_single_seed_validation
etard_tf64,fcnn,reconstruction,gate0_gate2_full_subject_single_seed_v1,0,P13,test_-_P13_-_mbDutch_part_4,64,pearson_r,-0.09235646635468502,1000,fcnn_epoch_2,full_subject_single_seed_validation
etard_tf64,fcnn,reconstruction,gate0_gate2_full_subject_single_seed_v1,0,P13,test_-_P13_-_mb_part_1,64,pearson_r,0.12787235745055386,945,fcnn_epoch_2,full_subject_single_seed_validation
etard_tf64,fcnn,reconstruction,gate0_gate2_full_subject_single_seed_v1,0,P13,test_-_P13_-_mb_part_2,64,pearson_r,0.17710074086873864,994,fcnn_epoch_2,full_subject_single_seed_validation
etard_tf64,fcnn,reconstruction,gate0_gate2_full_subject_single_seed_v1,0,P13,test_-_P13_-_mb_part_3,64,pearson_r,0.10398949589499178,995,fcnn_epoch_2,full_subject_single_seed_validation
etard_tf64,fcnn,reconstruction,gate0_gate2_full_subject_single_seed_v1,0,P13,test_-_P13_-_mb_part_4,64,pearson_r,-0.03056476945526723,1034,fcnn_epoch_2,full_subject_single_seed_validation
etard_tf64,adt,reconstruction,gate0_gate2_full_subject_single_seed_v1,0,P13,test_-_P13_-_cleanDutch_part_1,64,pearson_r,0.2372680651109332,960,adt_epoch_4,full_subject_single_seed_validation
etard_tf64,adt,reconstruction,gate0_gate2_full_subject_single_seed_v1,0,P13,test_-_P13_-_cleanDutch_part_2,64,pearson_r,0.00235541589172007,960,adt_epoch_4,full_subject_single_seed_validation
etard_tf64,adt,reconstruction,gate0_gate2_full_subject_single_seed_v1,0,P13,test_-_P13_-_cleanDutch_part_3,64,pearson_r,0.07782938078196529,960,adt_epoch_4,full_subject_single_seed_validation
etard_tf64,adt,reconstruction,gate0_gate2_full_subject_single_seed_v1,0,P13,test_-_P13_-_cleanDutch_part_4,64,pearson_r,0.1552110452385808,960,adt_epoch_4,full_subject_single_seed_validation
etard_tf64,adt,reconstruction,gate0_gate2_full_subject_single_seed_v1,0,P13,test_-_P13_-_clean_part_1,64,pearson_r,-0.003958371605002012,960,adt_epoch_4,full_subject_single_seed_validation
etard_tf64,adt,reconstruction,gate0_gate2_full_subject_single_seed_v1,0,P13,test_-_P13_-_clean_part_2,64,pearson_r,0.21946455983501284,1024,adt_epoch_4,full_subject_single_seed_validation
etard_tf64,adt,reconstruction,gate0_gate2_full_subject_single_seed_v1,0,P13,test_-_P13_-_clean_part_3,64,pearson_r,0.17009833739609023,896,adt_epoch_4,full_subject_single_seed_validation
etard_tf64,adt,reconstruction,gate0_gate2_full_subject_single_seed_v1,0,P13,test_-_P13_-_clean_part_4,64,pearson_r,0.13607765367174296,960,adt_epoch_4,full_subject_single_seed_validation
etard_tf64,adt,reconstruction,gate0_gate2_full_subject_single_seed_v1,0,P13,test_-_P13_-_fM_part_1,64,pearson_r,0.23959563355915545,896,adt_epoch_4,full_subject_single_seed_validation
etard_tf64,adt,reconstruction,gate0_gate2_full_subject_single_seed_v1,0,P13,test_-_P13_-_fM_part_2,64,pearson_r,-0.034351409379976446,832,adt_epoch_4,full_subject_single_seed_validation
etard_tf64,adt,reconstruction,gate0_gate2_full_subject_single_seed_v1,0,P13,test_-_P13_-_fM_part_3,64,pearson_r,0.03314108897087867,896,adt_epoch_4,full_subject_single_seed_validation
etard_tf64,adt,reconstruction,gate0_gate2_full_subject_single_seed_v1,0,P13,test_-_P13_-_fM_part_4,64,pearson_r,0.205490324353292,960,adt_epoch_4,full_subject_single_seed_validation
etard_tf64,adt,reconstruction,gate0_gate2_full_subject_single_seed_v1,0,P13,test_-_P13_-_fW_part_1,64,pearson_r,0.11043678879455705,832,adt_epoch_4,full_subject_single_seed_validation
etard_tf64,adt,reconstruction,gate0_gate2_full_subject_single_seed_v1,0,P13,test_-_P13_-_fW_part_2,64,pearson_r,0.14155634371146517,896,adt_epoch_4,full_subject_single_seed_validation
etard_tf64,adt,reconstruction,gate0_gate2_full_subject_single_seed_v1,0,P13,test_-_P13_-_fW_part_3,64,pearson_r,0.010445763629947641,960,adt_epoch_4,full_subject_single_seed_validation
etard_tf64,adt,reconstruction,gate0_gate2_full_subject_single_seed_v1,0,P13,test_-_P13_-_fW_part_4,64,pearson_r,0.20289822451013986,1088,adt_epoch_4,full_subject_single_seed_validation
etard_tf64,adt,reconstruction,gate0_gate2_full_subject_single_seed_v1,0,P13,test_-_P13_-_hbDutch_part_1,64,pearson_r,0.027377228127637723,1024,adt_epoch_4,full_subject_single_seed_validation
etard_tf64,adt,reconstruction,gate0_gate2_full_subject_single_seed_v1,0,P13,test_-_P13_-_hbDutch_part_2,64,pearson_r,0.06657971369201406,1024,adt_epoch_4,full_subject_single_seed_validation
etard_tf64,adt,reconstruction,gate0_gate2_full_subject_single_seed_v1,0,P13,test_-_P13_-_hbDutch_part_3,64,pearson_r,0.15920634318071186,1024,adt_epoch_4,full_subject_single_seed_validation
etard_tf64,adt,reconstruction,gate0_gate2_full_subject_single_seed_v1,0,P13,test_-_P13_-_hbDutch_part_4,64,pearson_r,0.03152942511865951,1024,adt_epoch_4,full_subject_single_seed_validation
etard_tf64,adt,reconstruction,gate0_gate2_full_subject_single_seed_v1,0,P13,test_-_P13_-_hb_part_1,64,pearson_r,0.06324672359536535,1152,adt_epoch_4,full_subject_single_seed_validation
etard_tf64,adt,reconstruction,gate0_gate2_full_subject_single_seed_v1,0,P13,test_-_P13_-_hb_part_2,64,pearson_r,0.12604888933558825,1088,adt_epoch_4,full_subject_single_seed_validation
etard_tf64,adt,reconstruction,gate0_gate2_full_subject_single_seed_v1,0,P13,test_-_P13_-_hb_part_3,64,pearson_r,-0.0019498218917041454,1152,adt_epoch_4,full_subject_single_seed_validation
etard_tf64,adt,reconstruction,gate0_gate2_full_subject_single_seed_v1,0,P13,test_-_P13_-_hb_part_4,64,pearson_r,-0.019274470256799566,1088,adt_epoch_4,full_subject_single_seed_validation
etard_tf64,adt,reconstruction,gate0_gate2_full_subject_single_seed_v1,0,P13,test_-_P13_-_lbDutch_part_1,64,pearson_r,0.19539530447918,1024,adt_epoch_4,full_subject_single_seed_validation
etard_tf64,adt,reconstruction,gate0_gate2_full_subject_single_seed_v1,0,P13,test_-_P13_-_lbDutch_part_2,64,pearson_r,0.07913467825011783,1024,adt_epoch_4,full_subject_single_seed_validation
etard_tf64,adt,reconstruction,gate0_gate2_full_subject_single_seed_v1,0,P13,test_-_P13_-_lbDutch_part_3,64,pearson_r,-0.009637557178197977,1024,adt_epoch_4,full_subject_single_seed_validation
etard_tf64,adt,reconstruction,gate0_gate2_full_subject_single_seed_v1,0,P13,test_-_P13_-_lbDutch_part_4,64,pearson_r,0.04790693837899746,1024,adt_epoch_4,full_subject_single_seed_validation
etard_tf64,adt,reconstruction,gate0_gate2_full_subject_single_seed_v1,0,P13,test_-_P13_-_lb_part_1,64,pearson_r,0.117574722780866,1408,adt_epoch_4,full_subject_single_seed_validation
etard_tf64,adt,reconstruction,gate0_gate2_full_subject_single_seed_v1,0,P13,test_-_P13_-_lb_part_2,64,pearson_r,-0.005312297620763739,1472,adt_epoch_4,full_subject_single_seed_validation
etard_tf64,adt,reconstruction,gate0_gate2_full_subject_single_seed_v1,0,P13,test_-_P13_-_lb_part_3,64,pearson_r,0.1026284297535073,1408,adt_epoch_4,full_subject_single_seed_validation
etard_tf64,adt,reconstruction,gate0_gate2_full_subject_single_seed_v1,0,P13,test_-_P13_-_lb_part_4,64,pearson_r,0.012804596920482152,1536,adt_epoch_4,full_subject_single_seed_validation
etard_tf64,adt,reconstruction,gate0_gate2_full_subject_single_seed_v1,0,P13,test_-_P13_-_mbDutch_part_1,64,pearson_r,0.042591539542351904,1024,adt_epoch_4,full_subject_single_seed_validation
etard_tf64,adt,reconstruction,gate0_gate2_full_subject_single_seed_v1,0,P13,test_-_P13_-_mbDutch_part_2,64,pearson_r,-0.005133786055488142,1024,adt_epoch_4,full_subject_single_seed_validation
etard_tf64,adt,reconstruction,gate0_gate2_full_subject_single_seed_v1,0,P13,test_-_P13_-_mbDutch_part_3,64,pearson_r,-0.030336299185366903,1024,adt_epoch_4,full_subject_single_seed_validation
etard_tf64,adt,reconstruction,gate0_gate2_full_subject_single_seed_v1,0,P13,test_-_P13_-_mbDutch_part_4,64,pearson_r,-0.011367824909293242,1024,adt_epoch_4,full_subject_single_seed_validation
etard_tf64,adt,reconstruction,gate0_gate2_full_subject_single_seed_v1,0,P13,test_-_P13_-_mb_part_1,64,pearson_r,0.1696007418640365,960,adt_epoch_4,full_subject_single_seed_validation
etard_tf64,adt,reconstruction,gate0_gate2_full_subject_single_seed_v1,0,P13,test_-_P13_-_mb_part_2,64,pearson_r,0.15749154076630528,1024,adt_epoch_4,full_subject_single_seed_validation
etard_tf64,adt,reconstruction,gate0_gate2_full_subject_single_seed_v1,0,P13,test_-_P13_-_mb_part_3,64,pearson_r,0.11440639143431125,1024,adt_epoch_4,full_subject_single_seed_validation
etard_tf64,adt,reconstruction,gate0_gate2_full_subject_single_seed_v1,0,P13,test_-_P13_-_mb_part_4,64,pearson_r,0.09785424465221207,1024,adt_epoch_4,full_subject_single_seed_validation
etard_tf64,ridge,reconstruction,gate0_gate2_full_subject_single_seed_v1,0,P14,test_-_P14_-_cleanDutch_part_1,64,pearson_r,0.07128353912022213,941,ridge_alpha_100.0,full_subject_single_seed_validation
etard_tf64,ridge,reconstruction,gate0_gate2_full_subject_single_seed_v1,0,P14,test_-_P14_-_cleanDutch_part_2,64,pearson_r,0.08818695004800749,963,ridge_alpha_100.0,full_subject_single_seed_validation
etard_tf64,ridge,reconstruction,gate0_gate2_full_subject_single_seed_v1,0,P14,test_-_P14_-_cleanDutch_part_3,64,pearson_r,0.16399930313291786,974,ridge_alpha_100.0,full_subject_single_seed_validation
etard_tf64,ridge,reconstruction,gate0_gate2_full_subject_single_seed_v1,0,P14,test_-_P14_-_cleanDutch_part_4,64,pearson_r,0.13329115255197013,970,ridge_alpha_100.0,full_subject_single_seed_validation
etard_tf64,ridge,reconstruction,gate0_gate2_full_subject_single_seed_v1,0,P14,test_-_P14_-_clean_part_1,64,pearson_r,0.0907023034224848,940,ridge_alpha_100.0,full_subject_single_seed_validation
etard_tf64,ridge,reconstruction,gate0_gate2_full_subject_single_seed_v1,0,P14,test_-_P14_-_clean_part_2,64,pearson_r,0.044476890010194045,976,ridge_alpha_100.0,full_subject_single_seed_validation
etard_tf64,ridge,reconstruction,gate0_gate2_full_subject_single_seed_v1,0,P14,test_-_P14_-_clean_part_3,64,pearson_r,0.2124349472313359,857,ridge_alpha_100.0,full_subject_single_seed_validation
etard_tf64,ridge,reconstruction,gate0_gate2_full_subject_single_seed_v1,0,P14,test_-_P14_-_clean_part_4,64,pearson_r,0.011072574532678599,938,ridge_alpha_100.0,full_subject_single_seed_validation
etard_tf64,ridge,reconstruction,gate0_gate2_full_subject_single_seed_v1,0,P14,test_-_P14_-_fM_part_1,64,pearson_r,-0.043004703600469166,852,ridge_alpha_100.0,full_subject_single_seed_validation
etard_tf64,ridge,reconstruction,gate0_gate2_full_subject_single_seed_v1,0,P14,test_-_P14_-_fM_part_2,64,pearson_r,0.1950090541070565,813,ridge_alpha_100.0,full_subject_single_seed_validation
etard_tf64,ridge,reconstruction,gate0_gate2_full_subject_single_seed_v1,0,P14,test_-_P14_-_fM_part_3,64,pearson_r,0.06851499725420152,869,ridge_alpha_100.0,full_subject_single_seed_validation
etard_tf64,ridge,reconstruction,gate0_gate2_full_subject_single_seed_v1,0,P14,test_-_P14_-_fM_part_4,64,pearson_r,0.1724335822244964,953,ridge_alpha_100.0,full_subject_single_seed_validation
etard_tf64,ridge,reconstruction,gate0_gate2_full_subject_single_seed_v1,0,P14,test_-_P14_-_fW_part_1,64,pearson_r,0.08043797387737785,843,ridge_alpha_100.0,full_subject_single_seed_validation
etard_tf64,ridge,reconstruction,gate0_gate2_full_subject_single_seed_v1,0,P14,test_-_P14_-_fW_part_2,64,pearson_r,0.028288464586730372,870,ridge_alpha_100.0,full_subject_single_seed_validation
etard_tf64,ridge,reconstruction,gate0_gate2_full_subject_single_seed_v1,0,P14,test_-_P14_-_fW_part_3,64,pearson_r,0.18618640140705245,974,ridge_alpha_100.0,full_subject_single_seed_validation
etard_tf64,ridge,reconstruction,gate0_gate2_full_subject_single_seed_v1,0,P14,test_-_P14_-_fW_part_4,64,pearson_r,0.05642926721454128,1047,ridge_alpha_100.0,full_subject_single_seed_validation
etard_tf64,ridge,reconstruction,gate0_gate2_full_subject_single_seed_v1,0,P14,test_-_P14_-_hbDutch_part_1,64,pearson_r,-0.039162223508337805,984,ridge_alpha_100.0,full_subject_single_seed_validation
etard_tf64,ridge,reconstruction,gate0_gate2_full_subject_single_seed_v1,0,P14,test_-_P14_-_hbDutch_part_2,64,pearson_r,-0.04686058122384072,998,ridge_alpha_100.0,full_subject_single_seed_validation
etard_tf64,ridge,reconstruction,gate0_gate2_full_subject_single_seed_v1,0,P14,test_-_P14_-_hbDutch_part_3,64,pearson_r,-0.023578470184637056,1017,ridge_alpha_100.0,full_subject_single_seed_validation
etard_tf64,ridge,reconstruction,gate0_gate2_full_subject_single_seed_v1,0,P14,test_-_P14_-_hbDutch_part_4,64,pearson_r,-0.012976818654883917,1001,ridge_alpha_100.0,full_subject_single_seed_validation
etard_tf64,ridge,reconstruction,gate0_gate2_full_subject_single_seed_v1,0,P14,test_-_P14_-_hb_part_1,64,pearson_r,0.006820798039865394,1137,ridge_alpha_100.0,full_subject_single_seed_validation
etard_tf64,ridge,reconstruction,gate0_gate2_full_subject_single_seed_v1,0,P14,test_-_P14_-_hb_part_2,64,pearson_r,0.11587516109528634,1074,ridge_alpha_100.0,full_subject_single_seed_validation
etard_tf64,ridge,reconstruction,gate0_gate2_full_subject_single_seed_v1,0,P14,test_-_P14_-_hb_part_3,64,pearson_r,0.07052043948332307,1157,ridge_alpha_100.0,full_subject_single_seed_validation
etard_tf64,ridge,reconstruction,gate0_gate2_full_subject_single_seed_v1,0,P14,test_-_P14_-_hb_part_4,64,pearson_r,0.1144045086013919,1080,ridge_alpha_100.0,full_subject_single_seed_validation
etard_tf64,ridge,reconstruction,gate0_gate2_full_subject_single_seed_v1,0,P14,test_-_P14_-_lbDutch_part_1,64,pearson_r,-0.0587310858528587,1001,ridge_alpha_100.0,full_subject_single_seed_validation
etard_tf64,ridge,reconstruction,gate0_gate2_full_subject_single_seed_v1,0,P14,test_-_P14_-_lbDutch_part_2,64,pearson_r,0.0065601738847939186,1026,ridge_alpha_100.0,full_subject_single_seed_validation
etard_tf64,ridge,reconstruction,gate0_gate2_full_subject_single_seed_v1,0,P14,test_-_P14_-_lbDutch_part_3,64,pearson_r,0.020427167722255345,991,ridge_alpha_100.0,full_subject_single_seed_validation
etard_tf64,ridge,reconstruction,gate0_gate2_full_subject_single_seed_v1,0,P14,test_-_P14_-_lbDutch_part_4,64,pearson_r,0.1119400778524701,1011,ridge_alpha_100.0,full_subject_single_seed_validation
etard_tf64,ridge,reconstruction,gate0_gate2_full_subject_single_seed_v1,0,P14,test_-_P14_-_lb_part_1,64,pearson_r,0.19118311970496346,1396,ridge_alpha_100.0,full_subject_single_seed_validation
etard_tf64,ridge,reconstruction,gate0_gate2_full_subject_single_seed_v1,0,P14,test_-_P14_-_lb_part_2,64,pearson_r,0.10915202471061752,1433,ridge_alpha_100.0,full_subject_single_seed_validation
etard_tf64,ridge,reconstruction,gate0_gate2_full_subject_single_seed_v1,0,P14,test_-_P14_-_lb_part_3,64,pearson_r,0.08666736023554976,1365,ridge_alpha_100.0,full_subject_single_seed_validation
etard_tf64,ridge,reconstruction,gate0_gate2_full_subject_single_seed_v1,0,P14,test_-_P14_-_lb_part_4,64,pearson_r,0.08691983110016464,1501,ridge_alpha_100.0,full_subject_single_seed_validation
etard_tf64,ridge,reconstruction,gate0_gate2_full_subject_single_seed_v1,0,P14,test_-_P14_-_mbDutch_part_1,64,pearson_r,-0.0030940087609650385,1021,ridge_alpha_100.0,full_subject_single_seed_validation
etard_tf64,ridge,reconstruction,gate0_gate2_full_subject_single_seed_v1,0,P14,test_-_P14_-_mbDutch_part_2,64,pearson_r,0.0601136329729047,981,ridge_alpha_100.0,full_subject_single_seed_validation
etard_tf64,ridge,reconstruction,gate0_gate2_full_subject_single_seed_v1,0,P14,test_-_P14_-_mbDutch_part_3,64,pearson_r,0.07236317493699003,995,ridge_alpha_100.0,full_subject_single_seed_validation
etard_tf64,ridge,reconstruction,gate0_gate2_full_subject_single_seed_v1,0,P14,test_-_P14_-_mbDutch_part_4,64,pearson_r,0.1173940043610803,1000,ridge_alpha_100.0,full_subject_single_seed_validation
etard_tf64,ridge,reconstruction,gate0_gate2_full_subject_single_seed_v1,0,P14,test_-_P14_-_mb_part_1,64,pearson_r,0.2602900938323191,945,ridge_alpha_100.0,full_subject_single_seed_validation
etard_tf64,ridge,reconstruction,gate0_gate2_full_subject_single_seed_v1,0,P14,test_-_P14_-_mb_part_2,64,pearson_r,-0.07574111627551326,994,ridge_alpha_100.0,full_subject_single_seed_validation
etard_tf64,ridge,reconstruction,gate0_gate2_full_subject_single_seed_v1,0,P14,test_-_P14_-_mb_part_3,64,pearson_r,0.013329716021075768,995,ridge_alpha_100.0,full_subject_single_seed_validation
etard_tf64,ridge,reconstruction,gate0_gate2_full_subject_single_seed_v1,0,P14,test_-_P14_-_mb_part_4,64,pearson_r,0.09829055211369969,1034,ridge_alpha_100.0,full_subject_single_seed_validation
etard_tf64,cca,reconstruction,gate0_gate2_full_subject_single_seed_v1,0,P14,test_-_P14_-_cleanDutch_part_1,64,pearson_r,-0.035777266713383424,941,cca_nc_4,full_subject_single_seed_validation
etard_tf64,cca,reconstruction,gate0_gate2_full_subject_single_seed_v1,0,P14,test_-_P14_-_cleanDutch_part_2,64,pearson_r,0.12124360518682128,963,cca_nc_4,full_subject_single_seed_validation
etard_tf64,cca,reconstruction,gate0_gate2_full_subject_single_seed_v1,0,P14,test_-_P14_-_cleanDutch_part_3,64,pearson_r,0.1562519570541383,974,cca_nc_4,full_subject_single_seed_validation
etard_tf64,cca,reconstruction,gate0_gate2_full_subject_single_seed_v1,0,P14,test_-_P14_-_cleanDutch_part_4,64,pearson_r,0.13858206768290776,970,cca_nc_4,full_subject_single_seed_validation
etard_tf64,cca,reconstruction,gate0_gate2_full_subject_single_seed_v1,0,P14,test_-_P14_-_clean_part_1,64,pearson_r,-0.1209131272627085,940,cca_nc_4,full_subject_single_seed_validation
etard_tf64,cca,reconstruction,gate0_gate2_full_subject_single_seed_v1,0,P14,test_-_P14_-_clean_part_2,64,pearson_r,-0.13580199304621807,976,cca_nc_4,full_subject_single_seed_validation
etard_tf64,cca,reconstruction,gate0_gate2_full_subject_single_seed_v1,0,P14,test_-_P14_-_clean_part_3,64,pearson_r,0.08715652422609593,857,cca_nc_4,full_subject_single_seed_validation
etard_tf64,cca,reconstruction,gate0_gate2_full_subject_single_seed_v1,0,P14,test_-_P14_-_clean_part_4,64,pearson_r,0.011366811646536404,938,cca_nc_4,full_subject_single_seed_validation
etard_tf64,cca,reconstruction,gate0_gate2_full_subject_single_seed_v1,0,P14,test_-_P14_-_fM_part_1,64,pearson_r,-0.03438325080434635,852,cca_nc_4,full_subject_single_seed_validation
etard_tf64,cca,reconstruction,gate0_gate2_full_subject_single_seed_v1,0,P14,test_-_P14_-_fM_part_2,64,pearson_r,0.23517984233238848,813,cca_nc_4,full_subject_single_seed_validation
etard_tf64,cca,reconstruction,gate0_gate2_full_subject_single_seed_v1,0,P14,test_-_P14_-_fM_part_3,64,pearson_r,-0.008396220450913787,869,cca_nc_4,full_subject_single_seed_validation
etard_tf64,cca,reconstruction,gate0_gate2_full_subject_single_seed_v1,0,P14,test_-_P14_-_fM_part_4,64,pearson_r,0.1497616069217021,953,cca_nc_4,full_subject_single_seed_validation
etard_tf64,cca,reconstruction,gate0_gate2_full_subject_single_seed_v1,0,P14,test_-_P14_-_fW_part_1,64,pearson_r,-0.08815041347474653,843,cca_nc_4,full_subject_single_seed_validation
etard_tf64,cca,reconstruction,gate0_gate2_full_subject_single_seed_v1,0,P14,test_-_P14_-_fW_part_2,64,pearson_r,-0.022812524588207962,870,cca_nc_4,full_subject_single_seed_validation
etard_tf64,cca,reconstruction,gate0_gate2_full_subject_single_seed_v1,0,P14,test_-_P14_-_fW_part_3,64,pearson_r,0.10343927074969657,974,cca_nc_4,full_subject_single_seed_validation
etard_tf64,cca,reconstruction,gate0_gate2_full_subject_single_seed_v1,0,P14,test_-_P14_-_fW_part_4,64,pearson_r,0.09237851717416642,1047,cca_nc_4,full_subject_single_seed_validation
etard_tf64,cca,reconstruction,gate0_gate2_full_subject_single_seed_v1,0,P14,test_-_P14_-_hbDutch_part_1,64,pearson_r,-0.0766180016931559,984,cca_nc_4,full_subject_single_seed_validation
etard_tf64,cca,reconstruction,gate0_gate2_full_subject_single_seed_v1,0,P14,test_-_P14_-_hbDutch_part_2,64,pearson_r,-0.09061964285460833,998,cca_nc_4,full_subject_single_seed_validation
etard_tf64,cca,reconstruction,gate0_gate2_full_subject_single_seed_v1,0,P14,test_-_P14_-_hbDutch_part_3,64,pearson_r,0.09750526528510814,1017,cca_nc_4,full_subject_single_seed_validation
etard_tf64,cca,reconstruction,gate0_gate2_full_subject_single_seed_v1,0,P14,test_-_P14_-_hbDutch_part_4,64,pearson_r,-0.008207128468487392,1001,cca_nc_4,full_subject_single_seed_validation
etard_tf64,cca,reconstruction,gate0_gate2_full_subject_single_seed_v1,0,P14,test_-_P14_-_hb_part_1,64,pearson_r,0.19851419092892283,1137,cca_nc_4,full_subject_single_seed_validation
etard_tf64,cca,reconstruction,gate0_gate2_full_subject_single_seed_v1,0,P14,test_-_P14_-_hb_part_2,64,pearson_r,0.07971011214810764,1074,cca_nc_4,full_subject_single_seed_validation
etard_tf64,cca,reconstruction,gate0_gate2_full_subject_single_seed_v1,0,P14,test_-_P14_-_hb_part_3,64,pearson_r,0.0959194872569703,1157,cca_nc_4,full_subject_single_seed_validation
etard_tf64,cca,reconstruction,gate0_gate2_full_subject_single_seed_v1,0,P14,test_-_P14_-_hb_part_4,64,pearson_r,0.11441605585289451,1080,cca_nc_4,full_subject_single_seed_validation
etard_tf64,cca,reconstruction,gate0_gate2_full_subject_single_seed_v1,0,P14,test_-_P14_-_lbDutch_part_1,64,pearson_r,-0.011000251963141406,1001,cca_nc_4,full_subject_single_seed_validation
etard_tf64,cca,reconstruction,gate0_gate2_full_subject_single_seed_v1,0,P14,test_-_P14_-_lbDutch_part_2,64,pearson_r,-0.055436335665148724,1026,cca_nc_4,full_subject_single_seed_validation
etard_tf64,cca,reconstruction,gate0_gate2_full_subject_single_seed_v1,0,P14,test_-_P14_-_lbDutch_part_3,64,pearson_r,0.07199174754884319,991,cca_nc_4,full_subject_single_seed_validation
etard_tf64,cca,reconstruction,gate0_gate2_full_subject_single_seed_v1,0,P14,test_-_P14_-_lbDutch_part_4,64,pearson_r,0.11140584125206542,1011,cca_nc_4,full_subject_single_seed_validation
etard_tf64,cca,reconstruction,gate0_gate2_full_subject_single_seed_v1,0,P14,test_-_P14_-_lb_part_1,64,pearson_r,0.12250146242027254,1396,cca_nc_4,full_subject_single_seed_validation
etard_tf64,cca,reconstruction,gate0_gate2_full_subject_single_seed_v1,0,P14,test_-_P14_-_lb_part_2,64,pearson_r,0.16436074925788308,1433,cca_nc_4,full_subject_single_seed_validation
etard_tf64,cca,reconstruction,gate0_gate2_full_subject_single_seed_v1,0,P14,test_-_P14_-_lb_part_3,64,pearson_r,0.15263446938621686,1365,cca_nc_4,full_subject_single_seed_validation
etard_tf64,cca,reconstruction,gate0_gate2_full_subject_single_seed_v1,0,P14,test_-_P14_-_lb_part_4,64,pearson_r,0.11329772060600043,1501,cca_nc_4,full_subject_single_seed_validation
etard_tf64,cca,reconstruction,gate0_gate2_full_subject_single_seed_v1,0,P14,test_-_P14_-_mbDutch_part_1,64,pearson_r,-0.0052207853211134955,1021,cca_nc_4,full_subject_single_seed_validation
etard_tf64,cca,reconstruction,gate0_gate2_full_subject_single_seed_v1,0,P14,test_-_P14_-_mbDutch_part_2,64,pearson_r,0.14799206277690782,981,cca_nc_4,full_subject_single_seed_validation
etard_tf64,cca,reconstruction,gate0_gate2_full_subject_single_seed_v1,0,P14,test_-_P14_-_mbDutch_part_3,64,pearson_r,0.054399467675151504,995,cca_nc_4,full_subject_single_seed_validation
etard_tf64,cca,reconstruction,gate0_gate2_full_subject_single_seed_v1,0,P14,test_-_P14_-_mbDutch_part_4,64,pearson_r,0.09360136567006812,1000,cca_nc_4,full_subject_single_seed_validation
etard_tf64,cca,reconstruction,gate0_gate2_full_subject_single_seed_v1,0,P14,test_-_P14_-_mb_part_1,64,pearson_r,0.1943359513685686,945,cca_nc_4,full_subject_single_seed_validation
etard_tf64,cca,reconstruction,gate0_gate2_full_subject_single_seed_v1,0,P14,test_-_P14_-_mb_part_2,64,pearson_r,-0.004457442317866105,994,cca_nc_4,full_subject_single_seed_validation
etard_tf64,cca,reconstruction,gate0_gate2_full_subject_single_seed_v1,0,P14,test_-_P14_-_mb_part_3,64,pearson_r,-0.08800536975600042,995,cca_nc_4,full_subject_single_seed_validation
etard_tf64,cca,reconstruction,gate0_gate2_full_subject_single_seed_v1,0,P14,test_-_P14_-_mb_part_4,64,pearson_r,0.04843569333243843,1034,cca_nc_4,full_subject_single_seed_validation
etard_tf64,fcnn,reconstruction,gate0_gate2_full_subject_single_seed_v1,0,P14,test_-_P14_-_cleanDutch_part_1,64,pearson_r,0.012605169540786314,941,fcnn_epoch_0,full_subject_single_seed_validation
etard_tf64,fcnn,reconstruction,gate0_gate2_full_subject_single_seed_v1,0,P14,test_-_P14_-_cleanDutch_part_2,64,pearson_r,0.0498156459797573,963,fcnn_epoch_0,full_subject_single_seed_validation
etard_tf64,fcnn,reconstruction,gate0_gate2_full_subject_single_seed_v1,0,P14,test_-_P14_-_cleanDutch_part_3,64,pearson_r,0.17928521470042952,974,fcnn_epoch_0,full_subject_single_seed_validation
etard_tf64,fcnn,reconstruction,gate0_gate2_full_subject_single_seed_v1,0,P14,test_-_P14_-_cleanDutch_part_4,64,pearson_r,0.12893105075761715,970,fcnn_epoch_0,full_subject_single_seed_validation
etard_tf64,fcnn,reconstruction,gate0_gate2_full_subject_single_seed_v1,0,P14,test_-_P14_-_clean_part_1,64,pearson_r,-0.01629058495754655,940,fcnn_epoch_0,full_subject_single_seed_validation
etard_tf64,fcnn,reconstruction,gate0_gate2_full_subject_single_seed_v1,0,P14,test_-_P14_-_clean_part_2,64,pearson_r,-0.1807007160657721,976,fcnn_epoch_0,full_subject_single_seed_validation
etard_tf64,fcnn,reconstruction,gate0_gate2_full_subject_single_seed_v1,0,P14,test_-_P14_-_clean_part_3,64,pearson_r,0.10631600771754621,857,fcnn_epoch_0,full_subject_single_seed_validation
etard_tf64,fcnn,reconstruction,gate0_gate2_full_subject_single_seed_v1,0,P14,test_-_P14_-_clean_part_4,64,pearson_r,-0.004568396806121475,938,fcnn_epoch_0,full_subject_single_seed_validation
etard_tf64,fcnn,reconstruction,gate0_gate2_full_subject_single_seed_v1,0,P14,test_-_P14_-_fM_part_1,64,pearson_r,0.037971935982583783,852,fcnn_epoch_0,full_subject_single_seed_validation
etard_tf64,fcnn,reconstruction,gate0_gate2_full_subject_single_seed_v1,0,P14,test_-_P14_-_fM_part_2,64,pearson_r,0.15221036494208914,813,fcnn_epoch_0,full_subject_single_seed_validation
etard_tf64,fcnn,reconstruction,gate0_gate2_full_subject_single_seed_v1,0,P14,test_-_P14_-_fM_part_3,64,pearson_r,-0.050050375526260855,869,fcnn_epoch_0,full_subject_single_seed_validation
etard_tf64,fcnn,reconstruction,gate0_gate2_full_subject_single_seed_v1,0,P14,test_-_P14_-_fM_part_4,64,pearson_r,0.10328521188056039,953,fcnn_epoch_0,full_subject_single_seed_validation
etard_tf64,fcnn,reconstruction,gate0_gate2_full_subject_single_seed_v1,0,P14,test_-_P14_-_fW_part_1,64,pearson_r,0.030702780166960094,843,fcnn_epoch_0,full_subject_single_seed_validation
etard_tf64,fcnn,reconstruction,gate0_gate2_full_subject_single_seed_v1,0,P14,test_-_P14_-_fW_part_2,64,pearson_r,-0.004975616148184643,870,fcnn_epoch_0,full_subject_single_seed_validation
etard_tf64,fcnn,reconstruction,gate0_gate2_full_subject_single_seed_v1,0,P14,test_-_P14_-_fW_part_3,64,pearson_r,0.1299291868047492,974,fcnn_epoch_0,full_subject_single_seed_validation
etard_tf64,fcnn,reconstruction,gate0_gate2_full_subject_single_seed_v1,0,P14,test_-_P14_-_fW_part_4,64,pearson_r,0.07561887053065774,1047,fcnn_epoch_0,full_subject_single_seed_validation
etard_tf64,fcnn,reconstruction,gate0_gate2_full_subject_single_seed_v1,0,P14,test_-_P14_-_hbDutch_part_1,64,pearson_r,-0.048932169228440875,984,fcnn_epoch_0,full_subject_single_seed_validation
etard_tf64,fcnn,reconstruction,gate0_gate2_full_subject_single_seed_v1,0,P14,test_-_P14_-_hbDutch_part_2,64,pearson_r,0.017148582980639933,998,fcnn_epoch_0,full_subject_single_seed_validation
etard_tf64,fcnn,reconstruction,gate0_gate2_full_subject_single_seed_v1,0,P14,test_-_P14_-_hbDutch_part_3,64,pearson_r,0.10453361186048016,1017,fcnn_epoch_0,full_subject_single_seed_validation
etard_tf64,fcnn,reconstruction,gate0_gate2_full_subject_single_seed_v1,0,P14,test_-_P14_-_hbDutch_part_4,64,pearson_r,-0.0984203010383955,1001,fcnn_epoch_0,full_subject_single_seed_validation
etard_tf64,fcnn,reconstruction,gate0_gate2_full_subject_single_seed_v1,0,P14,test_-_P14_-_hb_part_1,64,pearson_r,0.1166214428700223,1137,fcnn_epoch_0,full_subject_single_seed_validation
etard_tf64,fcnn,reconstruction,gate0_gate2_full_subject_single_seed_v1,0,P14,test_-_P14_-_hb_part_2,64,pearson_r,0.0286752067164925,1074,fcnn_epoch_0,full_subject_single_seed_validation
etard_tf64,fcnn,reconstruction,gate0_gate2_full_subject_single_seed_v1,0,P14,test_-_P14_-_hb_part_3,64,pearson_r,0.07301923169906496,1157,fcnn_epoch_0,full_subject_single_seed_validation
etard_tf64,fcnn,reconstruction,gate0_gate2_full_subject_single_seed_v1,0,P14,test_-_P14_-_hb_part_4,64,pearson_r,0.0285114329262815,1080,fcnn_epoch_0,full_subject_single_seed_validation
etard_tf64,fcnn,reconstruction,gate0_gate2_full_subject_single_seed_v1,0,P14,test_-_P14_-_lbDutch_part_1,64,pearson_r,0.022789085716794433,1001,fcnn_epoch_0,full_subject_single_seed_validation
etard_tf64,fcnn,reconstruction,gate0_gate2_full_subject_single_seed_v1,0,P14,test_-_P14_-_lbDutch_part_2,64,pearson_r,0.047235163254783386,1026,fcnn_epoch_0,full_subject_single_seed_validation
etard_tf64,fcnn,reconstruction,gate0_gate2_full_subject_single_seed_v1,0,P14,test_-_P14_-_lbDutch_part_3,64,pearson_r,0.12093027454454973,991,fcnn_epoch_0,full_subject_single_seed_validation
etard_tf64,fcnn,reconstruction,gate0_gate2_full_subject_single_seed_v1,0,P14,test_-_P14_-_lbDutch_part_4,64,pearson_r,0.14051240195151662,1011,fcnn_epoch_0,full_subject_single_seed_validation
etard_tf64,fcnn,reconstruction,gate0_gate2_full_subject_single_seed_v1,0,P14,test_-_P14_-_lb_part_1,64,pearson_r,0.09528315121182071,1396,fcnn_epoch_0,full_subject_single_seed_validation
etard_tf64,fcnn,reconstruction,gate0_gate2_full_subject_single_seed_v1,0,P14,test_-_P14_-_lb_part_2,64,pearson_r,0.11656458436422122,1433,fcnn_epoch_0,full_subject_single_seed_validation
etard_tf64,fcnn,reconstruction,gate0_gate2_full_subject_single_seed_v1,0,P14,test_-_P14_-_lb_part_3,64,pearson_r,-0.006782134398293546,1365,fcnn_epoch_0,full_subject_single_seed_validation
etard_tf64,fcnn,reconstruction,gate0_gate2_full_subject_single_seed_v1,0,P14,test_-_P14_-_lb_part_4,64,pearson_r,0.1554286346531378,1501,fcnn_epoch_0,full_subject_single_seed_validation
etard_tf64,fcnn,reconstruction,gate0_gate2_full_subject_single_seed_v1,0,P14,test_-_P14_-_mbDutch_part_1,64,pearson_r,0.03825223308539782,1021,fcnn_epoch_0,full_subject_single_seed_validation
etard_tf64,fcnn,reconstruction,gate0_gate2_full_subject_single_seed_v1,0,P14,test_-_P14_-_mbDutch_part_2,64,pearson_r,0.15280575184248504,981,fcnn_epoch_0,full_subject_single_seed_validation
etard_tf64,fcnn,reconstruction,gate0_gate2_full_subject_single_seed_v1,0,P14,test_-_P14_-_mbDutch_part_3,64,pearson_r,0.030778165446722256,995,fcnn_epoch_0,full_subject_single_seed_validation
etard_tf64,fcnn,reconstruction,gate0_gate2_full_subject_single_seed_v1,0,P14,test_-_P14_-_mbDutch_part_4,64,pearson_r,0.08701660037019116,1000,fcnn_epoch_0,full_subject_single_seed_validation
etard_tf64,fcnn,reconstruction,gate0_gate2_full_subject_single_seed_v1,0,P14,test_-_P14_-_mb_part_1,64,pearson_r,0.23635612312386362,945,fcnn_epoch_0,full_subject_single_seed_validation
etard_tf64,fcnn,reconstruction,gate0_gate2_full_subject_single_seed_v1,0,P14,test_-_P14_-_mb_part_2,64,pearson_r,-0.10871615082973705,994,fcnn_epoch_0,full_subject_single_seed_validation
etard_tf64,fcnn,reconstruction,gate0_gate2_full_subject_single_seed_v1,0,P14,test_-_P14_-_mb_part_3,64,pearson_r,-0.02742784624935427,995,fcnn_epoch_0,full_subject_single_seed_validation
etard_tf64,fcnn,reconstruction,gate0_gate2_full_subject_single_seed_v1,0,P14,test_-_P14_-_mb_part_4,64,pearson_r,0.003744173019417801,1034,fcnn_epoch_0,full_subject_single_seed_validation
etard_tf64,adt,reconstruction,gate0_gate2_full_subject_single_seed_v1,0,P14,test_-_P14_-_cleanDutch_part_1,64,pearson_r,-0.07280521963494965,960,adt_epoch_2,full_subject_single_seed_validation
etard_tf64,adt,reconstruction,gate0_gate2_full_subject_single_seed_v1,0,P14,test_-_P14_-_cleanDutch_part_2,64,pearson_r,0.011149917891347089,960,adt_epoch_2,full_subject_single_seed_validation
etard_tf64,adt,reconstruction,gate0_gate2_full_subject_single_seed_v1,0,P14,test_-_P14_-_cleanDutch_part_3,64,pearson_r,0.11425068724604154,960,adt_epoch_2,full_subject_single_seed_validation
etard_tf64,adt,reconstruction,gate0_gate2_full_subject_single_seed_v1,0,P14,test_-_P14_-_cleanDutch_part_4,64,pearson_r,0.12274325401885447,960,adt_epoch_2,full_subject_single_seed_validation
etard_tf64,adt,reconstruction,gate0_gate2_full_subject_single_seed_v1,0,P14,test_-_P14_-_clean_part_1,64,pearson_r,-0.16992222301478352,960,adt_epoch_2,full_subject_single_seed_validation
etard_tf64,adt,reconstruction,gate0_gate2_full_subject_single_seed_v1,0,P14,test_-_P14_-_clean_part_2,64,pearson_r,-0.12104917712665036,1024,adt_epoch_2,full_subject_single_seed_validation
etard_tf64,adt,reconstruction,gate0_gate2_full_subject_single_seed_v1,0,P14,test_-_P14_-_clean_part_3,64,pearson_r,0.2324312239108202,896,adt_epoch_2,full_subject_single_seed_validation
etard_tf64,adt,reconstruction,gate0_gate2_full_subject_single_seed_v1,0,P14,test_-_P14_-_clean_part_4,64,pearson_r,0.03916668737320242,960,adt_epoch_2,full_subject_single_seed_validation
etard_tf64,adt,reconstruction,gate0_gate2_full_subject_single_seed_v1,0,P14,test_-_P14_-_fM_part_1,64,pearson_r,0.05533610275986962,896,adt_epoch_2,full_subject_single_seed_validation
etard_tf64,adt,reconstruction,gate0_gate2_full_subject_single_seed_v1,0,P14,test_-_P14_-_fM_part_2,64,pearson_r,0.35875261087514204,832,adt_epoch_2,full_subject_single_seed_validation
etard_tf64,adt,reconstruction,gate0_gate2_full_subject_single_seed_v1,0,P14,test_-_P14_-_fM_part_3,64,pearson_r,0.05595401419576488,896,adt_epoch_2,full_subject_single_seed_validation
etard_tf64,adt,reconstruction,gate0_gate2_full_subject_single_seed_v1,0,P14,test_-_P14_-_fM_part_4,64,pearson_r,0.12979319506418216,960,adt_epoch_2,full_subject_single_seed_validation
etard_tf64,adt,reconstruction,gate0_gate2_full_subject_single_seed_v1,0,P14,test_-_P14_-_fW_part_1,64,pearson_r,0.014200277992437725,832,adt_epoch_2,full_subject_single_seed_validation
etard_tf64,adt,reconstruction,gate0_gate2_full_subject_single_seed_v1,0,P14,test_-_P14_-_fW_part_2,64,pearson_r,-0.03764276950453689,896,adt_epoch_2,full_subject_single_seed_validation
etard_tf64,adt,reconstruction,gate0_gate2_full_subject_single_seed_v1,0,P14,test_-_P14_-_fW_part_3,64,pearson_r,0.06985604749164288,960,adt_epoch_2,full_subject_single_seed_validation
etard_tf64,adt,reconstruction,gate0_gate2_full_subject_single_seed_v1,0,P14,test_-_P14_-_fW_part_4,64,pearson_r,0.13158513910952407,1088,adt_epoch_2,full_subject_single_seed_validation
etard_tf64,adt,reconstruction,gate0_gate2_full_subject_single_seed_v1,0,P14,test_-_P14_-_hbDutch_part_1,64,pearson_r,0.0471115809290072,1024,adt_epoch_2,full_subject_single_seed_validation
etard_tf64,adt,reconstruction,gate0_gate2_full_subject_single_seed_v1,0,P14,test_-_P14_-_hbDutch_part_2,64,pearson_r,0.030772453622108724,1024,adt_epoch_2,full_subject_single_seed_validation
etard_tf64,adt,reconstruction,gate0_gate2_full_subject_single_seed_v1,0,P14,test_-_P14_-_hbDutch_part_3,64,pearson_r,0.05565573074594991,1024,adt_epoch_2,full_subject_single_seed_validation
etard_tf64,adt,reconstruction,gate0_gate2_full_subject_single_seed_v1,0,P14,test_-_P14_-_hbDutch_part_4,64,pearson_r,0.07907543179515841,1024,adt_epoch_2,full_subject_single_seed_validation
etard_tf64,adt,reconstruction,gate0_gate2_full_subject_single_seed_v1,0,P14,test_-_P14_-_hb_part_1,64,pearson_r,0.06754252775361541,1152,adt_epoch_2,full_subject_single_seed_validation
etard_tf64,adt,reconstruction,gate0_gate2_full_subject_single_seed_v1,0,P14,test_-_P14_-_hb_part_2,64,pearson_r,-0.0041411149201489895,1088,adt_epoch_2,full_subject_single_seed_validation
etard_tf64,adt,reconstruction,gate0_gate2_full_subject_single_seed_v1,0,P14,test_-_P14_-_hb_part_3,64,pearson_r,0.18883600806139908,1152,adt_epoch_2,full_subject_single_seed_validation
etard_tf64,adt,reconstruction,gate0_gate2_full_subject_single_seed_v1,0,P14,test_-_P14_-_hb_part_4,64,pearson_r,0.4035656996270915,1088,adt_epoch_2,full_subject_single_seed_validation
etard_tf64,adt,reconstruction,gate0_gate2_full_subject_single_seed_v1,0,P14,test_-_P14_-_lbDutch_part_1,64,pearson_r,-0.048252316870127966,1024,adt_epoch_2,full_subject_single_seed_validation
etard_tf64,adt,reconstruction,gate0_gate2_full_subject_single_seed_v1,0,P14,test_-_P14_-_lbDutch_part_2,64,pearson_r,0.10226189827092023,1024,adt_epoch_2,full_subject_single_seed_validation
etard_tf64,adt,reconstruction,gate0_gate2_full_subject_single_seed_v1,0,P14,test_-_P14_-_lbDutch_part_3,64,pearson_r,0.1535592296243854,1024,adt_epoch_2,full_subject_single_seed_validation
etard_tf64,adt,reconstruction,gate0_gate2_full_subject_single_seed_v1,0,P14,test_-_P14_-_lbDutch_part_4,64,pearson_r,0.10838709274853876,1024,adt_epoch_2,full_subject_single_seed_validation
etard_tf64,adt,reconstruction,gate0_gate2_full_subject_single_seed_v1,0,P14,test_-_P14_-_lb_part_1,64,pearson_r,0.19186124250650044,1408,adt_epoch_2,full_subject_single_seed_validation
etard_tf64,adt,reconstruction,gate0_gate2_full_subject_single_seed_v1,0,P14,test_-_P14_-_lb_part_2,64,pearson_r,0.17920313184045505,1472,adt_epoch_2,full_subject_single_seed_validation
etard_tf64,adt,reconstruction,gate0_gate2_full_subject_single_seed_v1,0,P14,test_-_P14_-_lb_part_3,64,pearson_r,0.18154275532879074,1408,adt_epoch_2,full_subject_single_seed_validation
etard_tf64,adt,reconstruction,gate0_gate2_full_subject_single_seed_v1,0,P14,test_-_P14_-_lb_part_4,64,pearson_r,0.2649536429130521,1536,adt_epoch_2,full_subject_single_seed_validation
etard_tf64,adt,reconstruction,gate0_gate2_full_subject_single_seed_v1,0,P14,test_-_P14_-_mbDutch_part_1,64,pearson_r,0.0015461367394256121,1024,adt_epoch_2,full_subject_single_seed_validation
etard_tf64,adt,reconstruction,gate0_gate2_full_subject_single_seed_v1,0,P14,test_-_P14_-_mbDutch_part_2,64,pearson_r,0.12151283932496314,1024,adt_epoch_2,full_subject_single_seed_validation
etard_tf64,adt,reconstruction,gate0_gate2_full_subject_single_seed_v1,0,P14,test_-_P14_-_mbDutch_part_3,64,pearson_r,0.12306830355954387,1024,adt_epoch_2,full_subject_single_seed_validation
etard_tf64,adt,reconstruction,gate0_gate2_full_subject_single_seed_v1,0,P14,test_-_P14_-_mbDutch_part_4,64,pearson_r,0.14418721077022922,1024,adt_epoch_2,full_subject_single_seed_validation
etard_tf64,adt,reconstruction,gate0_gate2_full_subject_single_seed_v1,0,P14,test_-_P14_-_mb_part_1,64,pearson_r,0.39399625155939333,960,adt_epoch_2,full_subject_single_seed_validation
etard_tf64,adt,reconstruction,gate0_gate2_full_subject_single_seed_v1,0,P14,test_-_P14_-_mb_part_2,64,pearson_r,0.10578852100781462,1024,adt_epoch_2,full_subject_single_seed_validation
etard_tf64,adt,reconstruction,gate0_gate2_full_subject_single_seed_v1,0,P14,test_-_P14_-_mb_part_3,64,pearson_r,0.05242233196965109,1024,adt_epoch_2,full_subject_single_seed_validation
etard_tf64,adt,reconstruction,gate0_gate2_full_subject_single_seed_v1,0,P14,test_-_P14_-_mb_part_4,64,pearson_r,0.08642029147083506,1024,adt_epoch_2,full_subject_single_seed_validation
etard_tf64,ridge,reconstruction,gate0_gate2_full_subject_single_seed_v1,0,P15,test_-_P15_-_cleanDutch_part_1,64,pearson_r,0.05971207705513353,941,ridge_alpha_10.0,full_subject_single_seed_validation
etard_tf64,ridge,reconstruction,gate0_gate2_full_subject_single_seed_v1,0,P15,test_-_P15_-_cleanDutch_part_2,64,pearson_r,0.06513594838588864,963,ridge_alpha_10.0,full_subject_single_seed_validation
etard_tf64,ridge,reconstruction,gate0_gate2_full_subject_single_seed_v1,0,P15,test_-_P15_-_cleanDutch_part_3,64,pearson_r,0.10370814972475244,974,ridge_alpha_10.0,full_subject_single_seed_validation
etard_tf64,ridge,reconstruction,gate0_gate2_full_subject_single_seed_v1,0,P15,test_-_P15_-_cleanDutch_part_4,64,pearson_r,0.06416152038586823,970,ridge_alpha_10.0,full_subject_single_seed_validation
etard_tf64,ridge,reconstruction,gate0_gate2_full_subject_single_seed_v1,0,P15,test_-_P15_-_clean_part_1,64,pearson_r,0.2694625816936114,940,ridge_alpha_10.0,full_subject_single_seed_validation
etard_tf64,ridge,reconstruction,gate0_gate2_full_subject_single_seed_v1,0,P15,test_-_P15_-_clean_part_2,64,pearson_r,0.05116906091181039,976,ridge_alpha_10.0,full_subject_single_seed_validation
etard_tf64,ridge,reconstruction,gate0_gate2_full_subject_single_seed_v1,0,P15,test_-_P15_-_clean_part_3,64,pearson_r,0.18861623300407288,857,ridge_alpha_10.0,full_subject_single_seed_validation
etard_tf64,ridge,reconstruction,gate0_gate2_full_subject_single_seed_v1,0,P15,test_-_P15_-_clean_part_4,64,pearson_r,0.2221743466342616,938,ridge_alpha_10.0,full_subject_single_seed_validation
etard_tf64,ridge,reconstruction,gate0_gate2_full_subject_single_seed_v1,0,P15,test_-_P15_-_fM_part_1,64,pearson_r,0.022315927640011012,852,ridge_alpha_10.0,full_subject_single_seed_validation
etard_tf64,ridge,reconstruction,gate0_gate2_full_subject_single_seed_v1,0,P15,test_-_P15_-_fM_part_2,64,pearson_r,0.04021653638050444,813,ridge_alpha_10.0,full_subject_single_seed_validation
etard_tf64,ridge,reconstruction,gate0_gate2_full_subject_single_seed_v1,0,P15,test_-_P15_-_fM_part_3,64,pearson_r,0.04525381377291019,869,ridge_alpha_10.0,full_subject_single_seed_validation
etard_tf64,ridge,reconstruction,gate0_gate2_full_subject_single_seed_v1,0,P15,test_-_P15_-_fM_part_4,64,pearson_r,0.152528181951307,953,ridge_alpha_10.0,full_subject_single_seed_validation
etard_tf64,ridge,reconstruction,gate0_gate2_full_subject_single_seed_v1,0,P15,test_-_P15_-_fW_part_1,64,pearson_r,0.1286282235278364,843,ridge_alpha_10.0,full_subject_single_seed_validation
etard_tf64,ridge,reconstruction,gate0_gate2_full_subject_single_seed_v1,0,P15,test_-_P15_-_fW_part_2,64,pearson_r,0.12120627803764442,870,ridge_alpha_10.0,full_subject_single_seed_validation
etard_tf64,ridge,reconstruction,gate0_gate2_full_subject_single_seed_v1,0,P15,test_-_P15_-_fW_part_3,64,pearson_r,0.13202344581164036,974,ridge_alpha_10.0,full_subject_single_seed_validation
etard_tf64,ridge,reconstruction,gate0_gate2_full_subject_single_seed_v1,0,P15,test_-_P15_-_fW_part_4,64,pearson_r,0.18677630335649423,1047,ridge_alpha_10.0,full_subject_single_seed_validation
etard_tf64,ridge,reconstruction,gate0_gate2_full_subject_single_seed_v1,0,P15,test_-_P15_-_hbDutch_part_1,64,pearson_r,0.0816870826846975,984,ridge_alpha_10.0,full_subject_single_seed_validation
etard_tf64,ridge,reconstruction,gate0_gate2_full_subject_single_seed_v1,0,P15,test_-_P15_-_hbDutch_part_2,64,pearson_r,-0.006011665558211469,998,ridge_alpha_10.0,full_subject_single_seed_validation
etard_tf64,ridge,reconstruction,gate0_gate2_full_subject_single_seed_v1,0,P15,test_-_P15_-_hbDutch_part_3,64,pearson_r,-0.008204531064890283,1017,ridge_alpha_10.0,full_subject_single_seed_validation
etard_tf64,ridge,reconstruction,gate0_gate2_full_subject_single_seed_v1,0,P15,test_-_P15_-_hbDutch_part_4,64,pearson_r,0.1553583145734069,1001,ridge_alpha_10.0,full_subject_single_seed_validation
etard_tf64,ridge,reconstruction,gate0_gate2_full_subject_single_seed_v1,0,P15,test_-_P15_-_hb_part_1,64,pearson_r,0.056816631057750144,1137,ridge_alpha_10.0,full_subject_single_seed_validation
etard_tf64,ridge,reconstruction,gate0_gate2_full_subject_single_seed_v1,0,P15,test_-_P15_-_hb_part_2,64,pearson_r,-0.019067242644589293,1074,ridge_alpha_10.0,full_subject_single_seed_validation
etard_tf64,ridge,reconstruction,gate0_gate2_full_subject_single_seed_v1,0,P15,test_-_P15_-_hb_part_3,64,pearson_r,0.1252118630417756,1157,ridge_alpha_10.0,full_subject_single_seed_validation
etard_tf64,ridge,reconstruction,gate0_gate2_full_subject_single_seed_v1,0,P15,test_-_P15_-_hb_part_4,64,pearson_r,0.09628299197758143,1080,ridge_alpha_10.0,full_subject_single_seed_validation
etard_tf64,ridge,reconstruction,gate0_gate2_full_subject_single_seed_v1,0,P15,test_-_P15_-_lbDutch_part_1,64,pearson_r,-0.03660883141148178,1001,ridge_alpha_10.0,full_subject_single_seed_validation
etard_tf64,ridge,reconstruction,gate0_gate2_full_subject_single_seed_v1,0,P15,test_-_P15_-_lbDutch_part_2,64,pearson_r,-0.040912853069017235,1026,ridge_alpha_10.0,full_subject_single_seed_validation
etard_tf64,ridge,reconstruction,gate0_gate2_full_subject_single_seed_v1,0,P15,test_-_P15_-_lbDutch_part_3,64,pearson_r,0.0006689888933432841,991,ridge_alpha_10.0,full_subject_single_seed_validation
etard_tf64,ridge,reconstruction,gate0_gate2_full_subject_single_seed_v1,0,P15,test_-_P15_-_lbDutch_part_4,64,pearson_r,0.03357903340631938,1011,ridge_alpha_10.0,full_subject_single_seed_validation
etard_tf64,ridge,reconstruction,gate0_gate2_full_subject_single_seed_v1,0,P15,test_-_P15_-_lb_part_1,64,pearson_r,0.08126140255973381,1396,ridge_alpha_10.0,full_subject_single_seed_validation
etard_tf64,ridge,reconstruction,gate0_gate2_full_subject_single_seed_v1,0,P15,test_-_P15_-_lb_part_2,64,pearson_r,0.08329327162478409,1433,ridge_alpha_10.0,full_subject_single_seed_validation
etard_tf64,ridge,reconstruction,gate0_gate2_full_subject_single_seed_v1,0,P15,test_-_P15_-_lb_part_3,64,pearson_r,0.11102751335482089,1365,ridge_alpha_10.0,full_subject_single_seed_validation
etard_tf64,ridge,reconstruction,gate0_gate2_full_subject_single_seed_v1,0,P15,test_-_P15_-_lb_part_4,64,pearson_r,0.0728172891610621,1501,ridge_alpha_10.0,full_subject_single_seed_validation
etard_tf64,ridge,reconstruction,gate0_gate2_full_subject_single_seed_v1,0,P15,test_-_P15_-_mbDutch_part_1,64,pearson_r,-0.1777468832658911,1021,ridge_alpha_10.0,full_subject_single_seed_validation
etard_tf64,ridge,reconstruction,gate0_gate2_full_subject_single_seed_v1,0,P15,test_-_P15_-_mbDutch_part_2,64,pearson_r,0.03515893513055112,981,ridge_alpha_10.0,full_subject_single_seed_validation
etard_tf64,ridge,reconstruction,gate0_gate2_full_subject_single_seed_v1,0,P15,test_-_P15_-_mbDutch_part_3,64,pearson_r,0.03934456432953979,995,ridge_alpha_10.0,full_subject_single_seed_validation
etard_tf64,ridge,reconstruction,gate0_gate2_full_subject_single_seed_v1,0,P15,test_-_P15_-_mbDutch_part_4,64,pearson_r,-0.01209859405615401,1000,ridge_alpha_10.0,full_subject_single_seed_validation
etard_tf64,ridge,reconstruction,gate0_gate2_full_subject_single_seed_v1,0,P15,test_-_P15_-_mb_part_1,64,pearson_r,0.07637197965376914,945,ridge_alpha_10.0,full_subject_single_seed_validation
etard_tf64,ridge,reconstruction,gate0_gate2_full_subject_single_seed_v1,0,P15,test_-_P15_-_mb_part_2,64,pearson_r,0.07980206421076481,994,ridge_alpha_10.0,full_subject_single_seed_validation
etard_tf64,ridge,reconstruction,gate0_gate2_full_subject_single_seed_v1,0,P15,test_-_P15_-_mb_part_3,64,pearson_r,-0.020246924754022864,995,ridge_alpha_10.0,full_subject_single_seed_validation
etard_tf64,ridge,reconstruction,gate0_gate2_full_subject_single_seed_v1,0,P15,test_-_P15_-_mb_part_4,64,pearson_r,0.028724633130649005,1034,ridge_alpha_10.0,full_subject_single_seed_validation
etard_tf64,cca,reconstruction,gate0_gate2_full_subject_single_seed_v1,0,P15,test_-_P15_-_cleanDutch_part_1,64,pearson_r,0.07777174239509942,941,cca_nc_2,full_subject_single_seed_validation
etard_tf64,cca,reconstruction,gate0_gate2_full_subject_single_seed_v1,0,P15,test_-_P15_-_cleanDutch_part_2,64,pearson_r,0.11581804627773531,963,cca_nc_2,full_subject_single_seed_validation
etard_tf64,cca,reconstruction,gate0_gate2_full_subject_single_seed_v1,0,P15,test_-_P15_-_cleanDutch_part_3,64,pearson_r,0.14944653036726796,974,cca_nc_2,full_subject_single_seed_validation
etard_tf64,cca,reconstruction,gate0_gate2_full_subject_single_seed_v1,0,P15,test_-_P15_-_cleanDutch_part_4,64,pearson_r,0.11740359898454021,970,cca_nc_2,full_subject_single_seed_validation
etard_tf64,cca,reconstruction,gate0_gate2_full_subject_single_seed_v1,0,P15,test_-_P15_-_clean_part_1,64,pearson_r,0.2739327708702252,940,cca_nc_2,full_subject_single_seed_validation
etard_tf64,cca,reconstruction,gate0_gate2_full_subject_single_seed_v1,0,P15,test_-_P15_-_clean_part_2,64,pearson_r,0.028572381908566914,976,cca_nc_2,full_subject_single_seed_validation
etard_tf64,cca,reconstruction,gate0_gate2_full_subject_single_seed_v1,0,P15,test_-_P15_-_clean_part_3,64,pearson_r,0.106855648222221,857,cca_nc_2,full_subject_single_seed_validation
etard_tf64,cca,reconstruction,gate0_gate2_full_subject_single_seed_v1,0,P15,test_-_P15_-_clean_part_4,64,pearson_r,0.22075933766625486,938,cca_nc_2,full_subject_single_seed_validation
etard_tf64,cca,reconstruction,gate0_gate2_full_subject_single_seed_v1,0,P15,test_-_P15_-_fM_part_1,64,pearson_r,0.027172418158129225,852,cca_nc_2,full_subject_single_seed_validation
etard_tf64,cca,reconstruction,gate0_gate2_full_subject_single_seed_v1,0,P15,test_-_P15_-_fM_part_2,64,pearson_r,0.047322655417794283,813,cca_nc_2,full_subject_single_seed_validation
etard_tf64,cca,reconstruction,gate0_gate2_full_subject_single_seed_v1,0,P15,test_-_P15_-_fM_part_3,64,pearson_r,0.11690443106771488,869,cca_nc_2,full_subject_single_seed_validation
etard_tf64,cca,reconstruction,gate0_gate2_full_subject_single_seed_v1,0,P15,test_-_P15_-_fM_part_4,64,pearson_r,0.06885527896455845,953,cca_nc_2,full_subject_single_seed_validation
etard_tf64,cca,reconstruction,gate0_gate2_full_subject_single_seed_v1,0,P15,test_-_P15_-_fW_part_1,64,pearson_r,0.03094873265740028,843,cca_nc_2,full_subject_single_seed_validation
etard_tf64,cca,reconstruction,gate0_gate2_full_subject_single_seed_v1,0,P15,test_-_P15_-_fW_part_2,64,pearson_r,0.14470376513765065,870,cca_nc_2,full_subject_single_seed_validation
etard_tf64,cca,reconstruction,gate0_gate2_full_subject_single_seed_v1,0,P15,test_-_P15_-_fW_part_3,64,pearson_r,0.24759649049770133,974,cca_nc_2,full_subject_single_seed_validation
etard_tf64,cca,reconstruction,gate0_gate2_full_subject_single_seed_v1,0,P15,test_-_P15_-_fW_part_4,64,pearson_r,0.14114578395072092,1047,cca_nc_2,full_subject_single_seed_validation
etard_tf64,cca,reconstruction,gate0_gate2_full_subject_single_seed_v1,0,P15,test_-_P15_-_hbDutch_part_1,64,pearson_r,-0.005077717129391842,984,cca_nc_2,full_subject_single_seed_validation
etard_tf64,cca,reconstruction,gate0_gate2_full_subject_single_seed_v1,0,P15,test_-_P15_-_hbDutch_part_2,64,pearson_r,-0.1109141525697684,998,cca_nc_2,full_subject_single_seed_validation
etard_tf64,cca,reconstruction,gate0_gate2_full_subject_single_seed_v1,0,P15,test_-_P15_-_hbDutch_part_3,64,pearson_r,0.03350344945731006,1017,cca_nc_2,full_subject_single_seed_validation
etard_tf64,cca,reconstruction,gate0_gate2_full_subject_single_seed_v1,0,P15,test_-_P15_-_hbDutch_part_4,64,pearson_r,0.02244108885334837,1001,cca_nc_2,full_subject_single_seed_validation
etard_tf64,cca,reconstruction,gate0_gate2_full_subject_single_seed_v1,0,P15,test_-_P15_-_hb_part_1,64,pearson_r,0.06772653758812515,1137,cca_nc_2,full_subject_single_seed_validation
etard_tf64,cca,reconstruction,gate0_gate2_full_subject_single_seed_v1,0,P15,test_-_P15_-_hb_part_2,64,pearson_r,-0.0036408321431575267,1074,cca_nc_2,full_subject_single_seed_validation
etard_tf64,cca,reconstruction,gate0_gate2_full_subject_single_seed_v1,0,P15,test_-_P15_-_hb_part_3,64,pearson_r,0.10291210553855601,1157,cca_nc_2,full_subject_single_seed_validation
etard_tf64,cca,reconstruction,gate0_gate2_full_subject_single_seed_v1,0,P15,test_-_P15_-_hb_part_4,64,pearson_r,0.19294715302997129,1080,cca_nc_2,full_subject_single_seed_validation
etard_tf64,cca,reconstruction,gate0_gate2_full_subject_single_seed_v1,0,P15,test_-_P15_-_lbDutch_part_1,64,pearson_r,-0.11215374857239639,1001,cca_nc_2,full_subject_single_seed_validation
etard_tf64,cca,reconstruction,gate0_gate2_full_subject_single_seed_v1,0,P15,test_-_P15_-_lbDutch_part_2,64,pearson_r,0.05192615808492773,1026,cca_nc_2,full_subject_single_seed_validation
etard_tf64,cca,reconstruction,gate0_gate2_full_subject_single_seed_v1,0,P15,test_-_P15_-_lbDutch_part_3,64,pearson_r,-0.1618522471259066,991,cca_nc_2,full_subject_single_seed_validation
etard_tf64,cca,reconstruction,gate0_gate2_full_subject_single_seed_v1,0,P15,test_-_P15_-_lbDutch_part_4,64,pearson_r,0.13178405431812407,1011,cca_nc_2,full_subject_single_seed_validation
etard_tf64,cca,reconstruction,gate0_gate2_full_subject_single_seed_v1,0,P15,test_-_P15_-_lb_part_1,64,pearson_r,0.2963828606203937,1396,cca_nc_2,full_subject_single_seed_validation
etard_tf64,cca,reconstruction,gate0_gate2_full_subject_single_seed_v1,0,P15,test_-_P15_-_lb_part_2,64,pearson_r,0.13222294711333402,1433,cca_nc_2,full_subject_single_seed_validation
etard_tf64,cca,reconstruction,gate0_gate2_full_subject_single_seed_v1,0,P15,test_-_P15_-_lb_part_3,64,pearson_r,0.07950088866268668,1365,cca_nc_2,full_subject_single_seed_validation
etard_tf64,cca,reconstruction,gate0_gate2_full_subject_single_seed_v1,0,P15,test_-_P15_-_lb_part_4,64,pearson_r,0.09146092002764619,1501,cca_nc_2,full_subject_single_seed_validation
etard_tf64,cca,reconstruction,gate0_gate2_full_subject_single_seed_v1,0,P15,test_-_P15_-_mbDutch_part_1,64,pearson_r,-0.09145799783233796,1021,cca_nc_2,full_subject_single_seed_validation
etard_tf64,cca,reconstruction,gate0_gate2_full_subject_single_seed_v1,0,P15,test_-_P15_-_mbDutch_part_2,64,pearson_r,0.05887259158840903,981,cca_nc_2,full_subject_single_seed_validation
etard_tf64,cca,reconstruction,gate0_gate2_full_subject_single_seed_v1,0,P15,test_-_P15_-_mbDutch_part_3,64,pearson_r,-0.051845750000315514,995,cca_nc_2,full_subject_single_seed_validation
etard_tf64,cca,reconstruction,gate0_gate2_full_subject_single_seed_v1,0,P15,test_-_P15_-_mbDutch_part_4,64,pearson_r,0.045153545465934475,1000,cca_nc_2,full_subject_single_seed_validation
etard_tf64,cca,reconstruction,gate0_gate2_full_subject_single_seed_v1,0,P15,test_-_P15_-_mb_part_1,64,pearson_r,0.07782433734908993,945,cca_nc_2,full_subject_single_seed_validation
etard_tf64,cca,reconstruction,gate0_gate2_full_subject_single_seed_v1,0,P15,test_-_P15_-_mb_part_2,64,pearson_r,-0.05385889830637325,994,cca_nc_2,full_subject_single_seed_validation
etard_tf64,cca,reconstruction,gate0_gate2_full_subject_single_seed_v1,0,P15,test_-_P15_-_mb_part_3,64,pearson_r,0.04171969489791076,995,cca_nc_2,full_subject_single_seed_validation
etard_tf64,cca,reconstruction,gate0_gate2_full_subject_single_seed_v1,0,P15,test_-_P15_-_mb_part_4,64,pearson_r,-0.18936470743671652,1034,cca_nc_2,full_subject_single_seed_validation
etard_tf64,fcnn,reconstruction,gate0_gate2_full_subject_single_seed_v1,0,P15,test_-_P15_-_cleanDutch_part_1,64,pearson_r,0.12411635210754231,941,fcnn_epoch_6,full_subject_single_seed_validation
etard_tf64,fcnn,reconstruction,gate0_gate2_full_subject_single_seed_v1,0,P15,test_-_P15_-_cleanDutch_part_2,64,pearson_r,0.1775870810611,963,fcnn_epoch_6,full_subject_single_seed_validation
etard_tf64,fcnn,reconstruction,gate0_gate2_full_subject_single_seed_v1,0,P15,test_-_P15_-_cleanDutch_part_3,64,pearson_r,0.0570174259324929,974,fcnn_epoch_6,full_subject_single_seed_validation
etard_tf64,fcnn,reconstruction,gate0_gate2_full_subject_single_seed_v1,0,P15,test_-_P15_-_cleanDutch_part_4,64,pearson_r,0.019740161859329565,970,fcnn_epoch_6,full_subject_single_seed_validation
etard_tf64,fcnn,reconstruction,gate0_gate2_full_subject_single_seed_v1,0,P15,test_-_P15_-_clean_part_1,64,pearson_r,0.23717701466354715,940,fcnn_epoch_6,full_subject_single_seed_validation
etard_tf64,fcnn,reconstruction,gate0_gate2_full_subject_single_seed_v1,0,P15,test_-_P15_-_clean_part_2,64,pearson_r,0.08519294817178903,976,fcnn_epoch_6,full_subject_single_seed_validation
etard_tf64,fcnn,reconstruction,gate0_gate2_full_subject_single_seed_v1,0,P15,test_-_P15_-_clean_part_3,64,pearson_r,0.04607607909355461,857,fcnn_epoch_6,full_subject_single_seed_validation
etard_tf64,fcnn,reconstruction,gate0_gate2_full_subject_single_seed_v1,0,P15,test_-_P15_-_clean_part_4,64,pearson_r,0.2374655220597703,938,fcnn_epoch_6,full_subject_single_seed_validation
etard_tf64,fcnn,reconstruction,gate0_gate2_full_subject_single_seed_v1,0,P15,test_-_P15_-_fM_part_1,64,pearson_r,0.03830651772945562,852,fcnn_epoch_6,full_subject_single_seed_validation
etard_tf64,fcnn,reconstruction,gate0_gate2_full_subject_single_seed_v1,0,P15,test_-_P15_-_fM_part_2,64,pearson_r,0.07642751039334249,813,fcnn_epoch_6,full_subject_single_seed_validation
etard_tf64,fcnn,reconstruction,gate0_gate2_full_subject_single_seed_v1,0,P15,test_-_P15_-_fM_part_3,64,pearson_r,0.17268307274812536,869,fcnn_epoch_6,full_subject_single_seed_validation
etard_tf64,fcnn,reconstruction,gate0_gate2_full_subject_single_seed_v1,0,P15,test_-_P15_-_fM_part_4,64,pearson_r,-0.06231703639920089,953,fcnn_epoch_6,full_subject_single_seed_validation
etard_tf64,fcnn,reconstruction,gate0_gate2_full_subject_single_seed_v1,0,P15,test_-_P15_-_fW_part_1,64,pearson_r,0.15698229337310707,843,fcnn_epoch_6,full_subject_single_seed_validation
etard_tf64,fcnn,reconstruction,gate0_gate2_full_subject_single_seed_v1,0,P15,test_-_P15_-_fW_part_2,64,pearson_r,0.05864210157864729,870,fcnn_epoch_6,full_subject_single_seed_validation
etard_tf64,fcnn,reconstruction,gate0_gate2_full_subject_single_seed_v1,0,P15,test_-_P15_-_fW_part_3,64,pearson_r,-0.01937548478138954,974,fcnn_epoch_6,full_subject_single_seed_validation
etard_tf64,fcnn,reconstruction,gate0_gate2_full_subject_single_seed_v1,0,P15,test_-_P15_-_fW_part_4,64,pearson_r,0.15321900436242014,1047,fcnn_epoch_6,full_subject_single_seed_validation
etard_tf64,fcnn,reconstruction,gate0_gate2_full_subject_single_seed_v1,0,P15,test_-_P15_-_hbDutch_part_1,64,pearson_r,0.03201591737004536,984,fcnn_epoch_6,full_subject_single_seed_validation
etard_tf64,fcnn,reconstruction,gate0_gate2_full_subject_single_seed_v1,0,P15,test_-_P15_-_hbDutch_part_2,64,pearson_r,-0.05163562172374071,998,fcnn_epoch_6,full_subject_single_seed_validation
etard_tf64,fcnn,reconstruction,gate0_gate2_full_subject_single_seed_v1,0,P15,test_-_P15_-_hbDutch_part_3,64,pearson_r,0.08477793726212586,1017,fcnn_epoch_6,full_subject_single_seed_validation
etard_tf64,fcnn,reconstruction,gate0_gate2_full_subject_single_seed_v1,0,P15,test_-_P15_-_hbDutch_part_4,64,pearson_r,0.10024444972658159,1001,fcnn_epoch_6,full_subject_single_seed_validation
etard_tf64,fcnn,reconstruction,gate0_gate2_full_subject_single_seed_v1,0,P15,test_-_P15_-_hb_part_1,64,pearson_r,0.047791778559520305,1137,fcnn_epoch_6,full_subject_single_seed_validation
etard_tf64,fcnn,reconstruction,gate0_gate2_full_subject_single_seed_v1,0,P15,test_-_P15_-_hb_part_2,64,pearson_r,-0.17016879107561436,1074,fcnn_epoch_6,full_subject_single_seed_validation
etard_tf64,fcnn,reconstruction,gate0_gate2_full_subject_single_seed_v1,0,P15,test_-_P15_-_hb_part_3,64,pearson_r,0.09834563610745164,1157,fcnn_epoch_6,full_subject_single_seed_validation
etard_tf64,fcnn,reconstruction,gate0_gate2_full_subject_single_seed_v1,0,P15,test_-_P15_-_hb_part_4,64,pearson_r,0.108967513842254,1080,fcnn_epoch_6,full_subject_single_seed_validation
etard_tf64,fcnn,reconstruction,gate0_gate2_full_subject_single_seed_v1,0,P15,test_-_P15_-_lbDutch_part_1,64,pearson_r,-0.05370720176519567,1001,fcnn_epoch_6,full_subject_single_seed_validation
etard_tf64,fcnn,reconstruction,gate0_gate2_full_subject_single_seed_v1,0,P15,test_-_P15_-_lbDutch_part_2,64,pearson_r,-0.11534964232089401,1026,fcnn_epoch_6,full_subject_single_seed_validation
etard_tf64,fcnn,reconstruction,gate0_gate2_full_subject_single_seed_v1,0,P15,test_-_P15_-_lbDutch_part_3,64,pearson_r,-0.10738747213632654,991,fcnn_epoch_6,full_subject_single_seed_validation
etard_tf64,fcnn,reconstruction,gate0_gate2_full_subject_single_seed_v1,0,P15,test_-_P15_-_lbDutch_part_4,64,pearson_r,0.06250302882708594,1011,fcnn_epoch_6,full_subject_single_seed_validation
etard_tf64,fcnn,reconstruction,gate0_gate2_full_subject_single_seed_v1,0,P15,test_-_P15_-_lb_part_1,64,pearson_r,0.061169487677356124,1396,fcnn_epoch_6,full_subject_single_seed_validation
etard_tf64,fcnn,reconstruction,gate0_gate2_full_subject_single_seed_v1,0,P15,test_-_P15_-_lb_part_2,64,pearson_r,0.11107944418467108,1433,fcnn_epoch_6,full_subject_single_seed_validation
etard_tf64,fcnn,reconstruction,gate0_gate2_full_subject_single_seed_v1,0,P15,test_-_P15_-_lb_part_3,64,pearson_r,0.020705057960672957,1365,fcnn_epoch_6,full_subject_single_seed_validation
etard_tf64,fcnn,reconstruction,gate0_gate2_full_subject_single_seed_v1,0,P15,test_-_P15_-_lb_part_4,64,pearson_r,0.047655751373339106,1501,fcnn_epoch_6,full_subject_single_seed_validation
etard_tf64,fcnn,reconstruction,gate0_gate2_full_subject_single_seed_v1,0,P15,test_-_P15_-_mbDutch_part_1,64,pearson_r,-0.06810950876609449,1021,fcnn_epoch_6,full_subject_single_seed_validation
etard_tf64,fcnn,reconstruction,gate0_gate2_full_subject_single_seed_v1,0,P15,test_-_P15_-_mbDutch_part_2,64,pearson_r,-0.0756569801120398,981,fcnn_epoch_6,full_subject_single_seed_validation
etard_tf64,fcnn,reconstruction,gate0_gate2_full_subject_single_seed_v1,0,P15,test_-_P15_-_mbDutch_part_3,64,pearson_r,0.07665932290285031,995,fcnn_epoch_6,full_subject_single_seed_validation
etard_tf64,fcnn,reconstruction,gate0_gate2_full_subject_single_seed_v1,0,P15,test_-_P15_-_mbDutch_part_4,64,pearson_r,-0.08853275928175502,1000,fcnn_epoch_6,full_subject_single_seed_validation
etard_tf64,fcnn,reconstruction,gate0_gate2_full_subject_single_seed_v1,0,P15,test_-_P15_-_mb_part_1,64,pearson_r,0.07461607208293332,945,fcnn_epoch_6,full_subject_single_seed_validation
etard_tf64,fcnn,reconstruction,gate0_gate2_full_subject_single_seed_v1,0,P15,test_-_P15_-_mb_part_2,64,pearson_r,0.043901560889893776,994,fcnn_epoch_6,full_subject_single_seed_validation
etard_tf64,fcnn,reconstruction,gate0_gate2_full_subject_single_seed_v1,0,P15,test_-_P15_-_mb_part_3,64,pearson_r,-0.005468513206081389,995,fcnn_epoch_6,full_subject_single_seed_validation
etard_tf64,fcnn,reconstruction,gate0_gate2_full_subject_single_seed_v1,0,P15,test_-_P15_-_mb_part_4,64,pearson_r,-0.05141721981518523,1034,fcnn_epoch_6,full_subject_single_seed_validation
etard_tf64,adt,reconstruction,gate0_gate2_full_subject_single_seed_v1,0,P15,test_-_P15_-_cleanDutch_part_1,64,pearson_r,0.05232232591976971,960,adt_epoch_6,full_subject_single_seed_validation
etard_tf64,adt,reconstruction,gate0_gate2_full_subject_single_seed_v1,0,P15,test_-_P15_-_cleanDutch_part_2,64,pearson_r,0.05298894745005192,960,adt_epoch_6,full_subject_single_seed_validation
etard_tf64,adt,reconstruction,gate0_gate2_full_subject_single_seed_v1,0,P15,test_-_P15_-_cleanDutch_part_3,64,pearson_r,-0.11294588369723559,960,adt_epoch_6,full_subject_single_seed_validation
etard_tf64,adt,reconstruction,gate0_gate2_full_subject_single_seed_v1,0,P15,test_-_P15_-_cleanDutch_part_4,64,pearson_r,0.04953033400439548,960,adt_epoch_6,full_subject_single_seed_validation
etard_tf64,adt,reconstruction,gate0_gate2_full_subject_single_seed_v1,0,P15,test_-_P15_-_clean_part_1,64,pearson_r,0.11953441530757633,960,adt_epoch_6,full_subject_single_seed_validation
etard_tf64,adt,reconstruction,gate0_gate2_full_subject_single_seed_v1,0,P15,test_-_P15_-_clean_part_2,64,pearson_r,-0.05905846201026796,1024,adt_epoch_6,full_subject_single_seed_validation
etard_tf64,adt,reconstruction,gate0_gate2_full_subject_single_seed_v1,0,P15,test_-_P15_-_clean_part_3,64,pearson_r,0.08932723610423421,896,adt_epoch_6,full_subject_single_seed_validation
etard_tf64,adt,reconstruction,gate0_gate2_full_subject_single_seed_v1,0,P15,test_-_P15_-_clean_part_4,64,pearson_r,0.18047332394862833,960,adt_epoch_6,full_subject_single_seed_validation
etard_tf64,adt,reconstruction,gate0_gate2_full_subject_single_seed_v1,0,P15,test_-_P15_-_fM_part_1,64,pearson_r,0.13092324661188443,896,adt_epoch_6,full_subject_single_seed_validation
etard_tf64,adt,reconstruction,gate0_gate2_full_subject_single_seed_v1,0,P15,test_-_P15_-_fM_part_2,64,pearson_r,0.06664095398770829,832,adt_epoch_6,full_subject_single_seed_validation
etard_tf64,adt,reconstruction,gate0_gate2_full_subject_single_seed_v1,0,P15,test_-_P15_-_fM_part_3,64,pearson_r,0.07572860449834129,896,adt_epoch_6,full_subject_single_seed_validation
etard_tf64,adt,reconstruction,gate0_gate2_full_subject_single_seed_v1,0,P15,test_-_P15_-_fM_part_4,64,pearson_r,0.09964457387214475,960,adt_epoch_6,full_subject_single_seed_validation
etard_tf64,adt,reconstruction,gate0_gate2_full_subject_single_seed_v1,0,P15,test_-_P15_-_fW_part_1,64,pearson_r,0.23648957180922142,832,adt_epoch_6,full_subject_single_seed_validation
etard_tf64,adt,reconstruction,gate0_gate2_full_subject_single_seed_v1,0,P15,test_-_P15_-_fW_part_2,64,pearson_r,-0.06938831078287735,896,adt_epoch_6,full_subject_single_seed_validation
etard_tf64,adt,reconstruction,gate0_gate2_full_subject_single_seed_v1,0,P15,test_-_P15_-_fW_part_3,64,pearson_r,0.07196252057169256,960,adt_epoch_6,full_subject_single_seed_validation
etard_tf64,adt,reconstruction,gate0_gate2_full_subject_single_seed_v1,0,P15,test_-_P15_-_fW_part_4,64,pearson_r,0.13054376976763854,1088,adt_epoch_6,full_subject_single_seed_validation
etard_tf64,adt,reconstruction,gate0_gate2_full_subject_single_seed_v1,0,P15,test_-_P15_-_hbDutch_part_1,64,pearson_r,-0.0935379856120493,1024,adt_epoch_6,full_subject_single_seed_validation
etard_tf64,adt,reconstruction,gate0_gate2_full_subject_single_seed_v1,0,P15,test_-_P15_-_hbDutch_part_2,64,pearson_r,-0.09508790679784417,1024,adt_epoch_6,full_subject_single_seed_validation
etard_tf64,adt,reconstruction,gate0_gate2_full_subject_single_seed_v1,0,P15,test_-_P15_-_hbDutch_part_3,64,pearson_r,-0.027396878582330704,1024,adt_epoch_6,full_subject_single_seed_validation
etard_tf64,adt,reconstruction,gate0_gate2_full_subject_single_seed_v1,0,P15,test_-_P15_-_hbDutch_part_4,64,pearson_r,0.17364755893044623,1024,adt_epoch_6,full_subject_single_seed_validation
etard_tf64,adt,reconstruction,gate0_gate2_full_subject_single_seed_v1,0,P15,test_-_P15_-_hb_part_1,64,pearson_r,-0.0872677973835618,1152,adt_epoch_6,full_subject_single_seed_validation
etard_tf64,adt,reconstruction,gate0_gate2_full_subject_single_seed_v1,0,P15,test_-_P15_-_hb_part_2,64,pearson_r,-0.081618930723515,1088,adt_epoch_6,full_subject_single_seed_validation
etard_tf64,adt,reconstruction,gate0_gate2_full_subject_single_seed_v1,0,P15,test_-_P15_-_hb_part_3,64,pearson_r,0.11942182174082151,1152,adt_epoch_6,full_subject_single_seed_validation
etard_tf64,adt,reconstruction,gate0_gate2_full_subject_single_seed_v1,0,P15,test_-_P15_-_hb_part_4,64,pearson_r,0.08600757373243142,1088,adt_epoch_6,full_subject_single_seed_validation
etard_tf64,adt,reconstruction,gate0_gate2_full_subject_single_seed_v1,0,P15,test_-_P15_-_lbDutch_part_1,64,pearson_r,0.10508896645118943,1024,adt_epoch_6,full_subject_single_seed_validation
etard_tf64,adt,reconstruction,gate0_gate2_full_subject_single_seed_v1,0,P15,test_-_P15_-_lbDutch_part_2,64,pearson_r,0.17802136437100838,1024,adt_epoch_6,full_subject_single_seed_validation
etard_tf64,adt,reconstruction,gate0_gate2_full_subject_single_seed_v1,0,P15,test_-_P15_-_lbDutch_part_3,64,pearson_r,-0.01643133466790272,1024,adt_epoch_6,full_subject_single_seed_validation
etard_tf64,adt,reconstruction,gate0_gate2_full_subject_single_seed_v1,0,P15,test_-_P15_-_lbDutch_part_4,64,pearson_r,-0.14222059706833154,1024,adt_epoch_6,full_subject_single_seed_validation
etard_tf64,adt,reconstruction,gate0_gate2_full_subject_single_seed_v1,0,P15,test_-_P15_-_lb_part_1,64,pearson_r,0.08608323942870337,1408,adt_epoch_6,full_subject_single_seed_validation
etard_tf64,adt,reconstruction,gate0_gate2_full_subject_single_seed_v1,0,P15,test_-_P15_-_lb_part_2,64,pearson_r,0.039431581206249185,1472,adt_epoch_6,full_subject_single_seed_validation
etard_tf64,adt,reconstruction,gate0_gate2_full_subject_single_seed_v1,0,P15,test_-_P15_-_lb_part_3,64,pearson_r,0.07301133861187635,1408,adt_epoch_6,full_subject_single_seed_validation
etard_tf64,adt,reconstruction,gate0_gate2_full_subject_single_seed_v1,0,P15,test_-_P15_-_lb_part_4,64,pearson_r,0.06544781505063701,1536,adt_epoch_6,full_subject_single_seed_validation
etard_tf64,adt,reconstruction,gate0_gate2_full_subject_single_seed_v1,0,P15,test_-_P15_-_mbDutch_part_1,64,pearson_r,0.15023898953909118,1024,adt_epoch_6,full_subject_single_seed_validation
etard_tf64,adt,reconstruction,gate0_gate2_full_subject_single_seed_v1,0,P15,test_-_P15_-_mbDutch_part_2,64,pearson_r,0.06490014405159111,1024,adt_epoch_6,full_subject_single_seed_validation
etard_tf64,adt,reconstruction,gate0_gate2_full_subject_single_seed_v1,0,P15,test_-_P15_-_mbDutch_part_3,64,pearson_r,0.07735879189996689,1024,adt_epoch_6,full_subject_single_seed_validation
etard_tf64,adt,reconstruction,gate0_gate2_full_subject_single_seed_v1,0,P15,test_-_P15_-_mbDutch_part_4,64,pearson_r,0.033573268475342095,1024,adt_epoch_6,full_subject_single_seed_validation
etard_tf64,adt,reconstruction,gate0_gate2_full_subject_single_seed_v1,0,P15,test_-_P15_-_mb_part_1,64,pearson_r,0.13400228122087596,960,adt_epoch_6,full_subject_single_seed_validation
etard_tf64,adt,reconstruction,gate0_gate2_full_subject_single_seed_v1,0,P15,test_-_P15_-_mb_part_2,64,pearson_r,0.21697694001114068,1024,adt_epoch_6,full_subject_single_seed_validation
etard_tf64,adt,reconstruction,gate0_gate2_full_subject_single_seed_v1,0,P15,test_-_P15_-_mb_part_3,64,pearson_r,-0.09873063477574054,1024,adt_epoch_6,full_subject_single_seed_validation
etard_tf64,adt,reconstruction,gate0_gate2_full_subject_single_seed_v1,0,P15,test_-_P15_-_mb_part_4,64,pearson_r,-0.12036918225978424,1024,adt_epoch_6,full_subject_single_seed_validation
etard_tf64,ridge,reconstruction,gate0_gate2_full_subject_single_seed_v1,0,P16,test_-_P16_-_cleanDutch_part_1,64,pearson_r,0.026117183334757245,941,ridge_alpha_100.0,full_subject_single_seed_validation
etard_tf64,ridge,reconstruction,gate0_gate2_full_subject_single_seed_v1,0,P16,test_-_P16_-_cleanDutch_part_2,64,pearson_r,0.2045091192337006,963,ridge_alpha_100.0,full_subject_single_seed_validation
etard_tf64,ridge,reconstruction,gate0_gate2_full_subject_single_seed_v1,0,P16,test_-_P16_-_cleanDutch_part_3,64,pearson_r,0.057267206041613054,974,ridge_alpha_100.0,full_subject_single_seed_validation
etard_tf64,ridge,reconstruction,gate0_gate2_full_subject_single_seed_v1,0,P16,test_-_P16_-_cleanDutch_part_4,64,pearson_r,0.16568731659036492,970,ridge_alpha_100.0,full_subject_single_seed_validation
etard_tf64,ridge,reconstruction,gate0_gate2_full_subject_single_seed_v1,0,P16,test_-_P16_-_clean_part_1,64,pearson_r,0.10981733480022043,940,ridge_alpha_100.0,full_subject_single_seed_validation
etard_tf64,ridge,reconstruction,gate0_gate2_full_subject_single_seed_v1,0,P16,test_-_P16_-_clean_part_2,64,pearson_r,0.18825529997550064,976,ridge_alpha_100.0,full_subject_single_seed_validation
etard_tf64,ridge,reconstruction,gate0_gate2_full_subject_single_seed_v1,0,P16,test_-_P16_-_clean_part_3,64,pearson_r,0.15766240183831748,857,ridge_alpha_100.0,full_subject_single_seed_validation
etard_tf64,ridge,reconstruction,gate0_gate2_full_subject_single_seed_v1,0,P16,test_-_P16_-_clean_part_4,64,pearson_r,0.19225523324832172,938,ridge_alpha_100.0,full_subject_single_seed_validation
etard_tf64,ridge,reconstruction,gate0_gate2_full_subject_single_seed_v1,0,P16,test_-_P16_-_fM_part_1,64,pearson_r,0.12603152980692253,852,ridge_alpha_100.0,full_subject_single_seed_validation
etard_tf64,ridge,reconstruction,gate0_gate2_full_subject_single_seed_v1,0,P16,test_-_P16_-_fM_part_2,64,pearson_r,0.20136666144903081,813,ridge_alpha_100.0,full_subject_single_seed_validation
etard_tf64,ridge,reconstruction,gate0_gate2_full_subject_single_seed_v1,0,P16,test_-_P16_-_fM_part_3,64,pearson_r,0.19244055902700674,869,ridge_alpha_100.0,full_subject_single_seed_validation
etard_tf64,ridge,reconstruction,gate0_gate2_full_subject_single_seed_v1,0,P16,test_-_P16_-_fM_part_4,64,pearson_r,0.35760182585944605,953,ridge_alpha_100.0,full_subject_single_seed_validation
etard_tf64,ridge,reconstruction,gate0_gate2_full_subject_single_seed_v1,0,P16,test_-_P16_-_fW_part_1,64,pearson_r,0.10130720744631631,843,ridge_alpha_100.0,full_subject_single_seed_validation
etard_tf64,ridge,reconstruction,gate0_gate2_full_subject_single_seed_v1,0,P16,test_-_P16_-_fW_part_2,64,pearson_r,0.1477113723423777,870,ridge_alpha_100.0,full_subject_single_seed_validation
etard_tf64,ridge,reconstruction,gate0_gate2_full_subject_single_seed_v1,0,P16,test_-_P16_-_fW_part_3,64,pearson_r,0.14668816247229588,974,ridge_alpha_100.0,full_subject_single_seed_validation
etard_tf64,ridge,reconstruction,gate0_gate2_full_subject_single_seed_v1,0,P16,test_-_P16_-_fW_part_4,64,pearson_r,0.11579818089784998,1047,ridge_alpha_100.0,full_subject_single_seed_validation
etard_tf64,ridge,reconstruction,gate0_gate2_full_subject_single_seed_v1,0,P16,test_-_P16_-_hbDutch_part_1,64,pearson_r,0.009379580908210543,984,ridge_alpha_100.0,full_subject_single_seed_validation
etard_tf64,ridge,reconstruction,gate0_gate2_full_subject_single_seed_v1,0,P16,test_-_P16_-_hbDutch_part_2,64,pearson_r,0.1775514933100623,998,ridge_alpha_100.0,full_subject_single_seed_validation
etard_tf64,ridge,reconstruction,gate0_gate2_full_subject_single_seed_v1,0,P16,test_-_P16_-_hbDutch_part_3,64,pearson_r,0.08411043518654844,1017,ridge_alpha_100.0,full_subject_single_seed_validation
etard_tf64,ridge,reconstruction,gate0_gate2_full_subject_single_seed_v1,0,P16,test_-_P16_-_hbDutch_part_4,64,pearson_r,0.04250313104262902,1001,ridge_alpha_100.0,full_subject_single_seed_validation
etard_tf64,ridge,reconstruction,gate0_gate2_full_subject_single_seed_v1,0,P16,test_-_P16_-_hb_part_1,64,pearson_r,0.15455174359161905,1137,ridge_alpha_100.0,full_subject_single_seed_validation
etard_tf64,ridge,reconstruction,gate0_gate2_full_subject_single_seed_v1,0,P16,test_-_P16_-_hb_part_2,64,pearson_r,0.07871917594803475,1074,ridge_alpha_100.0,full_subject_single_seed_validation
etard_tf64,ridge,reconstruction,gate0_gate2_full_subject_single_seed_v1,0,P16,test_-_P16_-_hb_part_3,64,pearson_r,0.11488851454544736,1157,ridge_alpha_100.0,full_subject_single_seed_validation
etard_tf64,ridge,reconstruction,gate0_gate2_full_subject_single_seed_v1,0,P16,test_-_P16_-_hb_part_4,64,pearson_r,0.09460717969109507,1080,ridge_alpha_100.0,full_subject_single_seed_validation
etard_tf64,ridge,reconstruction,gate0_gate2_full_subject_single_seed_v1,0,P16,test_-_P16_-_lbDutch_part_1,64,pearson_r,0.035420852961357094,1001,ridge_alpha_100.0,full_subject_single_seed_validation
etard_tf64,ridge,reconstruction,gate0_gate2_full_subject_single_seed_v1,0,P16,test_-_P16_-_lbDutch_part_2,64,pearson_r,0.0982384664968232,1026,ridge_alpha_100.0,full_subject_single_seed_validation
etard_tf64,ridge,reconstruction,gate0_gate2_full_subject_single_seed_v1,0,P16,test_-_P16_-_lbDutch_part_3,64,pearson_r,0.0917137828991119,991,ridge_alpha_100.0,full_subject_single_seed_validation
etard_tf64,ridge,reconstruction,gate0_gate2_full_subject_single_seed_v1,0,P16,test_-_P16_-_lbDutch_part_4,64,pearson_r,0.07803936234661782,1011,ridge_alpha_100.0,full_subject_single_seed_validation
etard_tf64,ridge,reconstruction,gate0_gate2_full_subject_single_seed_v1,0,P16,test_-_P16_-_lb_part_1,64,pearson_r,0.07996719325170046,1396,ridge_alpha_100.0,full_subject_single_seed_validation
etard_tf64,ridge,reconstruction,gate0_gate2_full_subject_single_seed_v1,0,P16,test_-_P16_-_lb_part_2,64,pearson_r,0.11837149026492425,1433,ridge_alpha_100.0,full_subject_single_seed_validation
etard_tf64,ridge,reconstruction,gate0_gate2_full_subject_single_seed_v1,0,P16,test_-_P16_-_lb_part_3,64,pearson_r,0.13535508179790792,1365,ridge_alpha_100.0,full_subject_single_seed_validation
etard_tf64,ridge,reconstruction,gate0_gate2_full_subject_single_seed_v1,0,P16,test_-_P16_-_lb_part_4,64,pearson_r,0.15266074331426466,1501,ridge_alpha_100.0,full_subject_single_seed_validation
etard_tf64,ridge,reconstruction,gate0_gate2_full_subject_single_seed_v1,0,P16,test_-_P16_-_mbDutch_part_1,64,pearson_r,0.0822917083551485,1021,ridge_alpha_100.0,full_subject_single_seed_validation
etard_tf64,ridge,reconstruction,gate0_gate2_full_subject_single_seed_v1,0,P16,test_-_P16_-_mbDutch_part_2,64,pearson_r,0.007522457662731738,981,ridge_alpha_100.0,full_subject_single_seed_validation
etard_tf64,ridge,reconstruction,gate0_gate2_full_subject_single_seed_v1,0,P16,test_-_P16_-_mbDutch_part_3,64,pearson_r,0.05878320041068381,995,ridge_alpha_100.0,full_subject_single_seed_validation
etard_tf64,ridge,reconstruction,gate0_gate2_full_subject_single_seed_v1,0,P16,test_-_P16_-_mbDutch_part_4,64,pearson_r,-0.026659985964716398,1000,ridge_alpha_100.0,full_subject_single_seed_validation
etard_tf64,ridge,reconstruction,gate0_gate2_full_subject_single_seed_v1,0,P16,test_-_P16_-_mb_part_1,64,pearson_r,0.1654657039561872,945,ridge_alpha_100.0,full_subject_single_seed_validation
etard_tf64,ridge,reconstruction,gate0_gate2_full_subject_single_seed_v1,0,P16,test_-_P16_-_mb_part_2,64,pearson_r,0.14920665176803832,994,ridge_alpha_100.0,full_subject_single_seed_validation
etard_tf64,ridge,reconstruction,gate0_gate2_full_subject_single_seed_v1,0,P16,test_-_P16_-_mb_part_3,64,pearson_r,0.16956545352754732,995,ridge_alpha_100.0,full_subject_single_seed_validation
etard_tf64,ridge,reconstruction,gate0_gate2_full_subject_single_seed_v1,0,P16,test_-_P16_-_mb_part_4,64,pearson_r,0.08232731277559735,1034,ridge_alpha_100.0,full_subject_single_seed_validation
etard_tf64,cca,reconstruction,gate0_gate2_full_subject_single_seed_v1,0,P16,test_-_P16_-_cleanDutch_part_1,64,pearson_r,0.017318178255272324,941,cca_nc_1,full_subject_single_seed_validation
etard_tf64,cca,reconstruction,gate0_gate2_full_subject_single_seed_v1,0,P16,test_-_P16_-_cleanDutch_part_2,64,pearson_r,-0.07432059112646251,963,cca_nc_1,full_subject_single_seed_validation
etard_tf64,cca,reconstruction,gate0_gate2_full_subject_single_seed_v1,0,P16,test_-_P16_-_cleanDutch_part_3,64,pearson_r,-0.07805992736702401,974,cca_nc_1,full_subject_single_seed_validation
etard_tf64,cca,reconstruction,gate0_gate2_full_subject_single_seed_v1,0,P16,test_-_P16_-_cleanDutch_part_4,64,pearson_r,-0.016589887235787113,970,cca_nc_1,full_subject_single_seed_validation
etard_tf64,cca,reconstruction,gate0_gate2_full_subject_single_seed_v1,0,P16,test_-_P16_-_clean_part_1,64,pearson_r,0.07652862905444308,940,cca_nc_1,full_subject_single_seed_validation
etard_tf64,cca,reconstruction,gate0_gate2_full_subject_single_seed_v1,0,P16,test_-_P16_-_clean_part_2,64,pearson_r,-0.004052058780552666,976,cca_nc_1,full_subject_single_seed_validation
etard_tf64,cca,reconstruction,gate0_gate2_full_subject_single_seed_v1,0,P16,test_-_P16_-_clean_part_3,64,pearson_r,0.09998516551525985,857,cca_nc_1,full_subject_single_seed_validation
etard_tf64,cca,reconstruction,gate0_gate2_full_subject_single_seed_v1,0,P16,test_-_P16_-_clean_part_4,64,pearson_r,0.26271638726414454,938,cca_nc_1,full_subject_single_seed_validation
etard_tf64,cca,reconstruction,gate0_gate2_full_subject_single_seed_v1,0,P16,test_-_P16_-_fM_part_1,64,pearson_r,-0.04290066558319791,852,cca_nc_1,full_subject_single_seed_validation
etard_tf64,cca,reconstruction,gate0_gate2_full_subject_single_seed_v1,0,P16,test_-_P16_-_fM_part_2,64,pearson_r,0.30300491576377936,813,cca_nc_1,full_subject_single_seed_validation
etard_tf64,cca,reconstruction,gate0_gate2_full_subject_single_seed_v1,0,P16,test_-_P16_-_fM_part_3,64,pearson_r,-0.014171888673600435,869,cca_nc_1,full_subject_single_seed_validation
etard_tf64,cca,reconstruction,gate0_gate2_full_subject_single_seed_v1,0,P16,test_-_P16_-_fM_part_4,64,pearson_r,2.611703150703893e-05,953,cca_nc_1,full_subject_single_seed_validation
etard_tf64,cca,reconstruction,gate0_gate2_full_subject_single_seed_v1,0,P16,test_-_P16_-_fW_part_1,64,pearson_r,-0.003236767195011222,843,cca_nc_1,full_subject_single_seed_validation
etard_tf64,cca,reconstruction,gate0_gate2_full_subject_single_seed_v1,0,P16,test_-_P16_-_fW_part_2,64,pearson_r,0.24449909576821646,870,cca_nc_1,full_subject_single_seed_validation
etard_tf64,cca,reconstruction,gate0_gate2_full_subject_single_seed_v1,0,P16,test_-_P16_-_fW_part_3,64,pearson_r,0.05060602208929151,974,cca_nc_1,full_subject_single_seed_validation
etard_tf64,cca,reconstruction,gate0_gate2_full_subject_single_seed_v1,0,P16,test_-_P16_-_fW_part_4,64,pearson_r,0.1133714709252856,1047,cca_nc_1,full_subject_single_seed_validation
etard_tf64,cca,reconstruction,gate0_gate2_full_subject_single_seed_v1,0,P16,test_-_P16_-_hbDutch_part_1,64,pearson_r,0.021975795591904962,984,cca_nc_1,full_subject_single_seed_validation
etard_tf64,cca,reconstruction,gate0_gate2_full_subject_single_seed_v1,0,P16,test_-_P16_-_hbDutch_part_2,64,pearson_r,-0.036181496939954226,998,cca_nc_1,full_subject_single_seed_validation
etard_tf64,cca,reconstruction,gate0_gate2_full_subject_single_seed_v1,0,P16,test_-_P16_-_hbDutch_part_3,64,pearson_r,0.025169260875021342,1017,cca_nc_1,full_subject_single_seed_validation
etard_tf64,cca,reconstruction,gate0_gate2_full_subject_single_seed_v1,0,P16,test_-_P16_-_hbDutch_part_4,64,pearson_r,0.03776451867778027,1001,cca_nc_1,full_subject_single_seed_validation
etard_tf64,cca,reconstruction,gate0_gate2_full_subject_single_seed_v1,0,P16,test_-_P16_-_hb_part_1,64,pearson_r,-0.04300244419805442,1137,cca_nc_1,full_subject_single_seed_validation
etard_tf64,cca,reconstruction,gate0_gate2_full_subject_single_seed_v1,0,P16,test_-_P16_-_hb_part_2,64,pearson_r,0.017912948479491913,1074,cca_nc_1,full_subject_single_seed_validation
etard_tf64,cca,reconstruction,gate0_gate2_full_subject_single_seed_v1,0,P16,test_-_P16_-_hb_part_3,64,pearson_r,0.04884642197910595,1157,cca_nc_1,full_subject_single_seed_validation
etard_tf64,cca,reconstruction,gate0_gate2_full_subject_single_seed_v1,0,P16,test_-_P16_-_hb_part_4,64,pearson_r,-0.10699166564569748,1080,cca_nc_1,full_subject_single_seed_validation
etard_tf64,cca,reconstruction,gate0_gate2_full_subject_single_seed_v1,0,P16,test_-_P16_-_lbDutch_part_1,64,pearson_r,0.05648043057157135,1001,cca_nc_1,full_subject_single_seed_validation
etard_tf64,cca,reconstruction,gate0_gate2_full_subject_single_seed_v1,0,P16,test_-_P16_-_lbDutch_part_2,64,pearson_r,-0.10437448950780348,1026,cca_nc_1,full_subject_single_seed_validation
etard_tf64,cca,reconstruction,gate0_gate2_full_subject_single_seed_v1,0,P16,test_-_P16_-_lbDutch_part_3,64,pearson_r,0.04726144726075434,991,cca_nc_1,full_subject_single_seed_validation
etard_tf64,cca,reconstruction,gate0_gate2_full_subject_single_seed_v1,0,P16,test_-_P16_-_lbDutch_part_4,64,pearson_r,0.11031907759358776,1011,cca_nc_1,full_subject_single_seed_validation
etard_tf64,cca,reconstruction,gate0_gate2_full_subject_single_seed_v1,0,P16,test_-_P16_-_lb_part_1,64,pearson_r,0.051174799356210735,1396,cca_nc_1,full_subject_single_seed_validation
etard_tf64,cca,reconstruction,gate0_gate2_full_subject_single_seed_v1,0,P16,test_-_P16_-_lb_part_2,64,pearson_r,0.01286818530693941,1433,cca_nc_1,full_subject_single_seed_validation
etard_tf64,cca,reconstruction,gate0_gate2_full_subject_single_seed_v1,0,P16,test_-_P16_-_lb_part_3,64,pearson_r,-0.06107770752964397,1365,cca_nc_1,full_subject_single_seed_validation
etard_tf64,cca,reconstruction,gate0_gate2_full_subject_single_seed_v1,0,P16,test_-_P16_-_lb_part_4,64,pearson_r,0.10808574691509802,1501,cca_nc_1,full_subject_single_seed_validation
etard_tf64,cca,reconstruction,gate0_gate2_full_subject_single_seed_v1,0,P16,test_-_P16_-_mbDutch_part_1,64,pearson_r,0.16418247853187734,1021,cca_nc_1,full_subject_single_seed_validation
etard_tf64,cca,reconstruction,gate0_gate2_full_subject_single_seed_v1,0,P16,test_-_P16_-_mbDutch_part_2,64,pearson_r,0.04879063163042741,981,cca_nc_1,full_subject_single_seed_validation
etard_tf64,cca,reconstruction,gate0_gate2_full_subject_single_seed_v1,0,P16,test_-_P16_-_mbDutch_part_3,64,pearson_r,0.08498371889155668,995,cca_nc_1,full_subject_single_seed_validation
etard_tf64,cca,reconstruction,gate0_gate2_full_subject_single_seed_v1,0,P16,test_-_P16_-_mbDutch_part_4,64,pearson_r,0.1357037573350446,1000,cca_nc_1,full_subject_single_seed_validation
etard_tf64,cca,reconstruction,gate0_gate2_full_subject_single_seed_v1,0,P16,test_-_P16_-_mb_part_1,64,pearson_r,-0.08428014681739966,945,cca_nc_1,full_subject_single_seed_validation
etard_tf64,cca,reconstruction,gate0_gate2_full_subject_single_seed_v1,0,P16,test_-_P16_-_mb_part_2,64,pearson_r,0.13533160985236328,994,cca_nc_1,full_subject_single_seed_validation
etard_tf64,cca,reconstruction,gate0_gate2_full_subject_single_seed_v1,0,P16,test_-_P16_-_mb_part_3,64,pearson_r,0.01572757829885772,995,cca_nc_1,full_subject_single_seed_validation
etard_tf64,cca,reconstruction,gate0_gate2_full_subject_single_seed_v1,0,P16,test_-_P16_-_mb_part_4,64,pearson_r,0.015666609371544307,1034,cca_nc_1,full_subject_single_seed_validation
etard_tf64,fcnn,reconstruction,gate0_gate2_full_subject_single_seed_v1,0,P16,test_-_P16_-_cleanDutch_part_1,64,pearson_r,0.07722668860822901,941,fcnn_epoch_6,full_subject_single_seed_validation
etard_tf64,fcnn,reconstruction,gate0_gate2_full_subject_single_seed_v1,0,P16,test_-_P16_-_cleanDutch_part_2,64,pearson_r,0.0432638053336402,963,fcnn_epoch_6,full_subject_single_seed_validation
etard_tf64,fcnn,reconstruction,gate0_gate2_full_subject_single_seed_v1,0,P16,test_-_P16_-_cleanDutch_part_3,64,pearson_r,0.13215128927737307,974,fcnn_epoch_6,full_subject_single_seed_validation
etard_tf64,fcnn,reconstruction,gate0_gate2_full_subject_single_seed_v1,0,P16,test_-_P16_-_cleanDutch_part_4,64,pearson_r,0.08325706900433416,970,fcnn_epoch_6,full_subject_single_seed_validation
etard_tf64,fcnn,reconstruction,gate0_gate2_full_subject_single_seed_v1,0,P16,test_-_P16_-_clean_part_1,64,pearson_r,0.05959147993269178,940,fcnn_epoch_6,full_subject_single_seed_validation
etard_tf64,fcnn,reconstruction,gate0_gate2_full_subject_single_seed_v1,0,P16,test_-_P16_-_clean_part_2,64,pearson_r,0.14632109672022034,976,fcnn_epoch_6,full_subject_single_seed_validation
etard_tf64,fcnn,reconstruction,gate0_gate2_full_subject_single_seed_v1,0,P16,test_-_P16_-_clean_part_3,64,pearson_r,0.2499852566823379,857,fcnn_epoch_6,full_subject_single_seed_validation
etard_tf64,fcnn,reconstruction,gate0_gate2_full_subject_single_seed_v1,0,P16,test_-_P16_-_clean_part_4,64,pearson_r,0.03750774941945126,938,fcnn_epoch_6,full_subject_single_seed_validation
etard_tf64,fcnn,reconstruction,gate0_gate2_full_subject_single_seed_v1,0,P16,test_-_P16_-_fM_part_1,64,pearson_r,0.09243457028879157,852,fcnn_epoch_6,full_subject_single_seed_validation
etard_tf64,fcnn,reconstruction,gate0_gate2_full_subject_single_seed_v1,0,P16,test_-_P16_-_fM_part_2,64,pearson_r,0.16963501420793517,813,fcnn_epoch_6,full_subject_single_seed_validation
etard_tf64,fcnn,reconstruction,gate0_gate2_full_subject_single_seed_v1,0,P16,test_-_P16_-_fM_part_3,64,pearson_r,-0.038419591974760775,869,fcnn_epoch_6,full_subject_single_seed_validation
etard_tf64,fcnn,reconstruction,gate0_gate2_full_subject_single_seed_v1,0,P16,test_-_P16_-_fM_part_4,64,pearson_r,0.06658622518056524,953,fcnn_epoch_6,full_subject_single_seed_validation
etard_tf64,fcnn,reconstruction,gate0_gate2_full_subject_single_seed_v1,0,P16,test_-_P16_-_fW_part_1,64,pearson_r,0.09779039260310987,843,fcnn_epoch_6,full_subject_single_seed_validation
etard_tf64,fcnn,reconstruction,gate0_gate2_full_subject_single_seed_v1,0,P16,test_-_P16_-_fW_part_2,64,pearson_r,0.04011491927684537,870,fcnn_epoch_6,full_subject_single_seed_validation
etard_tf64,fcnn,reconstruction,gate0_gate2_full_subject_single_seed_v1,0,P16,test_-_P16_-_fW_part_3,64,pearson_r,-0.0596918362955507,974,fcnn_epoch_6,full_subject_single_seed_validation
etard_tf64,fcnn,reconstruction,gate0_gate2_full_subject_single_seed_v1,0,P16,test_-_P16_-_fW_part_4,64,pearson_r,0.058951102922395596,1047,fcnn_epoch_6,full_subject_single_seed_validation
etard_tf64,fcnn,reconstruction,gate0_gate2_full_subject_single_seed_v1,0,P16,test_-_P16_-_hbDutch_part_1,64,pearson_r,-0.013861001971333334,984,fcnn_epoch_6,full_subject_single_seed_validation
etard_tf64,fcnn,reconstruction,gate0_gate2_full_subject_single_seed_v1,0,P16,test_-_P16_-_hbDutch_part_2,64,pearson_r,0.01344181664675134,998,fcnn_epoch_6,full_subject_single_seed_validation
etard_tf64,fcnn,reconstruction,gate0_gate2_full_subject_single_seed_v1,0,P16,test_-_P16_-_hbDutch_part_3,64,pearson_r,0.10043388012798392,1017,fcnn_epoch_6,full_subject_single_seed_validation
etard_tf64,fcnn,reconstruction,gate0_gate2_full_subject_single_seed_v1,0,P16,test_-_P16_-_hbDutch_part_4,64,pearson_r,0.12198884829436268,1001,fcnn_epoch_6,full_subject_single_seed_validation
etard_tf64,fcnn,reconstruction,gate0_gate2_full_subject_single_seed_v1,0,P16,test_-_P16_-_hb_part_1,64,pearson_r,0.03268095416615283,1137,fcnn_epoch_6,full_subject_single_seed_validation
etard_tf64,fcnn,reconstruction,gate0_gate2_full_subject_single_seed_v1,0,P16,test_-_P16_-_hb_part_2,64,pearson_r,0.05180096510190318,1074,fcnn_epoch_6,full_subject_single_seed_validation
etard_tf64,fcnn,reconstruction,gate0_gate2_full_subject_single_seed_v1,0,P16,test_-_P16_-_hb_part_3,64,pearson_r,-0.048922066760587815,1157,fcnn_epoch_6,full_subject_single_seed_validation
etard_tf64,fcnn,reconstruction,gate0_gate2_full_subject_single_seed_v1,0,P16,test_-_P16_-_hb_part_4,64,pearson_r,-0.11251366496400522,1080,fcnn_epoch_6,full_subject_single_seed_validation
etard_tf64,fcnn,reconstruction,gate0_gate2_full_subject_single_seed_v1,0,P16,test_-_P16_-_lbDutch_part_1,64,pearson_r,-0.044973768429559316,1001,fcnn_epoch_6,full_subject_single_seed_validation
etard_tf64,fcnn,reconstruction,gate0_gate2_full_subject_single_seed_v1,0,P16,test_-_P16_-_lbDutch_part_2,64,pearson_r,0.03941621823387324,1026,fcnn_epoch_6,full_subject_single_seed_validation
etard_tf64,fcnn,reconstruction,gate0_gate2_full_subject_single_seed_v1,0,P16,test_-_P16_-_lbDutch_part_3,64,pearson_r,0.030349024598476364,991,fcnn_epoch_6,full_subject_single_seed_validation
etard_tf64,fcnn,reconstruction,gate0_gate2_full_subject_single_seed_v1,0,P16,test_-_P16_-_lbDutch_part_4,64,pearson_r,-0.030382526908978247,1011,fcnn_epoch_6,full_subject_single_seed_validation
etard_tf64,fcnn,reconstruction,gate0_gate2_full_subject_single_seed_v1,0,P16,test_-_P16_-_lb_part_1,64,pearson_r,0.09935323643416365,1396,fcnn_epoch_6,full_subject_single_seed_validation
etard_tf64,fcnn,reconstruction,gate0_gate2_full_subject_single_seed_v1,0,P16,test_-_P16_-_lb_part_2,64,pearson_r,0.15992687691668542,1433,fcnn_epoch_6,full_subject_single_seed_validation
etard_tf64,fcnn,reconstruction,gate0_gate2_full_subject_single_seed_v1,0,P16,test_-_P16_-_lb_part_3,64,pearson_r,0.10607465203909439,1365,fcnn_epoch_6,full_subject_single_seed_validation
etard_tf64,fcnn,reconstruction,gate0_gate2_full_subject_single_seed_v1,0,P16,test_-_P16_-_lb_part_4,64,pearson_r,0.11746866604263362,1501,fcnn_epoch_6,full_subject_single_seed_validation
etard_tf64,fcnn,reconstruction,gate0_gate2_full_subject_single_seed_v1,0,P16,test_-_P16_-_mbDutch_part_1,64,pearson_r,0.06015182789262065,1021,fcnn_epoch_6,full_subject_single_seed_validation
etard_tf64,fcnn,reconstruction,gate0_gate2_full_subject_single_seed_v1,0,P16,test_-_P16_-_mbDutch_part_2,64,pearson_r,-0.010129591491739727,981,fcnn_epoch_6,full_subject_single_seed_validation
etard_tf64,fcnn,reconstruction,gate0_gate2_full_subject_single_seed_v1,0,P16,test_-_P16_-_mbDutch_part_3,64,pearson_r,0.1465690897282915,995,fcnn_epoch_6,full_subject_single_seed_validation
etard_tf64,fcnn,reconstruction,gate0_gate2_full_subject_single_seed_v1,0,P16,test_-_P16_-_mbDutch_part_4,64,pearson_r,-0.08910268979150825,1000,fcnn_epoch_6,full_subject_single_seed_validation
etard_tf64,fcnn,reconstruction,gate0_gate2_full_subject_single_seed_v1,0,P16,test_-_P16_-_mb_part_1,64,pearson_r,0.0921289351825374,945,fcnn_epoch_6,full_subject_single_seed_validation
etard_tf64,fcnn,reconstruction,gate0_gate2_full_subject_single_seed_v1,0,P16,test_-_P16_-_mb_part_2,64,pearson_r,0.014402389436836296,994,fcnn_epoch_6,full_subject_single_seed_validation
etard_tf64,fcnn,reconstruction,gate0_gate2_full_subject_single_seed_v1,0,P16,test_-_P16_-_mb_part_3,64,pearson_r,0.075163390959546,995,fcnn_epoch_6,full_subject_single_seed_validation
etard_tf64,fcnn,reconstruction,gate0_gate2_full_subject_single_seed_v1,0,P16,test_-_P16_-_mb_part_4,64,pearson_r,0.018152568373221684,1034,fcnn_epoch_6,full_subject_single_seed_validation
etard_tf64,adt,reconstruction,gate0_gate2_full_subject_single_seed_v1,0,P16,test_-_P16_-_cleanDutch_part_1,64,pearson_r,0.10219402413081441,960,adt_epoch_5,full_subject_single_seed_validation
etard_tf64,adt,reconstruction,gate0_gate2_full_subject_single_seed_v1,0,P16,test_-_P16_-_cleanDutch_part_2,64,pearson_r,0.18550830614386765,960,adt_epoch_5,full_subject_single_seed_validation
etard_tf64,adt,reconstruction,gate0_gate2_full_subject_single_seed_v1,0,P16,test_-_P16_-_cleanDutch_part_3,64,pearson_r,0.19240352904339,960,adt_epoch_5,full_subject_single_seed_validation
etard_tf64,adt,reconstruction,gate0_gate2_full_subject_single_seed_v1,0,P16,test_-_P16_-_cleanDutch_part_4,64,pearson_r,0.1486349194321987,960,adt_epoch_5,full_subject_single_seed_validation
etard_tf64,adt,reconstruction,gate0_gate2_full_subject_single_seed_v1,0,P16,test_-_P16_-_clean_part_1,64,pearson_r,0.11414679828916943,960,adt_epoch_5,full_subject_single_seed_validation
etard_tf64,adt,reconstruction,gate0_gate2_full_subject_single_seed_v1,0,P16,test_-_P16_-_clean_part_2,64,pearson_r,0.0946403029671497,1024,adt_epoch_5,full_subject_single_seed_validation
etard_tf64,adt,reconstruction,gate0_gate2_full_subject_single_seed_v1,0,P16,test_-_P16_-_clean_part_3,64,pearson_r,0.09499387825161114,896,adt_epoch_5,full_subject_single_seed_validation
etard_tf64,adt,reconstruction,gate0_gate2_full_subject_single_seed_v1,0,P16,test_-_P16_-_clean_part_4,64,pearson_r,0.25908787184336685,960,adt_epoch_5,full_subject_single_seed_validation
etard_tf64,adt,reconstruction,gate0_gate2_full_subject_single_seed_v1,0,P16,test_-_P16_-_fM_part_1,64,pearson_r,-0.044861722308677424,896,adt_epoch_5,full_subject_single_seed_validation
etard_tf64,adt,reconstruction,gate0_gate2_full_subject_single_seed_v1,0,P16,test_-_P16_-_fM_part_2,64,pearson_r,0.23891421602533486,832,adt_epoch_5,full_subject_single_seed_validation
etard_tf64,adt,reconstruction,gate0_gate2_full_subject_single_seed_v1,0,P16,test_-_P16_-_fM_part_3,64,pearson_r,0.25682508586671826,896,adt_epoch_5,full_subject_single_seed_validation
etard_tf64,adt,reconstruction,gate0_gate2_full_subject_single_seed_v1,0,P16,test_-_P16_-_fM_part_4,64,pearson_r,0.09602618924242691,960,adt_epoch_5,full_subject_single_seed_validation
etard_tf64,adt,reconstruction,gate0_gate2_full_subject_single_seed_v1,0,P16,test_-_P16_-_fW_part_1,64,pearson_r,0.046195972685924416,832,adt_epoch_5,full_subject_single_seed_validation
etard_tf64,adt,reconstruction,gate0_gate2_full_subject_single_seed_v1,0,P16,test_-_P16_-_fW_part_2,64,pearson_r,0.17509936622618813,896,adt_epoch_5,full_subject_single_seed_validation
etard_tf64,adt,reconstruction,gate0_gate2_full_subject_single_seed_v1,0,P16,test_-_P16_-_fW_part_3,64,pearson_r,0.02332440903390619,960,adt_epoch_5,full_subject_single_seed_validation
etard_tf64,adt,reconstruction,gate0_gate2_full_subject_single_seed_v1,0,P16,test_-_P16_-_fW_part_4,64,pearson_r,-0.1061153662763361,1088,adt_epoch_5,full_subject_single_seed_validation
etard_tf64,adt,reconstruction,gate0_gate2_full_subject_single_seed_v1,0,P16,test_-_P16_-_hbDutch_part_1,64,pearson_r,0.046093126808016936,1024,adt_epoch_5,full_subject_single_seed_validation
etard_tf64,adt,reconstruction,gate0_gate2_full_subject_single_seed_v1,0,P16,test_-_P16_-_hbDutch_part_2,64,pearson_r,0.0842839465063191,1024,adt_epoch_5,full_subject_single_seed_validation
etard_tf64,adt,reconstruction,gate0_gate2_full_subject_single_seed_v1,0,P16,test_-_P16_-_hbDutch_part_3,64,pearson_r,0.09046696893469992,1024,adt_epoch_5,full_subject_single_seed_validation
etard_tf64,adt,reconstruction,gate0_gate2_full_subject_single_seed_v1,0,P16,test_-_P16_-_hbDutch_part_4,64,pearson_r,-0.043608569974651616,1024,adt_epoch_5,full_subject_single_seed_validation
etard_tf64,adt,reconstruction,gate0_gate2_full_subject_single_seed_v1,0,P16,test_-_P16_-_hb_part_1,64,pearson_r,0.09829627831206439,1152,adt_epoch_5,full_subject_single_seed_validation
etard_tf64,adt,reconstruction,gate0_gate2_full_subject_single_seed_v1,0,P16,test_-_P16_-_hb_part_2,64,pearson_r,0.28738229575683727,1088,adt_epoch_5,full_subject_single_seed_validation
etard_tf64,adt,reconstruction,gate0_gate2_full_subject_single_seed_v1,0,P16,test_-_P16_-_hb_part_3,64,pearson_r,0.1687693141105803,1152,adt_epoch_5,full_subject_single_seed_validation
etard_tf64,adt,reconstruction,gate0_gate2_full_subject_single_seed_v1,0,P16,test_-_P16_-_hb_part_4,64,pearson_r,0.0469167230902957,1088,adt_epoch_5,full_subject_single_seed_validation
etard_tf64,adt,reconstruction,gate0_gate2_full_subject_single_seed_v1,0,P16,test_-_P16_-_lbDutch_part_1,64,pearson_r,0.22744325017280595,1024,adt_epoch_5,full_subject_single_seed_validation
etard_tf64,adt,reconstruction,gate0_gate2_full_subject_single_seed_v1,0,P16,test_-_P16_-_lbDutch_part_2,64,pearson_r,-0.06286058082725658,1024,adt_epoch_5,full_subject_single_seed_validation
etard_tf64,adt,reconstruction,gate0_gate2_full_subject_single_seed_v1,0,P16,test_-_P16_-_lbDutch_part_3,64,pearson_r,0.19314664751934504,1024,adt_epoch_5,full_subject_single_seed_validation
etard_tf64,adt,reconstruction,gate0_gate2_full_subject_single_seed_v1,0,P16,test_-_P16_-_lbDutch_part_4,64,pearson_r,0.0444813745457253,1024,adt_epoch_5,full_subject_single_seed_validation
etard_tf64,adt,reconstruction,gate0_gate2_full_subject_single_seed_v1,0,P16,test_-_P16_-_lb_part_1,64,pearson_r,0.18385932996895876,1408,adt_epoch_5,full_subject_single_seed_validation
etard_tf64,adt,reconstruction,gate0_gate2_full_subject_single_seed_v1,0,P16,test_-_P16_-_lb_part_2,64,pearson_r,-0.07225469969943367,1472,adt_epoch_5,full_subject_single_seed_validation
etard_tf64,adt,reconstruction,gate0_gate2_full_subject_single_seed_v1,0,P16,test_-_P16_-_lb_part_3,64,pearson_r,0.17036356165241975,1408,adt_epoch_5,full_subject_single_seed_validation
etard_tf64,adt,reconstruction,gate0_gate2_full_subject_single_seed_v1,0,P16,test_-_P16_-_lb_part_4,64,pearson_r,0.09565131632991525,1536,adt_epoch_5,full_subject_single_seed_validation
etard_tf64,adt,reconstruction,gate0_gate2_full_subject_single_seed_v1,0,P16,test_-_P16_-_mbDutch_part_1,64,pearson_r,0.02648930890635089,1024,adt_epoch_5,full_subject_single_seed_validation
etard_tf64,adt,reconstruction,gate0_gate2_full_subject_single_seed_v1,0,P16,test_-_P16_-_mbDutch_part_2,64,pearson_r,0.082817877063248,1024,adt_epoch_5,full_subject_single_seed_validation
etard_tf64,adt,reconstruction,gate0_gate2_full_subject_single_seed_v1,0,P16,test_-_P16_-_mbDutch_part_3,64,pearson_r,0.20780541240971492,1024,adt_epoch_5,full_subject_single_seed_validation
etard_tf64,adt,reconstruction,gate0_gate2_full_subject_single_seed_v1,0,P16,test_-_P16_-_mbDutch_part_4,64,pearson_r,-0.08714714862198207,1024,adt_epoch_5,full_subject_single_seed_validation
etard_tf64,adt,reconstruction,gate0_gate2_full_subject_single_seed_v1,0,P16,test_-_P16_-_mb_part_1,64,pearson_r,0.21662651913814138,960,adt_epoch_5,full_subject_single_seed_validation
etard_tf64,adt,reconstruction,gate0_gate2_full_subject_single_seed_v1,0,P16,test_-_P16_-_mb_part_2,64,pearson_r,0.16083480079295207,1024,adt_epoch_5,full_subject_single_seed_validation
etard_tf64,adt,reconstruction,gate0_gate2_full_subject_single_seed_v1,0,P16,test_-_P16_-_mb_part_3,64,pearson_r,0.23648793318940328,1024,adt_epoch_5,full_subject_single_seed_validation
etard_tf64,adt,reconstruction,gate0_gate2_full_subject_single_seed_v1,0,P16,test_-_P16_-_mb_part_4,64,pearson_r,0.032507346632260396,1024,adt_epoch_5,full_subject_single_seed_validation
etard_tf64,ridge,reconstruction,gate0_gate2_full_subject_single_seed_v1,0,P17,test_-_P17_-_cleanDutch_part_1,64,pearson_r,0.13550274994323422,941,ridge_alpha_10.0,full_subject_single_seed_validation
etard_tf64,ridge,reconstruction,gate0_gate2_full_subject_single_seed_v1,0,P17,test_-_P17_-_cleanDutch_part_2,64,pearson_r,0.2157493114887962,963,ridge_alpha_10.0,full_subject_single_seed_validation
etard_tf64,ridge,reconstruction,gate0_gate2_full_subject_single_seed_v1,0,P17,test_-_P17_-_cleanDutch_part_3,64,pearson_r,0.15304522588681974,974,ridge_alpha_10.0,full_subject_single_seed_validation
etard_tf64,ridge,reconstruction,gate0_gate2_full_subject_single_seed_v1,0,P17,test_-_P17_-_cleanDutch_part_4,64,pearson_r,0.04984025479395501,970,ridge_alpha_10.0,full_subject_single_seed_validation
etard_tf64,ridge,reconstruction,gate0_gate2_full_subject_single_seed_v1,0,P17,test_-_P17_-_clean_part_1,64,pearson_r,0.19979624952956967,940,ridge_alpha_10.0,full_subject_single_seed_validation
etard_tf64,ridge,reconstruction,gate0_gate2_full_subject_single_seed_v1,0,P17,test_-_P17_-_clean_part_2,64,pearson_r,0.1610849267645235,976,ridge_alpha_10.0,full_subject_single_seed_validation
etard_tf64,ridge,reconstruction,gate0_gate2_full_subject_single_seed_v1,0,P17,test_-_P17_-_clean_part_3,64,pearson_r,0.294873466980063,857,ridge_alpha_10.0,full_subject_single_seed_validation
etard_tf64,ridge,reconstruction,gate0_gate2_full_subject_single_seed_v1,0,P17,test_-_P17_-_clean_part_4,64,pearson_r,0.20780488465381744,938,ridge_alpha_10.0,full_subject_single_seed_validation
etard_tf64,ridge,reconstruction,gate0_gate2_full_subject_single_seed_v1,0,P17,test_-_P17_-_fM_part_1,64,pearson_r,0.1125068300097061,852,ridge_alpha_10.0,full_subject_single_seed_validation
etard_tf64,ridge,reconstruction,gate0_gate2_full_subject_single_seed_v1,0,P17,test_-_P17_-_fM_part_2,64,pearson_r,0.15829673521200494,813,ridge_alpha_10.0,full_subject_single_seed_validation
etard_tf64,ridge,reconstruction,gate0_gate2_full_subject_single_seed_v1,0,P17,test_-_P17_-_fM_part_3,64,pearson_r,0.03876779412172212,869,ridge_alpha_10.0,full_subject_single_seed_validation
etard_tf64,ridge,reconstruction,gate0_gate2_full_subject_single_seed_v1,0,P17,test_-_P17_-_fM_part_4,64,pearson_r,0.1224365698486015,953,ridge_alpha_10.0,full_subject_single_seed_validation
etard_tf64,ridge,reconstruction,gate0_gate2_full_subject_single_seed_v1,0,P17,test_-_P17_-_fW_part_1,64,pearson_r,0.25303021366003237,843,ridge_alpha_10.0,full_subject_single_seed_validation
etard_tf64,ridge,reconstruction,gate0_gate2_full_subject_single_seed_v1,0,P17,test_-_P17_-_fW_part_2,64,pearson_r,0.1393866570548834,870,ridge_alpha_10.0,full_subject_single_seed_validation
etard_tf64,ridge,reconstruction,gate0_gate2_full_subject_single_seed_v1,0,P17,test_-_P17_-_fW_part_3,64,pearson_r,0.18480596814130132,974,ridge_alpha_10.0,full_subject_single_seed_validation
etard_tf64,ridge,reconstruction,gate0_gate2_full_subject_single_seed_v1,0,P17,test_-_P17_-_fW_part_4,64,pearson_r,0.20864464144267755,1047,ridge_alpha_10.0,full_subject_single_seed_validation
etard_tf64,ridge,reconstruction,gate0_gate2_full_subject_single_seed_v1,0,P17,test_-_P17_-_hbDutch_part_1,64,pearson_r,0.10350243826413597,984,ridge_alpha_10.0,full_subject_single_seed_validation
etard_tf64,ridge,reconstruction,gate0_gate2_full_subject_single_seed_v1,0,P17,test_-_P17_-_hbDutch_part_2,64,pearson_r,0.22265472761810945,998,ridge_alpha_10.0,full_subject_single_seed_validation
etard_tf64,ridge,reconstruction,gate0_gate2_full_subject_single_seed_v1,0,P17,test_-_P17_-_hbDutch_part_3,64,pearson_r,0.14600025523066706,1017,ridge_alpha_10.0,full_subject_single_seed_validation
etard_tf64,ridge,reconstruction,gate0_gate2_full_subject_single_seed_v1,0,P17,test_-_P17_-_hbDutch_part_4,64,pearson_r,0.08218960871450291,1001,ridge_alpha_10.0,full_subject_single_seed_validation
etard_tf64,ridge,reconstruction,gate0_gate2_full_subject_single_seed_v1,0,P17,test_-_P17_-_hb_part_1,64,pearson_r,0.21820081965956342,1137,ridge_alpha_10.0,full_subject_single_seed_validation
etard_tf64,ridge,reconstruction,gate0_gate2_full_subject_single_seed_v1,0,P17,test_-_P17_-_hb_part_2,64,pearson_r,0.21658112956390768,1074,ridge_alpha_10.0,full_subject_single_seed_validation
etard_tf64,ridge,reconstruction,gate0_gate2_full_subject_single_seed_v1,0,P17,test_-_P17_-_hb_part_3,64,pearson_r,0.1943320543652155,1157,ridge_alpha_10.0,full_subject_single_seed_validation
etard_tf64,ridge,reconstruction,gate0_gate2_full_subject_single_seed_v1,0,P17,test_-_P17_-_hb_part_4,64,pearson_r,0.25724199025093225,1080,ridge_alpha_10.0,full_subject_single_seed_validation
etard_tf64,ridge,reconstruction,gate0_gate2_full_subject_single_seed_v1,0,P17,test_-_P17_-_lbDutch_part_1,64,pearson_r,0.1652533007040941,1001,ridge_alpha_10.0,full_subject_single_seed_validation
etard_tf64,ridge,reconstruction,gate0_gate2_full_subject_single_seed_v1,0,P17,test_-_P17_-_lbDutch_part_2,64,pearson_r,0.1956413721177708,1026,ridge_alpha_10.0,full_subject_single_seed_validation
etard_tf64,ridge,reconstruction,gate0_gate2_full_subject_single_seed_v1,0,P17,test_-_P17_-_lbDutch_part_3,64,pearson_r,0.029891665913836206,991,ridge_alpha_10.0,full_subject_single_seed_validation
etard_tf64,ridge,reconstruction,gate0_gate2_full_subject_single_seed_v1,0,P17,test_-_P17_-_lbDutch_part_4,64,pearson_r,0.0064287733373104596,1011,ridge_alpha_10.0,full_subject_single_seed_validation
etard_tf64,ridge,reconstruction,gate0_gate2_full_subject_single_seed_v1,0,P17,test_-_P17_-_lb_part_1,64,pearson_r,0.19063509844614687,1396,ridge_alpha_10.0,full_subject_single_seed_validation
etard_tf64,ridge,reconstruction,gate0_gate2_full_subject_single_seed_v1,0,P17,test_-_P17_-_lb_part_2,64,pearson_r,0.18639716604222417,1433,ridge_alpha_10.0,full_subject_single_seed_validation
etard_tf64,ridge,reconstruction,gate0_gate2_full_subject_single_seed_v1,0,P17,test_-_P17_-_lb_part_3,64,pearson_r,0.21655252826509924,1365,ridge_alpha_10.0,full_subject_single_seed_validation
etard_tf64,ridge,reconstruction,gate0_gate2_full_subject_single_seed_v1,0,P17,test_-_P17_-_lb_part_4,64,pearson_r,0.0357819670508964,1501,ridge_alpha_10.0,full_subject_single_seed_validation
etard_tf64,ridge,reconstruction,gate0_gate2_full_subject_single_seed_v1,0,P17,test_-_P17_-_mbDutch_part_1,64,pearson_r,0.028810974484064118,1021,ridge_alpha_10.0,full_subject_single_seed_validation
etard_tf64,ridge,reconstruction,gate0_gate2_full_subject_single_seed_v1,0,P17,test_-_P17_-_mbDutch_part_2,64,pearson_r,-0.029036669252765872,981,ridge_alpha_10.0,full_subject_single_seed_validation
etard_tf64,ridge,reconstruction,gate0_gate2_full_subject_single_seed_v1,0,P17,test_-_P17_-_mbDutch_part_3,64,pearson_r,0.11266849055647626,995,ridge_alpha_10.0,full_subject_single_seed_validation
etard_tf64,ridge,reconstruction,gate0_gate2_full_subject_single_seed_v1,0,P17,test_-_P17_-_mbDutch_part_4,64,pearson_r,-0.007391166722435092,1000,ridge_alpha_10.0,full_subject_single_seed_validation
etard_tf64,ridge,reconstruction,gate0_gate2_full_subject_single_seed_v1,0,P17,test_-_P17_-_mb_part_1,64,pearson_r,0.24146244549267717,945,ridge_alpha_10.0,full_subject_single_seed_validation
etard_tf64,ridge,reconstruction,gate0_gate2_full_subject_single_seed_v1,0,P17,test_-_P17_-_mb_part_2,64,pearson_r,0.2087000187159868,994,ridge_alpha_10.0,full_subject_single_seed_validation
etard_tf64,ridge,reconstruction,gate0_gate2_full_subject_single_seed_v1,0,P17,test_-_P17_-_mb_part_3,64,pearson_r,0.11395436962301267,995,ridge_alpha_10.0,full_subject_single_seed_validation
etard_tf64,ridge,reconstruction,gate0_gate2_full_subject_single_seed_v1,0,P17,test_-_P17_-_mb_part_4,64,pearson_r,0.14723939348113785,1034,ridge_alpha_10.0,full_subject_single_seed_validation
etard_tf64,cca,reconstruction,gate0_gate2_full_subject_single_seed_v1,0,P17,test_-_P17_-_cleanDutch_part_1,64,pearson_r,0.052502627214534955,941,cca_nc_4,full_subject_single_seed_validation
etard_tf64,cca,reconstruction,gate0_gate2_full_subject_single_seed_v1,0,P17,test_-_P17_-_cleanDutch_part_2,64,pearson_r,0.05740663017358806,963,cca_nc_4,full_subject_single_seed_validation
etard_tf64,cca,reconstruction,gate0_gate2_full_subject_single_seed_v1,0,P17,test_-_P17_-_cleanDutch_part_3,64,pearson_r,-0.0007701529035567245,974,cca_nc_4,full_subject_single_seed_validation
etard_tf64,cca,reconstruction,gate0_gate2_full_subject_single_seed_v1,0,P17,test_-_P17_-_cleanDutch_part_4,64,pearson_r,-0.11969225877535344,970,cca_nc_4,full_subject_single_seed_validation
etard_tf64,cca,reconstruction,gate0_gate2_full_subject_single_seed_v1,0,P17,test_-_P17_-_clean_part_1,64,pearson_r,0.2273808886963697,940,cca_nc_4,full_subject_single_seed_validation
etard_tf64,cca,reconstruction,gate0_gate2_full_subject_single_seed_v1,0,P17,test_-_P17_-_clean_part_2,64,pearson_r,0.27318738832575684,976,cca_nc_4,full_subject_single_seed_validation
etard_tf64,cca,reconstruction,gate0_gate2_full_subject_single_seed_v1,0,P17,test_-_P17_-_clean_part_3,64,pearson_r,-0.027032484412041143,857,cca_nc_4,full_subject_single_seed_validation
etard_tf64,cca,reconstruction,gate0_gate2_full_subject_single_seed_v1,0,P17,test_-_P17_-_clean_part_4,64,pearson_r,0.13270420427965515,938,cca_nc_4,full_subject_single_seed_validation
etard_tf64,cca,reconstruction,gate0_gate2_full_subject_single_seed_v1,0,P17,test_-_P17_-_fM_part_1,64,pearson_r,-0.15447040190313968,852,cca_nc_4,full_subject_single_seed_validation
etard_tf64,cca,reconstruction,gate0_gate2_full_subject_single_seed_v1,0,P17,test_-_P17_-_fM_part_2,64,pearson_r,0.19341739087567628,813,cca_nc_4,full_subject_single_seed_validation
etard_tf64,cca,reconstruction,gate0_gate2_full_subject_single_seed_v1,0,P17,test_-_P17_-_fM_part_3,64,pearson_r,-0.13359972637419712,869,cca_nc_4,full_subject_single_seed_validation
etard_tf64,cca,reconstruction,gate0_gate2_full_subject_single_seed_v1,0,P17,test_-_P17_-_fM_part_4,64,pearson_r,0.012660345775755403,953,cca_nc_4,full_subject_single_seed_validation
etard_tf64,cca,reconstruction,gate0_gate2_full_subject_single_seed_v1,0,P17,test_-_P17_-_fW_part_1,64,pearson_r,0.20657880948049584,843,cca_nc_4,full_subject_single_seed_validation
etard_tf64,cca,reconstruction,gate0_gate2_full_subject_single_seed_v1,0,P17,test_-_P17_-_fW_part_2,64,pearson_r,0.16869709022588047,870,cca_nc_4,full_subject_single_seed_validation
etard_tf64,cca,reconstruction,gate0_gate2_full_subject_single_seed_v1,0,P17,test_-_P17_-_fW_part_3,64,pearson_r,0.20206159001662716,974,cca_nc_4,full_subject_single_seed_validation
etard_tf64,cca,reconstruction,gate0_gate2_full_subject_single_seed_v1,0,P17,test_-_P17_-_fW_part_4,64,pearson_r,0.09555976658446551,1047,cca_nc_4,full_subject_single_seed_validation
etard_tf64,cca,reconstruction,gate0_gate2_full_subject_single_seed_v1,0,P17,test_-_P17_-_hbDutch_part_1,64,pearson_r,0.09637354744758314,984,cca_nc_4,full_subject_single_seed_validation
etard_tf64,cca,reconstruction,gate0_gate2_full_subject_single_seed_v1,0,P17,test_-_P17_-_hbDutch_part_2,64,pearson_r,-0.014684101935924444,998,cca_nc_4,full_subject_single_seed_validation
etard_tf64,cca,reconstruction,gate0_gate2_full_subject_single_seed_v1,0,P17,test_-_P17_-_hbDutch_part_3,64,pearson_r,0.36207629778635037,1017,cca_nc_4,full_subject_single_seed_validation
etard_tf64,cca,reconstruction,gate0_gate2_full_subject_single_seed_v1,0,P17,test_-_P17_-_hbDutch_part_4,64,pearson_r,0.13442857663773045,1001,cca_nc_4,full_subject_single_seed_validation
etard_tf64,cca,reconstruction,gate0_gate2_full_subject_single_seed_v1,0,P17,test_-_P17_-_hb_part_1,64,pearson_r,0.2252350739836111,1137,cca_nc_4,full_subject_single_seed_validation
etard_tf64,cca,reconstruction,gate0_gate2_full_subject_single_seed_v1,0,P17,test_-_P17_-_hb_part_2,64,pearson_r,-0.027969486469672265,1074,cca_nc_4,full_subject_single_seed_validation
etard_tf64,cca,reconstruction,gate0_gate2_full_subject_single_seed_v1,0,P17,test_-_P17_-_hb_part_3,64,pearson_r,0.20293116749150303,1157,cca_nc_4,full_subject_single_seed_validation
etard_tf64,cca,reconstruction,gate0_gate2_full_subject_single_seed_v1,0,P17,test_-_P17_-_hb_part_4,64,pearson_r,0.16816838725047764,1080,cca_nc_4,full_subject_single_seed_validation
etard_tf64,cca,reconstruction,gate0_gate2_full_subject_single_seed_v1,0,P17,test_-_P17_-_lbDutch_part_1,64,pearson_r,0.062312559422004685,1001,cca_nc_4,full_subject_single_seed_validation
etard_tf64,cca,reconstruction,gate0_gate2_full_subject_single_seed_v1,0,P17,test_-_P17_-_lbDutch_part_2,64,pearson_r,0.10504913935690033,1026,cca_nc_4,full_subject_single_seed_validation
etard_tf64,cca,reconstruction,gate0_gate2_full_subject_single_seed_v1,0,P17,test_-_P17_-_lbDutch_part_3,64,pearson_r,0.08599151832174118,991,cca_nc_4,full_subject_single_seed_validation
etard_tf64,cca,reconstruction,gate0_gate2_full_subject_single_seed_v1,0,P17,test_-_P17_-_lbDutch_part_4,64,pearson_r,-0.0833191781899563,1011,cca_nc_4,full_subject_single_seed_validation
etard_tf64,cca,reconstruction,gate0_gate2_full_subject_single_seed_v1,0,P17,test_-_P17_-_lb_part_1,64,pearson_r,0.10847545581682431,1396,cca_nc_4,full_subject_single_seed_validation
etard_tf64,cca,reconstruction,gate0_gate2_full_subject_single_seed_v1,0,P17,test_-_P17_-_lb_part_2,64,pearson_r,0.10118134653540124,1433,cca_nc_4,full_subject_single_seed_validation
etard_tf64,cca,reconstruction,gate0_gate2_full_subject_single_seed_v1,0,P17,test_-_P17_-_lb_part_3,64,pearson_r,0.09605559821506147,1365,cca_nc_4,full_subject_single_seed_validation
etard_tf64,cca,reconstruction,gate0_gate2_full_subject_single_seed_v1,0,P17,test_-_P17_-_lb_part_4,64,pearson_r,0.06918416855022225,1501,cca_nc_4,full_subject_single_seed_validation
etard_tf64,cca,reconstruction,gate0_gate2_full_subject_single_seed_v1,0,P17,test_-_P17_-_mbDutch_part_1,64,pearson_r,0.14814190687660878,1021,cca_nc_4,full_subject_single_seed_validation
etard_tf64,cca,reconstruction,gate0_gate2_full_subject_single_seed_v1,0,P17,test_-_P17_-_mbDutch_part_2,64,pearson_r,-0.011556115227732183,981,cca_nc_4,full_subject_single_seed_validation
etard_tf64,cca,reconstruction,gate0_gate2_full_subject_single_seed_v1,0,P17,test_-_P17_-_mbDutch_part_3,64,pearson_r,0.03950499002778093,995,cca_nc_4,full_subject_single_seed_validation
etard_tf64,cca,reconstruction,gate0_gate2_full_subject_single_seed_v1,0,P17,test_-_P17_-_mbDutch_part_4,64,pearson_r,-0.012377889174982873,1000,cca_nc_4,full_subject_single_seed_validation
etard_tf64,cca,reconstruction,gate0_gate2_full_subject_single_seed_v1,0,P17,test_-_P17_-_mb_part_1,64,pearson_r,0.2450362006338195,945,cca_nc_4,full_subject_single_seed_validation
etard_tf64,cca,reconstruction,gate0_gate2_full_subject_single_seed_v1,0,P17,test_-_P17_-_mb_part_2,64,pearson_r,0.22537956528329403,994,cca_nc_4,full_subject_single_seed_validation
etard_tf64,cca,reconstruction,gate0_gate2_full_subject_single_seed_v1,0,P17,test_-_P17_-_mb_part_3,64,pearson_r,0.16687528533251625,995,cca_nc_4,full_subject_single_seed_validation
etard_tf64,cca,reconstruction,gate0_gate2_full_subject_single_seed_v1,0,P17,test_-_P17_-_mb_part_4,64,pearson_r,0.13706745083086935,1034,cca_nc_4,full_subject_single_seed_validation
etard_tf64,fcnn,reconstruction,gate0_gate2_full_subject_single_seed_v1,0,P17,test_-_P17_-_cleanDutch_part_1,64,pearson_r,0.04695988202032218,941,fcnn_epoch_1,full_subject_single_seed_validation
etard_tf64,fcnn,reconstruction,gate0_gate2_full_subject_single_seed_v1,0,P17,test_-_P17_-_cleanDutch_part_2,64,pearson_r,0.06327861122333957,963,fcnn_epoch_1,full_subject_single_seed_validation
etard_tf64,fcnn,reconstruction,gate0_gate2_full_subject_single_seed_v1,0,P17,test_-_P17_-_cleanDutch_part_3,64,pearson_r,0.011595382826864807,974,fcnn_epoch_1,full_subject_single_seed_validation
etard_tf64,fcnn,reconstruction,gate0_gate2_full_subject_single_seed_v1,0,P17,test_-_P17_-_cleanDutch_part_4,64,pearson_r,0.11395162768777156,970,fcnn_epoch_1,full_subject_single_seed_validation
etard_tf64,fcnn,reconstruction,gate0_gate2_full_subject_single_seed_v1,0,P17,test_-_P17_-_clean_part_1,64,pearson_r,0.13797193343155317,940,fcnn_epoch_1,full_subject_single_seed_validation
etard_tf64,fcnn,reconstruction,gate0_gate2_full_subject_single_seed_v1,0,P17,test_-_P17_-_clean_part_2,64,pearson_r,0.17819399333790578,976,fcnn_epoch_1,full_subject_single_seed_validation
etard_tf64,fcnn,reconstruction,gate0_gate2_full_subject_single_seed_v1,0,P17,test_-_P17_-_clean_part_3,64,pearson_r,0.09039181769672543,857,fcnn_epoch_1,full_subject_single_seed_validation
etard_tf64,fcnn,reconstruction,gate0_gate2_full_subject_single_seed_v1,0,P17,test_-_P17_-_clean_part_4,64,pearson_r,0.10590641875701293,938,fcnn_epoch_1,full_subject_single_seed_validation
etard_tf64,fcnn,reconstruction,gate0_gate2_full_subject_single_seed_v1,0,P17,test_-_P17_-_fM_part_1,64,pearson_r,-0.0642256030388944,852,fcnn_epoch_1,full_subject_single_seed_validation
etard_tf64,fcnn,reconstruction,gate0_gate2_full_subject_single_seed_v1,0,P17,test_-_P17_-_fM_part_2,64,pearson_r,0.10526688712737105,813,fcnn_epoch_1,full_subject_single_seed_validation
etard_tf64,fcnn,reconstruction,gate0_gate2_full_subject_single_seed_v1,0,P17,test_-_P17_-_fM_part_3,64,pearson_r,-0.08224191171520447,869,fcnn_epoch_1,full_subject_single_seed_validation
etard_tf64,fcnn,reconstruction,gate0_gate2_full_subject_single_seed_v1,0,P17,test_-_P17_-_fM_part_4,64,pearson_r,0.0887517646353491,953,fcnn_epoch_1,full_subject_single_seed_validation
etard_tf64,fcnn,reconstruction,gate0_gate2_full_subject_single_seed_v1,0,P17,test_-_P17_-_fW_part_1,64,pearson_r,0.17088708217618145,843,fcnn_epoch_1,full_subject_single_seed_validation
etard_tf64,fcnn,reconstruction,gate0_gate2_full_subject_single_seed_v1,0,P17,test_-_P17_-_fW_part_2,64,pearson_r,0.13056735357587645,870,fcnn_epoch_1,full_subject_single_seed_validation
etard_tf64,fcnn,reconstruction,gate0_gate2_full_subject_single_seed_v1,0,P17,test_-_P17_-_fW_part_3,64,pearson_r,0.11593583310771878,974,fcnn_epoch_1,full_subject_single_seed_validation
etard_tf64,fcnn,reconstruction,gate0_gate2_full_subject_single_seed_v1,0,P17,test_-_P17_-_fW_part_4,64,pearson_r,0.1510345578487652,1047,fcnn_epoch_1,full_subject_single_seed_validation
etard_tf64,fcnn,reconstruction,gate0_gate2_full_subject_single_seed_v1,0,P17,test_-_P17_-_hbDutch_part_1,64,pearson_r,0.2128338446710117,984,fcnn_epoch_1,full_subject_single_seed_validation
etard_tf64,fcnn,reconstruction,gate0_gate2_full_subject_single_seed_v1,0,P17,test_-_P17_-_hbDutch_part_2,64,pearson_r,0.12473047671988234,998,fcnn_epoch_1,full_subject_single_seed_validation
etard_tf64,fcnn,reconstruction,gate0_gate2_full_subject_single_seed_v1,0,P17,test_-_P17_-_hbDutch_part_3,64,pearson_r,0.18611539423349904,1017,fcnn_epoch_1,full_subject_single_seed_validation
etard_tf64,fcnn,reconstruction,gate0_gate2_full_subject_single_seed_v1,0,P17,test_-_P17_-_hbDutch_part_4,64,pearson_r,0.05501037698376018,1001,fcnn_epoch_1,full_subject_single_seed_validation
etard_tf64,fcnn,reconstruction,gate0_gate2_full_subject_single_seed_v1,0,P17,test_-_P17_-_hb_part_1,64,pearson_r,0.11854380085739909,1137,fcnn_epoch_1,full_subject_single_seed_validation
etard_tf64,fcnn,reconstruction,gate0_gate2_full_subject_single_seed_v1,0,P17,test_-_P17_-_hb_part_2,64,pearson_r,0.04302337012598686,1074,fcnn_epoch_1,full_subject_single_seed_validation
etard_tf64,fcnn,reconstruction,gate0_gate2_full_subject_single_seed_v1,0,P17,test_-_P17_-_hb_part_3,64,pearson_r,0.09797921455921794,1157,fcnn_epoch_1,full_subject_single_seed_validation
etard_tf64,fcnn,reconstruction,gate0_gate2_full_subject_single_seed_v1,0,P17,test_-_P17_-_hb_part_4,64,pearson_r,0.007776616879561468,1080,fcnn_epoch_1,full_subject_single_seed_validation
etard_tf64,fcnn,reconstruction,gate0_gate2_full_subject_single_seed_v1,0,P17,test_-_P17_-_lbDutch_part_1,64,pearson_r,0.07023773352673003,1001,fcnn_epoch_1,full_subject_single_seed_validation
etard_tf64,fcnn,reconstruction,gate0_gate2_full_subject_single_seed_v1,0,P17,test_-_P17_-_lbDutch_part_2,64,pearson_r,0.13510231423020033,1026,fcnn_epoch_1,full_subject_single_seed_validation
etard_tf64,fcnn,reconstruction,gate0_gate2_full_subject_single_seed_v1,0,P17,test_-_P17_-_lbDutch_part_3,64,pearson_r,0.10433813351794016,991,fcnn_epoch_1,full_subject_single_seed_validation
etard_tf64,fcnn,reconstruction,gate0_gate2_full_subject_single_seed_v1,0,P17,test_-_P17_-_lbDutch_part_4,64,pearson_r,-0.028383323790026525,1011,fcnn_epoch_1,full_subject_single_seed_validation
etard_tf64,fcnn,reconstruction,gate0_gate2_full_subject_single_seed_v1,0,P17,test_-_P17_-_lb_part_1,64,pearson_r,0.19160829938225296,1396,fcnn_epoch_1,full_subject_single_seed_validation
etard_tf64,fcnn,reconstruction,gate0_gate2_full_subject_single_seed_v1,0,P17,test_-_P17_-_lb_part_2,64,pearson_r,0.03999874564585015,1433,fcnn_epoch_1,full_subject_single_seed_validation
etard_tf64,fcnn,reconstruction,gate0_gate2_full_subject_single_seed_v1,0,P17,test_-_P17_-_lb_part_3,64,pearson_r,0.168852762079545,1365,fcnn_epoch_1,full_subject_single_seed_validation
etard_tf64,fcnn,reconstruction,gate0_gate2_full_subject_single_seed_v1,0,P17,test_-_P17_-_lb_part_4,64,pearson_r,0.05755048379111885,1501,fcnn_epoch_1,full_subject_single_seed_validation
etard_tf64,fcnn,reconstruction,gate0_gate2_full_subject_single_seed_v1,0,P17,test_-_P17_-_mbDutch_part_1,64,pearson_r,0.07500394952464898,1021,fcnn_epoch_1,full_subject_single_seed_validation
etard_tf64,fcnn,reconstruction,gate0_gate2_full_subject_single_seed_v1,0,P17,test_-_P17_-_mbDutch_part_2,64,pearson_r,-0.05652035319217139,981,fcnn_epoch_1,full_subject_single_seed_validation
etard_tf64,fcnn,reconstruction,gate0_gate2_full_subject_single_seed_v1,0,P17,test_-_P17_-_mbDutch_part_3,64,pearson_r,-0.0092463377345899,995,fcnn_epoch_1,full_subject_single_seed_validation
etard_tf64,fcnn,reconstruction,gate0_gate2_full_subject_single_seed_v1,0,P17,test_-_P17_-_mbDutch_part_4,64,pearson_r,-0.05488398964366602,1000,fcnn_epoch_1,full_subject_single_seed_validation
etard_tf64,fcnn,reconstruction,gate0_gate2_full_subject_single_seed_v1,0,P17,test_-_P17_-_mb_part_1,64,pearson_r,0.08639234448204491,945,fcnn_epoch_1,full_subject_single_seed_validation
etard_tf64,fcnn,reconstruction,gate0_gate2_full_subject_single_seed_v1,0,P17,test_-_P17_-_mb_part_2,64,pearson_r,0.10403275398356629,994,fcnn_epoch_1,full_subject_single_seed_validation
etard_tf64,fcnn,reconstruction,gate0_gate2_full_subject_single_seed_v1,0,P17,test_-_P17_-_mb_part_3,64,pearson_r,0.03093428290927065,995,fcnn_epoch_1,full_subject_single_seed_validation
etard_tf64,fcnn,reconstruction,gate0_gate2_full_subject_single_seed_v1,0,P17,test_-_P17_-_mb_part_4,64,pearson_r,0.017168713315517975,1034,fcnn_epoch_1,full_subject_single_seed_validation
etard_tf64,adt,reconstruction,gate0_gate2_full_subject_single_seed_v1,0,P17,test_-_P17_-_cleanDutch_part_1,64,pearson_r,0.10350527358314947,960,adt_epoch_3,full_subject_single_seed_validation
etard_tf64,adt,reconstruction,gate0_gate2_full_subject_single_seed_v1,0,P17,test_-_P17_-_cleanDutch_part_2,64,pearson_r,0.07807623855915424,960,adt_epoch_3,full_subject_single_seed_validation
etard_tf64,adt,reconstruction,gate0_gate2_full_subject_single_seed_v1,0,P17,test_-_P17_-_cleanDutch_part_3,64,pearson_r,-0.0498066984026912,960,adt_epoch_3,full_subject_single_seed_validation
etard_tf64,adt,reconstruction,gate0_gate2_full_subject_single_seed_v1,0,P17,test_-_P17_-_cleanDutch_part_4,64,pearson_r,-0.05282840763598013,960,adt_epoch_3,full_subject_single_seed_validation
etard_tf64,adt,reconstruction,gate0_gate2_full_subject_single_seed_v1,0,P17,test_-_P17_-_clean_part_1,64,pearson_r,0.1809174532588045,960,adt_epoch_3,full_subject_single_seed_validation
etard_tf64,adt,reconstruction,gate0_gate2_full_subject_single_seed_v1,0,P17,test_-_P17_-_clean_part_2,64,pearson_r,0.17767171607176016,1024,adt_epoch_3,full_subject_single_seed_validation
etard_tf64,adt,reconstruction,gate0_gate2_full_subject_single_seed_v1,0,P17,test_-_P17_-_clean_part_3,64,pearson_r,0.11353121895557841,896,adt_epoch_3,full_subject_single_seed_validation
etard_tf64,adt,reconstruction,gate0_gate2_full_subject_single_seed_v1,0,P17,test_-_P17_-_clean_part_4,64,pearson_r,0.22305123611347158,960,adt_epoch_3,full_subject_single_seed_validation
etard_tf64,adt,reconstruction,gate0_gate2_full_subject_single_seed_v1,0,P17,test_-_P17_-_fM_part_1,64,pearson_r,-0.12725379020785793,896,adt_epoch_3,full_subject_single_seed_validation
etard_tf64,adt,reconstruction,gate0_gate2_full_subject_single_seed_v1,0,P17,test_-_P17_-_fM_part_2,64,pearson_r,0.009695328880702455,832,adt_epoch_3,full_subject_single_seed_validation
etard_tf64,adt,reconstruction,gate0_gate2_full_subject_single_seed_v1,0,P17,test_-_P17_-_fM_part_3,64,pearson_r,0.005455280107394599,896,adt_epoch_3,full_subject_single_seed_validation
etard_tf64,adt,reconstruction,gate0_gate2_full_subject_single_seed_v1,0,P17,test_-_P17_-_fM_part_4,64,pearson_r,0.0549648822558217,960,adt_epoch_3,full_subject_single_seed_validation
etard_tf64,adt,reconstruction,gate0_gate2_full_subject_single_seed_v1,0,P17,test_-_P17_-_fW_part_1,64,pearson_r,0.12412790372961204,832,adt_epoch_3,full_subject_single_seed_validation
etard_tf64,adt,reconstruction,gate0_gate2_full_subject_single_seed_v1,0,P17,test_-_P17_-_fW_part_2,64,pearson_r,0.09902559636656237,896,adt_epoch_3,full_subject_single_seed_validation
etard_tf64,adt,reconstruction,gate0_gate2_full_subject_single_seed_v1,0,P17,test_-_P17_-_fW_part_3,64,pearson_r,0.017460857207782513,960,adt_epoch_3,full_subject_single_seed_validation
etard_tf64,adt,reconstruction,gate0_gate2_full_subject_single_seed_v1,0,P17,test_-_P17_-_fW_part_4,64,pearson_r,0.18263103943706122,1088,adt_epoch_3,full_subject_single_seed_validation
etard_tf64,adt,reconstruction,gate0_gate2_full_subject_single_seed_v1,0,P17,test_-_P17_-_hbDutch_part_1,64,pearson_r,0.07016128507669038,1024,adt_epoch_3,full_subject_single_seed_validation
etard_tf64,adt,reconstruction,gate0_gate2_full_subject_single_seed_v1,0,P17,test_-_P17_-_hbDutch_part_2,64,pearson_r,0.004960355717496386,1024,adt_epoch_3,full_subject_single_seed_validation
etard_tf64,adt,reconstruction,gate0_gate2_full_subject_single_seed_v1,0,P17,test_-_P17_-_hbDutch_part_3,64,pearson_r,0.07143372363884219,1024,adt_epoch_3,full_subject_single_seed_validation
etard_tf64,adt,reconstruction,gate0_gate2_full_subject_single_seed_v1,0,P17,test_-_P17_-_hbDutch_part_4,64,pearson_r,0.22192795103840784,1024,adt_epoch_3,full_subject_single_seed_validation
etard_tf64,adt,reconstruction,gate0_gate2_full_subject_single_seed_v1,0,P17,test_-_P17_-_hb_part_1,64,pearson_r,0.194013045994603,1152,adt_epoch_3,full_subject_single_seed_validation
etard_tf64,adt,reconstruction,gate0_gate2_full_subject_single_seed_v1,0,P17,test_-_P17_-_hb_part_2,64,pearson_r,0.20909687767107066,1088,adt_epoch_3,full_subject_single_seed_validation
etard_tf64,adt,reconstruction,gate0_gate2_full_subject_single_seed_v1,0,P17,test_-_P17_-_hb_part_3,64,pearson_r,0.2849516009971289,1152,adt_epoch_3,full_subject_single_seed_validation
etard_tf64,adt,reconstruction,gate0_gate2_full_subject_single_seed_v1,0,P17,test_-_P17_-_hb_part_4,64,pearson_r,0.2686620844979127,1088,adt_epoch_3,full_subject_single_seed_validation
etard_tf64,adt,reconstruction,gate0_gate2_full_subject_single_seed_v1,0,P17,test_-_P17_-_lbDutch_part_1,64,pearson_r,0.04500283600520419,1024,adt_epoch_3,full_subject_single_seed_validation
etard_tf64,adt,reconstruction,gate0_gate2_full_subject_single_seed_v1,0,P17,test_-_P17_-_lbDutch_part_2,64,pearson_r,-0.16988318172361735,1024,adt_epoch_3,full_subject_single_seed_validation
etard_tf64,adt,reconstruction,gate0_gate2_full_subject_single_seed_v1,0,P17,test_-_P17_-_lbDutch_part_3,64,pearson_r,0.07174660569868388,1024,adt_epoch_3,full_subject_single_seed_validation
etard_tf64,adt,reconstruction,gate0_gate2_full_subject_single_seed_v1,0,P17,test_-_P17_-_lbDutch_part_4,64,pearson_r,0.043869971466498424,1024,adt_epoch_3,full_subject_single_seed_validation
etard_tf64,adt,reconstruction,gate0_gate2_full_subject_single_seed_v1,0,P17,test_-_P17_-_lb_part_1,64,pearson_r,0.29563395746332016,1408,adt_epoch_3,full_subject_single_seed_validation
etard_tf64,adt,reconstruction,gate0_gate2_full_subject_single_seed_v1,0,P17,test_-_P17_-_lb_part_2,64,pearson_r,0.08228430587065606,1472,adt_epoch_3,full_subject_single_seed_validation
etard_tf64,adt,reconstruction,gate0_gate2_full_subject_single_seed_v1,0,P17,test_-_P17_-_lb_part_3,64,pearson_r,0.13151511450068673,1408,adt_epoch_3,full_subject_single_seed_validation
etard_tf64,adt,reconstruction,gate0_gate2_full_subject_single_seed_v1,0,P17,test_-_P17_-_lb_part_4,64,pearson_r,0.07072608612617567,1536,adt_epoch_3,full_subject_single_seed_validation
etard_tf64,adt,reconstruction,gate0_gate2_full_subject_single_seed_v1,0,P17,test_-_P17_-_mbDutch_part_1,64,pearson_r,0.0564625496638922,1024,adt_epoch_3,full_subject_single_seed_validation
etard_tf64,adt,reconstruction,gate0_gate2_full_subject_single_seed_v1,0,P17,test_-_P17_-_mbDutch_part_2,64,pearson_r,-0.1045102992969023,1024,adt_epoch_3,full_subject_single_seed_validation
etard_tf64,adt,reconstruction,gate0_gate2_full_subject_single_seed_v1,0,P17,test_-_P17_-_mbDutch_part_3,64,pearson_r,0.24330861373286267,1024,adt_epoch_3,full_subject_single_seed_validation
etard_tf64,adt,reconstruction,gate0_gate2_full_subject_single_seed_v1,0,P17,test_-_P17_-_mbDutch_part_4,64,pearson_r,-0.02462245660798818,1024,adt_epoch_3,full_subject_single_seed_validation
etard_tf64,adt,reconstruction,gate0_gate2_full_subject_single_seed_v1,0,P17,test_-_P17_-_mb_part_1,64,pearson_r,0.1481684556411762,960,adt_epoch_3,full_subject_single_seed_validation
etard_tf64,adt,reconstruction,gate0_gate2_full_subject_single_seed_v1,0,P17,test_-_P17_-_mb_part_2,64,pearson_r,0.32251121098240865,1024,adt_epoch_3,full_subject_single_seed_validation
etard_tf64,adt,reconstruction,gate0_gate2_full_subject_single_seed_v1,0,P17,test_-_P17_-_mb_part_3,64,pearson_r,0.1317307374110006,1024,adt_epoch_3,full_subject_single_seed_validation
etard_tf64,adt,reconstruction,gate0_gate2_full_subject_single_seed_v1,0,P17,test_-_P17_-_mb_part_4,64,pearson_r,0.20439135065746622,1024,adt_epoch_3,full_subject_single_seed_validation
etard_tf64,ridge,reconstruction,gate0_gate2_full_subject_single_seed_v1,0,P18,test_-_P18_-_cleanDutch_part_1,64,pearson_r,0.07436650289498221,941,ridge_alpha_1.0,full_subject_single_seed_validation
etard_tf64,ridge,reconstruction,gate0_gate2_full_subject_single_seed_v1,0,P18,test_-_P18_-_cleanDutch_part_2,64,pearson_r,0.17081567423153932,963,ridge_alpha_1.0,full_subject_single_seed_validation
etard_tf64,ridge,reconstruction,gate0_gate2_full_subject_single_seed_v1,0,P18,test_-_P18_-_cleanDutch_part_3,64,pearson_r,0.20719461307605938,974,ridge_alpha_1.0,full_subject_single_seed_validation
etard_tf64,ridge,reconstruction,gate0_gate2_full_subject_single_seed_v1,0,P18,test_-_P18_-_cleanDutch_part_4,64,pearson_r,0.16853318905609804,970,ridge_alpha_1.0,full_subject_single_seed_validation
etard_tf64,ridge,reconstruction,gate0_gate2_full_subject_single_seed_v1,0,P18,test_-_P18_-_clean_part_1,64,pearson_r,0.09293878474839185,940,ridge_alpha_1.0,full_subject_single_seed_validation
etard_tf64,ridge,reconstruction,gate0_gate2_full_subject_single_seed_v1,0,P18,test_-_P18_-_clean_part_2,64,pearson_r,0.289971513132019,976,ridge_alpha_1.0,full_subject_single_seed_validation
etard_tf64,ridge,reconstruction,gate0_gate2_full_subject_single_seed_v1,0,P18,test_-_P18_-_clean_part_3,64,pearson_r,0.30358532434549457,857,ridge_alpha_1.0,full_subject_single_seed_validation
etard_tf64,ridge,reconstruction,gate0_gate2_full_subject_single_seed_v1,0,P18,test_-_P18_-_clean_part_4,64,pearson_r,0.22204531476358141,938,ridge_alpha_1.0,full_subject_single_seed_validation
etard_tf64,ridge,reconstruction,gate0_gate2_full_subject_single_seed_v1,0,P18,test_-_P18_-_fM_part_1,64,pearson_r,0.16278922049661837,852,ridge_alpha_1.0,full_subject_single_seed_validation
etard_tf64,ridge,reconstruction,gate0_gate2_full_subject_single_seed_v1,0,P18,test_-_P18_-_fM_part_2,64,pearson_r,0.11384491947780676,813,ridge_alpha_1.0,full_subject_single_seed_validation
etard_tf64,ridge,reconstruction,gate0_gate2_full_subject_single_seed_v1,0,P18,test_-_P18_-_fM_part_3,64,pearson_r,0.09630922258463903,869,ridge_alpha_1.0,full_subject_single_seed_validation
etard_tf64,ridge,reconstruction,gate0_gate2_full_subject_single_seed_v1,0,P18,test_-_P18_-_fM_part_4,64,pearson_r,0.09364404230043087,953,ridge_alpha_1.0,full_subject_single_seed_validation
etard_tf64,ridge,reconstruction,gate0_gate2_full_subject_single_seed_v1,0,P18,test_-_P18_-_fW_part_1,64,pearson_r,0.1837128695253849,843,ridge_alpha_1.0,full_subject_single_seed_validation
etard_tf64,ridge,reconstruction,gate0_gate2_full_subject_single_seed_v1,0,P18,test_-_P18_-_fW_part_2,64,pearson_r,0.12744010001087622,870,ridge_alpha_1.0,full_subject_single_seed_validation
etard_tf64,ridge,reconstruction,gate0_gate2_full_subject_single_seed_v1,0,P18,test_-_P18_-_fW_part_3,64,pearson_r,0.17842895770182862,974,ridge_alpha_1.0,full_subject_single_seed_validation
etard_tf64,ridge,reconstruction,gate0_gate2_full_subject_single_seed_v1,0,P18,test_-_P18_-_fW_part_4,64,pearson_r,0.21460461975742642,1047,ridge_alpha_1.0,full_subject_single_seed_validation
etard_tf64,ridge,reconstruction,gate0_gate2_full_subject_single_seed_v1,0,P18,test_-_P18_-_hbDutch_part_1,64,pearson_r,0.043335950263730064,984,ridge_alpha_1.0,full_subject_single_seed_validation
etard_tf64,ridge,reconstruction,gate0_gate2_full_subject_single_seed_v1,0,P18,test_-_P18_-_hbDutch_part_2,64,pearson_r,0.22133469446280069,998,ridge_alpha_1.0,full_subject_single_seed_validation
etard_tf64,ridge,reconstruction,gate0_gate2_full_subject_single_seed_v1,0,P18,test_-_P18_-_hbDutch_part_3,64,pearson_r,-0.032880059433779814,1017,ridge_alpha_1.0,full_subject_single_seed_validation
etard_tf64,ridge,reconstruction,gate0_gate2_full_subject_single_seed_v1,0,P18,test_-_P18_-_hbDutch_part_4,64,pearson_r,0.05890777911802215,1001,ridge_alpha_1.0,full_subject_single_seed_validation
etard_tf64,ridge,reconstruction,gate0_gate2_full_subject_single_seed_v1,0,P18,test_-_P18_-_hb_part_1,64,pearson_r,0.24327819054817543,1137,ridge_alpha_1.0,full_subject_single_seed_validation
etard_tf64,ridge,reconstruction,gate0_gate2_full_subject_single_seed_v1,0,P18,test_-_P18_-_hb_part_2,64,pearson_r,0.12380316163388602,1074,ridge_alpha_1.0,full_subject_single_seed_validation
etard_tf64,ridge,reconstruction,gate0_gate2_full_subject_single_seed_v1,0,P18,test_-_P18_-_hb_part_3,64,pearson_r,0.24336244714102626,1157,ridge_alpha_1.0,full_subject_single_seed_validation
etard_tf64,ridge,reconstruction,gate0_gate2_full_subject_single_seed_v1,0,P18,test_-_P18_-_hb_part_4,64,pearson_r,0.026878137332924504,1080,ridge_alpha_1.0,full_subject_single_seed_validation
etard_tf64,ridge,reconstruction,gate0_gate2_full_subject_single_seed_v1,0,P18,test_-_P18_-_lbDutch_part_1,64,pearson_r,-0.04816341307627224,1001,ridge_alpha_1.0,full_subject_single_seed_validation
etard_tf64,ridge,reconstruction,gate0_gate2_full_subject_single_seed_v1,0,P18,test_-_P18_-_lbDutch_part_2,64,pearson_r,0.05939334205942837,1026,ridge_alpha_1.0,full_subject_single_seed_validation
etard_tf64,ridge,reconstruction,gate0_gate2_full_subject_single_seed_v1,0,P18,test_-_P18_-_lbDutch_part_3,64,pearson_r,0.07385886543844629,991,ridge_alpha_1.0,full_subject_single_seed_validation
etard_tf64,ridge,reconstruction,gate0_gate2_full_subject_single_seed_v1,0,P18,test_-_P18_-_lbDutch_part_4,64,pearson_r,0.12345012531324674,1011,ridge_alpha_1.0,full_subject_single_seed_validation
etard_tf64,ridge,reconstruction,gate0_gate2_full_subject_single_seed_v1,0,P18,test_-_P18_-_lb_part_1,64,pearson_r,0.08797865301153672,1396,ridge_alpha_1.0,full_subject_single_seed_validation
etard_tf64,ridge,reconstruction,gate0_gate2_full_subject_single_seed_v1,0,P18,test_-_P18_-_lb_part_2,64,pearson_r,0.02857322773586723,1433,ridge_alpha_1.0,full_subject_single_seed_validation
etard_tf64,ridge,reconstruction,gate0_gate2_full_subject_single_seed_v1,0,P18,test_-_P18_-_lb_part_3,64,pearson_r,0.0363333623464088,1365,ridge_alpha_1.0,full_subject_single_seed_validation
etard_tf64,ridge,reconstruction,gate0_gate2_full_subject_single_seed_v1,0,P18,test_-_P18_-_lb_part_4,64,pearson_r,0.12836236460687506,1501,ridge_alpha_1.0,full_subject_single_seed_validation
etard_tf64,ridge,reconstruction,gate0_gate2_full_subject_single_seed_v1,0,P18,test_-_P18_-_mbDutch_part_1,64,pearson_r,0.055481986143385655,1021,ridge_alpha_1.0,full_subject_single_seed_validation
etard_tf64,ridge,reconstruction,gate0_gate2_full_subject_single_seed_v1,0,P18,test_-_P18_-_mbDutch_part_2,64,pearson_r,-0.07224028303731153,981,ridge_alpha_1.0,full_subject_single_seed_validation
etard_tf64,ridge,reconstruction,gate0_gate2_full_subject_single_seed_v1,0,P18,test_-_P18_-_mbDutch_part_3,64,pearson_r,0.04507451713453066,995,ridge_alpha_1.0,full_subject_single_seed_validation
etard_tf64,ridge,reconstruction,gate0_gate2_full_subject_single_seed_v1,0,P18,test_-_P18_-_mbDutch_part_4,64,pearson_r,0.0033026862096975085,1000,ridge_alpha_1.0,full_subject_single_seed_validation
etard_tf64,ridge,reconstruction,gate0_gate2_full_subject_single_seed_v1,0,P18,test_-_P18_-_mb_part_1,64,pearson_r,-0.01711600363865146,945,ridge_alpha_1.0,full_subject_single_seed_validation
etard_tf64,ridge,reconstruction,gate0_gate2_full_subject_single_seed_v1,0,P18,test_-_P18_-_mb_part_2,64,pearson_r,0.10610203123523933,994,ridge_alpha_1.0,full_subject_single_seed_validation
etard_tf64,ridge,reconstruction,gate0_gate2_full_subject_single_seed_v1,0,P18,test_-_P18_-_mb_part_3,64,pearson_r,0.01989383143439032,995,ridge_alpha_1.0,full_subject_single_seed_validation
etard_tf64,ridge,reconstruction,gate0_gate2_full_subject_single_seed_v1,0,P18,test_-_P18_-_mb_part_4,64,pearson_r,0.05627269932813525,1034,ridge_alpha_1.0,full_subject_single_seed_validation
etard_tf64,cca,reconstruction,gate0_gate2_full_subject_single_seed_v1,0,P18,test_-_P18_-_cleanDutch_part_1,64,pearson_r,0.13901160086053063,941,cca_nc_1,full_subject_single_seed_validation
etard_tf64,cca,reconstruction,gate0_gate2_full_subject_single_seed_v1,0,P18,test_-_P18_-_cleanDutch_part_2,64,pearson_r,0.19965634499184104,963,cca_nc_1,full_subject_single_seed_validation
etard_tf64,cca,reconstruction,gate0_gate2_full_subject_single_seed_v1,0,P18,test_-_P18_-_cleanDutch_part_3,64,pearson_r,0.25882086100793505,974,cca_nc_1,full_subject_single_seed_validation
etard_tf64,cca,reconstruction,gate0_gate2_full_subject_single_seed_v1,0,P18,test_-_P18_-_cleanDutch_part_4,64,pearson_r,-0.011564295555273836,970,cca_nc_1,full_subject_single_seed_validation
etard_tf64,cca,reconstruction,gate0_gate2_full_subject_single_seed_v1,0,P18,test_-_P18_-_clean_part_1,64,pearson_r,-0.016698038004371585,940,cca_nc_1,full_subject_single_seed_validation
etard_tf64,cca,reconstruction,gate0_gate2_full_subject_single_seed_v1,0,P18,test_-_P18_-_clean_part_2,64,pearson_r,0.07444720598094658,976,cca_nc_1,full_subject_single_seed_validation
etard_tf64,cca,reconstruction,gate0_gate2_full_subject_single_seed_v1,0,P18,test_-_P18_-_clean_part_3,64,pearson_r,0.13254908591724135,857,cca_nc_1,full_subject_single_seed_validation
etard_tf64,cca,reconstruction,gate0_gate2_full_subject_single_seed_v1,0,P18,test_-_P18_-_clean_part_4,64,pearson_r,0.2623893865098438,938,cca_nc_1,full_subject_single_seed_validation
etard_tf64,cca,reconstruction,gate0_gate2_full_subject_single_seed_v1,0,P18,test_-_P18_-_fM_part_1,64,pearson_r,0.09632810042585128,852,cca_nc_1,full_subject_single_seed_validation
etard_tf64,cca,reconstruction,gate0_gate2_full_subject_single_seed_v1,0,P18,test_-_P18_-_fM_part_2,64,pearson_r,0.22576572347792775,813,cca_nc_1,full_subject_single_seed_validation
etard_tf64,cca,reconstruction,gate0_gate2_full_subject_single_seed_v1,0,P18,test_-_P18_-_fM_part_3,64,pearson_r,0.04977359031838333,869,cca_nc_1,full_subject_single_seed_validation
etard_tf64,cca,reconstruction,gate0_gate2_full_subject_single_seed_v1,0,P18,test_-_P18_-_fM_part_4,64,pearson_r,0.23080330875514768,953,cca_nc_1,full_subject_single_seed_validation
etard_tf64,cca,reconstruction,gate0_gate2_full_subject_single_seed_v1,0,P18,test_-_P18_-_fW_part_1,64,pearson_r,-0.05690175277775681,843,cca_nc_1,full_subject_single_seed_validation
etard_tf64,cca,reconstruction,gate0_gate2_full_subject_single_seed_v1,0,P18,test_-_P18_-_fW_part_2,64,pearson_r,0.1202542393817829,870,cca_nc_1,full_subject_single_seed_validation
etard_tf64,cca,reconstruction,gate0_gate2_full_subject_single_seed_v1,0,P18,test_-_P18_-_fW_part_3,64,pearson_r,0.11870524090464288,974,cca_nc_1,full_subject_single_seed_validation
etard_tf64,cca,reconstruction,gate0_gate2_full_subject_single_seed_v1,0,P18,test_-_P18_-_fW_part_4,64,pearson_r,0.15410878476871084,1047,cca_nc_1,full_subject_single_seed_validation
etard_tf64,cca,reconstruction,gate0_gate2_full_subject_single_seed_v1,0,P18,test_-_P18_-_hbDutch_part_1,64,pearson_r,0.10968185365514678,984,cca_nc_1,full_subject_single_seed_validation
etard_tf64,cca,reconstruction,gate0_gate2_full_subject_single_seed_v1,0,P18,test_-_P18_-_hbDutch_part_2,64,pearson_r,0.11605933362337897,998,cca_nc_1,full_subject_single_seed_validation
etard_tf64,cca,reconstruction,gate0_gate2_full_subject_single_seed_v1,0,P18,test_-_P18_-_hbDutch_part_3,64,pearson_r,0.00734982188161219,1017,cca_nc_1,full_subject_single_seed_validation
etard_tf64,cca,reconstruction,gate0_gate2_full_subject_single_seed_v1,0,P18,test_-_P18_-_hbDutch_part_4,64,pearson_r,-0.03128966784473765,1001,cca_nc_1,full_subject_single_seed_validation
etard_tf64,cca,reconstruction,gate0_gate2_full_subject_single_seed_v1,0,P18,test_-_P18_-_hb_part_1,64,pearson_r,0.1044425554190354,1137,cca_nc_1,full_subject_single_seed_validation
etard_tf64,cca,reconstruction,gate0_gate2_full_subject_single_seed_v1,0,P18,test_-_P18_-_hb_part_2,64,pearson_r,0.2175517017846711,1074,cca_nc_1,full_subject_single_seed_validation
etard_tf64,cca,reconstruction,gate0_gate2_full_subject_single_seed_v1,0,P18,test_-_P18_-_hb_part_3,64,pearson_r,0.08289485854443496,1157,cca_nc_1,full_subject_single_seed_validation
etard_tf64,cca,reconstruction,gate0_gate2_full_subject_single_seed_v1,0,P18,test_-_P18_-_hb_part_4,64,pearson_r,-0.11532336823601212,1080,cca_nc_1,full_subject_single_seed_validation
etard_tf64,cca,reconstruction,gate0_gate2_full_subject_single_seed_v1,0,P18,test_-_P18_-_lbDutch_part_1,64,pearson_r,-0.041391291492791187,1001,cca_nc_1,full_subject_single_seed_validation
etard_tf64,cca,reconstruction,gate0_gate2_full_subject_single_seed_v1,0,P18,test_-_P18_-_lbDutch_part_2,64,pearson_r,-0.00509139201645486,1026,cca_nc_1,full_subject_single_seed_validation
etard_tf64,cca,reconstruction,gate0_gate2_full_subject_single_seed_v1,0,P18,test_-_P18_-_lbDutch_part_3,64,pearson_r,0.02307170623126836,991,cca_nc_1,full_subject_single_seed_validation
etard_tf64,cca,reconstruction,gate0_gate2_full_subject_single_seed_v1,0,P18,test_-_P18_-_lbDutch_part_4,64,pearson_r,-0.023521686315022255,1011,cca_nc_1,full_subject_single_seed_validation
etard_tf64,cca,reconstruction,gate0_gate2_full_subject_single_seed_v1,0,P18,test_-_P18_-_lb_part_1,64,pearson_r,0.11622874362535356,1396,cca_nc_1,full_subject_single_seed_validation
etard_tf64,cca,reconstruction,gate0_gate2_full_subject_single_seed_v1,0,P18,test_-_P18_-_lb_part_2,64,pearson_r,0.03845407571418135,1433,cca_nc_1,full_subject_single_seed_validation
etard_tf64,cca,reconstruction,gate0_gate2_full_subject_single_seed_v1,0,P18,test_-_P18_-_lb_part_3,64,pearson_r,0.09947654715628103,1365,cca_nc_1,full_subject_single_seed_validation
etard_tf64,cca,reconstruction,gate0_gate2_full_subject_single_seed_v1,0,P18,test_-_P18_-_lb_part_4,64,pearson_r,0.13646823876618275,1501,cca_nc_1,full_subject_single_seed_validation
etard_tf64,cca,reconstruction,gate0_gate2_full_subject_single_seed_v1,0,P18,test_-_P18_-_mbDutch_part_1,64,pearson_r,-0.030866414661441428,1021,cca_nc_1,full_subject_single_seed_validation
etard_tf64,cca,reconstruction,gate0_gate2_full_subject_single_seed_v1,0,P18,test_-_P18_-_mbDutch_part_2,64,pearson_r,-0.043318618360608005,981,cca_nc_1,full_subject_single_seed_validation
etard_tf64,cca,reconstruction,gate0_gate2_full_subject_single_seed_v1,0,P18,test_-_P18_-_mbDutch_part_3,64,pearson_r,-0.031068809491268137,995,cca_nc_1,full_subject_single_seed_validation
etard_tf64,cca,reconstruction,gate0_gate2_full_subject_single_seed_v1,0,P18,test_-_P18_-_mbDutch_part_4,64,pearson_r,-0.0295410398450648,1000,cca_nc_1,full_subject_single_seed_validation
etard_tf64,cca,reconstruction,gate0_gate2_full_subject_single_seed_v1,0,P18,test_-_P18_-_mb_part_1,64,pearson_r,-0.019099925646801137,945,cca_nc_1,full_subject_single_seed_validation
etard_tf64,cca,reconstruction,gate0_gate2_full_subject_single_seed_v1,0,P18,test_-_P18_-_mb_part_2,64,pearson_r,0.17229607762962823,994,cca_nc_1,full_subject_single_seed_validation
etard_tf64,cca,reconstruction,gate0_gate2_full_subject_single_seed_v1,0,P18,test_-_P18_-_mb_part_3,64,pearson_r,-0.016927804246042434,995,cca_nc_1,full_subject_single_seed_validation
etard_tf64,cca,reconstruction,gate0_gate2_full_subject_single_seed_v1,0,P18,test_-_P18_-_mb_part_4,64,pearson_r,0.14418423120674492,1034,cca_nc_1,full_subject_single_seed_validation
etard_tf64,fcnn,reconstruction,gate0_gate2_full_subject_single_seed_v1,0,P18,test_-_P18_-_cleanDutch_part_1,64,pearson_r,0.13132687553827738,941,fcnn_epoch_2,full_subject_single_seed_validation
etard_tf64,fcnn,reconstruction,gate0_gate2_full_subject_single_seed_v1,0,P18,test_-_P18_-_cleanDutch_part_2,64,pearson_r,0.21648983388839935,963,fcnn_epoch_2,full_subject_single_seed_validation
etard_tf64,fcnn,reconstruction,gate0_gate2_full_subject_single_seed_v1,0,P18,test_-_P18_-_cleanDutch_part_3,64,pearson_r,-0.02403243648116583,974,fcnn_epoch_2,full_subject_single_seed_validation
etard_tf64,fcnn,reconstruction,gate0_gate2_full_subject_single_seed_v1,0,P18,test_-_P18_-_cleanDutch_part_4,64,pearson_r,0.1085408154563322,970,fcnn_epoch_2,full_subject_single_seed_validation
etard_tf64,fcnn,reconstruction,gate0_gate2_full_subject_single_seed_v1,0,P18,test_-_P18_-_clean_part_1,64,pearson_r,0.032833119437476604,940,fcnn_epoch_2,full_subject_single_seed_validation
etard_tf64,fcnn,reconstruction,gate0_gate2_full_subject_single_seed_v1,0,P18,test_-_P18_-_clean_part_2,64,pearson_r,0.06250935884018335,976,fcnn_epoch_2,full_subject_single_seed_validation
etard_tf64,fcnn,reconstruction,gate0_gate2_full_subject_single_seed_v1,0,P18,test_-_P18_-_clean_part_3,64,pearson_r,0.1400808703495347,857,fcnn_epoch_2,full_subject_single_seed_validation
etard_tf64,fcnn,reconstruction,gate0_gate2_full_subject_single_seed_v1,0,P18,test_-_P18_-_clean_part_4,64,pearson_r,0.1482986669101156,938,fcnn_epoch_2,full_subject_single_seed_validation
etard_tf64,fcnn,reconstruction,gate0_gate2_full_subject_single_seed_v1,0,P18,test_-_P18_-_fM_part_1,64,pearson_r,0.16287203827333324,852,fcnn_epoch_2,full_subject_single_seed_validation
etard_tf64,fcnn,reconstruction,gate0_gate2_full_subject_single_seed_v1,0,P18,test_-_P18_-_fM_part_2,64,pearson_r,0.06710216483465066,813,fcnn_epoch_2,full_subject_single_seed_validation
etard_tf64,fcnn,reconstruction,gate0_gate2_full_subject_single_seed_v1,0,P18,test_-_P18_-_fM_part_3,64,pearson_r,0.19557173882919407,869,fcnn_epoch_2,full_subject_single_seed_validation
etard_tf64,fcnn,reconstruction,gate0_gate2_full_subject_single_seed_v1,0,P18,test_-_P18_-_fM_part_4,64,pearson_r,-0.02146936495035021,953,fcnn_epoch_2,full_subject_single_seed_validation
etard_tf64,fcnn,reconstruction,gate0_gate2_full_subject_single_seed_v1,0,P18,test_-_P18_-_fW_part_1,64,pearson_r,0.09093730192375192,843,fcnn_epoch_2,full_subject_single_seed_validation
etard_tf64,fcnn,reconstruction,gate0_gate2_full_subject_single_seed_v1,0,P18,test_-_P18_-_fW_part_2,64,pearson_r,0.053589653780199684,870,fcnn_epoch_2,full_subject_single_seed_validation
etard_tf64,fcnn,reconstruction,gate0_gate2_full_subject_single_seed_v1,0,P18,test_-_P18_-_fW_part_3,64,pearson_r,0.04604280383539215,974,fcnn_epoch_2,full_subject_single_seed_validation
etard_tf64,fcnn,reconstruction,gate0_gate2_full_subject_single_seed_v1,0,P18,test_-_P18_-_fW_part_4,64,pearson_r,0.21155364508127045,1047,fcnn_epoch_2,full_subject_single_seed_validation
etard_tf64,fcnn,reconstruction,gate0_gate2_full_subject_single_seed_v1,0,P18,test_-_P18_-_hbDutch_part_1,64,pearson_r,0.019405207699685137,984,fcnn_epoch_2,full_subject_single_seed_validation
etard_tf64,fcnn,reconstruction,gate0_gate2_full_subject_single_seed_v1,0,P18,test_-_P18_-_hbDutch_part_2,64,pearson_r,0.15525334705276347,998,fcnn_epoch_2,full_subject_single_seed_validation
etard_tf64,fcnn,reconstruction,gate0_gate2_full_subject_single_seed_v1,0,P18,test_-_P18_-_hbDutch_part_3,64,pearson_r,0.04312165471533943,1017,fcnn_epoch_2,full_subject_single_seed_validation
etard_tf64,fcnn,reconstruction,gate0_gate2_full_subject_single_seed_v1,0,P18,test_-_P18_-_hbDutch_part_4,64,pearson_r,0.06560959276377573,1001,fcnn_epoch_2,full_subject_single_seed_validation
etard_tf64,fcnn,reconstruction,gate0_gate2_full_subject_single_seed_v1,0,P18,test_-_P18_-_hb_part_1,64,pearson_r,0.12716544265114552,1137,fcnn_epoch_2,full_subject_single_seed_validation
etard_tf64,fcnn,reconstruction,gate0_gate2_full_subject_single_seed_v1,0,P18,test_-_P18_-_hb_part_2,64,pearson_r,0.15522634337477292,1074,fcnn_epoch_2,full_subject_single_seed_validation
etard_tf64,fcnn,reconstruction,gate0_gate2_full_subject_single_seed_v1,0,P18,test_-_P18_-_hb_part_3,64,pearson_r,0.06270323081929309,1157,fcnn_epoch_2,full_subject_single_seed_validation
etard_tf64,fcnn,reconstruction,gate0_gate2_full_subject_single_seed_v1,0,P18,test_-_P18_-_hb_part_4,64,pearson_r,-0.10473135665317568,1080,fcnn_epoch_2,full_subject_single_seed_validation
etard_tf64,fcnn,reconstruction,gate0_gate2_full_subject_single_seed_v1,0,P18,test_-_P18_-_lbDutch_part_1,64,pearson_r,-0.04877531536301357,1001,fcnn_epoch_2,full_subject_single_seed_validation
etard_tf64,fcnn,reconstruction,gate0_gate2_full_subject_single_seed_v1,0,P18,test_-_P18_-_lbDutch_part_2,64,pearson_r,-0.017397114289235835,1026,fcnn_epoch_2,full_subject_single_seed_validation
etard_tf64,fcnn,reconstruction,gate0_gate2_full_subject_single_seed_v1,0,P18,test_-_P18_-_lbDutch_part_3,64,pearson_r,0.11766848041919914,991,fcnn_epoch_2,full_subject_single_seed_validation
etard_tf64,fcnn,reconstruction,gate0_gate2_full_subject_single_seed_v1,0,P18,test_-_P18_-_lbDutch_part_4,64,pearson_r,0.07086843738033625,1011,fcnn_epoch_2,full_subject_single_seed_validation
etard_tf64,fcnn,reconstruction,gate0_gate2_full_subject_single_seed_v1,0,P18,test_-_P18_-_lb_part_1,64,pearson_r,0.184743253946395,1396,fcnn_epoch_2,full_subject_single_seed_validation
etard_tf64,fcnn,reconstruction,gate0_gate2_full_subject_single_seed_v1,0,P18,test_-_P18_-_lb_part_2,64,pearson_r,-0.020954670882077156,1433,fcnn_epoch_2,full_subject_single_seed_validation
etard_tf64,fcnn,reconstruction,gate0_gate2_full_subject_single_seed_v1,0,P18,test_-_P18_-_lb_part_3,64,pearson_r,0.11313681203572229,1365,fcnn_epoch_2,full_subject_single_seed_validation
etard_tf64,fcnn,reconstruction,gate0_gate2_full_subject_single_seed_v1,0,P18,test_-_P18_-_lb_part_4,64,pearson_r,0.08467722041070953,1501,fcnn_epoch_2,full_subject_single_seed_validation
etard_tf64,fcnn,reconstruction,gate0_gate2_full_subject_single_seed_v1,0,P18,test_-_P18_-_mbDutch_part_1,64,pearson_r,0.06326850568432127,1021,fcnn_epoch_2,full_subject_single_seed_validation
etard_tf64,fcnn,reconstruction,gate0_gate2_full_subject_single_seed_v1,0,P18,test_-_P18_-_mbDutch_part_2,64,pearson_r,-0.09427527012684553,981,fcnn_epoch_2,full_subject_single_seed_validation
etard_tf64,fcnn,reconstruction,gate0_gate2_full_subject_single_seed_v1,0,P18,test_-_P18_-_mbDutch_part_3,64,pearson_r,0.005623882005168912,995,fcnn_epoch_2,full_subject_single_seed_validation
etard_tf64,fcnn,reconstruction,gate0_gate2_full_subject_single_seed_v1,0,P18,test_-_P18_-_mbDutch_part_4,64,pearson_r,0.007605395183658824,1000,fcnn_epoch_2,full_subject_single_seed_validation
etard_tf64,fcnn,reconstruction,gate0_gate2_full_subject_single_seed_v1,0,P18,test_-_P18_-_mb_part_1,64,pearson_r,-0.02040602224602879,945,fcnn_epoch_2,full_subject_single_seed_validation
etard_tf64,fcnn,reconstruction,gate0_gate2_full_subject_single_seed_v1,0,P18,test_-_P18_-_mb_part_2,64,pearson_r,0.0800592586253963,994,fcnn_epoch_2,full_subject_single_seed_validation
etard_tf64,fcnn,reconstruction,gate0_gate2_full_subject_single_seed_v1,0,P18,test_-_P18_-_mb_part_3,64,pearson_r,-0.055367116544641354,995,fcnn_epoch_2,full_subject_single_seed_validation
etard_tf64,fcnn,reconstruction,gate0_gate2_full_subject_single_seed_v1,0,P18,test_-_P18_-_mb_part_4,64,pearson_r,0.12158972877766898,1034,fcnn_epoch_2,full_subject_single_seed_validation
etard_tf64,adt,reconstruction,gate0_gate2_full_subject_single_seed_v1,0,P18,test_-_P18_-_cleanDutch_part_1,64,pearson_r,0.17534396743149847,960,adt_epoch_5,full_subject_single_seed_validation
etard_tf64,adt,reconstruction,gate0_gate2_full_subject_single_seed_v1,0,P18,test_-_P18_-_cleanDutch_part_2,64,pearson_r,0.24937503398076338,960,adt_epoch_5,full_subject_single_seed_validation
etard_tf64,adt,reconstruction,gate0_gate2_full_subject_single_seed_v1,0,P18,test_-_P18_-_cleanDutch_part_3,64,pearson_r,0.2061700824584305,960,adt_epoch_5,full_subject_single_seed_validation
etard_tf64,adt,reconstruction,gate0_gate2_full_subject_single_seed_v1,0,P18,test_-_P18_-_cleanDutch_part_4,64,pearson_r,0.018689657603754406,960,adt_epoch_5,full_subject_single_seed_validation
etard_tf64,adt,reconstruction,gate0_gate2_full_subject_single_seed_v1,0,P18,test_-_P18_-_clean_part_1,64,pearson_r,0.05219918148282813,960,adt_epoch_5,full_subject_single_seed_validation
etard_tf64,adt,reconstruction,gate0_gate2_full_subject_single_seed_v1,0,P18,test_-_P18_-_clean_part_2,64,pearson_r,0.04650400690168879,1024,adt_epoch_5,full_subject_single_seed_validation
etard_tf64,adt,reconstruction,gate0_gate2_full_subject_single_seed_v1,0,P18,test_-_P18_-_clean_part_3,64,pearson_r,0.13822934145427385,896,adt_epoch_5,full_subject_single_seed_validation
etard_tf64,adt,reconstruction,gate0_gate2_full_subject_single_seed_v1,0,P18,test_-_P18_-_clean_part_4,64,pearson_r,0.2775175033635061,960,adt_epoch_5,full_subject_single_seed_validation
etard_tf64,adt,reconstruction,gate0_gate2_full_subject_single_seed_v1,0,P18,test_-_P18_-_fM_part_1,64,pearson_r,0.1048272954192241,896,adt_epoch_5,full_subject_single_seed_validation
etard_tf64,adt,reconstruction,gate0_gate2_full_subject_single_seed_v1,0,P18,test_-_P18_-_fM_part_2,64,pearson_r,0.19529568689783372,832,adt_epoch_5,full_subject_single_seed_validation
etard_tf64,adt,reconstruction,gate0_gate2_full_subject_single_seed_v1,0,P18,test_-_P18_-_fM_part_3,64,pearson_r,0.08393335281952416,896,adt_epoch_5,full_subject_single_seed_validation
etard_tf64,adt,reconstruction,gate0_gate2_full_subject_single_seed_v1,0,P18,test_-_P18_-_fM_part_4,64,pearson_r,0.15899995110213186,960,adt_epoch_5,full_subject_single_seed_validation
etard_tf64,adt,reconstruction,gate0_gate2_full_subject_single_seed_v1,0,P18,test_-_P18_-_fW_part_1,64,pearson_r,0.11975025002084481,832,adt_epoch_5,full_subject_single_seed_validation
etard_tf64,adt,reconstruction,gate0_gate2_full_subject_single_seed_v1,0,P18,test_-_P18_-_fW_part_2,64,pearson_r,0.006481521833833606,896,adt_epoch_5,full_subject_single_seed_validation
etard_tf64,adt,reconstruction,gate0_gate2_full_subject_single_seed_v1,0,P18,test_-_P18_-_fW_part_3,64,pearson_r,0.16950091702646158,960,adt_epoch_5,full_subject_single_seed_validation
etard_tf64,adt,reconstruction,gate0_gate2_full_subject_single_seed_v1,0,P18,test_-_P18_-_fW_part_4,64,pearson_r,0.12245912169505838,1088,adt_epoch_5,full_subject_single_seed_validation
etard_tf64,adt,reconstruction,gate0_gate2_full_subject_single_seed_v1,0,P18,test_-_P18_-_hbDutch_part_1,64,pearson_r,0.09535110248324058,1024,adt_epoch_5,full_subject_single_seed_validation
etard_tf64,adt,reconstruction,gate0_gate2_full_subject_single_seed_v1,0,P18,test_-_P18_-_hbDutch_part_2,64,pearson_r,0.11232857397118898,1024,adt_epoch_5,full_subject_single_seed_validation
etard_tf64,adt,reconstruction,gate0_gate2_full_subject_single_seed_v1,0,P18,test_-_P18_-_hbDutch_part_3,64,pearson_r,-0.014925484683959739,1024,adt_epoch_5,full_subject_single_seed_validation
etard_tf64,adt,reconstruction,gate0_gate2_full_subject_single_seed_v1,0,P18,test_-_P18_-_hbDutch_part_4,64,pearson_r,0.10156090246612631,1024,adt_epoch_5,full_subject_single_seed_validation
etard_tf64,adt,reconstruction,gate0_gate2_full_subject_single_seed_v1,0,P18,test_-_P18_-_hb_part_1,64,pearson_r,0.009410331542088243,1152,adt_epoch_5,full_subject_single_seed_validation
etard_tf64,adt,reconstruction,gate0_gate2_full_subject_single_seed_v1,0,P18,test_-_P18_-_hb_part_2,64,pearson_r,0.1285961308457037,1088,adt_epoch_5,full_subject_single_seed_validation
etard_tf64,adt,reconstruction,gate0_gate2_full_subject_single_seed_v1,0,P18,test_-_P18_-_hb_part_3,64,pearson_r,-0.07118365201665294,1152,adt_epoch_5,full_subject_single_seed_validation
etard_tf64,adt,reconstruction,gate0_gate2_full_subject_single_seed_v1,0,P18,test_-_P18_-_hb_part_4,64,pearson_r,0.07035015671007609,1088,adt_epoch_5,full_subject_single_seed_validation
etard_tf64,adt,reconstruction,gate0_gate2_full_subject_single_seed_v1,0,P18,test_-_P18_-_lbDutch_part_1,64,pearson_r,-0.03768311632611001,1024,adt_epoch_5,full_subject_single_seed_validation
etard_tf64,adt,reconstruction,gate0_gate2_full_subject_single_seed_v1,0,P18,test_-_P18_-_lbDutch_part_2,64,pearson_r,-0.09439376397791553,1024,adt_epoch_5,full_subject_single_seed_validation
etard_tf64,adt,reconstruction,gate0_gate2_full_subject_single_seed_v1,0,P18,test_-_P18_-_lbDutch_part_3,64,pearson_r,0.030788908603792832,1024,adt_epoch_5,full_subject_single_seed_validation
etard_tf64,adt,reconstruction,gate0_gate2_full_subject_single_seed_v1,0,P18,test_-_P18_-_lbDutch_part_4,64,pearson_r,0.12403387205672552,1024,adt_epoch_5,full_subject_single_seed_validation
etard_tf64,adt,reconstruction,gate0_gate2_full_subject_single_seed_v1,0,P18,test_-_P18_-_lb_part_1,64,pearson_r,0.15379968654388093,1408,adt_epoch_5,full_subject_single_seed_validation
etard_tf64,adt,reconstruction,gate0_gate2_full_subject_single_seed_v1,0,P18,test_-_P18_-_lb_part_2,64,pearson_r,0.06751520812123392,1472,adt_epoch_5,full_subject_single_seed_validation
etard_tf64,adt,reconstruction,gate0_gate2_full_subject_single_seed_v1,0,P18,test_-_P18_-_lb_part_3,64,pearson_r,0.15525947658197203,1408,adt_epoch_5,full_subject_single_seed_validation
etard_tf64,adt,reconstruction,gate0_gate2_full_subject_single_seed_v1,0,P18,test_-_P18_-_lb_part_4,64,pearson_r,0.11460439977134447,1536,adt_epoch_5,full_subject_single_seed_validation
etard_tf64,adt,reconstruction,gate0_gate2_full_subject_single_seed_v1,0,P18,test_-_P18_-_mbDutch_part_1,64,pearson_r,-0.10124038135264078,1024,adt_epoch_5,full_subject_single_seed_validation
etard_tf64,adt,reconstruction,gate0_gate2_full_subject_single_seed_v1,0,P18,test_-_P18_-_mbDutch_part_2,64,pearson_r,0.01355579514662968,1024,adt_epoch_5,full_subject_single_seed_validation
etard_tf64,adt,reconstruction,gate0_gate2_full_subject_single_seed_v1,0,P18,test_-_P18_-_mbDutch_part_3,64,pearson_r,-0.08528980767768247,1024,adt_epoch_5,full_subject_single_seed_validation
etard_tf64,adt,reconstruction,gate0_gate2_full_subject_single_seed_v1,0,P18,test_-_P18_-_mbDutch_part_4,64,pearson_r,-0.10927805080893237,1024,adt_epoch_5,full_subject_single_seed_validation
etard_tf64,adt,reconstruction,gate0_gate2_full_subject_single_seed_v1,0,P18,test_-_P18_-_mb_part_1,64,pearson_r,0.21733662476491855,960,adt_epoch_5,full_subject_single_seed_validation
etard_tf64,adt,reconstruction,gate0_gate2_full_subject_single_seed_v1,0,P18,test_-_P18_-_mb_part_2,64,pearson_r,0.06543633870234516,1024,adt_epoch_5,full_subject_single_seed_validation
etard_tf64,adt,reconstruction,gate0_gate2_full_subject_single_seed_v1,0,P18,test_-_P18_-_mb_part_3,64,pearson_r,-0.007547413850213258,1024,adt_epoch_5,full_subject_single_seed_validation
etard_tf64,adt,reconstruction,gate0_gate2_full_subject_single_seed_v1,0,P18,test_-_P18_-_mb_part_4,64,pearson_r,0.2937176906577314,1024,adt_epoch_5,full_subject_single_seed_validation
etard_tf64,ridge,reconstruction,gate0_gate2_full_subject_single_seed_v1,0,P19,test_-_P19_-_cleanDutch_part_1,64,pearson_r,0.10842227705975473,941,ridge_alpha_100.0,full_subject_single_seed_validation
etard_tf64,ridge,reconstruction,gate0_gate2_full_subject_single_seed_v1,0,P19,test_-_P19_-_cleanDutch_part_2,64,pearson_r,0.27885597284155816,963,ridge_alpha_100.0,full_subject_single_seed_validation
etard_tf64,ridge,reconstruction,gate0_gate2_full_subject_single_seed_v1,0,P19,test_-_P19_-_cleanDutch_part_3,64,pearson_r,0.1577157637136369,974,ridge_alpha_100.0,full_subject_single_seed_validation
etard_tf64,ridge,reconstruction,gate0_gate2_full_subject_single_seed_v1,0,P19,test_-_P19_-_cleanDutch_part_4,64,pearson_r,0.11617172155503865,970,ridge_alpha_100.0,full_subject_single_seed_validation
etard_tf64,ridge,reconstruction,gate0_gate2_full_subject_single_seed_v1,0,P19,test_-_P19_-_clean_part_1,64,pearson_r,0.41267400423222067,940,ridge_alpha_100.0,full_subject_single_seed_validation
etard_tf64,ridge,reconstruction,gate0_gate2_full_subject_single_seed_v1,0,P19,test_-_P19_-_clean_part_2,64,pearson_r,0.3176080183947118,976,ridge_alpha_100.0,full_subject_single_seed_validation
etard_tf64,ridge,reconstruction,gate0_gate2_full_subject_single_seed_v1,0,P19,test_-_P19_-_clean_part_3,64,pearson_r,0.14431869778311024,857,ridge_alpha_100.0,full_subject_single_seed_validation
etard_tf64,ridge,reconstruction,gate0_gate2_full_subject_single_seed_v1,0,P19,test_-_P19_-_clean_part_4,64,pearson_r,0.17500902039947103,938,ridge_alpha_100.0,full_subject_single_seed_validation
etard_tf64,ridge,reconstruction,gate0_gate2_full_subject_single_seed_v1,0,P19,test_-_P19_-_fM_part_1,64,pearson_r,0.21401673704824875,852,ridge_alpha_100.0,full_subject_single_seed_validation
etard_tf64,ridge,reconstruction,gate0_gate2_full_subject_single_seed_v1,0,P19,test_-_P19_-_fM_part_2,64,pearson_r,0.299045331700474,813,ridge_alpha_100.0,full_subject_single_seed_validation
etard_tf64,ridge,reconstruction,gate0_gate2_full_subject_single_seed_v1,0,P19,test_-_P19_-_fM_part_3,64,pearson_r,0.08322871773084863,869,ridge_alpha_100.0,full_subject_single_seed_validation
etard_tf64,ridge,reconstruction,gate0_gate2_full_subject_single_seed_v1,0,P19,test_-_P19_-_fM_part_4,64,pearson_r,0.3006432257903854,953,ridge_alpha_100.0,full_subject_single_seed_validation
etard_tf64,ridge,reconstruction,gate0_gate2_full_subject_single_seed_v1,0,P19,test_-_P19_-_fW_part_1,64,pearson_r,0.23127620663066434,843,ridge_alpha_100.0,full_subject_single_seed_validation
etard_tf64,ridge,reconstruction,gate0_gate2_full_subject_single_seed_v1,0,P19,test_-_P19_-_fW_part_2,64,pearson_r,0.2151654509407266,870,ridge_alpha_100.0,full_subject_single_seed_validation
etard_tf64,ridge,reconstruction,gate0_gate2_full_subject_single_seed_v1,0,P19,test_-_P19_-_fW_part_3,64,pearson_r,0.2367810434984801,974,ridge_alpha_100.0,full_subject_single_seed_validation
etard_tf64,ridge,reconstruction,gate0_gate2_full_subject_single_seed_v1,0,P19,test_-_P19_-_fW_part_4,64,pearson_r,0.12615718937194986,1047,ridge_alpha_100.0,full_subject_single_seed_validation
etard_tf64,ridge,reconstruction,gate0_gate2_full_subject_single_seed_v1,0,P19,test_-_P19_-_hbDutch_part_1,64,pearson_r,-0.02132698489567236,984,ridge_alpha_100.0,full_subject_single_seed_validation
etard_tf64,ridge,reconstruction,gate0_gate2_full_subject_single_seed_v1,0,P19,test_-_P19_-_hbDutch_part_2,64,pearson_r,-0.009004876617373534,998,ridge_alpha_100.0,full_subject_single_seed_validation
etard_tf64,ridge,reconstruction,gate0_gate2_full_subject_single_seed_v1,0,P19,test_-_P19_-_hbDutch_part_3,64,pearson_r,0.07994293766825895,1017,ridge_alpha_100.0,full_subject_single_seed_validation
etard_tf64,ridge,reconstruction,gate0_gate2_full_subject_single_seed_v1,0,P19,test_-_P19_-_hbDutch_part_4,64,pearson_r,0.08260444972125947,1001,ridge_alpha_100.0,full_subject_single_seed_validation
etard_tf64,ridge,reconstruction,gate0_gate2_full_subject_single_seed_v1,0,P19,test_-_P19_-_hb_part_1,64,pearson_r,0.2459376467298407,1137,ridge_alpha_100.0,full_subject_single_seed_validation
etard_tf64,ridge,reconstruction,gate0_gate2_full_subject_single_seed_v1,0,P19,test_-_P19_-_hb_part_2,64,pearson_r,0.311958617100479,1074,ridge_alpha_100.0,full_subject_single_seed_validation
etard_tf64,ridge,reconstruction,gate0_gate2_full_subject_single_seed_v1,0,P19,test_-_P19_-_hb_part_3,64,pearson_r,0.2912571635086445,1157,ridge_alpha_100.0,full_subject_single_seed_validation
etard_tf64,ridge,reconstruction,gate0_gate2_full_subject_single_seed_v1,0,P19,test_-_P19_-_hb_part_4,64,pearson_r,0.07008889897161633,1080,ridge_alpha_100.0,full_subject_single_seed_validation
etard_tf64,ridge,reconstruction,gate0_gate2_full_subject_single_seed_v1,0,P19,test_-_P19_-_lbDutch_part_1,64,pearson_r,0.07350230685340244,1001,ridge_alpha_100.0,full_subject_single_seed_validation
etard_tf64,ridge,reconstruction,gate0_gate2_full_subject_single_seed_v1,0,P19,test_-_P19_-_lbDutch_part_2,64,pearson_r,0.01800803526492135,1026,ridge_alpha_100.0,full_subject_single_seed_validation
etard_tf64,ridge,reconstruction,gate0_gate2_full_subject_single_seed_v1,0,P19,test_-_P19_-_lbDutch_part_3,64,pearson_r,0.0909654195565335,991,ridge_alpha_100.0,full_subject_single_seed_validation
etard_tf64,ridge,reconstruction,gate0_gate2_full_subject_single_seed_v1,0,P19,test_-_P19_-_lbDutch_part_4,64,pearson_r,0.11714868035565965,1011,ridge_alpha_100.0,full_subject_single_seed_validation
etard_tf64,ridge,reconstruction,gate0_gate2_full_subject_single_seed_v1,0,P19,test_-_P19_-_lb_part_1,64,pearson_r,0.12778447431153436,1396,ridge_alpha_100.0,full_subject_single_seed_validation
etard_tf64,ridge,reconstruction,gate0_gate2_full_subject_single_seed_v1,0,P19,test_-_P19_-_lb_part_2,64,pearson_r,-0.04387611815793435,1433,ridge_alpha_100.0,full_subject_single_seed_validation
etard_tf64,ridge,reconstruction,gate0_gate2_full_subject_single_seed_v1,0,P19,test_-_P19_-_lb_part_3,64,pearson_r,0.2585862372736073,1365,ridge_alpha_100.0,full_subject_single_seed_validation
etard_tf64,ridge,reconstruction,gate0_gate2_full_subject_single_seed_v1,0,P19,test_-_P19_-_lb_part_4,64,pearson_r,0.1623430586836533,1501,ridge_alpha_100.0,full_subject_single_seed_validation
etard_tf64,ridge,reconstruction,gate0_gate2_full_subject_single_seed_v1,0,P19,test_-_P19_-_mbDutch_part_1,64,pearson_r,0.07687954294583174,1021,ridge_alpha_100.0,full_subject_single_seed_validation
etard_tf64,ridge,reconstruction,gate0_gate2_full_subject_single_seed_v1,0,P19,test_-_P19_-_mbDutch_part_2,64,pearson_r,0.04416831363151405,981,ridge_alpha_100.0,full_subject_single_seed_validation
etard_tf64,ridge,reconstruction,gate0_gate2_full_subject_single_seed_v1,0,P19,test_-_P19_-_mbDutch_part_3,64,pearson_r,0.16695936934482533,995,ridge_alpha_100.0,full_subject_single_seed_validation
etard_tf64,ridge,reconstruction,gate0_gate2_full_subject_single_seed_v1,0,P19,test_-_P19_-_mbDutch_part_4,64,pearson_r,0.158292247225172,1000,ridge_alpha_100.0,full_subject_single_seed_validation
etard_tf64,ridge,reconstruction,gate0_gate2_full_subject_single_seed_v1,0,P19,test_-_P19_-_mb_part_1,64,pearson_r,0.22415468275494066,945,ridge_alpha_100.0,full_subject_single_seed_validation
etard_tf64,ridge,reconstruction,gate0_gate2_full_subject_single_seed_v1,0,P19,test_-_P19_-_mb_part_2,64,pearson_r,0.2852037901225564,994,ridge_alpha_100.0,full_subject_single_seed_validation
etard_tf64,ridge,reconstruction,gate0_gate2_full_subject_single_seed_v1,0,P19,test_-_P19_-_mb_part_3,64,pearson_r,0.12320139829286925,995,ridge_alpha_100.0,full_subject_single_seed_validation
etard_tf64,ridge,reconstruction,gate0_gate2_full_subject_single_seed_v1,0,P19,test_-_P19_-_mb_part_4,64,pearson_r,0.10613890389968396,1034,ridge_alpha_100.0,full_subject_single_seed_validation
etard_tf64,cca,reconstruction,gate0_gate2_full_subject_single_seed_v1,0,P19,test_-_P19_-_cleanDutch_part_1,64,pearson_r,0.14794265764355155,941,cca_nc_2,full_subject_single_seed_validation
etard_tf64,cca,reconstruction,gate0_gate2_full_subject_single_seed_v1,0,P19,test_-_P19_-_cleanDutch_part_2,64,pearson_r,0.03680482459959541,963,cca_nc_2,full_subject_single_seed_validation
etard_tf64,cca,reconstruction,gate0_gate2_full_subject_single_seed_v1,0,P19,test_-_P19_-_cleanDutch_part_3,64,pearson_r,0.0528484033274499,974,cca_nc_2,full_subject_single_seed_validation
etard_tf64,cca,reconstruction,gate0_gate2_full_subject_single_seed_v1,0,P19,test_-_P19_-_cleanDutch_part_4,64,pearson_r,0.12352480002658418,970,cca_nc_2,full_subject_single_seed_validation
etard_tf64,cca,reconstruction,gate0_gate2_full_subject_single_seed_v1,0,P19,test_-_P19_-_clean_part_1,64,pearson_r,0.30962095877856904,940,cca_nc_2,full_subject_single_seed_validation
etard_tf64,cca,reconstruction,gate0_gate2_full_subject_single_seed_v1,0,P19,test_-_P19_-_clean_part_2,64,pearson_r,0.10380322863139915,976,cca_nc_2,full_subject_single_seed_validation
etard_tf64,cca,reconstruction,gate0_gate2_full_subject_single_seed_v1,0,P19,test_-_P19_-_clean_part_3,64,pearson_r,0.07959743803769385,857,cca_nc_2,full_subject_single_seed_validation
etard_tf64,cca,reconstruction,gate0_gate2_full_subject_single_seed_v1,0,P19,test_-_P19_-_clean_part_4,64,pearson_r,0.35561338384773544,938,cca_nc_2,full_subject_single_seed_validation
etard_tf64,cca,reconstruction,gate0_gate2_full_subject_single_seed_v1,0,P19,test_-_P19_-_fM_part_1,64,pearson_r,0.12914111782330373,852,cca_nc_2,full_subject_single_seed_validation
etard_tf64,cca,reconstruction,gate0_gate2_full_subject_single_seed_v1,0,P19,test_-_P19_-_fM_part_2,64,pearson_r,0.16313667644840954,813,cca_nc_2,full_subject_single_seed_validation
etard_tf64,cca,reconstruction,gate0_gate2_full_subject_single_seed_v1,0,P19,test_-_P19_-_fM_part_3,64,pearson_r,0.02762521721795266,869,cca_nc_2,full_subject_single_seed_validation
etard_tf64,cca,reconstruction,gate0_gate2_full_subject_single_seed_v1,0,P19,test_-_P19_-_fM_part_4,64,pearson_r,0.3452485787605756,953,cca_nc_2,full_subject_single_seed_validation
etard_tf64,cca,reconstruction,gate0_gate2_full_subject_single_seed_v1,0,P19,test_-_P19_-_fW_part_1,64,pearson_r,0.004133192355239546,843,cca_nc_2,full_subject_single_seed_validation
etard_tf64,cca,reconstruction,gate0_gate2_full_subject_single_seed_v1,0,P19,test_-_P19_-_fW_part_2,64,pearson_r,0.25579246679134243,870,cca_nc_2,full_subject_single_seed_validation
etard_tf64,cca,reconstruction,gate0_gate2_full_subject_single_seed_v1,0,P19,test_-_P19_-_fW_part_3,64,pearson_r,0.1406133540459634,974,cca_nc_2,full_subject_single_seed_validation
etard_tf64,cca,reconstruction,gate0_gate2_full_subject_single_seed_v1,0,P19,test_-_P19_-_fW_part_4,64,pearson_r,0.2734367650708265,1047,cca_nc_2,full_subject_single_seed_validation
etard_tf64,cca,reconstruction,gate0_gate2_full_subject_single_seed_v1,0,P19,test_-_P19_-_hbDutch_part_1,64,pearson_r,-0.06971980879085882,984,cca_nc_2,full_subject_single_seed_validation
etard_tf64,cca,reconstruction,gate0_gate2_full_subject_single_seed_v1,0,P19,test_-_P19_-_hbDutch_part_2,64,pearson_r,0.025171082507774677,998,cca_nc_2,full_subject_single_seed_validation
etard_tf64,cca,reconstruction,gate0_gate2_full_subject_single_seed_v1,0,P19,test_-_P19_-_hbDutch_part_3,64,pearson_r,0.10942602016914785,1017,cca_nc_2,full_subject_single_seed_validation
etard_tf64,cca,reconstruction,gate0_gate2_full_subject_single_seed_v1,0,P19,test_-_P19_-_hbDutch_part_4,64,pearson_r,-0.0439547328216797,1001,cca_nc_2,full_subject_single_seed_validation
etard_tf64,cca,reconstruction,gate0_gate2_full_subject_single_seed_v1,0,P19,test_-_P19_-_hb_part_1,64,pearson_r,0.15190527557929606,1137,cca_nc_2,full_subject_single_seed_validation
etard_tf64,cca,reconstruction,gate0_gate2_full_subject_single_seed_v1,0,P19,test_-_P19_-_hb_part_2,64,pearson_r,0.1794892821885994,1074,cca_nc_2,full_subject_single_seed_validation
etard_tf64,cca,reconstruction,gate0_gate2_full_subject_single_seed_v1,0,P19,test_-_P19_-_hb_part_3,64,pearson_r,0.2598014044906295,1157,cca_nc_2,full_subject_single_seed_validation
etard_tf64,cca,reconstruction,gate0_gate2_full_subject_single_seed_v1,0,P19,test_-_P19_-_hb_part_4,64,pearson_r,0.054181479872727624,1080,cca_nc_2,full_subject_single_seed_validation
etard_tf64,cca,reconstruction,gate0_gate2_full_subject_single_seed_v1,0,P19,test_-_P19_-_lbDutch_part_1,64,pearson_r,-0.02847537211700879,1001,cca_nc_2,full_subject_single_seed_validation
etard_tf64,cca,reconstruction,gate0_gate2_full_subject_single_seed_v1,0,P19,test_-_P19_-_lbDutch_part_2,64,pearson_r,0.079562102872444,1026,cca_nc_2,full_subject_single_seed_validation
etard_tf64,cca,reconstruction,gate0_gate2_full_subject_single_seed_v1,0,P19,test_-_P19_-_lbDutch_part_3,64,pearson_r,0.06057617057857744,991,cca_nc_2,full_subject_single_seed_validation
etard_tf64,cca,reconstruction,gate0_gate2_full_subject_single_seed_v1,0,P19,test_-_P19_-_lbDutch_part_4,64,pearson_r,0.12027325365237479,1011,cca_nc_2,full_subject_single_seed_validation
etard_tf64,cca,reconstruction,gate0_gate2_full_subject_single_seed_v1,0,P19,test_-_P19_-_lb_part_1,64,pearson_r,0.06502966812773206,1396,cca_nc_2,full_subject_single_seed_validation
etard_tf64,cca,reconstruction,gate0_gate2_full_subject_single_seed_v1,0,P19,test_-_P19_-_lb_part_2,64,pearson_r,-0.08112058837596621,1433,cca_nc_2,full_subject_single_seed_validation
etard_tf64,cca,reconstruction,gate0_gate2_full_subject_single_seed_v1,0,P19,test_-_P19_-_lb_part_3,64,pearson_r,0.13694519333666513,1365,cca_nc_2,full_subject_single_seed_validation
etard_tf64,cca,reconstruction,gate0_gate2_full_subject_single_seed_v1,0,P19,test_-_P19_-_lb_part_4,64,pearson_r,0.048678688926059206,1501,cca_nc_2,full_subject_single_seed_validation
etard_tf64,cca,reconstruction,gate0_gate2_full_subject_single_seed_v1,0,P19,test_-_P19_-_mbDutch_part_1,64,pearson_r,0.027701543481424312,1021,cca_nc_2,full_subject_single_seed_validation
etard_tf64,cca,reconstruction,gate0_gate2_full_subject_single_seed_v1,0,P19,test_-_P19_-_mbDutch_part_2,64,pearson_r,0.0006587739241983901,981,cca_nc_2,full_subject_single_seed_validation
etard_tf64,cca,reconstruction,gate0_gate2_full_subject_single_seed_v1,0,P19,test_-_P19_-_mbDutch_part_3,64,pearson_r,-0.04388713873681758,995,cca_nc_2,full_subject_single_seed_validation
etard_tf64,cca,reconstruction,gate0_gate2_full_subject_single_seed_v1,0,P19,test_-_P19_-_mbDutch_part_4,64,pearson_r,0.019499800098081835,1000,cca_nc_2,full_subject_single_seed_validation
etard_tf64,cca,reconstruction,gate0_gate2_full_subject_single_seed_v1,0,P19,test_-_P19_-_mb_part_1,64,pearson_r,0.3030133948967262,945,cca_nc_2,full_subject_single_seed_validation
etard_tf64,cca,reconstruction,gate0_gate2_full_subject_single_seed_v1,0,P19,test_-_P19_-_mb_part_2,64,pearson_r,0.185794549566031,994,cca_nc_2,full_subject_single_seed_validation
etard_tf64,cca,reconstruction,gate0_gate2_full_subject_single_seed_v1,0,P19,test_-_P19_-_mb_part_3,64,pearson_r,-0.12904626072259776,995,cca_nc_2,full_subject_single_seed_validation
etard_tf64,cca,reconstruction,gate0_gate2_full_subject_single_seed_v1,0,P19,test_-_P19_-_mb_part_4,64,pearson_r,0.21724047111943773,1034,cca_nc_2,full_subject_single_seed_validation
etard_tf64,fcnn,reconstruction,gate0_gate2_full_subject_single_seed_v1,0,P19,test_-_P19_-_cleanDutch_part_1,64,pearson_r,0.12959356230640598,941,fcnn_epoch_2,full_subject_single_seed_validation
etard_tf64,fcnn,reconstruction,gate0_gate2_full_subject_single_seed_v1,0,P19,test_-_P19_-_cleanDutch_part_2,64,pearson_r,0.1465000639093946,963,fcnn_epoch_2,full_subject_single_seed_validation
etard_tf64,fcnn,reconstruction,gate0_gate2_full_subject_single_seed_v1,0,P19,test_-_P19_-_cleanDutch_part_3,64,pearson_r,0.04192492513296985,974,fcnn_epoch_2,full_subject_single_seed_validation
etard_tf64,fcnn,reconstruction,gate0_gate2_full_subject_single_seed_v1,0,P19,test_-_P19_-_cleanDutch_part_4,64,pearson_r,0.16755985871816023,970,fcnn_epoch_2,full_subject_single_seed_validation
etard_tf64,fcnn,reconstruction,gate0_gate2_full_subject_single_seed_v1,0,P19,test_-_P19_-_clean_part_1,64,pearson_r,0.1567544327635684,940,fcnn_epoch_2,full_subject_single_seed_validation
etard_tf64,fcnn,reconstruction,gate0_gate2_full_subject_single_seed_v1,0,P19,test_-_P19_-_clean_part_2,64,pearson_r,0.14828071695118988,976,fcnn_epoch_2,full_subject_single_seed_validation
etard_tf64,fcnn,reconstruction,gate0_gate2_full_subject_single_seed_v1,0,P19,test_-_P19_-_clean_part_3,64,pearson_r,0.03653078652613985,857,fcnn_epoch_2,full_subject_single_seed_validation
etard_tf64,fcnn,reconstruction,gate0_gate2_full_subject_single_seed_v1,0,P19,test_-_P19_-_clean_part_4,64,pearson_r,0.28973737248150927,938,fcnn_epoch_2,full_subject_single_seed_validation
etard_tf64,fcnn,reconstruction,gate0_gate2_full_subject_single_seed_v1,0,P19,test_-_P19_-_fM_part_1,64,pearson_r,0.16757368071345063,852,fcnn_epoch_2,full_subject_single_seed_validation
etard_tf64,fcnn,reconstruction,gate0_gate2_full_subject_single_seed_v1,0,P19,test_-_P19_-_fM_part_2,64,pearson_r,0.047140564854923094,813,fcnn_epoch_2,full_subject_single_seed_validation
etard_tf64,fcnn,reconstruction,gate0_gate2_full_subject_single_seed_v1,0,P19,test_-_P19_-_fM_part_3,64,pearson_r,-0.00533301799978639,869,fcnn_epoch_2,full_subject_single_seed_validation
etard_tf64,fcnn,reconstruction,gate0_gate2_full_subject_single_seed_v1,0,P19,test_-_P19_-_fM_part_4,64,pearson_r,0.1855488946860423,953,fcnn_epoch_2,full_subject_single_seed_validation
etard_tf64,fcnn,reconstruction,gate0_gate2_full_subject_single_seed_v1,0,P19,test_-_P19_-_fW_part_1,64,pearson_r,0.014639790426988975,843,fcnn_epoch_2,full_subject_single_seed_validation
etard_tf64,fcnn,reconstruction,gate0_gate2_full_subject_single_seed_v1,0,P19,test_-_P19_-_fW_part_2,64,pearson_r,0.08264812412004419,870,fcnn_epoch_2,full_subject_single_seed_validation
etard_tf64,fcnn,reconstruction,gate0_gate2_full_subject_single_seed_v1,0,P19,test_-_P19_-_fW_part_3,64,pearson_r,0.06348758260443535,974,fcnn_epoch_2,full_subject_single_seed_validation
etard_tf64,fcnn,reconstruction,gate0_gate2_full_subject_single_seed_v1,0,P19,test_-_P19_-_fW_part_4,64,pearson_r,0.14282099784450503,1047,fcnn_epoch_2,full_subject_single_seed_validation
etard_tf64,fcnn,reconstruction,gate0_gate2_full_subject_single_seed_v1,0,P19,test_-_P19_-_hbDutch_part_1,64,pearson_r,0.011263104534508378,984,fcnn_epoch_2,full_subject_single_seed_validation
etard_tf64,fcnn,reconstruction,gate0_gate2_full_subject_single_seed_v1,0,P19,test_-_P19_-_hbDutch_part_2,64,pearson_r,0.03890627300592529,998,fcnn_epoch_2,full_subject_single_seed_validation
etard_tf64,fcnn,reconstruction,gate0_gate2_full_subject_single_seed_v1,0,P19,test_-_P19_-_hbDutch_part_3,64,pearson_r,0.09067373280227049,1017,fcnn_epoch_2,full_subject_single_seed_validation
etard_tf64,fcnn,reconstruction,gate0_gate2_full_subject_single_seed_v1,0,P19,test_-_P19_-_hbDutch_part_4,64,pearson_r,-0.03531425159109514,1001,fcnn_epoch_2,full_subject_single_seed_validation
etard_tf64,fcnn,reconstruction,gate0_gate2_full_subject_single_seed_v1,0,P19,test_-_P19_-_hb_part_1,64,pearson_r,0.20647999431117608,1137,fcnn_epoch_2,full_subject_single_seed_validation
etard_tf64,fcnn,reconstruction,gate0_gate2_full_subject_single_seed_v1,0,P19,test_-_P19_-_hb_part_2,64,pearson_r,0.188365138263014,1074,fcnn_epoch_2,full_subject_single_seed_validation
etard_tf64,fcnn,reconstruction,gate0_gate2_full_subject_single_seed_v1,0,P19,test_-_P19_-_hb_part_3,64,pearson_r,0.23517266122429292,1157,fcnn_epoch_2,full_subject_single_seed_validation
etard_tf64,fcnn,reconstruction,gate0_gate2_full_subject_single_seed_v1,0,P19,test_-_P19_-_hb_part_4,64,pearson_r,0.06857030857670508,1080,fcnn_epoch_2,full_subject_single_seed_validation
etard_tf64,fcnn,reconstruction,gate0_gate2_full_subject_single_seed_v1,0,P19,test_-_P19_-_lbDutch_part_1,64,pearson_r,-0.11463483691669267,1001,fcnn_epoch_2,full_subject_single_seed_validation
etard_tf64,fcnn,reconstruction,gate0_gate2_full_subject_single_seed_v1,0,P19,test_-_P19_-_lbDutch_part_2,64,pearson_r,-0.03337590733371277,1026,fcnn_epoch_2,full_subject_single_seed_validation
etard_tf64,fcnn,reconstruction,gate0_gate2_full_subject_single_seed_v1,0,P19,test_-_P19_-_lbDutch_part_3,64,pearson_r,0.08021865117135754,991,fcnn_epoch_2,full_subject_single_seed_validation
etard_tf64,fcnn,reconstruction,gate0_gate2_full_subject_single_seed_v1,0,P19,test_-_P19_-_lbDutch_part_4,64,pearson_r,0.014249153963181129,1011,fcnn_epoch_2,full_subject_single_seed_validation
etard_tf64,fcnn,reconstruction,gate0_gate2_full_subject_single_seed_v1,0,P19,test_-_P19_-_lb_part_1,64,pearson_r,0.08795633683241123,1396,fcnn_epoch_2,full_subject_single_seed_validation
etard_tf64,fcnn,reconstruction,gate0_gate2_full_subject_single_seed_v1,0,P19,test_-_P19_-_lb_part_2,64,pearson_r,-0.03342515897029466,1433,fcnn_epoch_2,full_subject_single_seed_validation
etard_tf64,fcnn,reconstruction,gate0_gate2_full_subject_single_seed_v1,0,P19,test_-_P19_-_lb_part_3,64,pearson_r,0.11007746707303682,1365,fcnn_epoch_2,full_subject_single_seed_validation
etard_tf64,fcnn,reconstruction,gate0_gate2_full_subject_single_seed_v1,0,P19,test_-_P19_-_lb_part_4,64,pearson_r,0.0526865173255032,1501,fcnn_epoch_2,full_subject_single_seed_validation
etard_tf64,fcnn,reconstruction,gate0_gate2_full_subject_single_seed_v1,0,P19,test_-_P19_-_mbDutch_part_1,64,pearson_r,0.0632353245165192,1021,fcnn_epoch_2,full_subject_single_seed_validation
etard_tf64,fcnn,reconstruction,gate0_gate2_full_subject_single_seed_v1,0,P19,test_-_P19_-_mbDutch_part_2,64,pearson_r,-0.011124779798292248,981,fcnn_epoch_2,full_subject_single_seed_validation
etard_tf64,fcnn,reconstruction,gate0_gate2_full_subject_single_seed_v1,0,P19,test_-_P19_-_mbDutch_part_3,64,pearson_r,0.24335127493891223,995,fcnn_epoch_2,full_subject_single_seed_validation
etard_tf64,fcnn,reconstruction,gate0_gate2_full_subject_single_seed_v1,0,P19,test_-_P19_-_mbDutch_part_4,64,pearson_r,0.2237905217526701,1000,fcnn_epoch_2,full_subject_single_seed_validation
etard_tf64,fcnn,reconstruction,gate0_gate2_full_subject_single_seed_v1,0,P19,test_-_P19_-_mb_part_1,64,pearson_r,0.08989351068867116,945,fcnn_epoch_2,full_subject_single_seed_validation
etard_tf64,fcnn,reconstruction,gate0_gate2_full_subject_single_seed_v1,0,P19,test_-_P19_-_mb_part_2,64,pearson_r,0.010198950265983314,994,fcnn_epoch_2,full_subject_single_seed_validation
etard_tf64,fcnn,reconstruction,gate0_gate2_full_subject_single_seed_v1,0,P19,test_-_P19_-_mb_part_3,64,pearson_r,0.023020414678030142,995,fcnn_epoch_2,full_subject_single_seed_validation
etard_tf64,fcnn,reconstruction,gate0_gate2_full_subject_single_seed_v1,0,P19,test_-_P19_-_mb_part_4,64,pearson_r,0.019490596425553727,1034,fcnn_epoch_2,full_subject_single_seed_validation
etard_tf64,adt,reconstruction,gate0_gate2_full_subject_single_seed_v1,0,P19,test_-_P19_-_cleanDutch_part_1,64,pearson_r,0.0237793441439539,960,adt_epoch_6,full_subject_single_seed_validation
etard_tf64,adt,reconstruction,gate0_gate2_full_subject_single_seed_v1,0,P19,test_-_P19_-_cleanDutch_part_2,64,pearson_r,0.13839646022053245,960,adt_epoch_6,full_subject_single_seed_validation
etard_tf64,adt,reconstruction,gate0_gate2_full_subject_single_seed_v1,0,P19,test_-_P19_-_cleanDutch_part_3,64,pearson_r,0.008668379157309641,960,adt_epoch_6,full_subject_single_seed_validation
etard_tf64,adt,reconstruction,gate0_gate2_full_subject_single_seed_v1,0,P19,test_-_P19_-_cleanDutch_part_4,64,pearson_r,0.08523865284960298,960,adt_epoch_6,full_subject_single_seed_validation
etard_tf64,adt,reconstruction,gate0_gate2_full_subject_single_seed_v1,0,P19,test_-_P19_-_clean_part_1,64,pearson_r,0.33208567399094147,960,adt_epoch_6,full_subject_single_seed_validation
etard_tf64,adt,reconstruction,gate0_gate2_full_subject_single_seed_v1,0,P19,test_-_P19_-_clean_part_2,64,pearson_r,0.09438458455314902,1024,adt_epoch_6,full_subject_single_seed_validation
etard_tf64,adt,reconstruction,gate0_gate2_full_subject_single_seed_v1,0,P19,test_-_P19_-_clean_part_3,64,pearson_r,0.18261671772314525,896,adt_epoch_6,full_subject_single_seed_validation
etard_tf64,adt,reconstruction,gate0_gate2_full_subject_single_seed_v1,0,P19,test_-_P19_-_clean_part_4,64,pearson_r,0.21012177508495863,960,adt_epoch_6,full_subject_single_seed_validation
etard_tf64,adt,reconstruction,gate0_gate2_full_subject_single_seed_v1,0,P19,test_-_P19_-_fM_part_1,64,pearson_r,0.2175456365573049,896,adt_epoch_6,full_subject_single_seed_validation
etard_tf64,adt,reconstruction,gate0_gate2_full_subject_single_seed_v1,0,P19,test_-_P19_-_fM_part_2,64,pearson_r,0.08384912280610972,832,adt_epoch_6,full_subject_single_seed_validation
etard_tf64,adt,reconstruction,gate0_gate2_full_subject_single_seed_v1,0,P19,test_-_P19_-_fM_part_3,64,pearson_r,0.03663602130711727,896,adt_epoch_6,full_subject_single_seed_validation
etard_tf64,adt,reconstruction,gate0_gate2_full_subject_single_seed_v1,0,P19,test_-_P19_-_fM_part_4,64,pearson_r,0.22114112806838132,960,adt_epoch_6,full_subject_single_seed_validation
etard_tf64,adt,reconstruction,gate0_gate2_full_subject_single_seed_v1,0,P19,test_-_P19_-_fW_part_1,64,pearson_r,0.14159670910545605,832,adt_epoch_6,full_subject_single_seed_validation
etard_tf64,adt,reconstruction,gate0_gate2_full_subject_single_seed_v1,0,P19,test_-_P19_-_fW_part_2,64,pearson_r,0.29293751061975826,896,adt_epoch_6,full_subject_single_seed_validation
etard_tf64,adt,reconstruction,gate0_gate2_full_subject_single_seed_v1,0,P19,test_-_P19_-_fW_part_3,64,pearson_r,0.14698482343919791,960,adt_epoch_6,full_subject_single_seed_validation
etard_tf64,adt,reconstruction,gate0_gate2_full_subject_single_seed_v1,0,P19,test_-_P19_-_fW_part_4,64,pearson_r,0.29034368684720385,1088,adt_epoch_6,full_subject_single_seed_validation
etard_tf64,adt,reconstruction,gate0_gate2_full_subject_single_seed_v1,0,P19,test_-_P19_-_hbDutch_part_1,64,pearson_r,0.056225891485927534,1024,adt_epoch_6,full_subject_single_seed_validation
etard_tf64,adt,reconstruction,gate0_gate2_full_subject_single_seed_v1,0,P19,test_-_P19_-_hbDutch_part_2,64,pearson_r,0.0796322047789582,1024,adt_epoch_6,full_subject_single_seed_validation
etard_tf64,adt,reconstruction,gate0_gate2_full_subject_single_seed_v1,0,P19,test_-_P19_-_hbDutch_part_3,64,pearson_r,0.2283309227673973,1024,adt_epoch_6,full_subject_single_seed_validation
etard_tf64,adt,reconstruction,gate0_gate2_full_subject_single_seed_v1,0,P19,test_-_P19_-_hbDutch_part_4,64,pearson_r,0.035797920220392236,1024,adt_epoch_6,full_subject_single_seed_validation
etard_tf64,adt,reconstruction,gate0_gate2_full_subject_single_seed_v1,0,P19,test_-_P19_-_hb_part_1,64,pearson_r,0.34325156583399447,1152,adt_epoch_6,full_subject_single_seed_validation
etard_tf64,adt,reconstruction,gate0_gate2_full_subject_single_seed_v1,0,P19,test_-_P19_-_hb_part_2,64,pearson_r,0.359757722445222,1088,adt_epoch_6,full_subject_single_seed_validation
etard_tf64,adt,reconstruction,gate0_gate2_full_subject_single_seed_v1,0,P19,test_-_P19_-_hb_part_3,64,pearson_r,0.13918945744102013,1152,adt_epoch_6,full_subject_single_seed_validation
etard_tf64,adt,reconstruction,gate0_gate2_full_subject_single_seed_v1,0,P19,test_-_P19_-_hb_part_4,64,pearson_r,0.2580254940124256,1088,adt_epoch_6,full_subject_single_seed_validation
etard_tf64,adt,reconstruction,gate0_gate2_full_subject_single_seed_v1,0,P19,test_-_P19_-_lbDutch_part_1,64,pearson_r,0.14514556793323244,1024,adt_epoch_6,full_subject_single_seed_validation
etard_tf64,adt,reconstruction,gate0_gate2_full_subject_single_seed_v1,0,P19,test_-_P19_-_lbDutch_part_2,64,pearson_r,0.10868393333271302,1024,adt_epoch_6,full_subject_single_seed_validation
etard_tf64,adt,reconstruction,gate0_gate2_full_subject_single_seed_v1,0,P19,test_-_P19_-_lbDutch_part_3,64,pearson_r,0.263226067134493,1024,adt_epoch_6,full_subject_single_seed_validation
etard_tf64,adt,reconstruction,gate0_gate2_full_subject_single_seed_v1,0,P19,test_-_P19_-_lbDutch_part_4,64,pearson_r,0.1875475521088955,1024,adt_epoch_6,full_subject_single_seed_validation
etard_tf64,adt,reconstruction,gate0_gate2_full_subject_single_seed_v1,0,P19,test_-_P19_-_lb_part_1,64,pearson_r,0.3402954553049416,1408,adt_epoch_6,full_subject_single_seed_validation
etard_tf64,adt,reconstruction,gate0_gate2_full_subject_single_seed_v1,0,P19,test_-_P19_-_lb_part_2,64,pearson_r,0.05067268899921021,1472,adt_epoch_6,full_subject_single_seed_validation
etard_tf64,adt,reconstruction,gate0_gate2_full_subject_single_seed_v1,0,P19,test_-_P19_-_lb_part_3,64,pearson_r,0.32848590857231824,1408,adt_epoch_6,full_subject_single_seed_validation
etard_tf64,adt,reconstruction,gate0_gate2_full_subject_single_seed_v1,0,P19,test_-_P19_-_lb_part_4,64,pearson_r,0.18901304405855063,1536,adt_epoch_6,full_subject_single_seed_validation
etard_tf64,adt,reconstruction,gate0_gate2_full_subject_single_seed_v1,0,P19,test_-_P19_-_mbDutch_part_1,64,pearson_r,-0.04758078732611891,1024,adt_epoch_6,full_subject_single_seed_validation
etard_tf64,adt,reconstruction,gate0_gate2_full_subject_single_seed_v1,0,P19,test_-_P19_-_mbDutch_part_2,64,pearson_r,0.16032887990855182,1024,adt_epoch_6,full_subject_single_seed_validation
etard_tf64,adt,reconstruction,gate0_gate2_full_subject_single_seed_v1,0,P19,test_-_P19_-_mbDutch_part_3,64,pearson_r,0.30263094447460237,1024,adt_epoch_6,full_subject_single_seed_validation
etard_tf64,adt,reconstruction,gate0_gate2_full_subject_single_seed_v1,0,P19,test_-_P19_-_mbDutch_part_4,64,pearson_r,0.058512538717436564,1024,adt_epoch_6,full_subject_single_seed_validation
etard_tf64,adt,reconstruction,gate0_gate2_full_subject_single_seed_v1,0,P19,test_-_P19_-_mb_part_1,64,pearson_r,0.2946140780444903,960,adt_epoch_6,full_subject_single_seed_validation
etard_tf64,adt,reconstruction,gate0_gate2_full_subject_single_seed_v1,0,P19,test_-_P19_-_mb_part_2,64,pearson_r,0.3236495843502207,1024,adt_epoch_6,full_subject_single_seed_validation
etard_tf64,adt,reconstruction,gate0_gate2_full_subject_single_seed_v1,0,P19,test_-_P19_-_mb_part_3,64,pearson_r,0.1301418043375863,1024,adt_epoch_6,full_subject_single_seed_validation
etard_tf64,adt,reconstruction,gate0_gate2_full_subject_single_seed_v1,0,P19,test_-_P19_-_mb_part_4,64,pearson_r,0.29297971715086263,1024,adt_epoch_6,full_subject_single_seed_validation
