dataset,model,task,protocol,seed,subject_id,recording_id,sampling_rate,metric_name,metric_value,num_valid_samples,checkpoint_id,artifact_scope,recording_length,coverage_ratio,dropped_samples_reason,full_eval_not_capped,model_family_contract
weissbart_tf64,linear,reconstruction,gate0_gate2_subject_specific_local_models_weissbart_full_v1,0,P00,test_-_P00_-_AUNP01,64,pearson_r,0.1516113884780842,990,linear_ols,subject_specific_local_models_weissbart_full,1039,0.9528392685274302,"lag range [0, 50) trims edges",True,lag_matrix_trf
weissbart_tf64,linear,reconstruction,gate0_gate2_subject_specific_local_models_weissbart_full_v1,0,P00,test_-_P00_-_AUNP02,64,pearson_r,0.07561369310093148,970,linear_ols,subject_specific_local_models_weissbart_full,1019,0.9519136408243376,"lag range [0, 50) trims edges",True,lag_matrix_trf
weissbart_tf64,linear,reconstruction,gate0_gate2_subject_specific_local_models_weissbart_full_v1,0,P00,test_-_P00_-_AUNP03,64,pearson_r,0.06539989310890029,890,linear_ols,subject_specific_local_models_weissbart_full,939,0.9478168264110756,"lag range [0, 50) trims edges",True,lag_matrix_trf
weissbart_tf64,linear,reconstruction,gate0_gate2_subject_specific_local_models_weissbart_full_v1,0,P00,test_-_P00_-_AUNP04,64,pearson_r,0.031683683987023425,870,linear_ols,subject_specific_local_models_weissbart_full,919,0.9466811751904244,"lag range [0, 50) trims edges",True,lag_matrix_trf
weissbart_tf64,linear,reconstruction,gate0_gate2_subject_specific_local_models_weissbart_full_v1,0,P00,test_-_P00_-_AUNP05,64,pearson_r,0.04358462371511216,1191,linear_ols,subject_specific_local_models_weissbart_full,1240,0.9604838709677419,"lag range [0, 50) trims edges",True,lag_matrix_trf
weissbart_tf64,linear,reconstruction,gate0_gate2_subject_specific_local_models_weissbart_full_v1,0,P00,test_-_P00_-_AUNP06,64,pearson_r,0.16804922845831938,894,linear_ols,subject_specific_local_models_weissbart_full,943,0.9480381760339343,"lag range [0, 50) trims edges",True,lag_matrix_trf
weissbart_tf64,linear,reconstruction,gate0_gate2_subject_specific_local_models_weissbart_full_v1,0,P00,test_-_P00_-_AUNP07,64,pearson_r,0.07281899073403798,1134,linear_ols,subject_specific_local_models_weissbart_full,1183,0.9585798816568047,"lag range [0, 50) trims edges",True,lag_matrix_trf
weissbart_tf64,linear,reconstruction,gate0_gate2_subject_specific_local_models_weissbart_full_v1,0,P00,test_-_P00_-_AUNP08,64,pearson_r,0.05496680552054779,1104,linear_ols,subject_specific_local_models_weissbart_full,1153,0.9575021682567216,"lag range [0, 50) trims edges",True,lag_matrix_trf
weissbart_tf64,linear,reconstruction,gate0_gate2_subject_specific_local_models_weissbart_full_v1,0,P00,test_-_P00_-_BROP01,64,pearson_r,0.08290486049088323,1017,linear_ols,subject_specific_local_models_weissbart_full,1066,0.9540337711069419,"lag range [0, 50) trims edges",True,lag_matrix_trf
weissbart_tf64,linear,reconstruction,gate0_gate2_subject_specific_local_models_weissbart_full_v1,0,P00,test_-_P00_-_BROP02,64,pearson_r,0.06803255997454537,1120,linear_ols,subject_specific_local_models_weissbart_full,1169,0.9580838323353293,"lag range [0, 50) trims edges",True,lag_matrix_trf
weissbart_tf64,linear,reconstruction,gate0_gate2_subject_specific_local_models_weissbart_full_v1,0,P00,test_-_P00_-_BROP03,64,pearson_r,0.18111576371284918,1000,linear_ols,subject_specific_local_models_weissbart_full,1049,0.9532888465204957,"lag range [0, 50) trims edges",True,lag_matrix_trf
weissbart_tf64,linear,reconstruction,gate0_gate2_subject_specific_local_models_weissbart_full_v1,0,P00,test_-_P00_-_FLOP01,64,pearson_r,0.019572895754821837,779,linear_ols,subject_specific_local_models_weissbart_full,828,0.9408212560386473,"lag range [0, 50) trims edges",True,lag_matrix_trf
weissbart_tf64,linear,reconstruction,gate0_gate2_subject_specific_local_models_weissbart_full_v1,0,P00,test_-_P00_-_FLOP02,64,pearson_r,0.1311998936820313,699,linear_ols,subject_specific_local_models_weissbart_full,748,0.9344919786096256,"lag range [0, 50) trims edges",True,lag_matrix_trf
weissbart_tf64,linear,reconstruction,gate0_gate2_subject_specific_local_models_weissbart_full_v1,0,P00,test_-_P00_-_FLOP03,64,pearson_r,0.07869027803617233,655,linear_ols,subject_specific_local_models_weissbart_full,704,0.9303977272727273,"lag range [0, 50) trims edges",True,lag_matrix_trf
weissbart_tf64,linear,reconstruction,gate0_gate2_subject_specific_local_models_weissbart_full_v1,0,P00,test_-_P00_-_FLOP04,64,pearson_r,0.08182191878581366,1213,linear_ols,subject_specific_local_models_weissbart_full,1262,0.9611727416798732,"lag range [0, 50) trims edges",True,lag_matrix_trf
weissbart_tf64,lasso,reconstruction,gate0_gate2_subject_specific_local_models_weissbart_full_v1,0,P00,test_-_P00_-_AUNP01,64,pearson_r,0.12500094288110383,990,lasso_alpha_0.001,subject_specific_local_models_weissbart_full,1039,0.9528392685274302,"lag range [0, 50) trims edges",True,lag_matrix_trf
weissbart_tf64,lasso,reconstruction,gate0_gate2_subject_specific_local_models_weissbart_full_v1,0,P00,test_-_P00_-_AUNP02,64,pearson_r,0.13798149467167933,970,lasso_alpha_0.001,subject_specific_local_models_weissbart_full,1019,0.9519136408243376,"lag range [0, 50) trims edges",True,lag_matrix_trf
weissbart_tf64,lasso,reconstruction,gate0_gate2_subject_specific_local_models_weissbart_full_v1,0,P00,test_-_P00_-_AUNP03,64,pearson_r,0.1238629025042941,890,lasso_alpha_0.001,subject_specific_local_models_weissbart_full,939,0.9478168264110756,"lag range [0, 50) trims edges",True,lag_matrix_trf
weissbart_tf64,lasso,reconstruction,gate0_gate2_subject_specific_local_models_weissbart_full_v1,0,P00,test_-_P00_-_AUNP04,64,pearson_r,0.15095214527495784,870,lasso_alpha_0.001,subject_specific_local_models_weissbart_full,919,0.9466811751904244,"lag range [0, 50) trims edges",True,lag_matrix_trf
weissbart_tf64,lasso,reconstruction,gate0_gate2_subject_specific_local_models_weissbart_full_v1,0,P00,test_-_P00_-_AUNP05,64,pearson_r,-0.003046764871246391,1191,lasso_alpha_0.001,subject_specific_local_models_weissbart_full,1240,0.9604838709677419,"lag range [0, 50) trims edges",True,lag_matrix_trf
weissbart_tf64,lasso,reconstruction,gate0_gate2_subject_specific_local_models_weissbart_full_v1,0,P00,test_-_P00_-_AUNP06,64,pearson_r,0.22676419561016958,894,lasso_alpha_0.001,subject_specific_local_models_weissbart_full,943,0.9480381760339343,"lag range [0, 50) trims edges",True,lag_matrix_trf
weissbart_tf64,lasso,reconstruction,gate0_gate2_subject_specific_local_models_weissbart_full_v1,0,P00,test_-_P00_-_AUNP07,64,pearson_r,0.13423377447663354,1134,lasso_alpha_0.001,subject_specific_local_models_weissbart_full,1183,0.9585798816568047,"lag range [0, 50) trims edges",True,lag_matrix_trf
weissbart_tf64,lasso,reconstruction,gate0_gate2_subject_specific_local_models_weissbart_full_v1,0,P00,test_-_P00_-_AUNP08,64,pearson_r,0.03455143813799268,1104,lasso_alpha_0.001,subject_specific_local_models_weissbart_full,1153,0.9575021682567216,"lag range [0, 50) trims edges",True,lag_matrix_trf
weissbart_tf64,lasso,reconstruction,gate0_gate2_subject_specific_local_models_weissbart_full_v1,0,P00,test_-_P00_-_BROP01,64,pearson_r,0.057964859401125994,1017,lasso_alpha_0.001,subject_specific_local_models_weissbart_full,1066,0.9540337711069419,"lag range [0, 50) trims edges",True,lag_matrix_trf
weissbart_tf64,lasso,reconstruction,gate0_gate2_subject_specific_local_models_weissbart_full_v1,0,P00,test_-_P00_-_BROP02,64,pearson_r,0.09794273115019513,1120,lasso_alpha_0.001,subject_specific_local_models_weissbart_full,1169,0.9580838323353293,"lag range [0, 50) trims edges",True,lag_matrix_trf
weissbart_tf64,lasso,reconstruction,gate0_gate2_subject_specific_local_models_weissbart_full_v1,0,P00,test_-_P00_-_BROP03,64,pearson_r,0.20699909296083802,1000,lasso_alpha_0.001,subject_specific_local_models_weissbart_full,1049,0.9532888465204957,"lag range [0, 50) trims edges",True,lag_matrix_trf
weissbart_tf64,lasso,reconstruction,gate0_gate2_subject_specific_local_models_weissbart_full_v1,0,P00,test_-_P00_-_FLOP01,64,pearson_r,0.01664600164262326,779,lasso_alpha_0.001,subject_specific_local_models_weissbart_full,828,0.9408212560386473,"lag range [0, 50) trims edges",True,lag_matrix_trf
weissbart_tf64,lasso,reconstruction,gate0_gate2_subject_specific_local_models_weissbart_full_v1,0,P00,test_-_P00_-_FLOP02,64,pearson_r,0.12196817817808692,699,lasso_alpha_0.001,subject_specific_local_models_weissbart_full,748,0.9344919786096256,"lag range [0, 50) trims edges",True,lag_matrix_trf
weissbart_tf64,lasso,reconstruction,gate0_gate2_subject_specific_local_models_weissbart_full_v1,0,P00,test_-_P00_-_FLOP03,64,pearson_r,0.10156652838572813,655,lasso_alpha_0.001,subject_specific_local_models_weissbart_full,704,0.9303977272727273,"lag range [0, 50) trims edges",True,lag_matrix_trf
weissbart_tf64,lasso,reconstruction,gate0_gate2_subject_specific_local_models_weissbart_full_v1,0,P00,test_-_P00_-_FLOP04,64,pearson_r,0.04820518997243575,1213,lasso_alpha_0.001,subject_specific_local_models_weissbart_full,1262,0.9611727416798732,"lag range [0, 50) trims edges",True,lag_matrix_trf
weissbart_tf64,elasticnet,reconstruction,gate0_gate2_subject_specific_local_models_weissbart_full_v1,0,P00,test_-_P00_-_AUNP01,64,pearson_r,0.14032359348665985,990,elasticnet_alpha_0.001_l1_0.8,subject_specific_local_models_weissbart_full,1039,0.9528392685274302,"lag range [0, 50) trims edges",True,lag_matrix_trf
weissbart_tf64,elasticnet,reconstruction,gate0_gate2_subject_specific_local_models_weissbart_full_v1,0,P00,test_-_P00_-_AUNP02,64,pearson_r,0.13029453733116014,970,elasticnet_alpha_0.001_l1_0.8,subject_specific_local_models_weissbart_full,1019,0.9519136408243376,"lag range [0, 50) trims edges",True,lag_matrix_trf
weissbart_tf64,elasticnet,reconstruction,gate0_gate2_subject_specific_local_models_weissbart_full_v1,0,P00,test_-_P00_-_AUNP03,64,pearson_r,0.12937943813639452,890,elasticnet_alpha_0.001_l1_0.8,subject_specific_local_models_weissbart_full,939,0.9478168264110756,"lag range [0, 50) trims edges",True,lag_matrix_trf
weissbart_tf64,elasticnet,reconstruction,gate0_gate2_subject_specific_local_models_weissbart_full_v1,0,P00,test_-_P00_-_AUNP04,64,pearson_r,0.15171713139397405,870,elasticnet_alpha_0.001_l1_0.8,subject_specific_local_models_weissbart_full,919,0.9466811751904244,"lag range [0, 50) trims edges",True,lag_matrix_trf
weissbart_tf64,elasticnet,reconstruction,gate0_gate2_subject_specific_local_models_weissbart_full_v1,0,P00,test_-_P00_-_AUNP05,64,pearson_r,-0.0026797879022259223,1191,elasticnet_alpha_0.001_l1_0.8,subject_specific_local_models_weissbart_full,1240,0.9604838709677419,"lag range [0, 50) trims edges",True,lag_matrix_trf
weissbart_tf64,elasticnet,reconstruction,gate0_gate2_subject_specific_local_models_weissbart_full_v1,0,P00,test_-_P00_-_AUNP06,64,pearson_r,0.22238643525197038,894,elasticnet_alpha_0.001_l1_0.8,subject_specific_local_models_weissbart_full,943,0.9480381760339343,"lag range [0, 50) trims edges",True,lag_matrix_trf
weissbart_tf64,elasticnet,reconstruction,gate0_gate2_subject_specific_local_models_weissbart_full_v1,0,P00,test_-_P00_-_AUNP07,64,pearson_r,0.12989966382451978,1134,elasticnet_alpha_0.001_l1_0.8,subject_specific_local_models_weissbart_full,1183,0.9585798816568047,"lag range [0, 50) trims edges",True,lag_matrix_trf
weissbart_tf64,elasticnet,reconstruction,gate0_gate2_subject_specific_local_models_weissbart_full_v1,0,P00,test_-_P00_-_AUNP08,64,pearson_r,0.03200301225268682,1104,elasticnet_alpha_0.001_l1_0.8,subject_specific_local_models_weissbart_full,1153,0.9575021682567216,"lag range [0, 50) trims edges",True,lag_matrix_trf
weissbart_tf64,elasticnet,reconstruction,gate0_gate2_subject_specific_local_models_weissbart_full_v1,0,P00,test_-_P00_-_BROP01,64,pearson_r,0.05130723369911058,1017,elasticnet_alpha_0.001_l1_0.8,subject_specific_local_models_weissbart_full,1066,0.9540337711069419,"lag range [0, 50) trims edges",True,lag_matrix_trf
weissbart_tf64,elasticnet,reconstruction,gate0_gate2_subject_specific_local_models_weissbart_full_v1,0,P00,test_-_P00_-_BROP02,64,pearson_r,0.09844118050112544,1120,elasticnet_alpha_0.001_l1_0.8,subject_specific_local_models_weissbart_full,1169,0.9580838323353293,"lag range [0, 50) trims edges",True,lag_matrix_trf
weissbart_tf64,elasticnet,reconstruction,gate0_gate2_subject_specific_local_models_weissbart_full_v1,0,P00,test_-_P00_-_BROP03,64,pearson_r,0.20440799982865956,1000,elasticnet_alpha_0.001_l1_0.8,subject_specific_local_models_weissbart_full,1049,0.9532888465204957,"lag range [0, 50) trims edges",True,lag_matrix_trf
weissbart_tf64,elasticnet,reconstruction,gate0_gate2_subject_specific_local_models_weissbart_full_v1,0,P00,test_-_P00_-_FLOP01,64,pearson_r,0.008918717818679452,779,elasticnet_alpha_0.001_l1_0.8,subject_specific_local_models_weissbart_full,828,0.9408212560386473,"lag range [0, 50) trims edges",True,lag_matrix_trf
weissbart_tf64,elasticnet,reconstruction,gate0_gate2_subject_specific_local_models_weissbart_full_v1,0,P00,test_-_P00_-_FLOP02,64,pearson_r,0.12779484261999435,699,elasticnet_alpha_0.001_l1_0.8,subject_specific_local_models_weissbart_full,748,0.9344919786096256,"lag range [0, 50) trims edges",True,lag_matrix_trf
weissbart_tf64,elasticnet,reconstruction,gate0_gate2_subject_specific_local_models_weissbart_full_v1,0,P00,test_-_P00_-_FLOP03,64,pearson_r,0.1078782880904813,655,elasticnet_alpha_0.001_l1_0.8,subject_specific_local_models_weissbart_full,704,0.9303977272727273,"lag range [0, 50) trims edges",True,lag_matrix_trf
weissbart_tf64,elasticnet,reconstruction,gate0_gate2_subject_specific_local_models_weissbart_full_v1,0,P00,test_-_P00_-_FLOP04,64,pearson_r,0.05381437480287403,1213,elasticnet_alpha_0.001_l1_0.8,subject_specific_local_models_weissbart_full,1262,0.9611727416798732,"lag range [0, 50) trims edges",True,lag_matrix_trf
weissbart_tf64,vlaai,reconstruction,gate0_gate2_subject_specific_local_models_weissbart_full_v1,0,P00,test_-_P00_-_AUNP01,64,pearson_r,0.13648878951274926,990,vlaai_epoch_2,subject_specific_local_models_weissbart_full,1039,0.9528392685274302,window_size=50 drops first 49 target positions,True,vlaai_local_adapter
weissbart_tf64,vlaai,reconstruction,gate0_gate2_subject_specific_local_models_weissbart_full_v1,0,P00,test_-_P00_-_AUNP02,64,pearson_r,0.14236930599103234,970,vlaai_epoch_2,subject_specific_local_models_weissbart_full,1019,0.9519136408243376,window_size=50 drops first 49 target positions,True,vlaai_local_adapter
weissbart_tf64,vlaai,reconstruction,gate0_gate2_subject_specific_local_models_weissbart_full_v1,0,P00,test_-_P00_-_AUNP03,64,pearson_r,0.23119812036219195,890,vlaai_epoch_2,subject_specific_local_models_weissbart_full,939,0.9478168264110756,window_size=50 drops first 49 target positions,True,vlaai_local_adapter
weissbart_tf64,vlaai,reconstruction,gate0_gate2_subject_specific_local_models_weissbart_full_v1,0,P00,test_-_P00_-_AUNP04,64,pearson_r,0.03327460774306733,870,vlaai_epoch_2,subject_specific_local_models_weissbart_full,919,0.9466811751904244,window_size=50 drops first 49 target positions,True,vlaai_local_adapter
weissbart_tf64,vlaai,reconstruction,gate0_gate2_subject_specific_local_models_weissbart_full_v1,0,P00,test_-_P00_-_AUNP05,64,pearson_r,-0.03438799073040858,1191,vlaai_epoch_2,subject_specific_local_models_weissbart_full,1240,0.9604838709677419,window_size=50 drops first 49 target positions,True,vlaai_local_adapter
weissbart_tf64,vlaai,reconstruction,gate0_gate2_subject_specific_local_models_weissbart_full_v1,0,P00,test_-_P00_-_AUNP06,64,pearson_r,0.05127288640251277,894,vlaai_epoch_2,subject_specific_local_models_weissbart_full,943,0.9480381760339343,window_size=50 drops first 49 target positions,True,vlaai_local_adapter
weissbart_tf64,vlaai,reconstruction,gate0_gate2_subject_specific_local_models_weissbart_full_v1,0,P00,test_-_P00_-_AUNP07,64,pearson_r,0.09115864660541488,1134,vlaai_epoch_2,subject_specific_local_models_weissbart_full,1183,0.9585798816568047,window_size=50 drops first 49 target positions,True,vlaai_local_adapter
weissbart_tf64,vlaai,reconstruction,gate0_gate2_subject_specific_local_models_weissbart_full_v1,0,P00,test_-_P00_-_AUNP08,64,pearson_r,0.11115668937115954,1104,vlaai_epoch_2,subject_specific_local_models_weissbart_full,1153,0.9575021682567216,window_size=50 drops first 49 target positions,True,vlaai_local_adapter
weissbart_tf64,vlaai,reconstruction,gate0_gate2_subject_specific_local_models_weissbart_full_v1,0,P00,test_-_P00_-_BROP01,64,pearson_r,0.1559190411260125,1017,vlaai_epoch_2,subject_specific_local_models_weissbart_full,1066,0.9540337711069419,window_size=50 drops first 49 target positions,True,vlaai_local_adapter
weissbart_tf64,vlaai,reconstruction,gate0_gate2_subject_specific_local_models_weissbart_full_v1,0,P00,test_-_P00_-_BROP02,64,pearson_r,0.08975086946969696,1120,vlaai_epoch_2,subject_specific_local_models_weissbart_full,1169,0.9580838323353293,window_size=50 drops first 49 target positions,True,vlaai_local_adapter
weissbart_tf64,vlaai,reconstruction,gate0_gate2_subject_specific_local_models_weissbart_full_v1,0,P00,test_-_P00_-_BROP03,64,pearson_r,0.1236879203685389,1000,vlaai_epoch_2,subject_specific_local_models_weissbart_full,1049,0.9532888465204957,window_size=50 drops first 49 target positions,True,vlaai_local_adapter
weissbart_tf64,vlaai,reconstruction,gate0_gate2_subject_specific_local_models_weissbart_full_v1,0,P00,test_-_P00_-_FLOP01,64,pearson_r,-0.11529016459308808,779,vlaai_epoch_2,subject_specific_local_models_weissbart_full,828,0.9408212560386473,window_size=50 drops first 49 target positions,True,vlaai_local_adapter
weissbart_tf64,vlaai,reconstruction,gate0_gate2_subject_specific_local_models_weissbart_full_v1,0,P00,test_-_P00_-_FLOP02,64,pearson_r,0.047221887129933776,699,vlaai_epoch_2,subject_specific_local_models_weissbart_full,748,0.9344919786096256,window_size=50 drops first 49 target positions,True,vlaai_local_adapter
weissbart_tf64,vlaai,reconstruction,gate0_gate2_subject_specific_local_models_weissbart_full_v1,0,P00,test_-_P00_-_FLOP03,64,pearson_r,0.03212432198870277,655,vlaai_epoch_2,subject_specific_local_models_weissbart_full,704,0.9303977272727273,window_size=50 drops first 49 target positions,True,vlaai_local_adapter
weissbart_tf64,vlaai,reconstruction,gate0_gate2_subject_specific_local_models_weissbart_full_v1,0,P00,test_-_P00_-_FLOP04,64,pearson_r,0.12386813134607709,1213,vlaai_epoch_2,subject_specific_local_models_weissbart_full,1262,0.9611727416798732,window_size=50 drops first 49 target positions,True,vlaai_local_adapter
weissbart_tf64,happyquokka,reconstruction,gate0_gate2_subject_specific_local_models_weissbart_full_v1,0,P00,test_-_P00_-_AUNP01,64,pearson_r,0.31736846832269444,640,happyquokka_epoch_25,subject_specific_local_models_weissbart_full,1039,0.6159769008662175,tail shorter than 10s chunk,True,10s_chunk
weissbart_tf64,happyquokka,reconstruction,gate0_gate2_subject_specific_local_models_weissbart_full_v1,0,P00,test_-_P00_-_AUNP02,64,pearson_r,0.4070724977057731,640,happyquokka_epoch_25,subject_specific_local_models_weissbart_full,1019,0.6280667320902846,tail shorter than 10s chunk,True,10s_chunk
weissbart_tf64,happyquokka,reconstruction,gate0_gate2_subject_specific_local_models_weissbart_full_v1,0,P00,test_-_P00_-_AUNP03,64,pearson_r,0.13363209568055884,640,happyquokka_epoch_25,subject_specific_local_models_weissbart_full,939,0.6815761448349308,tail shorter than 10s chunk,True,10s_chunk
weissbart_tf64,happyquokka,reconstruction,gate0_gate2_subject_specific_local_models_weissbart_full_v1,0,P00,test_-_P00_-_AUNP04,64,pearson_r,-0.15153524179235495,640,happyquokka_epoch_25,subject_specific_local_models_weissbart_full,919,0.6964091403699674,tail shorter than 10s chunk,True,10s_chunk
weissbart_tf64,happyquokka,reconstruction,gate0_gate2_subject_specific_local_models_weissbart_full_v1,0,P00,test_-_P00_-_AUNP05,64,pearson_r,0.15856669397039172,640,happyquokka_epoch_25,subject_specific_local_models_weissbart_full,1240,0.5161290322580645,tail shorter than 10s chunk,True,10s_chunk
weissbart_tf64,happyquokka,reconstruction,gate0_gate2_subject_specific_local_models_weissbart_full_v1,0,P00,test_-_P00_-_AUNP06,64,pearson_r,-0.032548462958284806,640,happyquokka_epoch_25,subject_specific_local_models_weissbart_full,943,0.6786850477200425,tail shorter than 10s chunk,True,10s_chunk
weissbart_tf64,happyquokka,reconstruction,gate0_gate2_subject_specific_local_models_weissbart_full_v1,0,P00,test_-_P00_-_AUNP07,64,pearson_r,0.07014318799814305,640,happyquokka_epoch_25,subject_specific_local_models_weissbart_full,1183,0.5409974640743872,tail shorter than 10s chunk,True,10s_chunk
weissbart_tf64,happyquokka,reconstruction,gate0_gate2_subject_specific_local_models_weissbart_full_v1,0,P00,test_-_P00_-_AUNP08,64,pearson_r,-0.09412113927754612,640,happyquokka_epoch_25,subject_specific_local_models_weissbart_full,1153,0.5550737207285342,tail shorter than 10s chunk,True,10s_chunk
weissbart_tf64,happyquokka,reconstruction,gate0_gate2_subject_specific_local_models_weissbart_full_v1,0,P00,test_-_P00_-_BROP01,64,pearson_r,0.030720417786049017,640,happyquokka_epoch_25,subject_specific_local_models_weissbart_full,1066,0.600375234521576,tail shorter than 10s chunk,True,10s_chunk
weissbart_tf64,happyquokka,reconstruction,gate0_gate2_subject_specific_local_models_weissbart_full_v1,0,P00,test_-_P00_-_BROP02,64,pearson_r,0.02474548290637976,640,happyquokka_epoch_25,subject_specific_local_models_weissbart_full,1169,0.5474764756201882,tail shorter than 10s chunk,True,10s_chunk
weissbart_tf64,happyquokka,reconstruction,gate0_gate2_subject_specific_local_models_weissbart_full_v1,0,P00,test_-_P00_-_BROP03,64,pearson_r,0.12982974873841657,640,happyquokka_epoch_25,subject_specific_local_models_weissbart_full,1049,0.6101048617731173,tail shorter than 10s chunk,True,10s_chunk
weissbart_tf64,happyquokka,reconstruction,gate0_gate2_subject_specific_local_models_weissbart_full_v1,0,P00,test_-_P00_-_FLOP01,64,pearson_r,0.07820970940450084,640,happyquokka_epoch_25,subject_specific_local_models_weissbart_full,828,0.7729468599033816,tail shorter than 10s chunk,True,10s_chunk
weissbart_tf64,happyquokka,reconstruction,gate0_gate2_subject_specific_local_models_weissbart_full_v1,0,P00,test_-_P00_-_FLOP02,64,pearson_r,0.030008528566071824,640,happyquokka_epoch_25,subject_specific_local_models_weissbart_full,748,0.8556149732620321,tail shorter than 10s chunk,True,10s_chunk
weissbart_tf64,happyquokka,reconstruction,gate0_gate2_subject_specific_local_models_weissbart_full_v1,0,P00,test_-_P00_-_FLOP03,64,pearson_r,0.289367702435255,640,happyquokka_epoch_25,subject_specific_local_models_weissbart_full,704,0.9090909090909091,tail shorter than 10s chunk,True,10s_chunk
weissbart_tf64,happyquokka,reconstruction,gate0_gate2_subject_specific_local_models_weissbart_full_v1,0,P00,test_-_P00_-_FLOP04,64,pearson_r,-0.10600682021928763,640,happyquokka_epoch_25,subject_specific_local_models_weissbart_full,1262,0.5071315372424723,tail shorter than 10s chunk,True,10s_chunk
weissbart_tf64,linear,reconstruction,gate0_gate2_subject_specific_local_models_weissbart_full_v1,0,P01,test_-_P01_-_AUNP01,64,pearson_r,0.16636209067231308,990,linear_ols,subject_specific_local_models_weissbart_full,1039,0.9528392685274302,"lag range [0, 50) trims edges",True,lag_matrix_trf
weissbart_tf64,linear,reconstruction,gate0_gate2_subject_specific_local_models_weissbart_full_v1,0,P01,test_-_P01_-_AUNP02,64,pearson_r,0.081511195342344,970,linear_ols,subject_specific_local_models_weissbart_full,1019,0.9519136408243376,"lag range [0, 50) trims edges",True,lag_matrix_trf
weissbart_tf64,linear,reconstruction,gate0_gate2_subject_specific_local_models_weissbart_full_v1,0,P01,test_-_P01_-_AUNP03,64,pearson_r,0.059607652478852864,890,linear_ols,subject_specific_local_models_weissbart_full,939,0.9478168264110756,"lag range [0, 50) trims edges",True,lag_matrix_trf
weissbart_tf64,linear,reconstruction,gate0_gate2_subject_specific_local_models_weissbart_full_v1,0,P01,test_-_P01_-_AUNP04,64,pearson_r,0.14898805493227107,870,linear_ols,subject_specific_local_models_weissbart_full,919,0.9466811751904244,"lag range [0, 50) trims edges",True,lag_matrix_trf
weissbart_tf64,linear,reconstruction,gate0_gate2_subject_specific_local_models_weissbart_full_v1,0,P01,test_-_P01_-_AUNP05,64,pearson_r,0.10425388919276361,1191,linear_ols,subject_specific_local_models_weissbart_full,1240,0.9604838709677419,"lag range [0, 50) trims edges",True,lag_matrix_trf
weissbart_tf64,linear,reconstruction,gate0_gate2_subject_specific_local_models_weissbart_full_v1,0,P01,test_-_P01_-_AUNP06,64,pearson_r,-0.011464250938571731,894,linear_ols,subject_specific_local_models_weissbart_full,943,0.9480381760339343,"lag range [0, 50) trims edges",True,lag_matrix_trf
weissbart_tf64,linear,reconstruction,gate0_gate2_subject_specific_local_models_weissbart_full_v1,0,P01,test_-_P01_-_AUNP07,64,pearson_r,0.0408846234072271,1134,linear_ols,subject_specific_local_models_weissbart_full,1183,0.9585798816568047,"lag range [0, 50) trims edges",True,lag_matrix_trf
weissbart_tf64,linear,reconstruction,gate0_gate2_subject_specific_local_models_weissbart_full_v1,0,P01,test_-_P01_-_AUNP08,64,pearson_r,-0.06709722174137445,1104,linear_ols,subject_specific_local_models_weissbart_full,1153,0.9575021682567216,"lag range [0, 50) trims edges",True,lag_matrix_trf
weissbart_tf64,linear,reconstruction,gate0_gate2_subject_specific_local_models_weissbart_full_v1,0,P01,test_-_P01_-_BROP01,64,pearson_r,-0.040982760111430115,1017,linear_ols,subject_specific_local_models_weissbart_full,1066,0.9540337711069419,"lag range [0, 50) trims edges",True,lag_matrix_trf
weissbart_tf64,linear,reconstruction,gate0_gate2_subject_specific_local_models_weissbart_full_v1,0,P01,test_-_P01_-_BROP02,64,pearson_r,-0.02118608437680695,1120,linear_ols,subject_specific_local_models_weissbart_full,1169,0.9580838323353293,"lag range [0, 50) trims edges",True,lag_matrix_trf
weissbart_tf64,linear,reconstruction,gate0_gate2_subject_specific_local_models_weissbart_full_v1,0,P01,test_-_P01_-_BROP03,64,pearson_r,-0.09557477465067699,1000,linear_ols,subject_specific_local_models_weissbart_full,1049,0.9532888465204957,"lag range [0, 50) trims edges",True,lag_matrix_trf
weissbart_tf64,linear,reconstruction,gate0_gate2_subject_specific_local_models_weissbart_full_v1,0,P01,test_-_P01_-_FLOP01,64,pearson_r,0.06842449981686427,779,linear_ols,subject_specific_local_models_weissbart_full,828,0.9408212560386473,"lag range [0, 50) trims edges",True,lag_matrix_trf
weissbart_tf64,linear,reconstruction,gate0_gate2_subject_specific_local_models_weissbart_full_v1,0,P01,test_-_P01_-_FLOP02,64,pearson_r,0.030898126109483545,699,linear_ols,subject_specific_local_models_weissbart_full,748,0.9344919786096256,"lag range [0, 50) trims edges",True,lag_matrix_trf
weissbart_tf64,linear,reconstruction,gate0_gate2_subject_specific_local_models_weissbart_full_v1,0,P01,test_-_P01_-_FLOP03,64,pearson_r,0.15713279550740797,655,linear_ols,subject_specific_local_models_weissbart_full,704,0.9303977272727273,"lag range [0, 50) trims edges",True,lag_matrix_trf
weissbart_tf64,linear,reconstruction,gate0_gate2_subject_specific_local_models_weissbart_full_v1,0,P01,test_-_P01_-_FLOP04,64,pearson_r,0.06529741106738798,1213,linear_ols,subject_specific_local_models_weissbart_full,1262,0.9611727416798732,"lag range [0, 50) trims edges",True,lag_matrix_trf
weissbart_tf64,lasso,reconstruction,gate0_gate2_subject_specific_local_models_weissbart_full_v1,0,P01,test_-_P01_-_AUNP01,64,pearson_r,0.22977138409501752,990,lasso_alpha_0.001,subject_specific_local_models_weissbart_full,1039,0.9528392685274302,"lag range [0, 50) trims edges",True,lag_matrix_trf
weissbart_tf64,lasso,reconstruction,gate0_gate2_subject_specific_local_models_weissbart_full_v1,0,P01,test_-_P01_-_AUNP02,64,pearson_r,0.05562524348402581,970,lasso_alpha_0.001,subject_specific_local_models_weissbart_full,1019,0.9519136408243376,"lag range [0, 50) trims edges",True,lag_matrix_trf
weissbart_tf64,lasso,reconstruction,gate0_gate2_subject_specific_local_models_weissbart_full_v1,0,P01,test_-_P01_-_AUNP03,64,pearson_r,0.12132813254171432,890,lasso_alpha_0.001,subject_specific_local_models_weissbart_full,939,0.9478168264110756,"lag range [0, 50) trims edges",True,lag_matrix_trf
weissbart_tf64,lasso,reconstruction,gate0_gate2_subject_specific_local_models_weissbart_full_v1,0,P01,test_-_P01_-_AUNP04,64,pearson_r,0.17216671891396573,870,lasso_alpha_0.001,subject_specific_local_models_weissbart_full,919,0.9466811751904244,"lag range [0, 50) trims edges",True,lag_matrix_trf
weissbart_tf64,lasso,reconstruction,gate0_gate2_subject_specific_local_models_weissbart_full_v1,0,P01,test_-_P01_-_AUNP05,64,pearson_r,0.20743971071463194,1191,lasso_alpha_0.001,subject_specific_local_models_weissbart_full,1240,0.9604838709677419,"lag range [0, 50) trims edges",True,lag_matrix_trf
weissbart_tf64,lasso,reconstruction,gate0_gate2_subject_specific_local_models_weissbart_full_v1,0,P01,test_-_P01_-_AUNP06,64,pearson_r,0.04413461914171017,894,lasso_alpha_0.001,subject_specific_local_models_weissbart_full,943,0.9480381760339343,"lag range [0, 50) trims edges",True,lag_matrix_trf
weissbart_tf64,lasso,reconstruction,gate0_gate2_subject_specific_local_models_weissbart_full_v1,0,P01,test_-_P01_-_AUNP07,64,pearson_r,0.07574562894871512,1134,lasso_alpha_0.001,subject_specific_local_models_weissbart_full,1183,0.9585798816568047,"lag range [0, 50) trims edges",True,lag_matrix_trf
weissbart_tf64,lasso,reconstruction,gate0_gate2_subject_specific_local_models_weissbart_full_v1,0,P01,test_-_P01_-_AUNP08,64,pearson_r,-0.07270307774206802,1104,lasso_alpha_0.001,subject_specific_local_models_weissbart_full,1153,0.9575021682567216,"lag range [0, 50) trims edges",True,lag_matrix_trf
weissbart_tf64,lasso,reconstruction,gate0_gate2_subject_specific_local_models_weissbart_full_v1,0,P01,test_-_P01_-_BROP01,64,pearson_r,-0.060356858768586576,1017,lasso_alpha_0.001,subject_specific_local_models_weissbart_full,1066,0.9540337711069419,"lag range [0, 50) trims edges",True,lag_matrix_trf
weissbart_tf64,lasso,reconstruction,gate0_gate2_subject_specific_local_models_weissbart_full_v1,0,P01,test_-_P01_-_BROP02,64,pearson_r,-0.010839319949299635,1120,lasso_alpha_0.001,subject_specific_local_models_weissbart_full,1169,0.9580838323353293,"lag range [0, 50) trims edges",True,lag_matrix_trf
weissbart_tf64,lasso,reconstruction,gate0_gate2_subject_specific_local_models_weissbart_full_v1,0,P01,test_-_P01_-_BROP03,64,pearson_r,-0.030783707314392846,1000,lasso_alpha_0.001,subject_specific_local_models_weissbart_full,1049,0.9532888465204957,"lag range [0, 50) trims edges",True,lag_matrix_trf
weissbart_tf64,lasso,reconstruction,gate0_gate2_subject_specific_local_models_weissbart_full_v1,0,P01,test_-_P01_-_FLOP01,64,pearson_r,0.07468692078913469,779,lasso_alpha_0.001,subject_specific_local_models_weissbart_full,828,0.9408212560386473,"lag range [0, 50) trims edges",True,lag_matrix_trf
weissbart_tf64,lasso,reconstruction,gate0_gate2_subject_specific_local_models_weissbart_full_v1,0,P01,test_-_P01_-_FLOP02,64,pearson_r,-0.016144776425246612,699,lasso_alpha_0.001,subject_specific_local_models_weissbart_full,748,0.9344919786096256,"lag range [0, 50) trims edges",True,lag_matrix_trf
weissbart_tf64,lasso,reconstruction,gate0_gate2_subject_specific_local_models_weissbart_full_v1,0,P01,test_-_P01_-_FLOP03,64,pearson_r,0.23102640103107555,655,lasso_alpha_0.001,subject_specific_local_models_weissbart_full,704,0.9303977272727273,"lag range [0, 50) trims edges",True,lag_matrix_trf
weissbart_tf64,lasso,reconstruction,gate0_gate2_subject_specific_local_models_weissbart_full_v1,0,P01,test_-_P01_-_FLOP04,64,pearson_r,0.16929148670453714,1213,lasso_alpha_0.001,subject_specific_local_models_weissbart_full,1262,0.9611727416798732,"lag range [0, 50) trims edges",True,lag_matrix_trf
weissbart_tf64,elasticnet,reconstruction,gate0_gate2_subject_specific_local_models_weissbart_full_v1,0,P01,test_-_P01_-_AUNP01,64,pearson_r,0.23079346708701085,990,elasticnet_alpha_0.01_l1_0.2,subject_specific_local_models_weissbart_full,1039,0.9528392685274302,"lag range [0, 50) trims edges",True,lag_matrix_trf
weissbart_tf64,elasticnet,reconstruction,gate0_gate2_subject_specific_local_models_weissbart_full_v1,0,P01,test_-_P01_-_AUNP02,64,pearson_r,0.031738520312950325,970,elasticnet_alpha_0.01_l1_0.2,subject_specific_local_models_weissbart_full,1019,0.9519136408243376,"lag range [0, 50) trims edges",True,lag_matrix_trf
weissbart_tf64,elasticnet,reconstruction,gate0_gate2_subject_specific_local_models_weissbart_full_v1,0,P01,test_-_P01_-_AUNP03,64,pearson_r,0.16462514417699403,890,elasticnet_alpha_0.01_l1_0.2,subject_specific_local_models_weissbart_full,939,0.9478168264110756,"lag range [0, 50) trims edges",True,lag_matrix_trf
weissbart_tf64,elasticnet,reconstruction,gate0_gate2_subject_specific_local_models_weissbart_full_v1,0,P01,test_-_P01_-_AUNP04,64,pearson_r,0.17960242245806401,870,elasticnet_alpha_0.01_l1_0.2,subject_specific_local_models_weissbart_full,919,0.9466811751904244,"lag range [0, 50) trims edges",True,lag_matrix_trf
weissbart_tf64,elasticnet,reconstruction,gate0_gate2_subject_specific_local_models_weissbart_full_v1,0,P01,test_-_P01_-_AUNP05,64,pearson_r,0.1787226081413493,1191,elasticnet_alpha_0.01_l1_0.2,subject_specific_local_models_weissbart_full,1240,0.9604838709677419,"lag range [0, 50) trims edges",True,lag_matrix_trf
weissbart_tf64,elasticnet,reconstruction,gate0_gate2_subject_specific_local_models_weissbart_full_v1,0,P01,test_-_P01_-_AUNP06,64,pearson_r,0.04662695963706452,894,elasticnet_alpha_0.01_l1_0.2,subject_specific_local_models_weissbart_full,943,0.9480381760339343,"lag range [0, 50) trims edges",True,lag_matrix_trf
weissbart_tf64,elasticnet,reconstruction,gate0_gate2_subject_specific_local_models_weissbart_full_v1,0,P01,test_-_P01_-_AUNP07,64,pearson_r,0.09283874652127781,1134,elasticnet_alpha_0.01_l1_0.2,subject_specific_local_models_weissbart_full,1183,0.9585798816568047,"lag range [0, 50) trims edges",True,lag_matrix_trf
weissbart_tf64,elasticnet,reconstruction,gate0_gate2_subject_specific_local_models_weissbart_full_v1,0,P01,test_-_P01_-_AUNP08,64,pearson_r,-0.08168296543516619,1104,elasticnet_alpha_0.01_l1_0.2,subject_specific_local_models_weissbart_full,1153,0.9575021682567216,"lag range [0, 50) trims edges",True,lag_matrix_trf
weissbart_tf64,elasticnet,reconstruction,gate0_gate2_subject_specific_local_models_weissbart_full_v1,0,P01,test_-_P01_-_BROP01,64,pearson_r,-0.06584174653610979,1017,elasticnet_alpha_0.01_l1_0.2,subject_specific_local_models_weissbart_full,1066,0.9540337711069419,"lag range [0, 50) trims edges",True,lag_matrix_trf
weissbart_tf64,elasticnet,reconstruction,gate0_gate2_subject_specific_local_models_weissbart_full_v1,0,P01,test_-_P01_-_BROP02,64,pearson_r,-0.013163413724641457,1120,elasticnet_alpha_0.01_l1_0.2,subject_specific_local_models_weissbart_full,1169,0.9580838323353293,"lag range [0, 50) trims edges",True,lag_matrix_trf
weissbart_tf64,elasticnet,reconstruction,gate0_gate2_subject_specific_local_models_weissbart_full_v1,0,P01,test_-_P01_-_BROP03,64,pearson_r,0.011210910673510141,1000,elasticnet_alpha_0.01_l1_0.2,subject_specific_local_models_weissbart_full,1049,0.9532888465204957,"lag range [0, 50) trims edges",True,lag_matrix_trf
weissbart_tf64,elasticnet,reconstruction,gate0_gate2_subject_specific_local_models_weissbart_full_v1,0,P01,test_-_P01_-_FLOP01,64,pearson_r,0.08017948928390457,779,elasticnet_alpha_0.01_l1_0.2,subject_specific_local_models_weissbart_full,828,0.9408212560386473,"lag range [0, 50) trims edges",True,lag_matrix_trf
weissbart_tf64,elasticnet,reconstruction,gate0_gate2_subject_specific_local_models_weissbart_full_v1,0,P01,test_-_P01_-_FLOP02,64,pearson_r,-0.03127346568683843,699,elasticnet_alpha_0.01_l1_0.2,subject_specific_local_models_weissbart_full,748,0.9344919786096256,"lag range [0, 50) trims edges",True,lag_matrix_trf
weissbart_tf64,elasticnet,reconstruction,gate0_gate2_subject_specific_local_models_weissbart_full_v1,0,P01,test_-_P01_-_FLOP03,64,pearson_r,0.2242071446896778,655,elasticnet_alpha_0.01_l1_0.2,subject_specific_local_models_weissbart_full,704,0.9303977272727273,"lag range [0, 50) trims edges",True,lag_matrix_trf
weissbart_tf64,elasticnet,reconstruction,gate0_gate2_subject_specific_local_models_weissbart_full_v1,0,P01,test_-_P01_-_FLOP04,64,pearson_r,0.20652044412170334,1213,elasticnet_alpha_0.01_l1_0.2,subject_specific_local_models_weissbart_full,1262,0.9611727416798732,"lag range [0, 50) trims edges",True,lag_matrix_trf
weissbart_tf64,vlaai,reconstruction,gate0_gate2_subject_specific_local_models_weissbart_full_v1,0,P01,test_-_P01_-_AUNP01,64,pearson_r,0.32525658427549237,990,vlaai_epoch_1,subject_specific_local_models_weissbart_full,1039,0.9528392685274302,window_size=50 drops first 49 target positions,True,vlaai_local_adapter
weissbart_tf64,vlaai,reconstruction,gate0_gate2_subject_specific_local_models_weissbart_full_v1,0,P01,test_-_P01_-_AUNP02,64,pearson_r,0.2661478072094897,970,vlaai_epoch_1,subject_specific_local_models_weissbart_full,1019,0.9519136408243376,window_size=50 drops first 49 target positions,True,vlaai_local_adapter
weissbart_tf64,vlaai,reconstruction,gate0_gate2_subject_specific_local_models_weissbart_full_v1,0,P01,test_-_P01_-_AUNP03,64,pearson_r,0.10120916857842796,890,vlaai_epoch_1,subject_specific_local_models_weissbart_full,939,0.9478168264110756,window_size=50 drops first 49 target positions,True,vlaai_local_adapter
weissbart_tf64,vlaai,reconstruction,gate0_gate2_subject_specific_local_models_weissbart_full_v1,0,P01,test_-_P01_-_AUNP04,64,pearson_r,0.2090959363534389,870,vlaai_epoch_1,subject_specific_local_models_weissbart_full,919,0.9466811751904244,window_size=50 drops first 49 target positions,True,vlaai_local_adapter
weissbart_tf64,vlaai,reconstruction,gate0_gate2_subject_specific_local_models_weissbart_full_v1,0,P01,test_-_P01_-_AUNP05,64,pearson_r,-0.0021097367743133266,1191,vlaai_epoch_1,subject_specific_local_models_weissbart_full,1240,0.9604838709677419,window_size=50 drops first 49 target positions,True,vlaai_local_adapter
weissbart_tf64,vlaai,reconstruction,gate0_gate2_subject_specific_local_models_weissbart_full_v1,0,P01,test_-_P01_-_AUNP06,64,pearson_r,0.1304980062346431,894,vlaai_epoch_1,subject_specific_local_models_weissbart_full,943,0.9480381760339343,window_size=50 drops first 49 target positions,True,vlaai_local_adapter
weissbart_tf64,vlaai,reconstruction,gate0_gate2_subject_specific_local_models_weissbart_full_v1,0,P01,test_-_P01_-_AUNP07,64,pearson_r,-0.15249631241255743,1134,vlaai_epoch_1,subject_specific_local_models_weissbart_full,1183,0.9585798816568047,window_size=50 drops first 49 target positions,True,vlaai_local_adapter
weissbart_tf64,vlaai,reconstruction,gate0_gate2_subject_specific_local_models_weissbart_full_v1,0,P01,test_-_P01_-_AUNP08,64,pearson_r,0.0866145393669104,1104,vlaai_epoch_1,subject_specific_local_models_weissbart_full,1153,0.9575021682567216,window_size=50 drops first 49 target positions,True,vlaai_local_adapter
weissbart_tf64,vlaai,reconstruction,gate0_gate2_subject_specific_local_models_weissbart_full_v1,0,P01,test_-_P01_-_BROP01,64,pearson_r,-0.19484366242930828,1017,vlaai_epoch_1,subject_specific_local_models_weissbart_full,1066,0.9540337711069419,window_size=50 drops first 49 target positions,True,vlaai_local_adapter
weissbart_tf64,vlaai,reconstruction,gate0_gate2_subject_specific_local_models_weissbart_full_v1,0,P01,test_-_P01_-_BROP02,64,pearson_r,-0.09860080752618519,1120,vlaai_epoch_1,subject_specific_local_models_weissbart_full,1169,0.9580838323353293,window_size=50 drops first 49 target positions,True,vlaai_local_adapter
weissbart_tf64,vlaai,reconstruction,gate0_gate2_subject_specific_local_models_weissbart_full_v1,0,P01,test_-_P01_-_BROP03,64,pearson_r,0.07273308454246748,1000,vlaai_epoch_1,subject_specific_local_models_weissbart_full,1049,0.9532888465204957,window_size=50 drops first 49 target positions,True,vlaai_local_adapter
weissbart_tf64,vlaai,reconstruction,gate0_gate2_subject_specific_local_models_weissbart_full_v1,0,P01,test_-_P01_-_FLOP01,64,pearson_r,0.2510354689836432,779,vlaai_epoch_1,subject_specific_local_models_weissbart_full,828,0.9408212560386473,window_size=50 drops first 49 target positions,True,vlaai_local_adapter
weissbart_tf64,vlaai,reconstruction,gate0_gate2_subject_specific_local_models_weissbart_full_v1,0,P01,test_-_P01_-_FLOP02,64,pearson_r,0.04364851844006255,699,vlaai_epoch_1,subject_specific_local_models_weissbart_full,748,0.9344919786096256,window_size=50 drops first 49 target positions,True,vlaai_local_adapter
weissbart_tf64,vlaai,reconstruction,gate0_gate2_subject_specific_local_models_weissbart_full_v1,0,P01,test_-_P01_-_FLOP03,64,pearson_r,0.16113668689315055,655,vlaai_epoch_1,subject_specific_local_models_weissbart_full,704,0.9303977272727273,window_size=50 drops first 49 target positions,True,vlaai_local_adapter
weissbart_tf64,vlaai,reconstruction,gate0_gate2_subject_specific_local_models_weissbart_full_v1,0,P01,test_-_P01_-_FLOP04,64,pearson_r,0.0280692605546567,1213,vlaai_epoch_1,subject_specific_local_models_weissbart_full,1262,0.9611727416798732,window_size=50 drops first 49 target positions,True,vlaai_local_adapter
weissbart_tf64,happyquokka,reconstruction,gate0_gate2_subject_specific_local_models_weissbart_full_v1,0,P01,test_-_P01_-_AUNP01,64,pearson_r,0.08215321972867946,640,happyquokka_epoch_6,subject_specific_local_models_weissbart_full,1039,0.6159769008662175,tail shorter than 10s chunk,True,10s_chunk
weissbart_tf64,happyquokka,reconstruction,gate0_gate2_subject_specific_local_models_weissbart_full_v1,0,P01,test_-_P01_-_AUNP02,64,pearson_r,0.1484334973539762,640,happyquokka_epoch_6,subject_specific_local_models_weissbart_full,1019,0.6280667320902846,tail shorter than 10s chunk,True,10s_chunk
weissbart_tf64,happyquokka,reconstruction,gate0_gate2_subject_specific_local_models_weissbart_full_v1,0,P01,test_-_P01_-_AUNP03,64,pearson_r,0.032785127050309996,640,happyquokka_epoch_6,subject_specific_local_models_weissbart_full,939,0.6815761448349308,tail shorter than 10s chunk,True,10s_chunk
weissbart_tf64,happyquokka,reconstruction,gate0_gate2_subject_specific_local_models_weissbart_full_v1,0,P01,test_-_P01_-_AUNP04,64,pearson_r,-0.019140922789664533,640,happyquokka_epoch_6,subject_specific_local_models_weissbart_full,919,0.6964091403699674,tail shorter than 10s chunk,True,10s_chunk
weissbart_tf64,happyquokka,reconstruction,gate0_gate2_subject_specific_local_models_weissbart_full_v1,0,P01,test_-_P01_-_AUNP05,64,pearson_r,0.055471930785891695,640,happyquokka_epoch_6,subject_specific_local_models_weissbart_full,1240,0.5161290322580645,tail shorter than 10s chunk,True,10s_chunk
weissbart_tf64,happyquokka,reconstruction,gate0_gate2_subject_specific_local_models_weissbart_full_v1,0,P01,test_-_P01_-_AUNP06,64,pearson_r,0.035273548763166886,640,happyquokka_epoch_6,subject_specific_local_models_weissbart_full,943,0.6786850477200425,tail shorter than 10s chunk,True,10s_chunk
weissbart_tf64,happyquokka,reconstruction,gate0_gate2_subject_specific_local_models_weissbart_full_v1,0,P01,test_-_P01_-_AUNP07,64,pearson_r,0.19120686015532526,640,happyquokka_epoch_6,subject_specific_local_models_weissbart_full,1183,0.5409974640743872,tail shorter than 10s chunk,True,10s_chunk
weissbart_tf64,happyquokka,reconstruction,gate0_gate2_subject_specific_local_models_weissbart_full_v1,0,P01,test_-_P01_-_AUNP08,64,pearson_r,-0.15407248503525245,640,happyquokka_epoch_6,subject_specific_local_models_weissbart_full,1153,0.5550737207285342,tail shorter than 10s chunk,True,10s_chunk
weissbart_tf64,happyquokka,reconstruction,gate0_gate2_subject_specific_local_models_weissbart_full_v1,0,P01,test_-_P01_-_BROP01,64,pearson_r,0.02415579109455398,640,happyquokka_epoch_6,subject_specific_local_models_weissbart_full,1066,0.600375234521576,tail shorter than 10s chunk,True,10s_chunk
weissbart_tf64,happyquokka,reconstruction,gate0_gate2_subject_specific_local_models_weissbart_full_v1,0,P01,test_-_P01_-_BROP02,64,pearson_r,0.11420370481651816,640,happyquokka_epoch_6,subject_specific_local_models_weissbart_full,1169,0.5474764756201882,tail shorter than 10s chunk,True,10s_chunk
weissbart_tf64,happyquokka,reconstruction,gate0_gate2_subject_specific_local_models_weissbart_full_v1,0,P01,test_-_P01_-_BROP03,64,pearson_r,0.09411022004726573,640,happyquokka_epoch_6,subject_specific_local_models_weissbart_full,1049,0.6101048617731173,tail shorter than 10s chunk,True,10s_chunk
weissbart_tf64,happyquokka,reconstruction,gate0_gate2_subject_specific_local_models_weissbart_full_v1,0,P01,test_-_P01_-_FLOP01,64,pearson_r,-0.12979232462898047,640,happyquokka_epoch_6,subject_specific_local_models_weissbart_full,828,0.7729468599033816,tail shorter than 10s chunk,True,10s_chunk
weissbart_tf64,happyquokka,reconstruction,gate0_gate2_subject_specific_local_models_weissbart_full_v1,0,P01,test_-_P01_-_FLOP02,64,pearson_r,0.17374305584988287,640,happyquokka_epoch_6,subject_specific_local_models_weissbart_full,748,0.8556149732620321,tail shorter than 10s chunk,True,10s_chunk
weissbart_tf64,happyquokka,reconstruction,gate0_gate2_subject_specific_local_models_weissbart_full_v1,0,P01,test_-_P01_-_FLOP03,64,pearson_r,-0.02229802108107457,640,happyquokka_epoch_6,subject_specific_local_models_weissbart_full,704,0.9090909090909091,tail shorter than 10s chunk,True,10s_chunk
weissbart_tf64,happyquokka,reconstruction,gate0_gate2_subject_specific_local_models_weissbart_full_v1,0,P01,test_-_P01_-_FLOP04,64,pearson_r,-0.0342906960841445,640,happyquokka_epoch_6,subject_specific_local_models_weissbart_full,1262,0.5071315372424723,tail shorter than 10s chunk,True,10s_chunk
weissbart_tf64,linear,reconstruction,gate0_gate2_subject_specific_local_models_weissbart_full_v1,0,P02,test_-_P02_-_AUNP01,64,pearson_r,0.047846414764989666,990,linear_ols,subject_specific_local_models_weissbart_full,1039,0.9528392685274302,"lag range [0, 50) trims edges",True,lag_matrix_trf
weissbart_tf64,linear,reconstruction,gate0_gate2_subject_specific_local_models_weissbart_full_v1,0,P02,test_-_P02_-_AUNP02,64,pearson_r,-0.009684504637136009,970,linear_ols,subject_specific_local_models_weissbart_full,1019,0.9519136408243376,"lag range [0, 50) trims edges",True,lag_matrix_trf
weissbart_tf64,linear,reconstruction,gate0_gate2_subject_specific_local_models_weissbart_full_v1,0,P02,test_-_P02_-_AUNP03,64,pearson_r,0.05000787941958324,890,linear_ols,subject_specific_local_models_weissbart_full,939,0.9478168264110756,"lag range [0, 50) trims edges",True,lag_matrix_trf
weissbart_tf64,linear,reconstruction,gate0_gate2_subject_specific_local_models_weissbart_full_v1,0,P02,test_-_P02_-_AUNP04,64,pearson_r,0.07042413341980025,870,linear_ols,subject_specific_local_models_weissbart_full,919,0.9466811751904244,"lag range [0, 50) trims edges",True,lag_matrix_trf
weissbart_tf64,linear,reconstruction,gate0_gate2_subject_specific_local_models_weissbart_full_v1,0,P02,test_-_P02_-_AUNP05,64,pearson_r,0.07941850275858486,1191,linear_ols,subject_specific_local_models_weissbart_full,1240,0.9604838709677419,"lag range [0, 50) trims edges",True,lag_matrix_trf
weissbart_tf64,linear,reconstruction,gate0_gate2_subject_specific_local_models_weissbart_full_v1,0,P02,test_-_P02_-_AUNP06,64,pearson_r,0.15596186566400466,894,linear_ols,subject_specific_local_models_weissbart_full,943,0.9480381760339343,"lag range [0, 50) trims edges",True,lag_matrix_trf
weissbart_tf64,linear,reconstruction,gate0_gate2_subject_specific_local_models_weissbart_full_v1,0,P02,test_-_P02_-_AUNP07,64,pearson_r,0.07148837398911922,1134,linear_ols,subject_specific_local_models_weissbart_full,1183,0.9585798816568047,"lag range [0, 50) trims edges",True,lag_matrix_trf
weissbart_tf64,linear,reconstruction,gate0_gate2_subject_specific_local_models_weissbart_full_v1,0,P02,test_-_P02_-_AUNP08,64,pearson_r,0.10510520255286289,1104,linear_ols,subject_specific_local_models_weissbart_full,1153,0.9575021682567216,"lag range [0, 50) trims edges",True,lag_matrix_trf
weissbart_tf64,linear,reconstruction,gate0_gate2_subject_specific_local_models_weissbart_full_v1,0,P02,test_-_P02_-_BROP01,64,pearson_r,0.1331961231453313,1017,linear_ols,subject_specific_local_models_weissbart_full,1066,0.9540337711069419,"lag range [0, 50) trims edges",True,lag_matrix_trf
weissbart_tf64,linear,reconstruction,gate0_gate2_subject_specific_local_models_weissbart_full_v1,0,P02,test_-_P02_-_BROP02,64,pearson_r,0.09825497947848676,1120,linear_ols,subject_specific_local_models_weissbart_full,1169,0.9580838323353293,"lag range [0, 50) trims edges",True,lag_matrix_trf
weissbart_tf64,linear,reconstruction,gate0_gate2_subject_specific_local_models_weissbart_full_v1,0,P02,test_-_P02_-_BROP03,64,pearson_r,0.18397060931388742,1000,linear_ols,subject_specific_local_models_weissbart_full,1049,0.9532888465204957,"lag range [0, 50) trims edges",True,lag_matrix_trf
weissbart_tf64,linear,reconstruction,gate0_gate2_subject_specific_local_models_weissbart_full_v1,0,P02,test_-_P02_-_FLOP01,64,pearson_r,0.10861762268383075,779,linear_ols,subject_specific_local_models_weissbart_full,828,0.9408212560386473,"lag range [0, 50) trims edges",True,lag_matrix_trf
weissbart_tf64,linear,reconstruction,gate0_gate2_subject_specific_local_models_weissbart_full_v1,0,P02,test_-_P02_-_FLOP02,64,pearson_r,0.03504649280145818,699,linear_ols,subject_specific_local_models_weissbart_full,748,0.9344919786096256,"lag range [0, 50) trims edges",True,lag_matrix_trf
weissbart_tf64,linear,reconstruction,gate0_gate2_subject_specific_local_models_weissbart_full_v1,0,P02,test_-_P02_-_FLOP03,64,pearson_r,0.11452373275321273,655,linear_ols,subject_specific_local_models_weissbart_full,704,0.9303977272727273,"lag range [0, 50) trims edges",True,lag_matrix_trf
weissbart_tf64,linear,reconstruction,gate0_gate2_subject_specific_local_models_weissbart_full_v1,0,P02,test_-_P02_-_FLOP04,64,pearson_r,0.12573329347935983,1213,linear_ols,subject_specific_local_models_weissbart_full,1262,0.9611727416798732,"lag range [0, 50) trims edges",True,lag_matrix_trf
weissbart_tf64,lasso,reconstruction,gate0_gate2_subject_specific_local_models_weissbart_full_v1,0,P02,test_-_P02_-_AUNP01,64,pearson_r,0.040552574345361546,990,lasso_alpha_0.001,subject_specific_local_models_weissbart_full,1039,0.9528392685274302,"lag range [0, 50) trims edges",True,lag_matrix_trf
weissbart_tf64,lasso,reconstruction,gate0_gate2_subject_specific_local_models_weissbart_full_v1,0,P02,test_-_P02_-_AUNP02,64,pearson_r,-0.021082541479816932,970,lasso_alpha_0.001,subject_specific_local_models_weissbart_full,1019,0.9519136408243376,"lag range [0, 50) trims edges",True,lag_matrix_trf
weissbart_tf64,lasso,reconstruction,gate0_gate2_subject_specific_local_models_weissbart_full_v1,0,P02,test_-_P02_-_AUNP03,64,pearson_r,0.09354359906778364,890,lasso_alpha_0.001,subject_specific_local_models_weissbart_full,939,0.9478168264110756,"lag range [0, 50) trims edges",True,lag_matrix_trf
weissbart_tf64,lasso,reconstruction,gate0_gate2_subject_specific_local_models_weissbart_full_v1,0,P02,test_-_P02_-_AUNP04,64,pearson_r,0.10334997882993079,870,lasso_alpha_0.001,subject_specific_local_models_weissbart_full,919,0.9466811751904244,"lag range [0, 50) trims edges",True,lag_matrix_trf
weissbart_tf64,lasso,reconstruction,gate0_gate2_subject_specific_local_models_weissbart_full_v1,0,P02,test_-_P02_-_AUNP05,64,pearson_r,0.1220865150843714,1191,lasso_alpha_0.001,subject_specific_local_models_weissbart_full,1240,0.9604838709677419,"lag range [0, 50) trims edges",True,lag_matrix_trf
weissbart_tf64,lasso,reconstruction,gate0_gate2_subject_specific_local_models_weissbart_full_v1,0,P02,test_-_P02_-_AUNP06,64,pearson_r,0.14038677853242007,894,lasso_alpha_0.001,subject_specific_local_models_weissbart_full,943,0.9480381760339343,"lag range [0, 50) trims edges",True,lag_matrix_trf
weissbart_tf64,lasso,reconstruction,gate0_gate2_subject_specific_local_models_weissbart_full_v1,0,P02,test_-_P02_-_AUNP07,64,pearson_r,0.12116953399540098,1134,lasso_alpha_0.001,subject_specific_local_models_weissbart_full,1183,0.9585798816568047,"lag range [0, 50) trims edges",True,lag_matrix_trf
weissbart_tf64,lasso,reconstruction,gate0_gate2_subject_specific_local_models_weissbart_full_v1,0,P02,test_-_P02_-_AUNP08,64,pearson_r,0.11977531781146546,1104,lasso_alpha_0.001,subject_specific_local_models_weissbart_full,1153,0.9575021682567216,"lag range [0, 50) trims edges",True,lag_matrix_trf
weissbart_tf64,lasso,reconstruction,gate0_gate2_subject_specific_local_models_weissbart_full_v1,0,P02,test_-_P02_-_BROP01,64,pearson_r,0.11768903310983896,1017,lasso_alpha_0.001,subject_specific_local_models_weissbart_full,1066,0.9540337711069419,"lag range [0, 50) trims edges",True,lag_matrix_trf
weissbart_tf64,lasso,reconstruction,gate0_gate2_subject_specific_local_models_weissbart_full_v1,0,P02,test_-_P02_-_BROP02,64,pearson_r,0.14671724189901442,1120,lasso_alpha_0.001,subject_specific_local_models_weissbart_full,1169,0.9580838323353293,"lag range [0, 50) trims edges",True,lag_matrix_trf
weissbart_tf64,lasso,reconstruction,gate0_gate2_subject_specific_local_models_weissbart_full_v1,0,P02,test_-_P02_-_BROP03,64,pearson_r,0.21939909294460636,1000,lasso_alpha_0.001,subject_specific_local_models_weissbart_full,1049,0.9532888465204957,"lag range [0, 50) trims edges",True,lag_matrix_trf
weissbart_tf64,lasso,reconstruction,gate0_gate2_subject_specific_local_models_weissbart_full_v1,0,P02,test_-_P02_-_FLOP01,64,pearson_r,0.07255190881518457,779,lasso_alpha_0.001,subject_specific_local_models_weissbart_full,828,0.9408212560386473,"lag range [0, 50) trims edges",True,lag_matrix_trf
weissbart_tf64,lasso,reconstruction,gate0_gate2_subject_specific_local_models_weissbart_full_v1,0,P02,test_-_P02_-_FLOP02,64,pearson_r,0.03734412186614193,699,lasso_alpha_0.001,subject_specific_local_models_weissbart_full,748,0.9344919786096256,"lag range [0, 50) trims edges",True,lag_matrix_trf
weissbart_tf64,lasso,reconstruction,gate0_gate2_subject_specific_local_models_weissbart_full_v1,0,P02,test_-_P02_-_FLOP03,64,pearson_r,0.14588906454552636,655,lasso_alpha_0.001,subject_specific_local_models_weissbart_full,704,0.9303977272727273,"lag range [0, 50) trims edges",True,lag_matrix_trf
weissbart_tf64,lasso,reconstruction,gate0_gate2_subject_specific_local_models_weissbart_full_v1,0,P02,test_-_P02_-_FLOP04,64,pearson_r,0.17718687909670244,1213,lasso_alpha_0.001,subject_specific_local_models_weissbart_full,1262,0.9611727416798732,"lag range [0, 50) trims edges",True,lag_matrix_trf
weissbart_tf64,elasticnet,reconstruction,gate0_gate2_subject_specific_local_models_weissbart_full_v1,0,P02,test_-_P02_-_AUNP01,64,pearson_r,0.0266924597784534,990,elasticnet_alpha_0.01_l1_0.2,subject_specific_local_models_weissbart_full,1039,0.9528392685274302,"lag range [0, 50) trims edges",True,lag_matrix_trf
weissbart_tf64,elasticnet,reconstruction,gate0_gate2_subject_specific_local_models_weissbart_full_v1,0,P02,test_-_P02_-_AUNP02,64,pearson_r,0.02302323654147424,970,elasticnet_alpha_0.01_l1_0.2,subject_specific_local_models_weissbart_full,1019,0.9519136408243376,"lag range [0, 50) trims edges",True,lag_matrix_trf
weissbart_tf64,elasticnet,reconstruction,gate0_gate2_subject_specific_local_models_weissbart_full_v1,0,P02,test_-_P02_-_AUNP03,64,pearson_r,0.10420163954079031,890,elasticnet_alpha_0.01_l1_0.2,subject_specific_local_models_weissbart_full,939,0.9478168264110756,"lag range [0, 50) trims edges",True,lag_matrix_trf
weissbart_tf64,elasticnet,reconstruction,gate0_gate2_subject_specific_local_models_weissbart_full_v1,0,P02,test_-_P02_-_AUNP04,64,pearson_r,0.1118573516472625,870,elasticnet_alpha_0.01_l1_0.2,subject_specific_local_models_weissbart_full,919,0.9466811751904244,"lag range [0, 50) trims edges",True,lag_matrix_trf
weissbart_tf64,elasticnet,reconstruction,gate0_gate2_subject_specific_local_models_weissbart_full_v1,0,P02,test_-_P02_-_AUNP05,64,pearson_r,0.07392549438543064,1191,elasticnet_alpha_0.01_l1_0.2,subject_specific_local_models_weissbart_full,1240,0.9604838709677419,"lag range [0, 50) trims edges",True,lag_matrix_trf
weissbart_tf64,elasticnet,reconstruction,gate0_gate2_subject_specific_local_models_weissbart_full_v1,0,P02,test_-_P02_-_AUNP06,64,pearson_r,0.15124713313730878,894,elasticnet_alpha_0.01_l1_0.2,subject_specific_local_models_weissbart_full,943,0.9480381760339343,"lag range [0, 50) trims edges",True,lag_matrix_trf
weissbart_tf64,elasticnet,reconstruction,gate0_gate2_subject_specific_local_models_weissbart_full_v1,0,P02,test_-_P02_-_AUNP07,64,pearson_r,0.10224268970406354,1134,elasticnet_alpha_0.01_l1_0.2,subject_specific_local_models_weissbart_full,1183,0.9585798816568047,"lag range [0, 50) trims edges",True,lag_matrix_trf
weissbart_tf64,elasticnet,reconstruction,gate0_gate2_subject_specific_local_models_weissbart_full_v1,0,P02,test_-_P02_-_AUNP08,64,pearson_r,0.12070735312996417,1104,elasticnet_alpha_0.01_l1_0.2,subject_specific_local_models_weissbart_full,1153,0.9575021682567216,"lag range [0, 50) trims edges",True,lag_matrix_trf
weissbart_tf64,elasticnet,reconstruction,gate0_gate2_subject_specific_local_models_weissbart_full_v1,0,P02,test_-_P02_-_BROP01,64,pearson_r,0.0962149144940801,1017,elasticnet_alpha_0.01_l1_0.2,subject_specific_local_models_weissbart_full,1066,0.9540337711069419,"lag range [0, 50) trims edges",True,lag_matrix_trf
weissbart_tf64,elasticnet,reconstruction,gate0_gate2_subject_specific_local_models_weissbart_full_v1,0,P02,test_-_P02_-_BROP02,64,pearson_r,0.13963964282000035,1120,elasticnet_alpha_0.01_l1_0.2,subject_specific_local_models_weissbart_full,1169,0.9580838323353293,"lag range [0, 50) trims edges",True,lag_matrix_trf
weissbart_tf64,elasticnet,reconstruction,gate0_gate2_subject_specific_local_models_weissbart_full_v1,0,P02,test_-_P02_-_BROP03,64,pearson_r,0.2217647671210871,1000,elasticnet_alpha_0.01_l1_0.2,subject_specific_local_models_weissbart_full,1049,0.9532888465204957,"lag range [0, 50) trims edges",True,lag_matrix_trf
weissbart_tf64,elasticnet,reconstruction,gate0_gate2_subject_specific_local_models_weissbart_full_v1,0,P02,test_-_P02_-_FLOP01,64,pearson_r,0.044039435783277806,779,elasticnet_alpha_0.01_l1_0.2,subject_specific_local_models_weissbart_full,828,0.9408212560386473,"lag range [0, 50) trims edges",True,lag_matrix_trf
weissbart_tf64,elasticnet,reconstruction,gate0_gate2_subject_specific_local_models_weissbart_full_v1,0,P02,test_-_P02_-_FLOP02,64,pearson_r,-0.034831096155126966,699,elasticnet_alpha_0.01_l1_0.2,subject_specific_local_models_weissbart_full,748,0.9344919786096256,"lag range [0, 50) trims edges",True,lag_matrix_trf
weissbart_tf64,elasticnet,reconstruction,gate0_gate2_subject_specific_local_models_weissbart_full_v1,0,P02,test_-_P02_-_FLOP03,64,pearson_r,0.10121527010837161,655,elasticnet_alpha_0.01_l1_0.2,subject_specific_local_models_weissbart_full,704,0.9303977272727273,"lag range [0, 50) trims edges",True,lag_matrix_trf
weissbart_tf64,elasticnet,reconstruction,gate0_gate2_subject_specific_local_models_weissbart_full_v1,0,P02,test_-_P02_-_FLOP04,64,pearson_r,0.19274057098735453,1213,elasticnet_alpha_0.01_l1_0.2,subject_specific_local_models_weissbart_full,1262,0.9611727416798732,"lag range [0, 50) trims edges",True,lag_matrix_trf
weissbart_tf64,vlaai,reconstruction,gate0_gate2_subject_specific_local_models_weissbart_full_v1,0,P02,test_-_P02_-_AUNP01,64,pearson_r,0.1455446131703606,990,vlaai_epoch_1,subject_specific_local_models_weissbart_full,1039,0.9528392685274302,window_size=50 drops first 49 target positions,True,vlaai_local_adapter
weissbart_tf64,vlaai,reconstruction,gate0_gate2_subject_specific_local_models_weissbart_full_v1,0,P02,test_-_P02_-_AUNP02,64,pearson_r,-0.06857763786072266,970,vlaai_epoch_1,subject_specific_local_models_weissbart_full,1019,0.9519136408243376,window_size=50 drops first 49 target positions,True,vlaai_local_adapter
weissbart_tf64,vlaai,reconstruction,gate0_gate2_subject_specific_local_models_weissbart_full_v1,0,P02,test_-_P02_-_AUNP03,64,pearson_r,0.0815031250494422,890,vlaai_epoch_1,subject_specific_local_models_weissbart_full,939,0.9478168264110756,window_size=50 drops first 49 target positions,True,vlaai_local_adapter
weissbart_tf64,vlaai,reconstruction,gate0_gate2_subject_specific_local_models_weissbart_full_v1,0,P02,test_-_P02_-_AUNP04,64,pearson_r,0.1937817263831892,870,vlaai_epoch_1,subject_specific_local_models_weissbart_full,919,0.9466811751904244,window_size=50 drops first 49 target positions,True,vlaai_local_adapter
weissbart_tf64,vlaai,reconstruction,gate0_gate2_subject_specific_local_models_weissbart_full_v1,0,P02,test_-_P02_-_AUNP05,64,pearson_r,0.1683044936812241,1191,vlaai_epoch_1,subject_specific_local_models_weissbart_full,1240,0.9604838709677419,window_size=50 drops first 49 target positions,True,vlaai_local_adapter
weissbart_tf64,vlaai,reconstruction,gate0_gate2_subject_specific_local_models_weissbart_full_v1,0,P02,test_-_P02_-_AUNP06,64,pearson_r,0.11513831208932708,894,vlaai_epoch_1,subject_specific_local_models_weissbart_full,943,0.9480381760339343,window_size=50 drops first 49 target positions,True,vlaai_local_adapter
weissbart_tf64,vlaai,reconstruction,gate0_gate2_subject_specific_local_models_weissbart_full_v1,0,P02,test_-_P02_-_AUNP07,64,pearson_r,0.1068855002341487,1134,vlaai_epoch_1,subject_specific_local_models_weissbart_full,1183,0.9585798816568047,window_size=50 drops first 49 target positions,True,vlaai_local_adapter
weissbart_tf64,vlaai,reconstruction,gate0_gate2_subject_specific_local_models_weissbart_full_v1,0,P02,test_-_P02_-_AUNP08,64,pearson_r,0.16896687379220757,1104,vlaai_epoch_1,subject_specific_local_models_weissbart_full,1153,0.9575021682567216,window_size=50 drops first 49 target positions,True,vlaai_local_adapter
weissbart_tf64,vlaai,reconstruction,gate0_gate2_subject_specific_local_models_weissbart_full_v1,0,P02,test_-_P02_-_BROP01,64,pearson_r,0.03791305150605241,1017,vlaai_epoch_1,subject_specific_local_models_weissbart_full,1066,0.9540337711069419,window_size=50 drops first 49 target positions,True,vlaai_local_adapter
weissbart_tf64,vlaai,reconstruction,gate0_gate2_subject_specific_local_models_weissbart_full_v1,0,P02,test_-_P02_-_BROP02,64,pearson_r,0.1677801115995174,1120,vlaai_epoch_1,subject_specific_local_models_weissbart_full,1169,0.9580838323353293,window_size=50 drops first 49 target positions,True,vlaai_local_adapter
weissbart_tf64,vlaai,reconstruction,gate0_gate2_subject_specific_local_models_weissbart_full_v1,0,P02,test_-_P02_-_BROP03,64,pearson_r,0.2111180235342356,1000,vlaai_epoch_1,subject_specific_local_models_weissbart_full,1049,0.9532888465204957,window_size=50 drops first 49 target positions,True,vlaai_local_adapter
weissbart_tf64,vlaai,reconstruction,gate0_gate2_subject_specific_local_models_weissbart_full_v1,0,P02,test_-_P02_-_FLOP01,64,pearson_r,0.12950916674326607,779,vlaai_epoch_1,subject_specific_local_models_weissbart_full,828,0.9408212560386473,window_size=50 drops first 49 target positions,True,vlaai_local_adapter
weissbart_tf64,vlaai,reconstruction,gate0_gate2_subject_specific_local_models_weissbart_full_v1,0,P02,test_-_P02_-_FLOP02,64,pearson_r,0.10930912849843256,699,vlaai_epoch_1,subject_specific_local_models_weissbart_full,748,0.9344919786096256,window_size=50 drops first 49 target positions,True,vlaai_local_adapter
weissbart_tf64,vlaai,reconstruction,gate0_gate2_subject_specific_local_models_weissbart_full_v1,0,P02,test_-_P02_-_FLOP03,64,pearson_r,0.004920756113607939,655,vlaai_epoch_1,subject_specific_local_models_weissbart_full,704,0.9303977272727273,window_size=50 drops first 49 target positions,True,vlaai_local_adapter
weissbart_tf64,vlaai,reconstruction,gate0_gate2_subject_specific_local_models_weissbart_full_v1,0,P02,test_-_P02_-_FLOP04,64,pearson_r,0.09959237605980054,1213,vlaai_epoch_1,subject_specific_local_models_weissbart_full,1262,0.9611727416798732,window_size=50 drops first 49 target positions,True,vlaai_local_adapter
weissbart_tf64,happyquokka,reconstruction,gate0_gate2_subject_specific_local_models_weissbart_full_v1,0,P02,test_-_P02_-_AUNP01,64,pearson_r,0.11949727722569427,640,happyquokka_epoch_34,subject_specific_local_models_weissbart_full,1039,0.6159769008662175,tail shorter than 10s chunk,True,10s_chunk
weissbart_tf64,happyquokka,reconstruction,gate0_gate2_subject_specific_local_models_weissbart_full_v1,0,P02,test_-_P02_-_AUNP02,64,pearson_r,0.0177640729731817,640,happyquokka_epoch_34,subject_specific_local_models_weissbart_full,1019,0.6280667320902846,tail shorter than 10s chunk,True,10s_chunk
weissbart_tf64,happyquokka,reconstruction,gate0_gate2_subject_specific_local_models_weissbart_full_v1,0,P02,test_-_P02_-_AUNP03,64,pearson_r,0.1061357758807854,640,happyquokka_epoch_34,subject_specific_local_models_weissbart_full,939,0.6815761448349308,tail shorter than 10s chunk,True,10s_chunk
weissbart_tf64,happyquokka,reconstruction,gate0_gate2_subject_specific_local_models_weissbart_full_v1,0,P02,test_-_P02_-_AUNP04,64,pearson_r,0.28056812068019665,640,happyquokka_epoch_34,subject_specific_local_models_weissbart_full,919,0.6964091403699674,tail shorter than 10s chunk,True,10s_chunk
weissbart_tf64,happyquokka,reconstruction,gate0_gate2_subject_specific_local_models_weissbart_full_v1,0,P02,test_-_P02_-_AUNP05,64,pearson_r,0.2661448540570002,640,happyquokka_epoch_34,subject_specific_local_models_weissbart_full,1240,0.5161290322580645,tail shorter than 10s chunk,True,10s_chunk
weissbart_tf64,happyquokka,reconstruction,gate0_gate2_subject_specific_local_models_weissbart_full_v1,0,P02,test_-_P02_-_AUNP06,64,pearson_r,-0.07059359953356302,640,happyquokka_epoch_34,subject_specific_local_models_weissbart_full,943,0.6786850477200425,tail shorter than 10s chunk,True,10s_chunk
weissbart_tf64,happyquokka,reconstruction,gate0_gate2_subject_specific_local_models_weissbart_full_v1,0,P02,test_-_P02_-_AUNP07,64,pearson_r,0.1007003702082786,640,happyquokka_epoch_34,subject_specific_local_models_weissbart_full,1183,0.5409974640743872,tail shorter than 10s chunk,True,10s_chunk
weissbart_tf64,happyquokka,reconstruction,gate0_gate2_subject_specific_local_models_weissbart_full_v1,0,P02,test_-_P02_-_AUNP08,64,pearson_r,0.04908560601715624,640,happyquokka_epoch_34,subject_specific_local_models_weissbart_full,1153,0.5550737207285342,tail shorter than 10s chunk,True,10s_chunk
weissbart_tf64,happyquokka,reconstruction,gate0_gate2_subject_specific_local_models_weissbart_full_v1,0,P02,test_-_P02_-_BROP01,64,pearson_r,0.16973700490661997,640,happyquokka_epoch_34,subject_specific_local_models_weissbart_full,1066,0.600375234521576,tail shorter than 10s chunk,True,10s_chunk
weissbart_tf64,happyquokka,reconstruction,gate0_gate2_subject_specific_local_models_weissbart_full_v1,0,P02,test_-_P02_-_BROP02,64,pearson_r,0.14047763225528237,640,happyquokka_epoch_34,subject_specific_local_models_weissbart_full,1169,0.5474764756201882,tail shorter than 10s chunk,True,10s_chunk
weissbart_tf64,happyquokka,reconstruction,gate0_gate2_subject_specific_local_models_weissbart_full_v1,0,P02,test_-_P02_-_BROP03,64,pearson_r,0.27553056748359006,640,happyquokka_epoch_34,subject_specific_local_models_weissbart_full,1049,0.6101048617731173,tail shorter than 10s chunk,True,10s_chunk
weissbart_tf64,happyquokka,reconstruction,gate0_gate2_subject_specific_local_models_weissbart_full_v1,0,P02,test_-_P02_-_FLOP01,64,pearson_r,0.09868581126403646,640,happyquokka_epoch_34,subject_specific_local_models_weissbart_full,828,0.7729468599033816,tail shorter than 10s chunk,True,10s_chunk
weissbart_tf64,happyquokka,reconstruction,gate0_gate2_subject_specific_local_models_weissbart_full_v1,0,P02,test_-_P02_-_FLOP02,64,pearson_r,0.00829996412585101,640,happyquokka_epoch_34,subject_specific_local_models_weissbart_full,748,0.8556149732620321,tail shorter than 10s chunk,True,10s_chunk
weissbart_tf64,happyquokka,reconstruction,gate0_gate2_subject_specific_local_models_weissbart_full_v1,0,P02,test_-_P02_-_FLOP03,64,pearson_r,0.06579318300723266,640,happyquokka_epoch_34,subject_specific_local_models_weissbart_full,704,0.9090909090909091,tail shorter than 10s chunk,True,10s_chunk
weissbart_tf64,happyquokka,reconstruction,gate0_gate2_subject_specific_local_models_weissbart_full_v1,0,P02,test_-_P02_-_FLOP04,64,pearson_r,-0.009092029981082748,640,happyquokka_epoch_34,subject_specific_local_models_weissbart_full,1262,0.5071315372424723,tail shorter than 10s chunk,True,10s_chunk
weissbart_tf64,linear,reconstruction,gate0_gate2_subject_specific_local_models_weissbart_full_v1,0,P03,test_-_P03_-_AUNP01,64,pearson_r,0.012703037927586437,990,linear_ols,subject_specific_local_models_weissbart_full,1039,0.9528392685274302,"lag range [0, 50) trims edges",True,lag_matrix_trf
weissbart_tf64,linear,reconstruction,gate0_gate2_subject_specific_local_models_weissbart_full_v1,0,P03,test_-_P03_-_AUNP02,64,pearson_r,0.14940829074289774,970,linear_ols,subject_specific_local_models_weissbart_full,1019,0.9519136408243376,"lag range [0, 50) trims edges",True,lag_matrix_trf
weissbart_tf64,linear,reconstruction,gate0_gate2_subject_specific_local_models_weissbart_full_v1,0,P03,test_-_P03_-_AUNP03,64,pearson_r,0.16452205646090434,890,linear_ols,subject_specific_local_models_weissbart_full,939,0.9478168264110756,"lag range [0, 50) trims edges",True,lag_matrix_trf
weissbart_tf64,linear,reconstruction,gate0_gate2_subject_specific_local_models_weissbart_full_v1,0,P03,test_-_P03_-_AUNP04,64,pearson_r,0.11595903171064441,870,linear_ols,subject_specific_local_models_weissbart_full,919,0.9466811751904244,"lag range [0, 50) trims edges",True,lag_matrix_trf
weissbart_tf64,linear,reconstruction,gate0_gate2_subject_specific_local_models_weissbart_full_v1,0,P03,test_-_P03_-_AUNP05,64,pearson_r,0.07147909093882114,1191,linear_ols,subject_specific_local_models_weissbart_full,1240,0.9604838709677419,"lag range [0, 50) trims edges",True,lag_matrix_trf
weissbart_tf64,linear,reconstruction,gate0_gate2_subject_specific_local_models_weissbart_full_v1,0,P03,test_-_P03_-_AUNP06,64,pearson_r,0.2166508077209612,894,linear_ols,subject_specific_local_models_weissbart_full,943,0.9480381760339343,"lag range [0, 50) trims edges",True,lag_matrix_trf
weissbart_tf64,linear,reconstruction,gate0_gate2_subject_specific_local_models_weissbart_full_v1,0,P03,test_-_P03_-_AUNP07,64,pearson_r,0.08312899084136816,1134,linear_ols,subject_specific_local_models_weissbart_full,1183,0.9585798816568047,"lag range [0, 50) trims edges",True,lag_matrix_trf
weissbart_tf64,linear,reconstruction,gate0_gate2_subject_specific_local_models_weissbart_full_v1,0,P03,test_-_P03_-_AUNP08,64,pearson_r,0.09623240035367207,1104,linear_ols,subject_specific_local_models_weissbart_full,1153,0.9575021682567216,"lag range [0, 50) trims edges",True,lag_matrix_trf
weissbart_tf64,linear,reconstruction,gate0_gate2_subject_specific_local_models_weissbart_full_v1,0,P03,test_-_P03_-_BROP01,64,pearson_r,0.06231509645650637,1017,linear_ols,subject_specific_local_models_weissbart_full,1066,0.9540337711069419,"lag range [0, 50) trims edges",True,lag_matrix_trf
weissbart_tf64,linear,reconstruction,gate0_gate2_subject_specific_local_models_weissbart_full_v1,0,P03,test_-_P03_-_BROP02,64,pearson_r,0.08335371294956197,1120,linear_ols,subject_specific_local_models_weissbart_full,1169,0.9580838323353293,"lag range [0, 50) trims edges",True,lag_matrix_trf
weissbart_tf64,linear,reconstruction,gate0_gate2_subject_specific_local_models_weissbart_full_v1,0,P03,test_-_P03_-_BROP03,64,pearson_r,0.1283754673349546,1000,linear_ols,subject_specific_local_models_weissbart_full,1049,0.9532888465204957,"lag range [0, 50) trims edges",True,lag_matrix_trf
weissbart_tf64,linear,reconstruction,gate0_gate2_subject_specific_local_models_weissbart_full_v1,0,P03,test_-_P03_-_FLOP01,64,pearson_r,-0.011276109024272514,779,linear_ols,subject_specific_local_models_weissbart_full,828,0.9408212560386473,"lag range [0, 50) trims edges",True,lag_matrix_trf
weissbart_tf64,linear,reconstruction,gate0_gate2_subject_specific_local_models_weissbart_full_v1,0,P03,test_-_P03_-_FLOP02,64,pearson_r,0.058219658141667206,699,linear_ols,subject_specific_local_models_weissbart_full,748,0.9344919786096256,"lag range [0, 50) trims edges",True,lag_matrix_trf
weissbart_tf64,linear,reconstruction,gate0_gate2_subject_specific_local_models_weissbart_full_v1,0,P03,test_-_P03_-_FLOP03,64,pearson_r,0.2948096881126544,655,linear_ols,subject_specific_local_models_weissbart_full,704,0.9303977272727273,"lag range [0, 50) trims edges",True,lag_matrix_trf
weissbart_tf64,linear,reconstruction,gate0_gate2_subject_specific_local_models_weissbart_full_v1,0,P03,test_-_P03_-_FLOP04,64,pearson_r,0.1834624402426375,1213,linear_ols,subject_specific_local_models_weissbart_full,1262,0.9611727416798732,"lag range [0, 50) trims edges",True,lag_matrix_trf
weissbart_tf64,lasso,reconstruction,gate0_gate2_subject_specific_local_models_weissbart_full_v1,0,P03,test_-_P03_-_AUNP01,64,pearson_r,0.03823033942490722,990,lasso_alpha_0.001,subject_specific_local_models_weissbart_full,1039,0.9528392685274302,"lag range [0, 50) trims edges",True,lag_matrix_trf
weissbart_tf64,lasso,reconstruction,gate0_gate2_subject_specific_local_models_weissbart_full_v1,0,P03,test_-_P03_-_AUNP02,64,pearson_r,0.17323934952985046,970,lasso_alpha_0.001,subject_specific_local_models_weissbart_full,1019,0.9519136408243376,"lag range [0, 50) trims edges",True,lag_matrix_trf
weissbart_tf64,lasso,reconstruction,gate0_gate2_subject_specific_local_models_weissbart_full_v1,0,P03,test_-_P03_-_AUNP03,64,pearson_r,0.17574565837848,890,lasso_alpha_0.001,subject_specific_local_models_weissbart_full,939,0.9478168264110756,"lag range [0, 50) trims edges",True,lag_matrix_trf
weissbart_tf64,lasso,reconstruction,gate0_gate2_subject_specific_local_models_weissbart_full_v1,0,P03,test_-_P03_-_AUNP04,64,pearson_r,0.12059923359352893,870,lasso_alpha_0.001,subject_specific_local_models_weissbart_full,919,0.9466811751904244,"lag range [0, 50) trims edges",True,lag_matrix_trf
weissbart_tf64,lasso,reconstruction,gate0_gate2_subject_specific_local_models_weissbart_full_v1,0,P03,test_-_P03_-_AUNP05,64,pearson_r,0.015140140188823875,1191,lasso_alpha_0.001,subject_specific_local_models_weissbart_full,1240,0.9604838709677419,"lag range [0, 50) trims edges",True,lag_matrix_trf
weissbart_tf64,lasso,reconstruction,gate0_gate2_subject_specific_local_models_weissbart_full_v1,0,P03,test_-_P03_-_AUNP06,64,pearson_r,0.27771381890996627,894,lasso_alpha_0.001,subject_specific_local_models_weissbart_full,943,0.9480381760339343,"lag range [0, 50) trims edges",True,lag_matrix_trf
weissbart_tf64,lasso,reconstruction,gate0_gate2_subject_specific_local_models_weissbart_full_v1,0,P03,test_-_P03_-_AUNP07,64,pearson_r,0.08953964629738811,1134,lasso_alpha_0.001,subject_specific_local_models_weissbart_full,1183,0.9585798816568047,"lag range [0, 50) trims edges",True,lag_matrix_trf
weissbart_tf64,lasso,reconstruction,gate0_gate2_subject_specific_local_models_weissbart_full_v1,0,P03,test_-_P03_-_AUNP08,64,pearson_r,0.11083548199528065,1104,lasso_alpha_0.001,subject_specific_local_models_weissbart_full,1153,0.9575021682567216,"lag range [0, 50) trims edges",True,lag_matrix_trf
weissbart_tf64,lasso,reconstruction,gate0_gate2_subject_specific_local_models_weissbart_full_v1,0,P03,test_-_P03_-_BROP01,64,pearson_r,0.10274999589957226,1017,lasso_alpha_0.001,subject_specific_local_models_weissbart_full,1066,0.9540337711069419,"lag range [0, 50) trims edges",True,lag_matrix_trf
weissbart_tf64,lasso,reconstruction,gate0_gate2_subject_specific_local_models_weissbart_full_v1,0,P03,test_-_P03_-_BROP02,64,pearson_r,0.07544960527001826,1120,lasso_alpha_0.001,subject_specific_local_models_weissbart_full,1169,0.9580838323353293,"lag range [0, 50) trims edges",True,lag_matrix_trf
weissbart_tf64,lasso,reconstruction,gate0_gate2_subject_specific_local_models_weissbart_full_v1,0,P03,test_-_P03_-_BROP03,64,pearson_r,0.1896413607148225,1000,lasso_alpha_0.001,subject_specific_local_models_weissbart_full,1049,0.9532888465204957,"lag range [0, 50) trims edges",True,lag_matrix_trf
weissbart_tf64,lasso,reconstruction,gate0_gate2_subject_specific_local_models_weissbart_full_v1,0,P03,test_-_P03_-_FLOP01,64,pearson_r,-0.0011758124676545293,779,lasso_alpha_0.001,subject_specific_local_models_weissbart_full,828,0.9408212560386473,"lag range [0, 50) trims edges",True,lag_matrix_trf
weissbart_tf64,lasso,reconstruction,gate0_gate2_subject_specific_local_models_weissbart_full_v1,0,P03,test_-_P03_-_FLOP02,64,pearson_r,0.031245269468184483,699,lasso_alpha_0.001,subject_specific_local_models_weissbart_full,748,0.9344919786096256,"lag range [0, 50) trims edges",True,lag_matrix_trf
weissbart_tf64,lasso,reconstruction,gate0_gate2_subject_specific_local_models_weissbart_full_v1,0,P03,test_-_P03_-_FLOP03,64,pearson_r,0.35458582098241426,655,lasso_alpha_0.001,subject_specific_local_models_weissbart_full,704,0.9303977272727273,"lag range [0, 50) trims edges",True,lag_matrix_trf
weissbart_tf64,lasso,reconstruction,gate0_gate2_subject_specific_local_models_weissbart_full_v1,0,P03,test_-_P03_-_FLOP04,64,pearson_r,0.17564195135834942,1213,lasso_alpha_0.001,subject_specific_local_models_weissbart_full,1262,0.9611727416798732,"lag range [0, 50) trims edges",True,lag_matrix_trf
weissbart_tf64,elasticnet,reconstruction,gate0_gate2_subject_specific_local_models_weissbart_full_v1,0,P03,test_-_P03_-_AUNP01,64,pearson_r,0.03626541647151742,990,elasticnet_alpha_0.001_l1_0.8,subject_specific_local_models_weissbart_full,1039,0.9528392685274302,"lag range [0, 50) trims edges",True,lag_matrix_trf
weissbart_tf64,elasticnet,reconstruction,gate0_gate2_subject_specific_local_models_weissbart_full_v1,0,P03,test_-_P03_-_AUNP02,64,pearson_r,0.16723858949331522,970,elasticnet_alpha_0.001_l1_0.8,subject_specific_local_models_weissbart_full,1019,0.9519136408243376,"lag range [0, 50) trims edges",True,lag_matrix_trf
weissbart_tf64,elasticnet,reconstruction,gate0_gate2_subject_specific_local_models_weissbart_full_v1,0,P03,test_-_P03_-_AUNP03,64,pearson_r,0.19011114249460478,890,elasticnet_alpha_0.001_l1_0.8,subject_specific_local_models_weissbart_full,939,0.9478168264110756,"lag range [0, 50) trims edges",True,lag_matrix_trf
weissbart_tf64,elasticnet,reconstruction,gate0_gate2_subject_specific_local_models_weissbart_full_v1,0,P03,test_-_P03_-_AUNP04,64,pearson_r,0.11819809585464604,870,elasticnet_alpha_0.001_l1_0.8,subject_specific_local_models_weissbart_full,919,0.9466811751904244,"lag range [0, 50) trims edges",True,lag_matrix_trf
weissbart_tf64,elasticnet,reconstruction,gate0_gate2_subject_specific_local_models_weissbart_full_v1,0,P03,test_-_P03_-_AUNP05,64,pearson_r,0.02613065534422432,1191,elasticnet_alpha_0.001_l1_0.8,subject_specific_local_models_weissbart_full,1240,0.9604838709677419,"lag range [0, 50) trims edges",True,lag_matrix_trf
weissbart_tf64,elasticnet,reconstruction,gate0_gate2_subject_specific_local_models_weissbart_full_v1,0,P03,test_-_P03_-_AUNP06,64,pearson_r,0.27769175608727026,894,elasticnet_alpha_0.001_l1_0.8,subject_specific_local_models_weissbart_full,943,0.9480381760339343,"lag range [0, 50) trims edges",True,lag_matrix_trf
weissbart_tf64,elasticnet,reconstruction,gate0_gate2_subject_specific_local_models_weissbart_full_v1,0,P03,test_-_P03_-_AUNP07,64,pearson_r,0.0960473437241624,1134,elasticnet_alpha_0.001_l1_0.8,subject_specific_local_models_weissbart_full,1183,0.9585798816568047,"lag range [0, 50) trims edges",True,lag_matrix_trf
weissbart_tf64,elasticnet,reconstruction,gate0_gate2_subject_specific_local_models_weissbart_full_v1,0,P03,test_-_P03_-_AUNP08,64,pearson_r,0.10413214516274968,1104,elasticnet_alpha_0.001_l1_0.8,subject_specific_local_models_weissbart_full,1153,0.9575021682567216,"lag range [0, 50) trims edges",True,lag_matrix_trf
weissbart_tf64,elasticnet,reconstruction,gate0_gate2_subject_specific_local_models_weissbart_full_v1,0,P03,test_-_P03_-_BROP01,64,pearson_r,0.10037896008843511,1017,elasticnet_alpha_0.001_l1_0.8,subject_specific_local_models_weissbart_full,1066,0.9540337711069419,"lag range [0, 50) trims edges",True,lag_matrix_trf
weissbart_tf64,elasticnet,reconstruction,gate0_gate2_subject_specific_local_models_weissbart_full_v1,0,P03,test_-_P03_-_BROP02,64,pearson_r,0.07872785563741214,1120,elasticnet_alpha_0.001_l1_0.8,subject_specific_local_models_weissbart_full,1169,0.9580838323353293,"lag range [0, 50) trims edges",True,lag_matrix_trf
weissbart_tf64,elasticnet,reconstruction,gate0_gate2_subject_specific_local_models_weissbart_full_v1,0,P03,test_-_P03_-_BROP03,64,pearson_r,0.1818506752719683,1000,elasticnet_alpha_0.001_l1_0.8,subject_specific_local_models_weissbart_full,1049,0.9532888465204957,"lag range [0, 50) trims edges",True,lag_matrix_trf
weissbart_tf64,elasticnet,reconstruction,gate0_gate2_subject_specific_local_models_weissbart_full_v1,0,P03,test_-_P03_-_FLOP01,64,pearson_r,0.0006720142094784372,779,elasticnet_alpha_0.001_l1_0.8,subject_specific_local_models_weissbart_full,828,0.9408212560386473,"lag range [0, 50) trims edges",True,lag_matrix_trf
weissbart_tf64,elasticnet,reconstruction,gate0_gate2_subject_specific_local_models_weissbart_full_v1,0,P03,test_-_P03_-_FLOP02,64,pearson_r,0.027409618128286812,699,elasticnet_alpha_0.001_l1_0.8,subject_specific_local_models_weissbart_full,748,0.9344919786096256,"lag range [0, 50) trims edges",True,lag_matrix_trf
weissbart_tf64,elasticnet,reconstruction,gate0_gate2_subject_specific_local_models_weissbart_full_v1,0,P03,test_-_P03_-_FLOP03,64,pearson_r,0.3701096789820317,655,elasticnet_alpha_0.001_l1_0.8,subject_specific_local_models_weissbart_full,704,0.9303977272727273,"lag range [0, 50) trims edges",True,lag_matrix_trf
weissbart_tf64,elasticnet,reconstruction,gate0_gate2_subject_specific_local_models_weissbart_full_v1,0,P03,test_-_P03_-_FLOP04,64,pearson_r,0.1849206313907447,1213,elasticnet_alpha_0.001_l1_0.8,subject_specific_local_models_weissbart_full,1262,0.9611727416798732,"lag range [0, 50) trims edges",True,lag_matrix_trf
weissbart_tf64,vlaai,reconstruction,gate0_gate2_subject_specific_local_models_weissbart_full_v1,0,P03,test_-_P03_-_AUNP01,64,pearson_r,0.0428122188279357,990,vlaai_epoch_2,subject_specific_local_models_weissbart_full,1039,0.9528392685274302,window_size=50 drops first 49 target positions,True,vlaai_local_adapter
weissbart_tf64,vlaai,reconstruction,gate0_gate2_subject_specific_local_models_weissbart_full_v1,0,P03,test_-_P03_-_AUNP02,64,pearson_r,0.09532498100803843,970,vlaai_epoch_2,subject_specific_local_models_weissbart_full,1019,0.9519136408243376,window_size=50 drops first 49 target positions,True,vlaai_local_adapter
weissbart_tf64,vlaai,reconstruction,gate0_gate2_subject_specific_local_models_weissbart_full_v1,0,P03,test_-_P03_-_AUNP03,64,pearson_r,-0.047331496859542126,890,vlaai_epoch_2,subject_specific_local_models_weissbart_full,939,0.9478168264110756,window_size=50 drops first 49 target positions,True,vlaai_local_adapter
weissbart_tf64,vlaai,reconstruction,gate0_gate2_subject_specific_local_models_weissbart_full_v1,0,P03,test_-_P03_-_AUNP04,64,pearson_r,0.11661756037400288,870,vlaai_epoch_2,subject_specific_local_models_weissbart_full,919,0.9466811751904244,window_size=50 drops first 49 target positions,True,vlaai_local_adapter
weissbart_tf64,vlaai,reconstruction,gate0_gate2_subject_specific_local_models_weissbart_full_v1,0,P03,test_-_P03_-_AUNP05,64,pearson_r,0.01759961826135674,1191,vlaai_epoch_2,subject_specific_local_models_weissbart_full,1240,0.9604838709677419,window_size=50 drops first 49 target positions,True,vlaai_local_adapter
weissbart_tf64,vlaai,reconstruction,gate0_gate2_subject_specific_local_models_weissbart_full_v1,0,P03,test_-_P03_-_AUNP06,64,pearson_r,0.24418939370021278,894,vlaai_epoch_2,subject_specific_local_models_weissbart_full,943,0.9480381760339343,window_size=50 drops first 49 target positions,True,vlaai_local_adapter
weissbart_tf64,vlaai,reconstruction,gate0_gate2_subject_specific_local_models_weissbart_full_v1,0,P03,test_-_P03_-_AUNP07,64,pearson_r,-0.014067715380574568,1134,vlaai_epoch_2,subject_specific_local_models_weissbart_full,1183,0.9585798816568047,window_size=50 drops first 49 target positions,True,vlaai_local_adapter
weissbart_tf64,vlaai,reconstruction,gate0_gate2_subject_specific_local_models_weissbart_full_v1,0,P03,test_-_P03_-_AUNP08,64,pearson_r,0.1889817400959024,1104,vlaai_epoch_2,subject_specific_local_models_weissbart_full,1153,0.9575021682567216,window_size=50 drops first 49 target positions,True,vlaai_local_adapter
weissbart_tf64,vlaai,reconstruction,gate0_gate2_subject_specific_local_models_weissbart_full_v1,0,P03,test_-_P03_-_BROP01,64,pearson_r,0.057595904814054445,1017,vlaai_epoch_2,subject_specific_local_models_weissbart_full,1066,0.9540337711069419,window_size=50 drops first 49 target positions,True,vlaai_local_adapter
weissbart_tf64,vlaai,reconstruction,gate0_gate2_subject_specific_local_models_weissbart_full_v1,0,P03,test_-_P03_-_BROP02,64,pearson_r,-0.00033420906813038043,1120,vlaai_epoch_2,subject_specific_local_models_weissbart_full,1169,0.9580838323353293,window_size=50 drops first 49 target positions,True,vlaai_local_adapter
weissbart_tf64,vlaai,reconstruction,gate0_gate2_subject_specific_local_models_weissbart_full_v1,0,P03,test_-_P03_-_BROP03,64,pearson_r,-0.04655582468023574,1000,vlaai_epoch_2,subject_specific_local_models_weissbart_full,1049,0.9532888465204957,window_size=50 drops first 49 target positions,True,vlaai_local_adapter
weissbart_tf64,vlaai,reconstruction,gate0_gate2_subject_specific_local_models_weissbart_full_v1,0,P03,test_-_P03_-_FLOP01,64,pearson_r,-0.005833497100374769,779,vlaai_epoch_2,subject_specific_local_models_weissbart_full,828,0.9408212560386473,window_size=50 drops first 49 target positions,True,vlaai_local_adapter
weissbart_tf64,vlaai,reconstruction,gate0_gate2_subject_specific_local_models_weissbart_full_v1,0,P03,test_-_P03_-_FLOP02,64,pearson_r,0.1794732337826944,699,vlaai_epoch_2,subject_specific_local_models_weissbart_full,748,0.9344919786096256,window_size=50 drops first 49 target positions,True,vlaai_local_adapter
weissbart_tf64,vlaai,reconstruction,gate0_gate2_subject_specific_local_models_weissbart_full_v1,0,P03,test_-_P03_-_FLOP03,64,pearson_r,0.056773819664690944,655,vlaai_epoch_2,subject_specific_local_models_weissbart_full,704,0.9303977272727273,window_size=50 drops first 49 target positions,True,vlaai_local_adapter
weissbart_tf64,vlaai,reconstruction,gate0_gate2_subject_specific_local_models_weissbart_full_v1,0,P03,test_-_P03_-_FLOP04,64,pearson_r,-0.029021202083200408,1213,vlaai_epoch_2,subject_specific_local_models_weissbart_full,1262,0.9611727416798732,window_size=50 drops first 49 target positions,True,vlaai_local_adapter
weissbart_tf64,happyquokka,reconstruction,gate0_gate2_subject_specific_local_models_weissbart_full_v1,0,P03,test_-_P03_-_AUNP01,64,pearson_r,0.12558441831880596,640,happyquokka_epoch_64,subject_specific_local_models_weissbart_full,1039,0.6159769008662175,tail shorter than 10s chunk,True,10s_chunk
weissbart_tf64,happyquokka,reconstruction,gate0_gate2_subject_specific_local_models_weissbart_full_v1,0,P03,test_-_P03_-_AUNP02,64,pearson_r,0.10574484647846212,640,happyquokka_epoch_64,subject_specific_local_models_weissbart_full,1019,0.6280667320902846,tail shorter than 10s chunk,True,10s_chunk
weissbart_tf64,happyquokka,reconstruction,gate0_gate2_subject_specific_local_models_weissbart_full_v1,0,P03,test_-_P03_-_AUNP03,64,pearson_r,0.06946085463941906,640,happyquokka_epoch_64,subject_specific_local_models_weissbart_full,939,0.6815761448349308,tail shorter than 10s chunk,True,10s_chunk
weissbart_tf64,happyquokka,reconstruction,gate0_gate2_subject_specific_local_models_weissbart_full_v1,0,P03,test_-_P03_-_AUNP04,64,pearson_r,0.4688049064894193,640,happyquokka_epoch_64,subject_specific_local_models_weissbart_full,919,0.6964091403699674,tail shorter than 10s chunk,True,10s_chunk
weissbart_tf64,happyquokka,reconstruction,gate0_gate2_subject_specific_local_models_weissbart_full_v1,0,P03,test_-_P03_-_AUNP05,64,pearson_r,0.1792468519856352,640,happyquokka_epoch_64,subject_specific_local_models_weissbart_full,1240,0.5161290322580645,tail shorter than 10s chunk,True,10s_chunk
weissbart_tf64,happyquokka,reconstruction,gate0_gate2_subject_specific_local_models_weissbart_full_v1,0,P03,test_-_P03_-_AUNP06,64,pearson_r,0.2398621730042554,640,happyquokka_epoch_64,subject_specific_local_models_weissbart_full,943,0.6786850477200425,tail shorter than 10s chunk,True,10s_chunk
weissbart_tf64,happyquokka,reconstruction,gate0_gate2_subject_specific_local_models_weissbart_full_v1,0,P03,test_-_P03_-_AUNP07,64,pearson_r,0.17647888826112804,640,happyquokka_epoch_64,subject_specific_local_models_weissbart_full,1183,0.5409974640743872,tail shorter than 10s chunk,True,10s_chunk
weissbart_tf64,happyquokka,reconstruction,gate0_gate2_subject_specific_local_models_weissbart_full_v1,0,P03,test_-_P03_-_AUNP08,64,pearson_r,0.14639890383518558,640,happyquokka_epoch_64,subject_specific_local_models_weissbart_full,1153,0.5550737207285342,tail shorter than 10s chunk,True,10s_chunk
weissbart_tf64,happyquokka,reconstruction,gate0_gate2_subject_specific_local_models_weissbart_full_v1,0,P03,test_-_P03_-_BROP01,64,pearson_r,0.05465166203432517,640,happyquokka_epoch_64,subject_specific_local_models_weissbart_full,1066,0.600375234521576,tail shorter than 10s chunk,True,10s_chunk
weissbart_tf64,happyquokka,reconstruction,gate0_gate2_subject_specific_local_models_weissbart_full_v1,0,P03,test_-_P03_-_BROP02,64,pearson_r,0.0696567432849298,640,happyquokka_epoch_64,subject_specific_local_models_weissbart_full,1169,0.5474764756201882,tail shorter than 10s chunk,True,10s_chunk
weissbart_tf64,happyquokka,reconstruction,gate0_gate2_subject_specific_local_models_weissbart_full_v1,0,P03,test_-_P03_-_BROP03,64,pearson_r,0.11273899297030399,640,happyquokka_epoch_64,subject_specific_local_models_weissbart_full,1049,0.6101048617731173,tail shorter than 10s chunk,True,10s_chunk
weissbart_tf64,happyquokka,reconstruction,gate0_gate2_subject_specific_local_models_weissbart_full_v1,0,P03,test_-_P03_-_FLOP01,64,pearson_r,0.16086204376370472,640,happyquokka_epoch_64,subject_specific_local_models_weissbart_full,828,0.7729468599033816,tail shorter than 10s chunk,True,10s_chunk
weissbart_tf64,happyquokka,reconstruction,gate0_gate2_subject_specific_local_models_weissbart_full_v1,0,P03,test_-_P03_-_FLOP02,64,pearson_r,0.16404727487280596,640,happyquokka_epoch_64,subject_specific_local_models_weissbart_full,748,0.8556149732620321,tail shorter than 10s chunk,True,10s_chunk
weissbart_tf64,happyquokka,reconstruction,gate0_gate2_subject_specific_local_models_weissbart_full_v1,0,P03,test_-_P03_-_FLOP03,64,pearson_r,0.46624220648579295,640,happyquokka_epoch_64,subject_specific_local_models_weissbart_full,704,0.9090909090909091,tail shorter than 10s chunk,True,10s_chunk
weissbart_tf64,happyquokka,reconstruction,gate0_gate2_subject_specific_local_models_weissbart_full_v1,0,P03,test_-_P03_-_FLOP04,64,pearson_r,0.11101590889161231,640,happyquokka_epoch_64,subject_specific_local_models_weissbart_full,1262,0.5071315372424723,tail shorter than 10s chunk,True,10s_chunk
weissbart_tf64,linear,reconstruction,gate0_gate2_subject_specific_local_models_weissbart_full_v1,0,P04,test_-_P04_-_AUNP01,64,pearson_r,0.045770880521612635,990,linear_ols,subject_specific_local_models_weissbart_full,1039,0.9528392685274302,"lag range [0, 50) trims edges",True,lag_matrix_trf
weissbart_tf64,linear,reconstruction,gate0_gate2_subject_specific_local_models_weissbart_full_v1,0,P04,test_-_P04_-_AUNP02,64,pearson_r,0.06517411766535365,970,linear_ols,subject_specific_local_models_weissbart_full,1019,0.9519136408243376,"lag range [0, 50) trims edges",True,lag_matrix_trf
weissbart_tf64,linear,reconstruction,gate0_gate2_subject_specific_local_models_weissbart_full_v1,0,P04,test_-_P04_-_AUNP03,64,pearson_r,0.01915171626495403,890,linear_ols,subject_specific_local_models_weissbart_full,939,0.9478168264110756,"lag range [0, 50) trims edges",True,lag_matrix_trf
weissbart_tf64,linear,reconstruction,gate0_gate2_subject_specific_local_models_weissbart_full_v1,0,P04,test_-_P04_-_AUNP04,64,pearson_r,0.155019888254712,870,linear_ols,subject_specific_local_models_weissbart_full,919,0.9466811751904244,"lag range [0, 50) trims edges",True,lag_matrix_trf
weissbart_tf64,linear,reconstruction,gate0_gate2_subject_specific_local_models_weissbart_full_v1,0,P04,test_-_P04_-_AUNP05,64,pearson_r,0.1243516443792973,1191,linear_ols,subject_specific_local_models_weissbart_full,1240,0.9604838709677419,"lag range [0, 50) trims edges",True,lag_matrix_trf
weissbart_tf64,linear,reconstruction,gate0_gate2_subject_specific_local_models_weissbart_full_v1,0,P04,test_-_P04_-_AUNP06,64,pearson_r,0.11448080867641544,894,linear_ols,subject_specific_local_models_weissbart_full,943,0.9480381760339343,"lag range [0, 50) trims edges",True,lag_matrix_trf
weissbart_tf64,linear,reconstruction,gate0_gate2_subject_specific_local_models_weissbart_full_v1,0,P04,test_-_P04_-_AUNP07,64,pearson_r,0.022897854609088872,1134,linear_ols,subject_specific_local_models_weissbart_full,1183,0.9585798816568047,"lag range [0, 50) trims edges",True,lag_matrix_trf
weissbart_tf64,linear,reconstruction,gate0_gate2_subject_specific_local_models_weissbart_full_v1,0,P04,test_-_P04_-_AUNP08,64,pearson_r,-0.0053646625629924635,1104,linear_ols,subject_specific_local_models_weissbart_full,1153,0.9575021682567216,"lag range [0, 50) trims edges",True,lag_matrix_trf
weissbart_tf64,linear,reconstruction,gate0_gate2_subject_specific_local_models_weissbart_full_v1,0,P04,test_-_P04_-_BROP01,64,pearson_r,0.05781308664070513,1017,linear_ols,subject_specific_local_models_weissbart_full,1066,0.9540337711069419,"lag range [0, 50) trims edges",True,lag_matrix_trf
weissbart_tf64,linear,reconstruction,gate0_gate2_subject_specific_local_models_weissbart_full_v1,0,P04,test_-_P04_-_BROP02,64,pearson_r,0.09092736098950206,1120,linear_ols,subject_specific_local_models_weissbart_full,1169,0.9580838323353293,"lag range [0, 50) trims edges",True,lag_matrix_trf
weissbart_tf64,linear,reconstruction,gate0_gate2_subject_specific_local_models_weissbart_full_v1,0,P04,test_-_P04_-_BROP03,64,pearson_r,0.15459742893823036,1000,linear_ols,subject_specific_local_models_weissbart_full,1049,0.9532888465204957,"lag range [0, 50) trims edges",True,lag_matrix_trf
weissbart_tf64,linear,reconstruction,gate0_gate2_subject_specific_local_models_weissbart_full_v1,0,P04,test_-_P04_-_FLOP01,64,pearson_r,0.057907516162370394,779,linear_ols,subject_specific_local_models_weissbart_full,828,0.9408212560386473,"lag range [0, 50) trims edges",True,lag_matrix_trf
weissbart_tf64,linear,reconstruction,gate0_gate2_subject_specific_local_models_weissbart_full_v1,0,P04,test_-_P04_-_FLOP02,64,pearson_r,0.19810314438304003,699,linear_ols,subject_specific_local_models_weissbart_full,748,0.9344919786096256,"lag range [0, 50) trims edges",True,lag_matrix_trf
weissbart_tf64,linear,reconstruction,gate0_gate2_subject_specific_local_models_weissbart_full_v1,0,P04,test_-_P04_-_FLOP03,64,pearson_r,0.35973455420682343,655,linear_ols,subject_specific_local_models_weissbart_full,704,0.9303977272727273,"lag range [0, 50) trims edges",True,lag_matrix_trf
weissbart_tf64,linear,reconstruction,gate0_gate2_subject_specific_local_models_weissbart_full_v1,0,P04,test_-_P04_-_FLOP04,64,pearson_r,0.13826760917542705,1213,linear_ols,subject_specific_local_models_weissbart_full,1262,0.9611727416798732,"lag range [0, 50) trims edges",True,lag_matrix_trf
weissbart_tf64,lasso,reconstruction,gate0_gate2_subject_specific_local_models_weissbart_full_v1,0,P04,test_-_P04_-_AUNP01,64,pearson_r,0.036114409102147436,990,lasso_alpha_0.001,subject_specific_local_models_weissbart_full,1039,0.9528392685274302,"lag range [0, 50) trims edges",True,lag_matrix_trf
weissbart_tf64,lasso,reconstruction,gate0_gate2_subject_specific_local_models_weissbart_full_v1,0,P04,test_-_P04_-_AUNP02,64,pearson_r,0.04600811245028469,970,lasso_alpha_0.001,subject_specific_local_models_weissbart_full,1019,0.9519136408243376,"lag range [0, 50) trims edges",True,lag_matrix_trf
weissbart_tf64,lasso,reconstruction,gate0_gate2_subject_specific_local_models_weissbart_full_v1,0,P04,test_-_P04_-_AUNP03,64,pearson_r,0.04221205982949556,890,lasso_alpha_0.001,subject_specific_local_models_weissbart_full,939,0.9478168264110756,"lag range [0, 50) trims edges",True,lag_matrix_trf
weissbart_tf64,lasso,reconstruction,gate0_gate2_subject_specific_local_models_weissbart_full_v1,0,P04,test_-_P04_-_AUNP04,64,pearson_r,0.24399473350099082,870,lasso_alpha_0.001,subject_specific_local_models_weissbart_full,919,0.9466811751904244,"lag range [0, 50) trims edges",True,lag_matrix_trf
weissbart_tf64,lasso,reconstruction,gate0_gate2_subject_specific_local_models_weissbart_full_v1,0,P04,test_-_P04_-_AUNP05,64,pearson_r,0.1423484759052767,1191,lasso_alpha_0.001,subject_specific_local_models_weissbart_full,1240,0.9604838709677419,"lag range [0, 50) trims edges",True,lag_matrix_trf
weissbart_tf64,lasso,reconstruction,gate0_gate2_subject_specific_local_models_weissbart_full_v1,0,P04,test_-_P04_-_AUNP06,64,pearson_r,0.2026080143604537,894,lasso_alpha_0.001,subject_specific_local_models_weissbart_full,943,0.9480381760339343,"lag range [0, 50) trims edges",True,lag_matrix_trf
weissbart_tf64,lasso,reconstruction,gate0_gate2_subject_specific_local_models_weissbart_full_v1,0,P04,test_-_P04_-_AUNP07,64,pearson_r,0.0003437185781461785,1134,lasso_alpha_0.001,subject_specific_local_models_weissbart_full,1183,0.9585798816568047,"lag range [0, 50) trims edges",True,lag_matrix_trf
weissbart_tf64,lasso,reconstruction,gate0_gate2_subject_specific_local_models_weissbart_full_v1,0,P04,test_-_P04_-_AUNP08,64,pearson_r,-0.014650681588392684,1104,lasso_alpha_0.001,subject_specific_local_models_weissbart_full,1153,0.9575021682567216,"lag range [0, 50) trims edges",True,lag_matrix_trf
weissbart_tf64,lasso,reconstruction,gate0_gate2_subject_specific_local_models_weissbart_full_v1,0,P04,test_-_P04_-_BROP01,64,pearson_r,0.013833422754106133,1017,lasso_alpha_0.001,subject_specific_local_models_weissbart_full,1066,0.9540337711069419,"lag range [0, 50) trims edges",True,lag_matrix_trf
weissbart_tf64,lasso,reconstruction,gate0_gate2_subject_specific_local_models_weissbart_full_v1,0,P04,test_-_P04_-_BROP02,64,pearson_r,0.06962784915268014,1120,lasso_alpha_0.001,subject_specific_local_models_weissbart_full,1169,0.9580838323353293,"lag range [0, 50) trims edges",True,lag_matrix_trf
weissbart_tf64,lasso,reconstruction,gate0_gate2_subject_specific_local_models_weissbart_full_v1,0,P04,test_-_P04_-_BROP03,64,pearson_r,0.1914865052269082,1000,lasso_alpha_0.001,subject_specific_local_models_weissbart_full,1049,0.9532888465204957,"lag range [0, 50) trims edges",True,lag_matrix_trf
weissbart_tf64,lasso,reconstruction,gate0_gate2_subject_specific_local_models_weissbart_full_v1,0,P04,test_-_P04_-_FLOP01,64,pearson_r,0.08195953757763616,779,lasso_alpha_0.001,subject_specific_local_models_weissbart_full,828,0.9408212560386473,"lag range [0, 50) trims edges",True,lag_matrix_trf
weissbart_tf64,lasso,reconstruction,gate0_gate2_subject_specific_local_models_weissbart_full_v1,0,P04,test_-_P04_-_FLOP02,64,pearson_r,0.20379083131449263,699,lasso_alpha_0.001,subject_specific_local_models_weissbart_full,748,0.9344919786096256,"lag range [0, 50) trims edges",True,lag_matrix_trf
weissbart_tf64,lasso,reconstruction,gate0_gate2_subject_specific_local_models_weissbart_full_v1,0,P04,test_-_P04_-_FLOP03,64,pearson_r,0.34727728576285666,655,lasso_alpha_0.001,subject_specific_local_models_weissbart_full,704,0.9303977272727273,"lag range [0, 50) trims edges",True,lag_matrix_trf
weissbart_tf64,lasso,reconstruction,gate0_gate2_subject_specific_local_models_weissbart_full_v1,0,P04,test_-_P04_-_FLOP04,64,pearson_r,0.18907235929351224,1213,lasso_alpha_0.001,subject_specific_local_models_weissbart_full,1262,0.9611727416798732,"lag range [0, 50) trims edges",True,lag_matrix_trf
weissbart_tf64,elasticnet,reconstruction,gate0_gate2_subject_specific_local_models_weissbart_full_v1,0,P04,test_-_P04_-_AUNP01,64,pearson_r,0.04771610858845404,990,elasticnet_alpha_0.001_l1_0.5,subject_specific_local_models_weissbart_full,1039,0.9528392685274302,"lag range [0, 50) trims edges",True,lag_matrix_trf
weissbart_tf64,elasticnet,reconstruction,gate0_gate2_subject_specific_local_models_weissbart_full_v1,0,P04,test_-_P04_-_AUNP02,64,pearson_r,0.05423642639952138,970,elasticnet_alpha_0.001_l1_0.5,subject_specific_local_models_weissbart_full,1019,0.9519136408243376,"lag range [0, 50) trims edges",True,lag_matrix_trf
weissbart_tf64,elasticnet,reconstruction,gate0_gate2_subject_specific_local_models_weissbart_full_v1,0,P04,test_-_P04_-_AUNP03,64,pearson_r,0.008700581846427182,890,elasticnet_alpha_0.001_l1_0.5,subject_specific_local_models_weissbart_full,939,0.9478168264110756,"lag range [0, 50) trims edges",True,lag_matrix_trf
weissbart_tf64,elasticnet,reconstruction,gate0_gate2_subject_specific_local_models_weissbart_full_v1,0,P04,test_-_P04_-_AUNP04,64,pearson_r,0.21780451944896828,870,elasticnet_alpha_0.001_l1_0.5,subject_specific_local_models_weissbart_full,919,0.9466811751904244,"lag range [0, 50) trims edges",True,lag_matrix_trf
weissbart_tf64,elasticnet,reconstruction,gate0_gate2_subject_specific_local_models_weissbart_full_v1,0,P04,test_-_P04_-_AUNP05,64,pearson_r,0.14434733775838576,1191,elasticnet_alpha_0.001_l1_0.5,subject_specific_local_models_weissbart_full,1240,0.9604838709677419,"lag range [0, 50) trims edges",True,lag_matrix_trf
weissbart_tf64,elasticnet,reconstruction,gate0_gate2_subject_specific_local_models_weissbart_full_v1,0,P04,test_-_P04_-_AUNP06,64,pearson_r,0.17560092998046736,894,elasticnet_alpha_0.001_l1_0.5,subject_specific_local_models_weissbart_full,943,0.9480381760339343,"lag range [0, 50) trims edges",True,lag_matrix_trf
weissbart_tf64,elasticnet,reconstruction,gate0_gate2_subject_specific_local_models_weissbart_full_v1,0,P04,test_-_P04_-_AUNP07,64,pearson_r,0.0069997054129695355,1134,elasticnet_alpha_0.001_l1_0.5,subject_specific_local_models_weissbart_full,1183,0.9585798816568047,"lag range [0, 50) trims edges",True,lag_matrix_trf
weissbart_tf64,elasticnet,reconstruction,gate0_gate2_subject_specific_local_models_weissbart_full_v1,0,P04,test_-_P04_-_AUNP08,64,pearson_r,0.004194855064792159,1104,elasticnet_alpha_0.001_l1_0.5,subject_specific_local_models_weissbart_full,1153,0.9575021682567216,"lag range [0, 50) trims edges",True,lag_matrix_trf
weissbart_tf64,elasticnet,reconstruction,gate0_gate2_subject_specific_local_models_weissbart_full_v1,0,P04,test_-_P04_-_BROP01,64,pearson_r,0.03747858128509212,1017,elasticnet_alpha_0.001_l1_0.5,subject_specific_local_models_weissbart_full,1066,0.9540337711069419,"lag range [0, 50) trims edges",True,lag_matrix_trf
weissbart_tf64,elasticnet,reconstruction,gate0_gate2_subject_specific_local_models_weissbart_full_v1,0,P04,test_-_P04_-_BROP02,64,pearson_r,0.09088004831553816,1120,elasticnet_alpha_0.001_l1_0.5,subject_specific_local_models_weissbart_full,1169,0.9580838323353293,"lag range [0, 50) trims edges",True,lag_matrix_trf
weissbart_tf64,elasticnet,reconstruction,gate0_gate2_subject_specific_local_models_weissbart_full_v1,0,P04,test_-_P04_-_BROP03,64,pearson_r,0.18285962499385897,1000,elasticnet_alpha_0.001_l1_0.5,subject_specific_local_models_weissbart_full,1049,0.9532888465204957,"lag range [0, 50) trims edges",True,lag_matrix_trf
weissbart_tf64,elasticnet,reconstruction,gate0_gate2_subject_specific_local_models_weissbart_full_v1,0,P04,test_-_P04_-_FLOP01,64,pearson_r,0.08467503581153821,779,elasticnet_alpha_0.001_l1_0.5,subject_specific_local_models_weissbart_full,828,0.9408212560386473,"lag range [0, 50) trims edges",True,lag_matrix_trf
weissbart_tf64,elasticnet,reconstruction,gate0_gate2_subject_specific_local_models_weissbart_full_v1,0,P04,test_-_P04_-_FLOP02,64,pearson_r,0.2302469831430237,699,elasticnet_alpha_0.001_l1_0.5,subject_specific_local_models_weissbart_full,748,0.9344919786096256,"lag range [0, 50) trims edges",True,lag_matrix_trf
weissbart_tf64,elasticnet,reconstruction,gate0_gate2_subject_specific_local_models_weissbart_full_v1,0,P04,test_-_P04_-_FLOP03,64,pearson_r,0.3735098833488776,655,elasticnet_alpha_0.001_l1_0.5,subject_specific_local_models_weissbart_full,704,0.9303977272727273,"lag range [0, 50) trims edges",True,lag_matrix_trf
weissbart_tf64,elasticnet,reconstruction,gate0_gate2_subject_specific_local_models_weissbart_full_v1,0,P04,test_-_P04_-_FLOP04,64,pearson_r,0.18490744960184652,1213,elasticnet_alpha_0.001_l1_0.5,subject_specific_local_models_weissbart_full,1262,0.9611727416798732,"lag range [0, 50) trims edges",True,lag_matrix_trf
weissbart_tf64,vlaai,reconstruction,gate0_gate2_subject_specific_local_models_weissbart_full_v1,0,P04,test_-_P04_-_AUNP01,64,pearson_r,0.11228651868853594,990,vlaai_epoch_2,subject_specific_local_models_weissbart_full,1039,0.9528392685274302,window_size=50 drops first 49 target positions,True,vlaai_local_adapter
weissbart_tf64,vlaai,reconstruction,gate0_gate2_subject_specific_local_models_weissbart_full_v1,0,P04,test_-_P04_-_AUNP02,64,pearson_r,0.1303844090615162,970,vlaai_epoch_2,subject_specific_local_models_weissbart_full,1019,0.9519136408243376,window_size=50 drops first 49 target positions,True,vlaai_local_adapter
weissbart_tf64,vlaai,reconstruction,gate0_gate2_subject_specific_local_models_weissbart_full_v1,0,P04,test_-_P04_-_AUNP03,64,pearson_r,0.18367331803716216,890,vlaai_epoch_2,subject_specific_local_models_weissbart_full,939,0.9478168264110756,window_size=50 drops first 49 target positions,True,vlaai_local_adapter
weissbart_tf64,vlaai,reconstruction,gate0_gate2_subject_specific_local_models_weissbart_full_v1,0,P04,test_-_P04_-_AUNP04,64,pearson_r,0.030833991344156663,870,vlaai_epoch_2,subject_specific_local_models_weissbart_full,919,0.9466811751904244,window_size=50 drops first 49 target positions,True,vlaai_local_adapter
weissbart_tf64,vlaai,reconstruction,gate0_gate2_subject_specific_local_models_weissbart_full_v1,0,P04,test_-_P04_-_AUNP05,64,pearson_r,0.2432360141297648,1191,vlaai_epoch_2,subject_specific_local_models_weissbart_full,1240,0.9604838709677419,window_size=50 drops first 49 target positions,True,vlaai_local_adapter
weissbart_tf64,vlaai,reconstruction,gate0_gate2_subject_specific_local_models_weissbart_full_v1,0,P04,test_-_P04_-_AUNP06,64,pearson_r,0.16043715009745824,894,vlaai_epoch_2,subject_specific_local_models_weissbart_full,943,0.9480381760339343,window_size=50 drops first 49 target positions,True,vlaai_local_adapter
weissbart_tf64,vlaai,reconstruction,gate0_gate2_subject_specific_local_models_weissbart_full_v1,0,P04,test_-_P04_-_AUNP07,64,pearson_r,0.11826305564288081,1134,vlaai_epoch_2,subject_specific_local_models_weissbart_full,1183,0.9585798816568047,window_size=50 drops first 49 target positions,True,vlaai_local_adapter
weissbart_tf64,vlaai,reconstruction,gate0_gate2_subject_specific_local_models_weissbart_full_v1,0,P04,test_-_P04_-_AUNP08,64,pearson_r,-0.13269941176992714,1104,vlaai_epoch_2,subject_specific_local_models_weissbart_full,1153,0.9575021682567216,window_size=50 drops first 49 target positions,True,vlaai_local_adapter
weissbart_tf64,vlaai,reconstruction,gate0_gate2_subject_specific_local_models_weissbart_full_v1,0,P04,test_-_P04_-_BROP01,64,pearson_r,-0.010027648648741993,1017,vlaai_epoch_2,subject_specific_local_models_weissbart_full,1066,0.9540337711069419,window_size=50 drops first 49 target positions,True,vlaai_local_adapter
weissbart_tf64,vlaai,reconstruction,gate0_gate2_subject_specific_local_models_weissbart_full_v1,0,P04,test_-_P04_-_BROP02,64,pearson_r,5.987691913163808e-06,1120,vlaai_epoch_2,subject_specific_local_models_weissbart_full,1169,0.9580838323353293,window_size=50 drops first 49 target positions,True,vlaai_local_adapter
weissbart_tf64,vlaai,reconstruction,gate0_gate2_subject_specific_local_models_weissbart_full_v1,0,P04,test_-_P04_-_BROP03,64,pearson_r,-0.0021174282370038443,1000,vlaai_epoch_2,subject_specific_local_models_weissbart_full,1049,0.9532888465204957,window_size=50 drops first 49 target positions,True,vlaai_local_adapter
weissbart_tf64,vlaai,reconstruction,gate0_gate2_subject_specific_local_models_weissbart_full_v1,0,P04,test_-_P04_-_FLOP01,64,pearson_r,0.17170209103848114,779,vlaai_epoch_2,subject_specific_local_models_weissbart_full,828,0.9408212560386473,window_size=50 drops first 49 target positions,True,vlaai_local_adapter
weissbart_tf64,vlaai,reconstruction,gate0_gate2_subject_specific_local_models_weissbart_full_v1,0,P04,test_-_P04_-_FLOP02,64,pearson_r,0.10811072935299208,699,vlaai_epoch_2,subject_specific_local_models_weissbart_full,748,0.9344919786096256,window_size=50 drops first 49 target positions,True,vlaai_local_adapter
weissbart_tf64,vlaai,reconstruction,gate0_gate2_subject_specific_local_models_weissbart_full_v1,0,P04,test_-_P04_-_FLOP03,64,pearson_r,0.32280524902460506,655,vlaai_epoch_2,subject_specific_local_models_weissbart_full,704,0.9303977272727273,window_size=50 drops first 49 target positions,True,vlaai_local_adapter
weissbart_tf64,vlaai,reconstruction,gate0_gate2_subject_specific_local_models_weissbart_full_v1,0,P04,test_-_P04_-_FLOP04,64,pearson_r,0.10705056152412785,1213,vlaai_epoch_2,subject_specific_local_models_weissbart_full,1262,0.9611727416798732,window_size=50 drops first 49 target positions,True,vlaai_local_adapter
weissbart_tf64,happyquokka,reconstruction,gate0_gate2_subject_specific_local_models_weissbart_full_v1,0,P04,test_-_P04_-_AUNP01,64,pearson_r,0.1825495212615553,640,happyquokka_epoch_32,subject_specific_local_models_weissbart_full,1039,0.6159769008662175,tail shorter than 10s chunk,True,10s_chunk
weissbart_tf64,happyquokka,reconstruction,gate0_gate2_subject_specific_local_models_weissbart_full_v1,0,P04,test_-_P04_-_AUNP02,64,pearson_r,0.09360705134136937,640,happyquokka_epoch_32,subject_specific_local_models_weissbart_full,1019,0.6280667320902846,tail shorter than 10s chunk,True,10s_chunk
weissbart_tf64,happyquokka,reconstruction,gate0_gate2_subject_specific_local_models_weissbart_full_v1,0,P04,test_-_P04_-_AUNP03,64,pearson_r,0.23722695166753144,640,happyquokka_epoch_32,subject_specific_local_models_weissbart_full,939,0.6815761448349308,tail shorter than 10s chunk,True,10s_chunk
weissbart_tf64,happyquokka,reconstruction,gate0_gate2_subject_specific_local_models_weissbart_full_v1,0,P04,test_-_P04_-_AUNP04,64,pearson_r,0.01742754561529572,640,happyquokka_epoch_32,subject_specific_local_models_weissbart_full,919,0.6964091403699674,tail shorter than 10s chunk,True,10s_chunk
weissbart_tf64,happyquokka,reconstruction,gate0_gate2_subject_specific_local_models_weissbart_full_v1,0,P04,test_-_P04_-_AUNP05,64,pearson_r,0.08740057999989281,640,happyquokka_epoch_32,subject_specific_local_models_weissbart_full,1240,0.5161290322580645,tail shorter than 10s chunk,True,10s_chunk
weissbart_tf64,happyquokka,reconstruction,gate0_gate2_subject_specific_local_models_weissbart_full_v1,0,P04,test_-_P04_-_AUNP06,64,pearson_r,0.19789731718958867,640,happyquokka_epoch_32,subject_specific_local_models_weissbart_full,943,0.6786850477200425,tail shorter than 10s chunk,True,10s_chunk
weissbart_tf64,happyquokka,reconstruction,gate0_gate2_subject_specific_local_models_weissbart_full_v1,0,P04,test_-_P04_-_AUNP07,64,pearson_r,0.07598552959313903,640,happyquokka_epoch_32,subject_specific_local_models_weissbart_full,1183,0.5409974640743872,tail shorter than 10s chunk,True,10s_chunk
weissbart_tf64,happyquokka,reconstruction,gate0_gate2_subject_specific_local_models_weissbart_full_v1,0,P04,test_-_P04_-_AUNP08,64,pearson_r,-0.11212291589634,640,happyquokka_epoch_32,subject_specific_local_models_weissbart_full,1153,0.5550737207285342,tail shorter than 10s chunk,True,10s_chunk
weissbart_tf64,happyquokka,reconstruction,gate0_gate2_subject_specific_local_models_weissbart_full_v1,0,P04,test_-_P04_-_BROP01,64,pearson_r,-0.08237433048879225,640,happyquokka_epoch_32,subject_specific_local_models_weissbart_full,1066,0.600375234521576,tail shorter than 10s chunk,True,10s_chunk
weissbart_tf64,happyquokka,reconstruction,gate0_gate2_subject_specific_local_models_weissbart_full_v1,0,P04,test_-_P04_-_BROP02,64,pearson_r,0.21864724729300428,640,happyquokka_epoch_32,subject_specific_local_models_weissbart_full,1169,0.5474764756201882,tail shorter than 10s chunk,True,10s_chunk
weissbart_tf64,happyquokka,reconstruction,gate0_gate2_subject_specific_local_models_weissbart_full_v1,0,P04,test_-_P04_-_BROP03,64,pearson_r,0.2736019677269672,640,happyquokka_epoch_32,subject_specific_local_models_weissbart_full,1049,0.6101048617731173,tail shorter than 10s chunk,True,10s_chunk
weissbart_tf64,happyquokka,reconstruction,gate0_gate2_subject_specific_local_models_weissbart_full_v1,0,P04,test_-_P04_-_FLOP01,64,pearson_r,0.027427819037224285,640,happyquokka_epoch_32,subject_specific_local_models_weissbart_full,828,0.7729468599033816,tail shorter than 10s chunk,True,10s_chunk
weissbart_tf64,happyquokka,reconstruction,gate0_gate2_subject_specific_local_models_weissbart_full_v1,0,P04,test_-_P04_-_FLOP02,64,pearson_r,0.05783778667253976,640,happyquokka_epoch_32,subject_specific_local_models_weissbart_full,748,0.8556149732620321,tail shorter than 10s chunk,True,10s_chunk
weissbart_tf64,happyquokka,reconstruction,gate0_gate2_subject_specific_local_models_weissbart_full_v1,0,P04,test_-_P04_-_FLOP03,64,pearson_r,-0.037377351272644355,640,happyquokka_epoch_32,subject_specific_local_models_weissbart_full,704,0.9090909090909091,tail shorter than 10s chunk,True,10s_chunk
weissbart_tf64,happyquokka,reconstruction,gate0_gate2_subject_specific_local_models_weissbart_full_v1,0,P04,test_-_P04_-_FLOP04,64,pearson_r,0.13932258518460103,640,happyquokka_epoch_32,subject_specific_local_models_weissbart_full,1262,0.5071315372424723,tail shorter than 10s chunk,True,10s_chunk
weissbart_tf64,linear,reconstruction,gate0_gate2_subject_specific_local_models_weissbart_full_v1,0,P05,test_-_P05_-_AUNP01,64,pearson_r,0.21220253350314297,990,linear_ols,subject_specific_local_models_weissbart_full,1039,0.9528392685274302,"lag range [0, 50) trims edges",True,lag_matrix_trf
weissbart_tf64,linear,reconstruction,gate0_gate2_subject_specific_local_models_weissbart_full_v1,0,P05,test_-_P05_-_AUNP02,64,pearson_r,0.06927168416614979,970,linear_ols,subject_specific_local_models_weissbart_full,1019,0.9519136408243376,"lag range [0, 50) trims edges",True,lag_matrix_trf
weissbart_tf64,linear,reconstruction,gate0_gate2_subject_specific_local_models_weissbart_full_v1,0,P05,test_-_P05_-_AUNP03,64,pearson_r,0.05788288087640286,890,linear_ols,subject_specific_local_models_weissbart_full,939,0.9478168264110756,"lag range [0, 50) trims edges",True,lag_matrix_trf
weissbart_tf64,linear,reconstruction,gate0_gate2_subject_specific_local_models_weissbart_full_v1,0,P05,test_-_P05_-_AUNP04,64,pearson_r,0.12208868378588357,870,linear_ols,subject_specific_local_models_weissbart_full,919,0.9466811751904244,"lag range [0, 50) trims edges",True,lag_matrix_trf
weissbart_tf64,linear,reconstruction,gate0_gate2_subject_specific_local_models_weissbart_full_v1,0,P05,test_-_P05_-_AUNP05,64,pearson_r,0.10144407734422133,1191,linear_ols,subject_specific_local_models_weissbart_full,1240,0.9604838709677419,"lag range [0, 50) trims edges",True,lag_matrix_trf
weissbart_tf64,linear,reconstruction,gate0_gate2_subject_specific_local_models_weissbart_full_v1,0,P05,test_-_P05_-_AUNP06,64,pearson_r,0.08769870935188144,894,linear_ols,subject_specific_local_models_weissbart_full,943,0.9480381760339343,"lag range [0, 50) trims edges",True,lag_matrix_trf
weissbart_tf64,linear,reconstruction,gate0_gate2_subject_specific_local_models_weissbart_full_v1,0,P05,test_-_P05_-_AUNP07,64,pearson_r,0.004885692160197015,1134,linear_ols,subject_specific_local_models_weissbart_full,1183,0.9585798816568047,"lag range [0, 50) trims edges",True,lag_matrix_trf
weissbart_tf64,linear,reconstruction,gate0_gate2_subject_specific_local_models_weissbart_full_v1,0,P05,test_-_P05_-_AUNP08,64,pearson_r,0.025619193100710928,1104,linear_ols,subject_specific_local_models_weissbart_full,1153,0.9575021682567216,"lag range [0, 50) trims edges",True,lag_matrix_trf
weissbart_tf64,linear,reconstruction,gate0_gate2_subject_specific_local_models_weissbart_full_v1,0,P05,test_-_P05_-_BROP01,64,pearson_r,0.10293166736903724,1017,linear_ols,subject_specific_local_models_weissbart_full,1066,0.9540337711069419,"lag range [0, 50) trims edges",True,lag_matrix_trf
weissbart_tf64,linear,reconstruction,gate0_gate2_subject_specific_local_models_weissbart_full_v1,0,P05,test_-_P05_-_BROP02,64,pearson_r,0.12411587934600489,1120,linear_ols,subject_specific_local_models_weissbart_full,1169,0.9580838323353293,"lag range [0, 50) trims edges",True,lag_matrix_trf
weissbart_tf64,linear,reconstruction,gate0_gate2_subject_specific_local_models_weissbart_full_v1,0,P05,test_-_P05_-_BROP03,64,pearson_r,0.18875790935048695,1000,linear_ols,subject_specific_local_models_weissbart_full,1049,0.9532888465204957,"lag range [0, 50) trims edges",True,lag_matrix_trf
weissbart_tf64,linear,reconstruction,gate0_gate2_subject_specific_local_models_weissbart_full_v1,0,P05,test_-_P05_-_FLOP01,64,pearson_r,0.075449414506427,779,linear_ols,subject_specific_local_models_weissbart_full,828,0.9408212560386473,"lag range [0, 50) trims edges",True,lag_matrix_trf
weissbart_tf64,linear,reconstruction,gate0_gate2_subject_specific_local_models_weissbart_full_v1,0,P05,test_-_P05_-_FLOP02,64,pearson_r,0.13896440342079924,699,linear_ols,subject_specific_local_models_weissbart_full,748,0.9344919786096256,"lag range [0, 50) trims edges",True,lag_matrix_trf
weissbart_tf64,linear,reconstruction,gate0_gate2_subject_specific_local_models_weissbart_full_v1,0,P05,test_-_P05_-_FLOP03,64,pearson_r,0.1944060047612675,655,linear_ols,subject_specific_local_models_weissbart_full,704,0.9303977272727273,"lag range [0, 50) trims edges",True,lag_matrix_trf
weissbart_tf64,linear,reconstruction,gate0_gate2_subject_specific_local_models_weissbart_full_v1,0,P05,test_-_P05_-_FLOP04,64,pearson_r,-0.02674831380924556,1213,linear_ols,subject_specific_local_models_weissbart_full,1262,0.9611727416798732,"lag range [0, 50) trims edges",True,lag_matrix_trf
weissbart_tf64,lasso,reconstruction,gate0_gate2_subject_specific_local_models_weissbart_full_v1,0,P05,test_-_P05_-_AUNP01,64,pearson_r,0.2495874822960626,990,lasso_alpha_0.001,subject_specific_local_models_weissbart_full,1039,0.9528392685274302,"lag range [0, 50) trims edges",True,lag_matrix_trf
weissbart_tf64,lasso,reconstruction,gate0_gate2_subject_specific_local_models_weissbart_full_v1,0,P05,test_-_P05_-_AUNP02,64,pearson_r,0.13260481014400288,970,lasso_alpha_0.001,subject_specific_local_models_weissbart_full,1019,0.9519136408243376,"lag range [0, 50) trims edges",True,lag_matrix_trf
weissbart_tf64,lasso,reconstruction,gate0_gate2_subject_specific_local_models_weissbart_full_v1,0,P05,test_-_P05_-_AUNP03,64,pearson_r,0.10799338317552881,890,lasso_alpha_0.001,subject_specific_local_models_weissbart_full,939,0.9478168264110756,"lag range [0, 50) trims edges",True,lag_matrix_trf
weissbart_tf64,lasso,reconstruction,gate0_gate2_subject_specific_local_models_weissbart_full_v1,0,P05,test_-_P05_-_AUNP04,64,pearson_r,0.12000219108642357,870,lasso_alpha_0.001,subject_specific_local_models_weissbart_full,919,0.9466811751904244,"lag range [0, 50) trims edges",True,lag_matrix_trf
weissbart_tf64,lasso,reconstruction,gate0_gate2_subject_specific_local_models_weissbart_full_v1,0,P05,test_-_P05_-_AUNP05,64,pearson_r,0.10266027986855923,1191,lasso_alpha_0.001,subject_specific_local_models_weissbart_full,1240,0.9604838709677419,"lag range [0, 50) trims edges",True,lag_matrix_trf
weissbart_tf64,lasso,reconstruction,gate0_gate2_subject_specific_local_models_weissbart_full_v1,0,P05,test_-_P05_-_AUNP06,64,pearson_r,0.15372733512092748,894,lasso_alpha_0.001,subject_specific_local_models_weissbart_full,943,0.9480381760339343,"lag range [0, 50) trims edges",True,lag_matrix_trf
weissbart_tf64,lasso,reconstruction,gate0_gate2_subject_specific_local_models_weissbart_full_v1,0,P05,test_-_P05_-_AUNP07,64,pearson_r,0.03549372931649663,1134,lasso_alpha_0.001,subject_specific_local_models_weissbart_full,1183,0.9585798816568047,"lag range [0, 50) trims edges",True,lag_matrix_trf
weissbart_tf64,lasso,reconstruction,gate0_gate2_subject_specific_local_models_weissbart_full_v1,0,P05,test_-_P05_-_AUNP08,64,pearson_r,0.033162831423091337,1104,lasso_alpha_0.001,subject_specific_local_models_weissbart_full,1153,0.9575021682567216,"lag range [0, 50) trims edges",True,lag_matrix_trf
weissbart_tf64,lasso,reconstruction,gate0_gate2_subject_specific_local_models_weissbart_full_v1,0,P05,test_-_P05_-_BROP01,64,pearson_r,0.10283808115692752,1017,lasso_alpha_0.001,subject_specific_local_models_weissbart_full,1066,0.9540337711069419,"lag range [0, 50) trims edges",True,lag_matrix_trf
weissbart_tf64,lasso,reconstruction,gate0_gate2_subject_specific_local_models_weissbart_full_v1,0,P05,test_-_P05_-_BROP02,64,pearson_r,0.1596691267414611,1120,lasso_alpha_0.001,subject_specific_local_models_weissbart_full,1169,0.9580838323353293,"lag range [0, 50) trims edges",True,lag_matrix_trf
weissbart_tf64,lasso,reconstruction,gate0_gate2_subject_specific_local_models_weissbart_full_v1,0,P05,test_-_P05_-_BROP03,64,pearson_r,0.2150854600448983,1000,lasso_alpha_0.001,subject_specific_local_models_weissbart_full,1049,0.9532888465204957,"lag range [0, 50) trims edges",True,lag_matrix_trf
weissbart_tf64,lasso,reconstruction,gate0_gate2_subject_specific_local_models_weissbart_full_v1,0,P05,test_-_P05_-_FLOP01,64,pearson_r,0.11468124210407803,779,lasso_alpha_0.001,subject_specific_local_models_weissbart_full,828,0.9408212560386473,"lag range [0, 50) trims edges",True,lag_matrix_trf
weissbart_tf64,lasso,reconstruction,gate0_gate2_subject_specific_local_models_weissbart_full_v1,0,P05,test_-_P05_-_FLOP02,64,pearson_r,0.20262919223801795,699,lasso_alpha_0.001,subject_specific_local_models_weissbart_full,748,0.9344919786096256,"lag range [0, 50) trims edges",True,lag_matrix_trf
weissbart_tf64,lasso,reconstruction,gate0_gate2_subject_specific_local_models_weissbart_full_v1,0,P05,test_-_P05_-_FLOP03,64,pearson_r,0.23021370590739576,655,lasso_alpha_0.001,subject_specific_local_models_weissbart_full,704,0.9303977272727273,"lag range [0, 50) trims edges",True,lag_matrix_trf
weissbart_tf64,lasso,reconstruction,gate0_gate2_subject_specific_local_models_weissbart_full_v1,0,P05,test_-_P05_-_FLOP04,64,pearson_r,0.0005289229872480641,1213,lasso_alpha_0.001,subject_specific_local_models_weissbart_full,1262,0.9611727416798732,"lag range [0, 50) trims edges",True,lag_matrix_trf
weissbart_tf64,elasticnet,reconstruction,gate0_gate2_subject_specific_local_models_weissbart_full_v1,0,P05,test_-_P05_-_AUNP01,64,pearson_r,0.26077260489153087,990,elasticnet_alpha_0.001_l1_0.8,subject_specific_local_models_weissbart_full,1039,0.9528392685274302,"lag range [0, 50) trims edges",True,lag_matrix_trf
weissbart_tf64,elasticnet,reconstruction,gate0_gate2_subject_specific_local_models_weissbart_full_v1,0,P05,test_-_P05_-_AUNP02,64,pearson_r,0.12539747538074553,970,elasticnet_alpha_0.001_l1_0.8,subject_specific_local_models_weissbart_full,1019,0.9519136408243376,"lag range [0, 50) trims edges",True,lag_matrix_trf
weissbart_tf64,elasticnet,reconstruction,gate0_gate2_subject_specific_local_models_weissbart_full_v1,0,P05,test_-_P05_-_AUNP03,64,pearson_r,0.09922381203811563,890,elasticnet_alpha_0.001_l1_0.8,subject_specific_local_models_weissbart_full,939,0.9478168264110756,"lag range [0, 50) trims edges",True,lag_matrix_trf
weissbart_tf64,elasticnet,reconstruction,gate0_gate2_subject_specific_local_models_weissbart_full_v1,0,P05,test_-_P05_-_AUNP04,64,pearson_r,0.12146752934511458,870,elasticnet_alpha_0.001_l1_0.8,subject_specific_local_models_weissbart_full,919,0.9466811751904244,"lag range [0, 50) trims edges",True,lag_matrix_trf
weissbart_tf64,elasticnet,reconstruction,gate0_gate2_subject_specific_local_models_weissbart_full_v1,0,P05,test_-_P05_-_AUNP05,64,pearson_r,0.10781244488570041,1191,elasticnet_alpha_0.001_l1_0.8,subject_specific_local_models_weissbart_full,1240,0.9604838709677419,"lag range [0, 50) trims edges",True,lag_matrix_trf
weissbart_tf64,elasticnet,reconstruction,gate0_gate2_subject_specific_local_models_weissbart_full_v1,0,P05,test_-_P05_-_AUNP06,64,pearson_r,0.14633819555839223,894,elasticnet_alpha_0.001_l1_0.8,subject_specific_local_models_weissbart_full,943,0.9480381760339343,"lag range [0, 50) trims edges",True,lag_matrix_trf
weissbart_tf64,elasticnet,reconstruction,gate0_gate2_subject_specific_local_models_weissbart_full_v1,0,P05,test_-_P05_-_AUNP07,64,pearson_r,0.02801049784386206,1134,elasticnet_alpha_0.001_l1_0.8,subject_specific_local_models_weissbart_full,1183,0.9585798816568047,"lag range [0, 50) trims edges",True,lag_matrix_trf
weissbart_tf64,elasticnet,reconstruction,gate0_gate2_subject_specific_local_models_weissbart_full_v1,0,P05,test_-_P05_-_AUNP08,64,pearson_r,0.03215500965772603,1104,elasticnet_alpha_0.001_l1_0.8,subject_specific_local_models_weissbart_full,1153,0.9575021682567216,"lag range [0, 50) trims edges",True,lag_matrix_trf
weissbart_tf64,elasticnet,reconstruction,gate0_gate2_subject_specific_local_models_weissbart_full_v1,0,P05,test_-_P05_-_BROP01,64,pearson_r,0.10417222055291846,1017,elasticnet_alpha_0.001_l1_0.8,subject_specific_local_models_weissbart_full,1066,0.9540337711069419,"lag range [0, 50) trims edges",True,lag_matrix_trf
weissbart_tf64,elasticnet,reconstruction,gate0_gate2_subject_specific_local_models_weissbart_full_v1,0,P05,test_-_P05_-_BROP02,64,pearson_r,0.1652028118915952,1120,elasticnet_alpha_0.001_l1_0.8,subject_specific_local_models_weissbart_full,1169,0.9580838323353293,"lag range [0, 50) trims edges",True,lag_matrix_trf
weissbart_tf64,elasticnet,reconstruction,gate0_gate2_subject_specific_local_models_weissbart_full_v1,0,P05,test_-_P05_-_BROP03,64,pearson_r,0.22749096935379273,1000,elasticnet_alpha_0.001_l1_0.8,subject_specific_local_models_weissbart_full,1049,0.9532888465204957,"lag range [0, 50) trims edges",True,lag_matrix_trf
weissbart_tf64,elasticnet,reconstruction,gate0_gate2_subject_specific_local_models_weissbart_full_v1,0,P05,test_-_P05_-_FLOP01,64,pearson_r,0.11316939811781149,779,elasticnet_alpha_0.001_l1_0.8,subject_specific_local_models_weissbart_full,828,0.9408212560386473,"lag range [0, 50) trims edges",True,lag_matrix_trf
weissbart_tf64,elasticnet,reconstruction,gate0_gate2_subject_specific_local_models_weissbart_full_v1,0,P05,test_-_P05_-_FLOP02,64,pearson_r,0.19591988786766315,699,elasticnet_alpha_0.001_l1_0.8,subject_specific_local_models_weissbart_full,748,0.9344919786096256,"lag range [0, 50) trims edges",True,lag_matrix_trf
weissbart_tf64,elasticnet,reconstruction,gate0_gate2_subject_specific_local_models_weissbart_full_v1,0,P05,test_-_P05_-_FLOP03,64,pearson_r,0.23466278983979522,655,elasticnet_alpha_0.001_l1_0.8,subject_specific_local_models_weissbart_full,704,0.9303977272727273,"lag range [0, 50) trims edges",True,lag_matrix_trf
weissbart_tf64,elasticnet,reconstruction,gate0_gate2_subject_specific_local_models_weissbart_full_v1,0,P05,test_-_P05_-_FLOP04,64,pearson_r,-0.005261742054520603,1213,elasticnet_alpha_0.001_l1_0.8,subject_specific_local_models_weissbart_full,1262,0.9611727416798732,"lag range [0, 50) trims edges",True,lag_matrix_trf
weissbart_tf64,vlaai,reconstruction,gate0_gate2_subject_specific_local_models_weissbart_full_v1,0,P05,test_-_P05_-_AUNP01,64,pearson_r,0.1941034184583171,990,vlaai_epoch_1,subject_specific_local_models_weissbart_full,1039,0.9528392685274302,window_size=50 drops first 49 target positions,True,vlaai_local_adapter
weissbart_tf64,vlaai,reconstruction,gate0_gate2_subject_specific_local_models_weissbart_full_v1,0,P05,test_-_P05_-_AUNP02,64,pearson_r,0.23082552188755603,970,vlaai_epoch_1,subject_specific_local_models_weissbart_full,1019,0.9519136408243376,window_size=50 drops first 49 target positions,True,vlaai_local_adapter
weissbart_tf64,vlaai,reconstruction,gate0_gate2_subject_specific_local_models_weissbart_full_v1,0,P05,test_-_P05_-_AUNP03,64,pearson_r,0.1834249073948675,890,vlaai_epoch_1,subject_specific_local_models_weissbart_full,939,0.9478168264110756,window_size=50 drops first 49 target positions,True,vlaai_local_adapter
weissbart_tf64,vlaai,reconstruction,gate0_gate2_subject_specific_local_models_weissbart_full_v1,0,P05,test_-_P05_-_AUNP04,64,pearson_r,0.04403050283907281,870,vlaai_epoch_1,subject_specific_local_models_weissbart_full,919,0.9466811751904244,window_size=50 drops first 49 target positions,True,vlaai_local_adapter
weissbart_tf64,vlaai,reconstruction,gate0_gate2_subject_specific_local_models_weissbart_full_v1,0,P05,test_-_P05_-_AUNP05,64,pearson_r,-0.026866178578902843,1191,vlaai_epoch_1,subject_specific_local_models_weissbart_full,1240,0.9604838709677419,window_size=50 drops first 49 target positions,True,vlaai_local_adapter
weissbart_tf64,vlaai,reconstruction,gate0_gate2_subject_specific_local_models_weissbart_full_v1,0,P05,test_-_P05_-_AUNP06,64,pearson_r,-0.06716852692599226,894,vlaai_epoch_1,subject_specific_local_models_weissbart_full,943,0.9480381760339343,window_size=50 drops first 49 target positions,True,vlaai_local_adapter
weissbart_tf64,vlaai,reconstruction,gate0_gate2_subject_specific_local_models_weissbart_full_v1,0,P05,test_-_P05_-_AUNP07,64,pearson_r,0.08353572832993109,1134,vlaai_epoch_1,subject_specific_local_models_weissbart_full,1183,0.9585798816568047,window_size=50 drops first 49 target positions,True,vlaai_local_adapter
weissbart_tf64,vlaai,reconstruction,gate0_gate2_subject_specific_local_models_weissbart_full_v1,0,P05,test_-_P05_-_AUNP08,64,pearson_r,-0.04025417295113351,1104,vlaai_epoch_1,subject_specific_local_models_weissbart_full,1153,0.9575021682567216,window_size=50 drops first 49 target positions,True,vlaai_local_adapter
weissbart_tf64,vlaai,reconstruction,gate0_gate2_subject_specific_local_models_weissbart_full_v1,0,P05,test_-_P05_-_BROP01,64,pearson_r,0.22298351027197275,1017,vlaai_epoch_1,subject_specific_local_models_weissbart_full,1066,0.9540337711069419,window_size=50 drops first 49 target positions,True,vlaai_local_adapter
weissbart_tf64,vlaai,reconstruction,gate0_gate2_subject_specific_local_models_weissbart_full_v1,0,P05,test_-_P05_-_BROP02,64,pearson_r,0.08090389900163214,1120,vlaai_epoch_1,subject_specific_local_models_weissbart_full,1169,0.9580838323353293,window_size=50 drops first 49 target positions,True,vlaai_local_adapter
weissbart_tf64,vlaai,reconstruction,gate0_gate2_subject_specific_local_models_weissbart_full_v1,0,P05,test_-_P05_-_BROP03,64,pearson_r,0.31511252747722124,1000,vlaai_epoch_1,subject_specific_local_models_weissbart_full,1049,0.9532888465204957,window_size=50 drops first 49 target positions,True,vlaai_local_adapter
weissbart_tf64,vlaai,reconstruction,gate0_gate2_subject_specific_local_models_weissbart_full_v1,0,P05,test_-_P05_-_FLOP01,64,pearson_r,0.060287088571521416,779,vlaai_epoch_1,subject_specific_local_models_weissbart_full,828,0.9408212560386473,window_size=50 drops first 49 target positions,True,vlaai_local_adapter
weissbart_tf64,vlaai,reconstruction,gate0_gate2_subject_specific_local_models_weissbart_full_v1,0,P05,test_-_P05_-_FLOP02,64,pearson_r,0.12566367778813597,699,vlaai_epoch_1,subject_specific_local_models_weissbart_full,748,0.9344919786096256,window_size=50 drops first 49 target positions,True,vlaai_local_adapter
weissbart_tf64,vlaai,reconstruction,gate0_gate2_subject_specific_local_models_weissbart_full_v1,0,P05,test_-_P05_-_FLOP03,64,pearson_r,0.34167853939380394,655,vlaai_epoch_1,subject_specific_local_models_weissbart_full,704,0.9303977272727273,window_size=50 drops first 49 target positions,True,vlaai_local_adapter
weissbart_tf64,vlaai,reconstruction,gate0_gate2_subject_specific_local_models_weissbart_full_v1,0,P05,test_-_P05_-_FLOP04,64,pearson_r,0.22458099058797484,1213,vlaai_epoch_1,subject_specific_local_models_weissbart_full,1262,0.9611727416798732,window_size=50 drops first 49 target positions,True,vlaai_local_adapter
weissbart_tf64,happyquokka,reconstruction,gate0_gate2_subject_specific_local_models_weissbart_full_v1,0,P05,test_-_P05_-_AUNP01,64,pearson_r,0.2803368017191638,640,happyquokka_epoch_46,subject_specific_local_models_weissbart_full,1039,0.6159769008662175,tail shorter than 10s chunk,True,10s_chunk
weissbart_tf64,happyquokka,reconstruction,gate0_gate2_subject_specific_local_models_weissbart_full_v1,0,P05,test_-_P05_-_AUNP02,64,pearson_r,0.06257409490922583,640,happyquokka_epoch_46,subject_specific_local_models_weissbart_full,1019,0.6280667320902846,tail shorter than 10s chunk,True,10s_chunk
weissbart_tf64,happyquokka,reconstruction,gate0_gate2_subject_specific_local_models_weissbart_full_v1,0,P05,test_-_P05_-_AUNP03,64,pearson_r,0.2586460138290372,640,happyquokka_epoch_46,subject_specific_local_models_weissbart_full,939,0.6815761448349308,tail shorter than 10s chunk,True,10s_chunk
weissbart_tf64,happyquokka,reconstruction,gate0_gate2_subject_specific_local_models_weissbart_full_v1,0,P05,test_-_P05_-_AUNP04,64,pearson_r,0.2481734275070569,640,happyquokka_epoch_46,subject_specific_local_models_weissbart_full,919,0.6964091403699674,tail shorter than 10s chunk,True,10s_chunk
weissbart_tf64,happyquokka,reconstruction,gate0_gate2_subject_specific_local_models_weissbart_full_v1,0,P05,test_-_P05_-_AUNP05,64,pearson_r,0.0011687255145975113,640,happyquokka_epoch_46,subject_specific_local_models_weissbart_full,1240,0.5161290322580645,tail shorter than 10s chunk,True,10s_chunk
weissbart_tf64,happyquokka,reconstruction,gate0_gate2_subject_specific_local_models_weissbart_full_v1,0,P05,test_-_P05_-_AUNP06,64,pearson_r,0.05596194172176714,640,happyquokka_epoch_46,subject_specific_local_models_weissbart_full,943,0.6786850477200425,tail shorter than 10s chunk,True,10s_chunk
weissbart_tf64,happyquokka,reconstruction,gate0_gate2_subject_specific_local_models_weissbart_full_v1,0,P05,test_-_P05_-_AUNP07,64,pearson_r,0.04355767317823046,640,happyquokka_epoch_46,subject_specific_local_models_weissbart_full,1183,0.5409974640743872,tail shorter than 10s chunk,True,10s_chunk
weissbart_tf64,happyquokka,reconstruction,gate0_gate2_subject_specific_local_models_weissbart_full_v1,0,P05,test_-_P05_-_AUNP08,64,pearson_r,0.34653607237173895,640,happyquokka_epoch_46,subject_specific_local_models_weissbart_full,1153,0.5550737207285342,tail shorter than 10s chunk,True,10s_chunk
weissbart_tf64,happyquokka,reconstruction,gate0_gate2_subject_specific_local_models_weissbart_full_v1,0,P05,test_-_P05_-_BROP01,64,pearson_r,0.2210632289309161,640,happyquokka_epoch_46,subject_specific_local_models_weissbart_full,1066,0.600375234521576,tail shorter than 10s chunk,True,10s_chunk
weissbart_tf64,happyquokka,reconstruction,gate0_gate2_subject_specific_local_models_weissbart_full_v1,0,P05,test_-_P05_-_BROP02,64,pearson_r,0.10392626211452113,640,happyquokka_epoch_46,subject_specific_local_models_weissbart_full,1169,0.5474764756201882,tail shorter than 10s chunk,True,10s_chunk
weissbart_tf64,happyquokka,reconstruction,gate0_gate2_subject_specific_local_models_weissbart_full_v1,0,P05,test_-_P05_-_BROP03,64,pearson_r,0.40016899223677455,640,happyquokka_epoch_46,subject_specific_local_models_weissbart_full,1049,0.6101048617731173,tail shorter than 10s chunk,True,10s_chunk
weissbart_tf64,happyquokka,reconstruction,gate0_gate2_subject_specific_local_models_weissbart_full_v1,0,P05,test_-_P05_-_FLOP01,64,pearson_r,0.10497053447008646,640,happyquokka_epoch_46,subject_specific_local_models_weissbart_full,828,0.7729468599033816,tail shorter than 10s chunk,True,10s_chunk
weissbart_tf64,happyquokka,reconstruction,gate0_gate2_subject_specific_local_models_weissbart_full_v1,0,P05,test_-_P05_-_FLOP02,64,pearson_r,0.19528275706571518,640,happyquokka_epoch_46,subject_specific_local_models_weissbart_full,748,0.8556149732620321,tail shorter than 10s chunk,True,10s_chunk
weissbart_tf64,happyquokka,reconstruction,gate0_gate2_subject_specific_local_models_weissbart_full_v1,0,P05,test_-_P05_-_FLOP03,64,pearson_r,0.32386906308509694,640,happyquokka_epoch_46,subject_specific_local_models_weissbart_full,704,0.9090909090909091,tail shorter than 10s chunk,True,10s_chunk
weissbart_tf64,happyquokka,reconstruction,gate0_gate2_subject_specific_local_models_weissbart_full_v1,0,P05,test_-_P05_-_FLOP04,64,pearson_r,0.33670165652766737,640,happyquokka_epoch_46,subject_specific_local_models_weissbart_full,1262,0.5071315372424723,tail shorter than 10s chunk,True,10s_chunk
weissbart_tf64,linear,reconstruction,gate0_gate2_subject_specific_local_models_weissbart_full_v1,0,P06,test_-_P06_-_AUNP01,64,pearson_r,0.12588141301776967,990,linear_ols,subject_specific_local_models_weissbart_full,1039,0.9528392685274302,"lag range [0, 50) trims edges",True,lag_matrix_trf
weissbart_tf64,linear,reconstruction,gate0_gate2_subject_specific_local_models_weissbart_full_v1,0,P06,test_-_P06_-_AUNP02,64,pearson_r,0.07933259535976755,970,linear_ols,subject_specific_local_models_weissbart_full,1019,0.9519136408243376,"lag range [0, 50) trims edges",True,lag_matrix_trf
weissbart_tf64,linear,reconstruction,gate0_gate2_subject_specific_local_models_weissbart_full_v1,0,P06,test_-_P06_-_AUNP03,64,pearson_r,0.09002448819077026,890,linear_ols,subject_specific_local_models_weissbart_full,939,0.9478168264110756,"lag range [0, 50) trims edges",True,lag_matrix_trf
weissbart_tf64,linear,reconstruction,gate0_gate2_subject_specific_local_models_weissbart_full_v1,0,P06,test_-_P06_-_AUNP04,64,pearson_r,0.08486113850134264,870,linear_ols,subject_specific_local_models_weissbart_full,919,0.9466811751904244,"lag range [0, 50) trims edges",True,lag_matrix_trf
weissbart_tf64,linear,reconstruction,gate0_gate2_subject_specific_local_models_weissbart_full_v1,0,P06,test_-_P06_-_AUNP05,64,pearson_r,0.08589092053401375,1191,linear_ols,subject_specific_local_models_weissbart_full,1240,0.9604838709677419,"lag range [0, 50) trims edges",True,lag_matrix_trf
weissbart_tf64,linear,reconstruction,gate0_gate2_subject_specific_local_models_weissbart_full_v1,0,P06,test_-_P06_-_AUNP06,64,pearson_r,0.09575757770541408,894,linear_ols,subject_specific_local_models_weissbart_full,943,0.9480381760339343,"lag range [0, 50) trims edges",True,lag_matrix_trf
weissbart_tf64,linear,reconstruction,gate0_gate2_subject_specific_local_models_weissbart_full_v1,0,P06,test_-_P06_-_AUNP07,64,pearson_r,0.06954047883745101,1134,linear_ols,subject_specific_local_models_weissbart_full,1183,0.9585798816568047,"lag range [0, 50) trims edges",True,lag_matrix_trf
weissbart_tf64,linear,reconstruction,gate0_gate2_subject_specific_local_models_weissbart_full_v1,0,P06,test_-_P06_-_AUNP08,64,pearson_r,0.027537745009520696,1104,linear_ols,subject_specific_local_models_weissbart_full,1153,0.9575021682567216,"lag range [0, 50) trims edges",True,lag_matrix_trf
weissbart_tf64,linear,reconstruction,gate0_gate2_subject_specific_local_models_weissbart_full_v1,0,P06,test_-_P06_-_BROP01,64,pearson_r,0.04283029478147918,1017,linear_ols,subject_specific_local_models_weissbart_full,1066,0.9540337711069419,"lag range [0, 50) trims edges",True,lag_matrix_trf
weissbart_tf64,linear,reconstruction,gate0_gate2_subject_specific_local_models_weissbart_full_v1,0,P06,test_-_P06_-_BROP02,64,pearson_r,0.029503862895035444,1120,linear_ols,subject_specific_local_models_weissbart_full,1169,0.9580838323353293,"lag range [0, 50) trims edges",True,lag_matrix_trf
weissbart_tf64,linear,reconstruction,gate0_gate2_subject_specific_local_models_weissbart_full_v1,0,P06,test_-_P06_-_BROP03,64,pearson_r,-0.018947835245875292,1000,linear_ols,subject_specific_local_models_weissbart_full,1049,0.9532888465204957,"lag range [0, 50) trims edges",True,lag_matrix_trf
weissbart_tf64,linear,reconstruction,gate0_gate2_subject_specific_local_models_weissbart_full_v1,0,P06,test_-_P06_-_FLOP01,64,pearson_r,-0.018236253841949657,779,linear_ols,subject_specific_local_models_weissbart_full,828,0.9408212560386473,"lag range [0, 50) trims edges",True,lag_matrix_trf
weissbart_tf64,linear,reconstruction,gate0_gate2_subject_specific_local_models_weissbart_full_v1,0,P06,test_-_P06_-_FLOP02,64,pearson_r,0.06967846506216793,699,linear_ols,subject_specific_local_models_weissbart_full,748,0.9344919786096256,"lag range [0, 50) trims edges",True,lag_matrix_trf
weissbart_tf64,linear,reconstruction,gate0_gate2_subject_specific_local_models_weissbart_full_v1,0,P06,test_-_P06_-_FLOP03,64,pearson_r,0.0059292536057839445,655,linear_ols,subject_specific_local_models_weissbart_full,704,0.9303977272727273,"lag range [0, 50) trims edges",True,lag_matrix_trf
weissbart_tf64,linear,reconstruction,gate0_gate2_subject_specific_local_models_weissbart_full_v1,0,P06,test_-_P06_-_FLOP04,64,pearson_r,0.0024851003866144064,1213,linear_ols,subject_specific_local_models_weissbart_full,1262,0.9611727416798732,"lag range [0, 50) trims edges",True,lag_matrix_trf
weissbart_tf64,lasso,reconstruction,gate0_gate2_subject_specific_local_models_weissbart_full_v1,0,P06,test_-_P06_-_AUNP01,64,pearson_r,0.1931678839381205,990,lasso_alpha_0.001,subject_specific_local_models_weissbart_full,1039,0.9528392685274302,"lag range [0, 50) trims edges",True,lag_matrix_trf
weissbart_tf64,lasso,reconstruction,gate0_gate2_subject_specific_local_models_weissbart_full_v1,0,P06,test_-_P06_-_AUNP02,64,pearson_r,0.010250080114631823,970,lasso_alpha_0.001,subject_specific_local_models_weissbart_full,1019,0.9519136408243376,"lag range [0, 50) trims edges",True,lag_matrix_trf
weissbart_tf64,lasso,reconstruction,gate0_gate2_subject_specific_local_models_weissbart_full_v1,0,P06,test_-_P06_-_AUNP03,64,pearson_r,0.11645716460109352,890,lasso_alpha_0.001,subject_specific_local_models_weissbart_full,939,0.9478168264110756,"lag range [0, 50) trims edges",True,lag_matrix_trf
weissbart_tf64,lasso,reconstruction,gate0_gate2_subject_specific_local_models_weissbart_full_v1,0,P06,test_-_P06_-_AUNP04,64,pearson_r,0.16940828006000763,870,lasso_alpha_0.001,subject_specific_local_models_weissbart_full,919,0.9466811751904244,"lag range [0, 50) trims edges",True,lag_matrix_trf
weissbart_tf64,lasso,reconstruction,gate0_gate2_subject_specific_local_models_weissbart_full_v1,0,P06,test_-_P06_-_AUNP05,64,pearson_r,0.17555633241922647,1191,lasso_alpha_0.001,subject_specific_local_models_weissbart_full,1240,0.9604838709677419,"lag range [0, 50) trims edges",True,lag_matrix_trf
weissbart_tf64,lasso,reconstruction,gate0_gate2_subject_specific_local_models_weissbart_full_v1,0,P06,test_-_P06_-_AUNP06,64,pearson_r,0.1399328590093437,894,lasso_alpha_0.001,subject_specific_local_models_weissbart_full,943,0.9480381760339343,"lag range [0, 50) trims edges",True,lag_matrix_trf
weissbart_tf64,lasso,reconstruction,gate0_gate2_subject_specific_local_models_weissbart_full_v1,0,P06,test_-_P06_-_AUNP07,64,pearson_r,0.054279944732297414,1134,lasso_alpha_0.001,subject_specific_local_models_weissbart_full,1183,0.9585798816568047,"lag range [0, 50) trims edges",True,lag_matrix_trf
weissbart_tf64,lasso,reconstruction,gate0_gate2_subject_specific_local_models_weissbart_full_v1,0,P06,test_-_P06_-_AUNP08,64,pearson_r,0.04021038857655337,1104,lasso_alpha_0.001,subject_specific_local_models_weissbart_full,1153,0.9575021682567216,"lag range [0, 50) trims edges",True,lag_matrix_trf
weissbart_tf64,lasso,reconstruction,gate0_gate2_subject_specific_local_models_weissbart_full_v1,0,P06,test_-_P06_-_BROP01,64,pearson_r,0.056986353507018535,1017,lasso_alpha_0.001,subject_specific_local_models_weissbart_full,1066,0.9540337711069419,"lag range [0, 50) trims edges",True,lag_matrix_trf
weissbart_tf64,lasso,reconstruction,gate0_gate2_subject_specific_local_models_weissbart_full_v1,0,P06,test_-_P06_-_BROP02,64,pearson_r,0.007119880685647411,1120,lasso_alpha_0.001,subject_specific_local_models_weissbart_full,1169,0.9580838323353293,"lag range [0, 50) trims edges",True,lag_matrix_trf
weissbart_tf64,lasso,reconstruction,gate0_gate2_subject_specific_local_models_weissbart_full_v1,0,P06,test_-_P06_-_BROP03,64,pearson_r,-0.08510836892343952,1000,lasso_alpha_0.001,subject_specific_local_models_weissbart_full,1049,0.9532888465204957,"lag range [0, 50) trims edges",True,lag_matrix_trf
weissbart_tf64,lasso,reconstruction,gate0_gate2_subject_specific_local_models_weissbart_full_v1,0,P06,test_-_P06_-_FLOP01,64,pearson_r,-0.08022257402463068,779,lasso_alpha_0.001,subject_specific_local_models_weissbart_full,828,0.9408212560386473,"lag range [0, 50) trims edges",True,lag_matrix_trf
weissbart_tf64,lasso,reconstruction,gate0_gate2_subject_specific_local_models_weissbart_full_v1,0,P06,test_-_P06_-_FLOP02,64,pearson_r,0.05000589522723169,699,lasso_alpha_0.001,subject_specific_local_models_weissbart_full,748,0.9344919786096256,"lag range [0, 50) trims edges",True,lag_matrix_trf
weissbart_tf64,lasso,reconstruction,gate0_gate2_subject_specific_local_models_weissbart_full_v1,0,P06,test_-_P06_-_FLOP03,64,pearson_r,-0.028609453842597422,655,lasso_alpha_0.001,subject_specific_local_models_weissbart_full,704,0.9303977272727273,"lag range [0, 50) trims edges",True,lag_matrix_trf
weissbart_tf64,lasso,reconstruction,gate0_gate2_subject_specific_local_models_weissbart_full_v1,0,P06,test_-_P06_-_FLOP04,64,pearson_r,0.0014635833166016241,1213,lasso_alpha_0.001,subject_specific_local_models_weissbart_full,1262,0.9611727416798732,"lag range [0, 50) trims edges",True,lag_matrix_trf
weissbart_tf64,elasticnet,reconstruction,gate0_gate2_subject_specific_local_models_weissbart_full_v1,0,P06,test_-_P06_-_AUNP01,64,pearson_r,0.19773109269622757,990,elasticnet_alpha_0.001_l1_0.8,subject_specific_local_models_weissbart_full,1039,0.9528392685274302,"lag range [0, 50) trims edges",True,lag_matrix_trf
weissbart_tf64,elasticnet,reconstruction,gate0_gate2_subject_specific_local_models_weissbart_full_v1,0,P06,test_-_P06_-_AUNP02,64,pearson_r,0.015316052820645265,970,elasticnet_alpha_0.001_l1_0.8,subject_specific_local_models_weissbart_full,1019,0.9519136408243376,"lag range [0, 50) trims edges",True,lag_matrix_trf
weissbart_tf64,elasticnet,reconstruction,gate0_gate2_subject_specific_local_models_weissbart_full_v1,0,P06,test_-_P06_-_AUNP03,64,pearson_r,0.12026408210981517,890,elasticnet_alpha_0.001_l1_0.8,subject_specific_local_models_weissbart_full,939,0.9478168264110756,"lag range [0, 50) trims edges",True,lag_matrix_trf
weissbart_tf64,elasticnet,reconstruction,gate0_gate2_subject_specific_local_models_weissbart_full_v1,0,P06,test_-_P06_-_AUNP04,64,pearson_r,0.16160085218552908,870,elasticnet_alpha_0.001_l1_0.8,subject_specific_local_models_weissbart_full,919,0.9466811751904244,"lag range [0, 50) trims edges",True,lag_matrix_trf
weissbart_tf64,elasticnet,reconstruction,gate0_gate2_subject_specific_local_models_weissbart_full_v1,0,P06,test_-_P06_-_AUNP05,64,pearson_r,0.1888865973120958,1191,elasticnet_alpha_0.001_l1_0.8,subject_specific_local_models_weissbart_full,1240,0.9604838709677419,"lag range [0, 50) trims edges",True,lag_matrix_trf
weissbart_tf64,elasticnet,reconstruction,gate0_gate2_subject_specific_local_models_weissbart_full_v1,0,P06,test_-_P06_-_AUNP06,64,pearson_r,0.14879880952948787,894,elasticnet_alpha_0.001_l1_0.8,subject_specific_local_models_weissbart_full,943,0.9480381760339343,"lag range [0, 50) trims edges",True,lag_matrix_trf
weissbart_tf64,elasticnet,reconstruction,gate0_gate2_subject_specific_local_models_weissbart_full_v1,0,P06,test_-_P06_-_AUNP07,64,pearson_r,0.06332204271542922,1134,elasticnet_alpha_0.001_l1_0.8,subject_specific_local_models_weissbart_full,1183,0.9585798816568047,"lag range [0, 50) trims edges",True,lag_matrix_trf
weissbart_tf64,elasticnet,reconstruction,gate0_gate2_subject_specific_local_models_weissbart_full_v1,0,P06,test_-_P06_-_AUNP08,64,pearson_r,0.04306571425921895,1104,elasticnet_alpha_0.001_l1_0.8,subject_specific_local_models_weissbart_full,1153,0.9575021682567216,"lag range [0, 50) trims edges",True,lag_matrix_trf
weissbart_tf64,elasticnet,reconstruction,gate0_gate2_subject_specific_local_models_weissbart_full_v1,0,P06,test_-_P06_-_BROP01,64,pearson_r,0.054747191863572756,1017,elasticnet_alpha_0.001_l1_0.8,subject_specific_local_models_weissbart_full,1066,0.9540337711069419,"lag range [0, 50) trims edges",True,lag_matrix_trf
weissbart_tf64,elasticnet,reconstruction,gate0_gate2_subject_specific_local_models_weissbart_full_v1,0,P06,test_-_P06_-_BROP02,64,pearson_r,0.019534675811959053,1120,elasticnet_alpha_0.001_l1_0.8,subject_specific_local_models_weissbart_full,1169,0.9580838323353293,"lag range [0, 50) trims edges",True,lag_matrix_trf
weissbart_tf64,elasticnet,reconstruction,gate0_gate2_subject_specific_local_models_weissbart_full_v1,0,P06,test_-_P06_-_BROP03,64,pearson_r,-0.08226890951304744,1000,elasticnet_alpha_0.001_l1_0.8,subject_specific_local_models_weissbart_full,1049,0.9532888465204957,"lag range [0, 50) trims edges",True,lag_matrix_trf
weissbart_tf64,elasticnet,reconstruction,gate0_gate2_subject_specific_local_models_weissbart_full_v1,0,P06,test_-_P06_-_FLOP01,64,pearson_r,-0.07212807583062078,779,elasticnet_alpha_0.001_l1_0.8,subject_specific_local_models_weissbart_full,828,0.9408212560386473,"lag range [0, 50) trims edges",True,lag_matrix_trf
weissbart_tf64,elasticnet,reconstruction,gate0_gate2_subject_specific_local_models_weissbart_full_v1,0,P06,test_-_P06_-_FLOP02,64,pearson_r,0.05320054407678955,699,elasticnet_alpha_0.001_l1_0.8,subject_specific_local_models_weissbart_full,748,0.9344919786096256,"lag range [0, 50) trims edges",True,lag_matrix_trf
weissbart_tf64,elasticnet,reconstruction,gate0_gate2_subject_specific_local_models_weissbart_full_v1,0,P06,test_-_P06_-_FLOP03,64,pearson_r,-0.01668420548725816,655,elasticnet_alpha_0.001_l1_0.8,subject_specific_local_models_weissbart_full,704,0.9303977272727273,"lag range [0, 50) trims edges",True,lag_matrix_trf
weissbart_tf64,elasticnet,reconstruction,gate0_gate2_subject_specific_local_models_weissbart_full_v1,0,P06,test_-_P06_-_FLOP04,64,pearson_r,0.005019967425041747,1213,elasticnet_alpha_0.001_l1_0.8,subject_specific_local_models_weissbart_full,1262,0.9611727416798732,"lag range [0, 50) trims edges",True,lag_matrix_trf
weissbart_tf64,vlaai,reconstruction,gate0_gate2_subject_specific_local_models_weissbart_full_v1,0,P06,test_-_P06_-_AUNP01,64,pearson_r,0.1185564394667624,990,vlaai_epoch_2,subject_specific_local_models_weissbart_full,1039,0.9528392685274302,window_size=50 drops first 49 target positions,True,vlaai_local_adapter
weissbart_tf64,vlaai,reconstruction,gate0_gate2_subject_specific_local_models_weissbart_full_v1,0,P06,test_-_P06_-_AUNP02,64,pearson_r,-0.1870286307210559,970,vlaai_epoch_2,subject_specific_local_models_weissbart_full,1019,0.9519136408243376,window_size=50 drops first 49 target positions,True,vlaai_local_adapter
weissbart_tf64,vlaai,reconstruction,gate0_gate2_subject_specific_local_models_weissbart_full_v1,0,P06,test_-_P06_-_AUNP03,64,pearson_r,-0.003757512084264263,890,vlaai_epoch_2,subject_specific_local_models_weissbart_full,939,0.9478168264110756,window_size=50 drops first 49 target positions,True,vlaai_local_adapter
weissbart_tf64,vlaai,reconstruction,gate0_gate2_subject_specific_local_models_weissbart_full_v1,0,P06,test_-_P06_-_AUNP04,64,pearson_r,-0.028533552837822995,870,vlaai_epoch_2,subject_specific_local_models_weissbart_full,919,0.9466811751904244,window_size=50 drops first 49 target positions,True,vlaai_local_adapter
weissbart_tf64,vlaai,reconstruction,gate0_gate2_subject_specific_local_models_weissbart_full_v1,0,P06,test_-_P06_-_AUNP05,64,pearson_r,-0.0169031035212932,1191,vlaai_epoch_2,subject_specific_local_models_weissbart_full,1240,0.9604838709677419,window_size=50 drops first 49 target positions,True,vlaai_local_adapter
weissbart_tf64,vlaai,reconstruction,gate0_gate2_subject_specific_local_models_weissbart_full_v1,0,P06,test_-_P06_-_AUNP06,64,pearson_r,-0.017297447888307914,894,vlaai_epoch_2,subject_specific_local_models_weissbart_full,943,0.9480381760339343,window_size=50 drops first 49 target positions,True,vlaai_local_adapter
weissbart_tf64,vlaai,reconstruction,gate0_gate2_subject_specific_local_models_weissbart_full_v1,0,P06,test_-_P06_-_AUNP07,64,pearson_r,-0.06310894551132135,1134,vlaai_epoch_2,subject_specific_local_models_weissbart_full,1183,0.9585798816568047,window_size=50 drops first 49 target positions,True,vlaai_local_adapter
weissbart_tf64,vlaai,reconstruction,gate0_gate2_subject_specific_local_models_weissbart_full_v1,0,P06,test_-_P06_-_AUNP08,64,pearson_r,-0.014425000740673408,1104,vlaai_epoch_2,subject_specific_local_models_weissbart_full,1153,0.9575021682567216,window_size=50 drops first 49 target positions,True,vlaai_local_adapter
weissbart_tf64,vlaai,reconstruction,gate0_gate2_subject_specific_local_models_weissbart_full_v1,0,P06,test_-_P06_-_BROP01,64,pearson_r,-0.06475482181489214,1017,vlaai_epoch_2,subject_specific_local_models_weissbart_full,1066,0.9540337711069419,window_size=50 drops first 49 target positions,True,vlaai_local_adapter
weissbart_tf64,vlaai,reconstruction,gate0_gate2_subject_specific_local_models_weissbart_full_v1,0,P06,test_-_P06_-_BROP02,64,pearson_r,0.020828090445151316,1120,vlaai_epoch_2,subject_specific_local_models_weissbart_full,1169,0.9580838323353293,window_size=50 drops first 49 target positions,True,vlaai_local_adapter
weissbart_tf64,vlaai,reconstruction,gate0_gate2_subject_specific_local_models_weissbart_full_v1,0,P06,test_-_P06_-_BROP03,64,pearson_r,0.06170324804900359,1000,vlaai_epoch_2,subject_specific_local_models_weissbart_full,1049,0.9532888465204957,window_size=50 drops first 49 target positions,True,vlaai_local_adapter
weissbart_tf64,vlaai,reconstruction,gate0_gate2_subject_specific_local_models_weissbart_full_v1,0,P06,test_-_P06_-_FLOP01,64,pearson_r,-0.1974160852979101,779,vlaai_epoch_2,subject_specific_local_models_weissbart_full,828,0.9408212560386473,window_size=50 drops first 49 target positions,True,vlaai_local_adapter
weissbart_tf64,vlaai,reconstruction,gate0_gate2_subject_specific_local_models_weissbart_full_v1,0,P06,test_-_P06_-_FLOP02,64,pearson_r,0.15860260646700472,699,vlaai_epoch_2,subject_specific_local_models_weissbart_full,748,0.9344919786096256,window_size=50 drops first 49 target positions,True,vlaai_local_adapter
weissbart_tf64,vlaai,reconstruction,gate0_gate2_subject_specific_local_models_weissbart_full_v1,0,P06,test_-_P06_-_FLOP03,64,pearson_r,0.1318215760097259,655,vlaai_epoch_2,subject_specific_local_models_weissbart_full,704,0.9303977272727273,window_size=50 drops first 49 target positions,True,vlaai_local_adapter
weissbart_tf64,vlaai,reconstruction,gate0_gate2_subject_specific_local_models_weissbart_full_v1,0,P06,test_-_P06_-_FLOP04,64,pearson_r,0.036899012700946685,1213,vlaai_epoch_2,subject_specific_local_models_weissbart_full,1262,0.9611727416798732,window_size=50 drops first 49 target positions,True,vlaai_local_adapter
weissbart_tf64,happyquokka,reconstruction,gate0_gate2_subject_specific_local_models_weissbart_full_v1,0,P06,test_-_P06_-_AUNP01,64,pearson_r,0.1470825423816631,640,happyquokka_epoch_17,subject_specific_local_models_weissbart_full,1039,0.6159769008662175,tail shorter than 10s chunk,True,10s_chunk
weissbart_tf64,happyquokka,reconstruction,gate0_gate2_subject_specific_local_models_weissbart_full_v1,0,P06,test_-_P06_-_AUNP02,64,pearson_r,0.2603432554215691,640,happyquokka_epoch_17,subject_specific_local_models_weissbart_full,1019,0.6280667320902846,tail shorter than 10s chunk,True,10s_chunk
weissbart_tf64,happyquokka,reconstruction,gate0_gate2_subject_specific_local_models_weissbart_full_v1,0,P06,test_-_P06_-_AUNP03,64,pearson_r,0.08309788930413839,640,happyquokka_epoch_17,subject_specific_local_models_weissbart_full,939,0.6815761448349308,tail shorter than 10s chunk,True,10s_chunk
weissbart_tf64,happyquokka,reconstruction,gate0_gate2_subject_specific_local_models_weissbart_full_v1,0,P06,test_-_P06_-_AUNP04,64,pearson_r,-0.01615812958646692,640,happyquokka_epoch_17,subject_specific_local_models_weissbart_full,919,0.6964091403699674,tail shorter than 10s chunk,True,10s_chunk
weissbart_tf64,happyquokka,reconstruction,gate0_gate2_subject_specific_local_models_weissbart_full_v1,0,P06,test_-_P06_-_AUNP05,64,pearson_r,0.08672855567005959,640,happyquokka_epoch_17,subject_specific_local_models_weissbart_full,1240,0.5161290322580645,tail shorter than 10s chunk,True,10s_chunk
weissbart_tf64,happyquokka,reconstruction,gate0_gate2_subject_specific_local_models_weissbart_full_v1,0,P06,test_-_P06_-_AUNP06,64,pearson_r,-0.13188848283431437,640,happyquokka_epoch_17,subject_specific_local_models_weissbart_full,943,0.6786850477200425,tail shorter than 10s chunk,True,10s_chunk
weissbart_tf64,happyquokka,reconstruction,gate0_gate2_subject_specific_local_models_weissbart_full_v1,0,P06,test_-_P06_-_AUNP07,64,pearson_r,0.02579829984539342,640,happyquokka_epoch_17,subject_specific_local_models_weissbart_full,1183,0.5409974640743872,tail shorter than 10s chunk,True,10s_chunk
weissbart_tf64,happyquokka,reconstruction,gate0_gate2_subject_specific_local_models_weissbart_full_v1,0,P06,test_-_P06_-_AUNP08,64,pearson_r,-0.038486525566813784,640,happyquokka_epoch_17,subject_specific_local_models_weissbart_full,1153,0.5550737207285342,tail shorter than 10s chunk,True,10s_chunk
weissbart_tf64,happyquokka,reconstruction,gate0_gate2_subject_specific_local_models_weissbart_full_v1,0,P06,test_-_P06_-_BROP01,64,pearson_r,-0.016984360185117432,640,happyquokka_epoch_17,subject_specific_local_models_weissbart_full,1066,0.600375234521576,tail shorter than 10s chunk,True,10s_chunk
weissbart_tf64,happyquokka,reconstruction,gate0_gate2_subject_specific_local_models_weissbart_full_v1,0,P06,test_-_P06_-_BROP02,64,pearson_r,0.13443020706609377,640,happyquokka_epoch_17,subject_specific_local_models_weissbart_full,1169,0.5474764756201882,tail shorter than 10s chunk,True,10s_chunk
weissbart_tf64,happyquokka,reconstruction,gate0_gate2_subject_specific_local_models_weissbart_full_v1,0,P06,test_-_P06_-_BROP03,64,pearson_r,-0.07665281083281916,640,happyquokka_epoch_17,subject_specific_local_models_weissbart_full,1049,0.6101048617731173,tail shorter than 10s chunk,True,10s_chunk
weissbart_tf64,happyquokka,reconstruction,gate0_gate2_subject_specific_local_models_weissbart_full_v1,0,P06,test_-_P06_-_FLOP01,64,pearson_r,-0.19112460233012724,640,happyquokka_epoch_17,subject_specific_local_models_weissbart_full,828,0.7729468599033816,tail shorter than 10s chunk,True,10s_chunk
weissbart_tf64,happyquokka,reconstruction,gate0_gate2_subject_specific_local_models_weissbart_full_v1,0,P06,test_-_P06_-_FLOP02,64,pearson_r,-0.07207062884637766,640,happyquokka_epoch_17,subject_specific_local_models_weissbart_full,748,0.8556149732620321,tail shorter than 10s chunk,True,10s_chunk
weissbart_tf64,happyquokka,reconstruction,gate0_gate2_subject_specific_local_models_weissbart_full_v1,0,P06,test_-_P06_-_FLOP03,64,pearson_r,0.040750746067668674,640,happyquokka_epoch_17,subject_specific_local_models_weissbart_full,704,0.9090909090909091,tail shorter than 10s chunk,True,10s_chunk
weissbart_tf64,happyquokka,reconstruction,gate0_gate2_subject_specific_local_models_weissbart_full_v1,0,P06,test_-_P06_-_FLOP04,64,pearson_r,-0.013966612598279847,640,happyquokka_epoch_17,subject_specific_local_models_weissbart_full,1262,0.5071315372424723,tail shorter than 10s chunk,True,10s_chunk
weissbart_tf64,linear,reconstruction,gate0_gate2_subject_specific_local_models_weissbart_full_v1,0,P07,test_-_P07_-_AUNP01,64,pearson_r,0.15695483528727933,990,linear_ols,subject_specific_local_models_weissbart_full,1039,0.9528392685274302,"lag range [0, 50) trims edges",True,lag_matrix_trf
weissbart_tf64,linear,reconstruction,gate0_gate2_subject_specific_local_models_weissbart_full_v1,0,P07,test_-_P07_-_AUNP02,64,pearson_r,0.057787103431110196,970,linear_ols,subject_specific_local_models_weissbart_full,1019,0.9519136408243376,"lag range [0, 50) trims edges",True,lag_matrix_trf
weissbart_tf64,linear,reconstruction,gate0_gate2_subject_specific_local_models_weissbart_full_v1,0,P07,test_-_P07_-_AUNP03,64,pearson_r,0.14423012904289675,890,linear_ols,subject_specific_local_models_weissbart_full,939,0.9478168264110756,"lag range [0, 50) trims edges",True,lag_matrix_trf
weissbart_tf64,linear,reconstruction,gate0_gate2_subject_specific_local_models_weissbart_full_v1,0,P07,test_-_P07_-_AUNP04,64,pearson_r,0.10382548024065276,870,linear_ols,subject_specific_local_models_weissbart_full,919,0.9466811751904244,"lag range [0, 50) trims edges",True,lag_matrix_trf
weissbart_tf64,linear,reconstruction,gate0_gate2_subject_specific_local_models_weissbart_full_v1,0,P07,test_-_P07_-_AUNP05,64,pearson_r,0.029281000523715378,1191,linear_ols,subject_specific_local_models_weissbart_full,1240,0.9604838709677419,"lag range [0, 50) trims edges",True,lag_matrix_trf
weissbart_tf64,linear,reconstruction,gate0_gate2_subject_specific_local_models_weissbart_full_v1,0,P07,test_-_P07_-_AUNP06,64,pearson_r,0.018994132188315842,894,linear_ols,subject_specific_local_models_weissbart_full,943,0.9480381760339343,"lag range [0, 50) trims edges",True,lag_matrix_trf
weissbart_tf64,linear,reconstruction,gate0_gate2_subject_specific_local_models_weissbart_full_v1,0,P07,test_-_P07_-_AUNP07,64,pearson_r,0.13700257045737022,1134,linear_ols,subject_specific_local_models_weissbart_full,1183,0.9585798816568047,"lag range [0, 50) trims edges",True,lag_matrix_trf
weissbart_tf64,linear,reconstruction,gate0_gate2_subject_specific_local_models_weissbart_full_v1,0,P07,test_-_P07_-_AUNP08,64,pearson_r,0.06411180412314775,1104,linear_ols,subject_specific_local_models_weissbart_full,1153,0.9575021682567216,"lag range [0, 50) trims edges",True,lag_matrix_trf
weissbart_tf64,linear,reconstruction,gate0_gate2_subject_specific_local_models_weissbart_full_v1,0,P07,test_-_P07_-_BROP01,64,pearson_r,-0.042432502533108915,1017,linear_ols,subject_specific_local_models_weissbart_full,1066,0.9540337711069419,"lag range [0, 50) trims edges",True,lag_matrix_trf
weissbart_tf64,linear,reconstruction,gate0_gate2_subject_specific_local_models_weissbart_full_v1,0,P07,test_-_P07_-_BROP02,64,pearson_r,0.1497140577512728,1120,linear_ols,subject_specific_local_models_weissbart_full,1169,0.9580838323353293,"lag range [0, 50) trims edges",True,lag_matrix_trf
weissbart_tf64,linear,reconstruction,gate0_gate2_subject_specific_local_models_weissbart_full_v1,0,P07,test_-_P07_-_BROP03,64,pearson_r,0.17511080271450385,1000,linear_ols,subject_specific_local_models_weissbart_full,1049,0.9532888465204957,"lag range [0, 50) trims edges",True,lag_matrix_trf
weissbart_tf64,linear,reconstruction,gate0_gate2_subject_specific_local_models_weissbart_full_v1,0,P07,test_-_P07_-_FLOP01,64,pearson_r,0.005566569034547598,779,linear_ols,subject_specific_local_models_weissbart_full,828,0.9408212560386473,"lag range [0, 50) trims edges",True,lag_matrix_trf
weissbart_tf64,linear,reconstruction,gate0_gate2_subject_specific_local_models_weissbart_full_v1,0,P07,test_-_P07_-_FLOP02,64,pearson_r,-0.029968523773104896,699,linear_ols,subject_specific_local_models_weissbart_full,748,0.9344919786096256,"lag range [0, 50) trims edges",True,lag_matrix_trf
weissbart_tf64,linear,reconstruction,gate0_gate2_subject_specific_local_models_weissbart_full_v1,0,P07,test_-_P07_-_FLOP03,64,pearson_r,0.2389499575127822,655,linear_ols,subject_specific_local_models_weissbart_full,704,0.9303977272727273,"lag range [0, 50) trims edges",True,lag_matrix_trf
weissbart_tf64,linear,reconstruction,gate0_gate2_subject_specific_local_models_weissbart_full_v1,0,P07,test_-_P07_-_FLOP04,64,pearson_r,0.16852519259730275,1213,linear_ols,subject_specific_local_models_weissbart_full,1262,0.9611727416798732,"lag range [0, 50) trims edges",True,lag_matrix_trf
weissbart_tf64,lasso,reconstruction,gate0_gate2_subject_specific_local_models_weissbart_full_v1,0,P07,test_-_P07_-_AUNP01,64,pearson_r,0.11225073112433577,990,lasso_alpha_0.01,subject_specific_local_models_weissbart_full,1039,0.9528392685274302,"lag range [0, 50) trims edges",True,lag_matrix_trf
weissbart_tf64,lasso,reconstruction,gate0_gate2_subject_specific_local_models_weissbart_full_v1,0,P07,test_-_P07_-_AUNP02,64,pearson_r,0.1384178711080291,970,lasso_alpha_0.01,subject_specific_local_models_weissbart_full,1019,0.9519136408243376,"lag range [0, 50) trims edges",True,lag_matrix_trf
weissbart_tf64,lasso,reconstruction,gate0_gate2_subject_specific_local_models_weissbart_full_v1,0,P07,test_-_P07_-_AUNP03,64,pearson_r,0.1535505809036942,890,lasso_alpha_0.01,subject_specific_local_models_weissbart_full,939,0.9478168264110756,"lag range [0, 50) trims edges",True,lag_matrix_trf
weissbart_tf64,lasso,reconstruction,gate0_gate2_subject_specific_local_models_weissbart_full_v1,0,P07,test_-_P07_-_AUNP04,64,pearson_r,0.14676250834199378,870,lasso_alpha_0.01,subject_specific_local_models_weissbart_full,919,0.9466811751904244,"lag range [0, 50) trims edges",True,lag_matrix_trf
weissbart_tf64,lasso,reconstruction,gate0_gate2_subject_specific_local_models_weissbart_full_v1,0,P07,test_-_P07_-_AUNP05,64,pearson_r,0.02061376706397617,1191,lasso_alpha_0.01,subject_specific_local_models_weissbart_full,1240,0.9604838709677419,"lag range [0, 50) trims edges",True,lag_matrix_trf
weissbart_tf64,lasso,reconstruction,gate0_gate2_subject_specific_local_models_weissbart_full_v1,0,P07,test_-_P07_-_AUNP06,64,pearson_r,-0.06278825693583463,894,lasso_alpha_0.01,subject_specific_local_models_weissbart_full,943,0.9480381760339343,"lag range [0, 50) trims edges",True,lag_matrix_trf
weissbart_tf64,lasso,reconstruction,gate0_gate2_subject_specific_local_models_weissbart_full_v1,0,P07,test_-_P07_-_AUNP07,64,pearson_r,0.11560640789497416,1134,lasso_alpha_0.01,subject_specific_local_models_weissbart_full,1183,0.9585798816568047,"lag range [0, 50) trims edges",True,lag_matrix_trf
weissbart_tf64,lasso,reconstruction,gate0_gate2_subject_specific_local_models_weissbart_full_v1,0,P07,test_-_P07_-_AUNP08,64,pearson_r,0.05145991639158871,1104,lasso_alpha_0.01,subject_specific_local_models_weissbart_full,1153,0.9575021682567216,"lag range [0, 50) trims edges",True,lag_matrix_trf
weissbart_tf64,lasso,reconstruction,gate0_gate2_subject_specific_local_models_weissbart_full_v1,0,P07,test_-_P07_-_BROP01,64,pearson_r,0.10221009571609918,1017,lasso_alpha_0.01,subject_specific_local_models_weissbart_full,1066,0.9540337711069419,"lag range [0, 50) trims edges",True,lag_matrix_trf
weissbart_tf64,lasso,reconstruction,gate0_gate2_subject_specific_local_models_weissbart_full_v1,0,P07,test_-_P07_-_BROP02,64,pearson_r,0.11598658421017972,1120,lasso_alpha_0.01,subject_specific_local_models_weissbart_full,1169,0.9580838323353293,"lag range [0, 50) trims edges",True,lag_matrix_trf
weissbart_tf64,lasso,reconstruction,gate0_gate2_subject_specific_local_models_weissbart_full_v1,0,P07,test_-_P07_-_BROP03,64,pearson_r,0.205059986276382,1000,lasso_alpha_0.01,subject_specific_local_models_weissbart_full,1049,0.9532888465204957,"lag range [0, 50) trims edges",True,lag_matrix_trf
weissbart_tf64,lasso,reconstruction,gate0_gate2_subject_specific_local_models_weissbart_full_v1,0,P07,test_-_P07_-_FLOP01,64,pearson_r,-0.0996621443568274,779,lasso_alpha_0.01,subject_specific_local_models_weissbart_full,828,0.9408212560386473,"lag range [0, 50) trims edges",True,lag_matrix_trf
weissbart_tf64,lasso,reconstruction,gate0_gate2_subject_specific_local_models_weissbart_full_v1,0,P07,test_-_P07_-_FLOP02,64,pearson_r,-0.14391121143215302,699,lasso_alpha_0.01,subject_specific_local_models_weissbart_full,748,0.9344919786096256,"lag range [0, 50) trims edges",True,lag_matrix_trf
weissbart_tf64,lasso,reconstruction,gate0_gate2_subject_specific_local_models_weissbart_full_v1,0,P07,test_-_P07_-_FLOP03,64,pearson_r,0.16281180495336706,655,lasso_alpha_0.01,subject_specific_local_models_weissbart_full,704,0.9303977272727273,"lag range [0, 50) trims edges",True,lag_matrix_trf
weissbart_tf64,lasso,reconstruction,gate0_gate2_subject_specific_local_models_weissbart_full_v1,0,P07,test_-_P07_-_FLOP04,64,pearson_r,0.19746998644775848,1213,lasso_alpha_0.01,subject_specific_local_models_weissbart_full,1262,0.9611727416798732,"lag range [0, 50) trims edges",True,lag_matrix_trf
weissbart_tf64,elasticnet,reconstruction,gate0_gate2_subject_specific_local_models_weissbart_full_v1,0,P07,test_-_P07_-_AUNP01,64,pearson_r,0.15868581533965376,990,elasticnet_alpha_0.01_l1_0.5,subject_specific_local_models_weissbart_full,1039,0.9528392685274302,"lag range [0, 50) trims edges",True,lag_matrix_trf
weissbart_tf64,elasticnet,reconstruction,gate0_gate2_subject_specific_local_models_weissbart_full_v1,0,P07,test_-_P07_-_AUNP02,64,pearson_r,0.0926526268104986,970,elasticnet_alpha_0.01_l1_0.5,subject_specific_local_models_weissbart_full,1019,0.9519136408243376,"lag range [0, 50) trims edges",True,lag_matrix_trf
weissbart_tf64,elasticnet,reconstruction,gate0_gate2_subject_specific_local_models_weissbart_full_v1,0,P07,test_-_P07_-_AUNP03,64,pearson_r,0.18572242793279845,890,elasticnet_alpha_0.01_l1_0.5,subject_specific_local_models_weissbart_full,939,0.9478168264110756,"lag range [0, 50) trims edges",True,lag_matrix_trf
weissbart_tf64,elasticnet,reconstruction,gate0_gate2_subject_specific_local_models_weissbart_full_v1,0,P07,test_-_P07_-_AUNP04,64,pearson_r,0.16163146748353527,870,elasticnet_alpha_0.01_l1_0.5,subject_specific_local_models_weissbart_full,919,0.9466811751904244,"lag range [0, 50) trims edges",True,lag_matrix_trf
weissbart_tf64,elasticnet,reconstruction,gate0_gate2_subject_specific_local_models_weissbart_full_v1,0,P07,test_-_P07_-_AUNP05,64,pearson_r,0.06277397524632297,1191,elasticnet_alpha_0.01_l1_0.5,subject_specific_local_models_weissbart_full,1240,0.9604838709677419,"lag range [0, 50) trims edges",True,lag_matrix_trf
weissbart_tf64,elasticnet,reconstruction,gate0_gate2_subject_specific_local_models_weissbart_full_v1,0,P07,test_-_P07_-_AUNP06,64,pearson_r,-0.007368937162990218,894,elasticnet_alpha_0.01_l1_0.5,subject_specific_local_models_weissbart_full,943,0.9480381760339343,"lag range [0, 50) trims edges",True,lag_matrix_trf
weissbart_tf64,elasticnet,reconstruction,gate0_gate2_subject_specific_local_models_weissbart_full_v1,0,P07,test_-_P07_-_AUNP07,64,pearson_r,0.1657970339768468,1134,elasticnet_alpha_0.01_l1_0.5,subject_specific_local_models_weissbart_full,1183,0.9585798816568047,"lag range [0, 50) trims edges",True,lag_matrix_trf
weissbart_tf64,elasticnet,reconstruction,gate0_gate2_subject_specific_local_models_weissbart_full_v1,0,P07,test_-_P07_-_AUNP08,64,pearson_r,0.055263272201004104,1104,elasticnet_alpha_0.01_l1_0.5,subject_specific_local_models_weissbart_full,1153,0.9575021682567216,"lag range [0, 50) trims edges",True,lag_matrix_trf
weissbart_tf64,elasticnet,reconstruction,gate0_gate2_subject_specific_local_models_weissbart_full_v1,0,P07,test_-_P07_-_BROP01,64,pearson_r,0.06495865955444867,1017,elasticnet_alpha_0.01_l1_0.5,subject_specific_local_models_weissbart_full,1066,0.9540337711069419,"lag range [0, 50) trims edges",True,lag_matrix_trf
weissbart_tf64,elasticnet,reconstruction,gate0_gate2_subject_specific_local_models_weissbart_full_v1,0,P07,test_-_P07_-_BROP02,64,pearson_r,0.15136142774221528,1120,elasticnet_alpha_0.01_l1_0.5,subject_specific_local_models_weissbart_full,1169,0.9580838323353293,"lag range [0, 50) trims edges",True,lag_matrix_trf
weissbart_tf64,elasticnet,reconstruction,gate0_gate2_subject_specific_local_models_weissbart_full_v1,0,P07,test_-_P07_-_BROP03,64,pearson_r,0.2274257763032456,1000,elasticnet_alpha_0.01_l1_0.5,subject_specific_local_models_weissbart_full,1049,0.9532888465204957,"lag range [0, 50) trims edges",True,lag_matrix_trf
weissbart_tf64,elasticnet,reconstruction,gate0_gate2_subject_specific_local_models_weissbart_full_v1,0,P07,test_-_P07_-_FLOP01,64,pearson_r,-0.07960587384704118,779,elasticnet_alpha_0.01_l1_0.5,subject_specific_local_models_weissbart_full,828,0.9408212560386473,"lag range [0, 50) trims edges",True,lag_matrix_trf
weissbart_tf64,elasticnet,reconstruction,gate0_gate2_subject_specific_local_models_weissbart_full_v1,0,P07,test_-_P07_-_FLOP02,64,pearson_r,-0.05294581663662585,699,elasticnet_alpha_0.01_l1_0.5,subject_specific_local_models_weissbart_full,748,0.9344919786096256,"lag range [0, 50) trims edges",True,lag_matrix_trf
weissbart_tf64,elasticnet,reconstruction,gate0_gate2_subject_specific_local_models_weissbart_full_v1,0,P07,test_-_P07_-_FLOP03,64,pearson_r,0.25233523276221564,655,elasticnet_alpha_0.01_l1_0.5,subject_specific_local_models_weissbart_full,704,0.9303977272727273,"lag range [0, 50) trims edges",True,lag_matrix_trf
weissbart_tf64,elasticnet,reconstruction,gate0_gate2_subject_specific_local_models_weissbart_full_v1,0,P07,test_-_P07_-_FLOP04,64,pearson_r,0.2067715679826691,1213,elasticnet_alpha_0.01_l1_0.5,subject_specific_local_models_weissbart_full,1262,0.9611727416798732,"lag range [0, 50) trims edges",True,lag_matrix_trf
weissbart_tf64,vlaai,reconstruction,gate0_gate2_subject_specific_local_models_weissbart_full_v1,0,P07,test_-_P07_-_AUNP01,64,pearson_r,0.10912648949316965,990,vlaai_epoch_1,subject_specific_local_models_weissbart_full,1039,0.9528392685274302,window_size=50 drops first 49 target positions,True,vlaai_local_adapter
weissbart_tf64,vlaai,reconstruction,gate0_gate2_subject_specific_local_models_weissbart_full_v1,0,P07,test_-_P07_-_AUNP02,64,pearson_r,-0.05079173331660898,970,vlaai_epoch_1,subject_specific_local_models_weissbart_full,1019,0.9519136408243376,window_size=50 drops first 49 target positions,True,vlaai_local_adapter
weissbart_tf64,vlaai,reconstruction,gate0_gate2_subject_specific_local_models_weissbart_full_v1,0,P07,test_-_P07_-_AUNP03,64,pearson_r,0.22141672425238146,890,vlaai_epoch_1,subject_specific_local_models_weissbart_full,939,0.9478168264110756,window_size=50 drops first 49 target positions,True,vlaai_local_adapter
weissbart_tf64,vlaai,reconstruction,gate0_gate2_subject_specific_local_models_weissbart_full_v1,0,P07,test_-_P07_-_AUNP04,64,pearson_r,0.11869103366276697,870,vlaai_epoch_1,subject_specific_local_models_weissbart_full,919,0.9466811751904244,window_size=50 drops first 49 target positions,True,vlaai_local_adapter
weissbart_tf64,vlaai,reconstruction,gate0_gate2_subject_specific_local_models_weissbart_full_v1,0,P07,test_-_P07_-_AUNP05,64,pearson_r,-0.10665482282442225,1191,vlaai_epoch_1,subject_specific_local_models_weissbart_full,1240,0.9604838709677419,window_size=50 drops first 49 target positions,True,vlaai_local_adapter
weissbart_tf64,vlaai,reconstruction,gate0_gate2_subject_specific_local_models_weissbart_full_v1,0,P07,test_-_P07_-_AUNP06,64,pearson_r,0.010003272914460834,894,vlaai_epoch_1,subject_specific_local_models_weissbart_full,943,0.9480381760339343,window_size=50 drops first 49 target positions,True,vlaai_local_adapter
weissbart_tf64,vlaai,reconstruction,gate0_gate2_subject_specific_local_models_weissbart_full_v1,0,P07,test_-_P07_-_AUNP07,64,pearson_r,0.11959491044100821,1134,vlaai_epoch_1,subject_specific_local_models_weissbart_full,1183,0.9585798816568047,window_size=50 drops first 49 target positions,True,vlaai_local_adapter
weissbart_tf64,vlaai,reconstruction,gate0_gate2_subject_specific_local_models_weissbart_full_v1,0,P07,test_-_P07_-_AUNP08,64,pearson_r,-0.002435232331060289,1104,vlaai_epoch_1,subject_specific_local_models_weissbart_full,1153,0.9575021682567216,window_size=50 drops first 49 target positions,True,vlaai_local_adapter
weissbart_tf64,vlaai,reconstruction,gate0_gate2_subject_specific_local_models_weissbart_full_v1,0,P07,test_-_P07_-_BROP01,64,pearson_r,0.07858411854746644,1017,vlaai_epoch_1,subject_specific_local_models_weissbart_full,1066,0.9540337711069419,window_size=50 drops first 49 target positions,True,vlaai_local_adapter
weissbart_tf64,vlaai,reconstruction,gate0_gate2_subject_specific_local_models_weissbart_full_v1,0,P07,test_-_P07_-_BROP02,64,pearson_r,0.14177703856974272,1120,vlaai_epoch_1,subject_specific_local_models_weissbart_full,1169,0.9580838323353293,window_size=50 drops first 49 target positions,True,vlaai_local_adapter
weissbart_tf64,vlaai,reconstruction,gate0_gate2_subject_specific_local_models_weissbart_full_v1,0,P07,test_-_P07_-_BROP03,64,pearson_r,0.11762600950328461,1000,vlaai_epoch_1,subject_specific_local_models_weissbart_full,1049,0.9532888465204957,window_size=50 drops first 49 target positions,True,vlaai_local_adapter
weissbart_tf64,vlaai,reconstruction,gate0_gate2_subject_specific_local_models_weissbart_full_v1,0,P07,test_-_P07_-_FLOP01,64,pearson_r,-0.24454312722267055,779,vlaai_epoch_1,subject_specific_local_models_weissbart_full,828,0.9408212560386473,window_size=50 drops first 49 target positions,True,vlaai_local_adapter
weissbart_tf64,vlaai,reconstruction,gate0_gate2_subject_specific_local_models_weissbart_full_v1,0,P07,test_-_P07_-_FLOP02,64,pearson_r,-0.08797061015660798,699,vlaai_epoch_1,subject_specific_local_models_weissbart_full,748,0.9344919786096256,window_size=50 drops first 49 target positions,True,vlaai_local_adapter
weissbart_tf64,vlaai,reconstruction,gate0_gate2_subject_specific_local_models_weissbart_full_v1,0,P07,test_-_P07_-_FLOP03,64,pearson_r,0.10420272088838349,655,vlaai_epoch_1,subject_specific_local_models_weissbart_full,704,0.9303977272727273,window_size=50 drops first 49 target positions,True,vlaai_local_adapter
weissbart_tf64,vlaai,reconstruction,gate0_gate2_subject_specific_local_models_weissbart_full_v1,0,P07,test_-_P07_-_FLOP04,64,pearson_r,0.14942682165729868,1213,vlaai_epoch_1,subject_specific_local_models_weissbart_full,1262,0.9611727416798732,window_size=50 drops first 49 target positions,True,vlaai_local_adapter
weissbart_tf64,happyquokka,reconstruction,gate0_gate2_subject_specific_local_models_weissbart_full_v1,0,P07,test_-_P07_-_AUNP01,64,pearson_r,0.24642266675395527,640,happyquokka_epoch_26,subject_specific_local_models_weissbart_full,1039,0.6159769008662175,tail shorter than 10s chunk,True,10s_chunk
weissbart_tf64,happyquokka,reconstruction,gate0_gate2_subject_specific_local_models_weissbart_full_v1,0,P07,test_-_P07_-_AUNP02,64,pearson_r,0.06754161702318102,640,happyquokka_epoch_26,subject_specific_local_models_weissbart_full,1019,0.6280667320902846,tail shorter than 10s chunk,True,10s_chunk
weissbart_tf64,happyquokka,reconstruction,gate0_gate2_subject_specific_local_models_weissbart_full_v1,0,P07,test_-_P07_-_AUNP03,64,pearson_r,0.1858933844992264,640,happyquokka_epoch_26,subject_specific_local_models_weissbart_full,939,0.6815761448349308,tail shorter than 10s chunk,True,10s_chunk
weissbart_tf64,happyquokka,reconstruction,gate0_gate2_subject_specific_local_models_weissbart_full_v1,0,P07,test_-_P07_-_AUNP04,64,pearson_r,0.1844784610318214,640,happyquokka_epoch_26,subject_specific_local_models_weissbart_full,919,0.6964091403699674,tail shorter than 10s chunk,True,10s_chunk
weissbart_tf64,happyquokka,reconstruction,gate0_gate2_subject_specific_local_models_weissbart_full_v1,0,P07,test_-_P07_-_AUNP05,64,pearson_r,0.17115062801592348,640,happyquokka_epoch_26,subject_specific_local_models_weissbart_full,1240,0.5161290322580645,tail shorter than 10s chunk,True,10s_chunk
weissbart_tf64,happyquokka,reconstruction,gate0_gate2_subject_specific_local_models_weissbart_full_v1,0,P07,test_-_P07_-_AUNP06,64,pearson_r,0.034128396508732194,640,happyquokka_epoch_26,subject_specific_local_models_weissbart_full,943,0.6786850477200425,tail shorter than 10s chunk,True,10s_chunk
weissbart_tf64,happyquokka,reconstruction,gate0_gate2_subject_specific_local_models_weissbart_full_v1,0,P07,test_-_P07_-_AUNP07,64,pearson_r,0.27212616601363515,640,happyquokka_epoch_26,subject_specific_local_models_weissbart_full,1183,0.5409974640743872,tail shorter than 10s chunk,True,10s_chunk
weissbart_tf64,happyquokka,reconstruction,gate0_gate2_subject_specific_local_models_weissbart_full_v1,0,P07,test_-_P07_-_AUNP08,64,pearson_r,-0.05979458882447795,640,happyquokka_epoch_26,subject_specific_local_models_weissbart_full,1153,0.5550737207285342,tail shorter than 10s chunk,True,10s_chunk
weissbart_tf64,happyquokka,reconstruction,gate0_gate2_subject_specific_local_models_weissbart_full_v1,0,P07,test_-_P07_-_BROP01,64,pearson_r,0.028869172598439737,640,happyquokka_epoch_26,subject_specific_local_models_weissbart_full,1066,0.600375234521576,tail shorter than 10s chunk,True,10s_chunk
weissbart_tf64,happyquokka,reconstruction,gate0_gate2_subject_specific_local_models_weissbart_full_v1,0,P07,test_-_P07_-_BROP02,64,pearson_r,0.14856827023973726,640,happyquokka_epoch_26,subject_specific_local_models_weissbart_full,1169,0.5474764756201882,tail shorter than 10s chunk,True,10s_chunk
weissbart_tf64,happyquokka,reconstruction,gate0_gate2_subject_specific_local_models_weissbart_full_v1,0,P07,test_-_P07_-_BROP03,64,pearson_r,0.2529381833363632,640,happyquokka_epoch_26,subject_specific_local_models_weissbart_full,1049,0.6101048617731173,tail shorter than 10s chunk,True,10s_chunk
weissbart_tf64,happyquokka,reconstruction,gate0_gate2_subject_specific_local_models_weissbart_full_v1,0,P07,test_-_P07_-_FLOP01,64,pearson_r,-0.19841445223997323,640,happyquokka_epoch_26,subject_specific_local_models_weissbart_full,828,0.7729468599033816,tail shorter than 10s chunk,True,10s_chunk
weissbart_tf64,happyquokka,reconstruction,gate0_gate2_subject_specific_local_models_weissbart_full_v1,0,P07,test_-_P07_-_FLOP02,64,pearson_r,-0.06627248154632454,640,happyquokka_epoch_26,subject_specific_local_models_weissbart_full,748,0.8556149732620321,tail shorter than 10s chunk,True,10s_chunk
weissbart_tf64,happyquokka,reconstruction,gate0_gate2_subject_specific_local_models_weissbart_full_v1,0,P07,test_-_P07_-_FLOP03,64,pearson_r,0.37296637769615076,640,happyquokka_epoch_26,subject_specific_local_models_weissbart_full,704,0.9090909090909091,tail shorter than 10s chunk,True,10s_chunk
weissbart_tf64,happyquokka,reconstruction,gate0_gate2_subject_specific_local_models_weissbart_full_v1,0,P07,test_-_P07_-_FLOP04,64,pearson_r,0.22639852995727516,640,happyquokka_epoch_26,subject_specific_local_models_weissbart_full,1262,0.5071315372424723,tail shorter than 10s chunk,True,10s_chunk
weissbart_tf64,linear,reconstruction,gate0_gate2_subject_specific_local_models_weissbart_full_v1,0,P08,test_-_P08_-_AUNP01,64,pearson_r,0.14325214437411557,990,linear_ols,subject_specific_local_models_weissbart_full,1039,0.9528392685274302,"lag range [0, 50) trims edges",True,lag_matrix_trf
weissbart_tf64,linear,reconstruction,gate0_gate2_subject_specific_local_models_weissbart_full_v1,0,P08,test_-_P08_-_AUNP02,64,pearson_r,0.04706610319791951,970,linear_ols,subject_specific_local_models_weissbart_full,1019,0.9519136408243376,"lag range [0, 50) trims edges",True,lag_matrix_trf
weissbart_tf64,linear,reconstruction,gate0_gate2_subject_specific_local_models_weissbart_full_v1,0,P08,test_-_P08_-_AUNP03,64,pearson_r,0.1109492491635037,890,linear_ols,subject_specific_local_models_weissbart_full,939,0.9478168264110756,"lag range [0, 50) trims edges",True,lag_matrix_trf
weissbart_tf64,linear,reconstruction,gate0_gate2_subject_specific_local_models_weissbart_full_v1,0,P08,test_-_P08_-_AUNP04,64,pearson_r,-0.025051590235843704,870,linear_ols,subject_specific_local_models_weissbart_full,919,0.9466811751904244,"lag range [0, 50) trims edges",True,lag_matrix_trf
weissbart_tf64,linear,reconstruction,gate0_gate2_subject_specific_local_models_weissbart_full_v1,0,P08,test_-_P08_-_AUNP05,64,pearson_r,0.019816196369476208,1191,linear_ols,subject_specific_local_models_weissbart_full,1240,0.9604838709677419,"lag range [0, 50) trims edges",True,lag_matrix_trf
weissbart_tf64,linear,reconstruction,gate0_gate2_subject_specific_local_models_weissbart_full_v1,0,P08,test_-_P08_-_AUNP06,64,pearson_r,0.06604309953818441,894,linear_ols,subject_specific_local_models_weissbart_full,943,0.9480381760339343,"lag range [0, 50) trims edges",True,lag_matrix_trf
weissbart_tf64,linear,reconstruction,gate0_gate2_subject_specific_local_models_weissbart_full_v1,0,P08,test_-_P08_-_AUNP07,64,pearson_r,0.08794207549197076,1134,linear_ols,subject_specific_local_models_weissbart_full,1183,0.9585798816568047,"lag range [0, 50) trims edges",True,lag_matrix_trf
weissbart_tf64,linear,reconstruction,gate0_gate2_subject_specific_local_models_weissbart_full_v1,0,P08,test_-_P08_-_AUNP08,64,pearson_r,0.04009083350242914,1104,linear_ols,subject_specific_local_models_weissbart_full,1153,0.9575021682567216,"lag range [0, 50) trims edges",True,lag_matrix_trf
weissbart_tf64,linear,reconstruction,gate0_gate2_subject_specific_local_models_weissbart_full_v1,0,P08,test_-_P08_-_BROP01,64,pearson_r,0.049270738966083735,1017,linear_ols,subject_specific_local_models_weissbart_full,1066,0.9540337711069419,"lag range [0, 50) trims edges",True,lag_matrix_trf
weissbart_tf64,linear,reconstruction,gate0_gate2_subject_specific_local_models_weissbart_full_v1,0,P08,test_-_P08_-_BROP02,64,pearson_r,0.026218849547590666,1120,linear_ols,subject_specific_local_models_weissbart_full,1169,0.9580838323353293,"lag range [0, 50) trims edges",True,lag_matrix_trf
weissbart_tf64,linear,reconstruction,gate0_gate2_subject_specific_local_models_weissbart_full_v1,0,P08,test_-_P08_-_BROP03,64,pearson_r,0.057407430783726496,1000,linear_ols,subject_specific_local_models_weissbart_full,1049,0.9532888465204957,"lag range [0, 50) trims edges",True,lag_matrix_trf
weissbart_tf64,linear,reconstruction,gate0_gate2_subject_specific_local_models_weissbart_full_v1,0,P08,test_-_P08_-_FLOP01,64,pearson_r,0.036138613010675495,779,linear_ols,subject_specific_local_models_weissbart_full,828,0.9408212560386473,"lag range [0, 50) trims edges",True,lag_matrix_trf
weissbart_tf64,linear,reconstruction,gate0_gate2_subject_specific_local_models_weissbart_full_v1,0,P08,test_-_P08_-_FLOP02,64,pearson_r,0.10030613130544562,699,linear_ols,subject_specific_local_models_weissbart_full,748,0.9344919786096256,"lag range [0, 50) trims edges",True,lag_matrix_trf
weissbart_tf64,linear,reconstruction,gate0_gate2_subject_specific_local_models_weissbart_full_v1,0,P08,test_-_P08_-_FLOP03,64,pearson_r,0.024463616513020266,655,linear_ols,subject_specific_local_models_weissbart_full,704,0.9303977272727273,"lag range [0, 50) trims edges",True,lag_matrix_trf
weissbart_tf64,linear,reconstruction,gate0_gate2_subject_specific_local_models_weissbart_full_v1,0,P08,test_-_P08_-_FLOP04,64,pearson_r,0.16657646284648778,1213,linear_ols,subject_specific_local_models_weissbart_full,1262,0.9611727416798732,"lag range [0, 50) trims edges",True,lag_matrix_trf
weissbart_tf64,lasso,reconstruction,gate0_gate2_subject_specific_local_models_weissbart_full_v1,0,P08,test_-_P08_-_AUNP01,64,pearson_r,0.20102729643038494,990,lasso_alpha_0.001,subject_specific_local_models_weissbart_full,1039,0.9528392685274302,"lag range [0, 50) trims edges",True,lag_matrix_trf
weissbart_tf64,lasso,reconstruction,gate0_gate2_subject_specific_local_models_weissbart_full_v1,0,P08,test_-_P08_-_AUNP02,64,pearson_r,0.1437211687956244,970,lasso_alpha_0.001,subject_specific_local_models_weissbart_full,1019,0.9519136408243376,"lag range [0, 50) trims edges",True,lag_matrix_trf
weissbart_tf64,lasso,reconstruction,gate0_gate2_subject_specific_local_models_weissbart_full_v1,0,P08,test_-_P08_-_AUNP03,64,pearson_r,0.13654090720470616,890,lasso_alpha_0.001,subject_specific_local_models_weissbart_full,939,0.9478168264110756,"lag range [0, 50) trims edges",True,lag_matrix_trf
weissbart_tf64,lasso,reconstruction,gate0_gate2_subject_specific_local_models_weissbart_full_v1,0,P08,test_-_P08_-_AUNP04,64,pearson_r,0.0009741499361754372,870,lasso_alpha_0.001,subject_specific_local_models_weissbart_full,919,0.9466811751904244,"lag range [0, 50) trims edges",True,lag_matrix_trf
weissbart_tf64,lasso,reconstruction,gate0_gate2_subject_specific_local_models_weissbart_full_v1,0,P08,test_-_P08_-_AUNP05,64,pearson_r,0.045429708791519696,1191,lasso_alpha_0.001,subject_specific_local_models_weissbart_full,1240,0.9604838709677419,"lag range [0, 50) trims edges",True,lag_matrix_trf
weissbart_tf64,lasso,reconstruction,gate0_gate2_subject_specific_local_models_weissbart_full_v1,0,P08,test_-_P08_-_AUNP06,64,pearson_r,0.05354327720871699,894,lasso_alpha_0.001,subject_specific_local_models_weissbart_full,943,0.9480381760339343,"lag range [0, 50) trims edges",True,lag_matrix_trf
weissbart_tf64,lasso,reconstruction,gate0_gate2_subject_specific_local_models_weissbart_full_v1,0,P08,test_-_P08_-_AUNP07,64,pearson_r,0.055506937883865716,1134,lasso_alpha_0.001,subject_specific_local_models_weissbart_full,1183,0.9585798816568047,"lag range [0, 50) trims edges",True,lag_matrix_trf
weissbart_tf64,lasso,reconstruction,gate0_gate2_subject_specific_local_models_weissbart_full_v1,0,P08,test_-_P08_-_AUNP08,64,pearson_r,0.08838390984309992,1104,lasso_alpha_0.001,subject_specific_local_models_weissbart_full,1153,0.9575021682567216,"lag range [0, 50) trims edges",True,lag_matrix_trf
weissbart_tf64,lasso,reconstruction,gate0_gate2_subject_specific_local_models_weissbart_full_v1,0,P08,test_-_P08_-_BROP01,64,pearson_r,0.08243047958243237,1017,lasso_alpha_0.001,subject_specific_local_models_weissbart_full,1066,0.9540337711069419,"lag range [0, 50) trims edges",True,lag_matrix_trf
weissbart_tf64,lasso,reconstruction,gate0_gate2_subject_specific_local_models_weissbart_full_v1,0,P08,test_-_P08_-_BROP02,64,pearson_r,0.08425338969636838,1120,lasso_alpha_0.001,subject_specific_local_models_weissbart_full,1169,0.9580838323353293,"lag range [0, 50) trims edges",True,lag_matrix_trf
weissbart_tf64,lasso,reconstruction,gate0_gate2_subject_specific_local_models_weissbart_full_v1,0,P08,test_-_P08_-_BROP03,64,pearson_r,0.09912424631534475,1000,lasso_alpha_0.001,subject_specific_local_models_weissbart_full,1049,0.9532888465204957,"lag range [0, 50) trims edges",True,lag_matrix_trf
weissbart_tf64,lasso,reconstruction,gate0_gate2_subject_specific_local_models_weissbart_full_v1,0,P08,test_-_P08_-_FLOP01,64,pearson_r,0.021072522627694136,779,lasso_alpha_0.001,subject_specific_local_models_weissbart_full,828,0.9408212560386473,"lag range [0, 50) trims edges",True,lag_matrix_trf
weissbart_tf64,lasso,reconstruction,gate0_gate2_subject_specific_local_models_weissbart_full_v1,0,P08,test_-_P08_-_FLOP02,64,pearson_r,0.14349300795607964,699,lasso_alpha_0.001,subject_specific_local_models_weissbart_full,748,0.9344919786096256,"lag range [0, 50) trims edges",True,lag_matrix_trf
weissbart_tf64,lasso,reconstruction,gate0_gate2_subject_specific_local_models_weissbart_full_v1,0,P08,test_-_P08_-_FLOP03,64,pearson_r,0.2971047985924578,655,lasso_alpha_0.001,subject_specific_local_models_weissbart_full,704,0.9303977272727273,"lag range [0, 50) trims edges",True,lag_matrix_trf
weissbart_tf64,lasso,reconstruction,gate0_gate2_subject_specific_local_models_weissbart_full_v1,0,P08,test_-_P08_-_FLOP04,64,pearson_r,0.15900080163423197,1213,lasso_alpha_0.001,subject_specific_local_models_weissbart_full,1262,0.9611727416798732,"lag range [0, 50) trims edges",True,lag_matrix_trf
weissbart_tf64,elasticnet,reconstruction,gate0_gate2_subject_specific_local_models_weissbart_full_v1,0,P08,test_-_P08_-_AUNP01,64,pearson_r,0.17366043393008718,990,elasticnet_alpha_0.001_l1_0.2,subject_specific_local_models_weissbart_full,1039,0.9528392685274302,"lag range [0, 50) trims edges",True,lag_matrix_trf
weissbart_tf64,elasticnet,reconstruction,gate0_gate2_subject_specific_local_models_weissbart_full_v1,0,P08,test_-_P08_-_AUNP02,64,pearson_r,0.07927346529314908,970,elasticnet_alpha_0.001_l1_0.2,subject_specific_local_models_weissbart_full,1019,0.9519136408243376,"lag range [0, 50) trims edges",True,lag_matrix_trf
weissbart_tf64,elasticnet,reconstruction,gate0_gate2_subject_specific_local_models_weissbart_full_v1,0,P08,test_-_P08_-_AUNP03,64,pearson_r,0.12725955344979845,890,elasticnet_alpha_0.001_l1_0.2,subject_specific_local_models_weissbart_full,939,0.9478168264110756,"lag range [0, 50) trims edges",True,lag_matrix_trf
weissbart_tf64,elasticnet,reconstruction,gate0_gate2_subject_specific_local_models_weissbart_full_v1,0,P08,test_-_P08_-_AUNP04,64,pearson_r,-0.017548088212779252,870,elasticnet_alpha_0.001_l1_0.2,subject_specific_local_models_weissbart_full,919,0.9466811751904244,"lag range [0, 50) trims edges",True,lag_matrix_trf
weissbart_tf64,elasticnet,reconstruction,gate0_gate2_subject_specific_local_models_weissbart_full_v1,0,P08,test_-_P08_-_AUNP05,64,pearson_r,0.044068151432529956,1191,elasticnet_alpha_0.001_l1_0.2,subject_specific_local_models_weissbart_full,1240,0.9604838709677419,"lag range [0, 50) trims edges",True,lag_matrix_trf
weissbart_tf64,elasticnet,reconstruction,gate0_gate2_subject_specific_local_models_weissbart_full_v1,0,P08,test_-_P08_-_AUNP06,64,pearson_r,0.05718678272339603,894,elasticnet_alpha_0.001_l1_0.2,subject_specific_local_models_weissbart_full,943,0.9480381760339343,"lag range [0, 50) trims edges",True,lag_matrix_trf
weissbart_tf64,elasticnet,reconstruction,gate0_gate2_subject_specific_local_models_weissbart_full_v1,0,P08,test_-_P08_-_AUNP07,64,pearson_r,0.07959881061168382,1134,elasticnet_alpha_0.001_l1_0.2,subject_specific_local_models_weissbart_full,1183,0.9585798816568047,"lag range [0, 50) trims edges",True,lag_matrix_trf
weissbart_tf64,elasticnet,reconstruction,gate0_gate2_subject_specific_local_models_weissbart_full_v1,0,P08,test_-_P08_-_AUNP08,64,pearson_r,0.0682007206429707,1104,elasticnet_alpha_0.001_l1_0.2,subject_specific_local_models_weissbart_full,1153,0.9575021682567216,"lag range [0, 50) trims edges",True,lag_matrix_trf
weissbart_tf64,elasticnet,reconstruction,gate0_gate2_subject_specific_local_models_weissbart_full_v1,0,P08,test_-_P08_-_BROP01,64,pearson_r,0.06559501133170546,1017,elasticnet_alpha_0.001_l1_0.2,subject_specific_local_models_weissbart_full,1066,0.9540337711069419,"lag range [0, 50) trims edges",True,lag_matrix_trf
weissbart_tf64,elasticnet,reconstruction,gate0_gate2_subject_specific_local_models_weissbart_full_v1,0,P08,test_-_P08_-_BROP02,64,pearson_r,0.050980290160288544,1120,elasticnet_alpha_0.001_l1_0.2,subject_specific_local_models_weissbart_full,1169,0.9580838323353293,"lag range [0, 50) trims edges",True,lag_matrix_trf
weissbart_tf64,elasticnet,reconstruction,gate0_gate2_subject_specific_local_models_weissbart_full_v1,0,P08,test_-_P08_-_BROP03,64,pearson_r,0.09260434432771414,1000,elasticnet_alpha_0.001_l1_0.2,subject_specific_local_models_weissbart_full,1049,0.9532888465204957,"lag range [0, 50) trims edges",True,lag_matrix_trf
weissbart_tf64,elasticnet,reconstruction,gate0_gate2_subject_specific_local_models_weissbart_full_v1,0,P08,test_-_P08_-_FLOP01,64,pearson_r,0.02814652707072539,779,elasticnet_alpha_0.001_l1_0.2,subject_specific_local_models_weissbart_full,828,0.9408212560386473,"lag range [0, 50) trims edges",True,lag_matrix_trf
weissbart_tf64,elasticnet,reconstruction,gate0_gate2_subject_specific_local_models_weissbart_full_v1,0,P08,test_-_P08_-_FLOP02,64,pearson_r,0.11351029649565314,699,elasticnet_alpha_0.001_l1_0.2,subject_specific_local_models_weissbart_full,748,0.9344919786096256,"lag range [0, 50) trims edges",True,lag_matrix_trf
weissbart_tf64,elasticnet,reconstruction,gate0_gate2_subject_specific_local_models_weissbart_full_v1,0,P08,test_-_P08_-_FLOP03,64,pearson_r,0.11363427221917012,655,elasticnet_alpha_0.001_l1_0.2,subject_specific_local_models_weissbart_full,704,0.9303977272727273,"lag range [0, 50) trims edges",True,lag_matrix_trf
weissbart_tf64,elasticnet,reconstruction,gate0_gate2_subject_specific_local_models_weissbart_full_v1,0,P08,test_-_P08_-_FLOP04,64,pearson_r,0.17225080174573992,1213,elasticnet_alpha_0.001_l1_0.2,subject_specific_local_models_weissbart_full,1262,0.9611727416798732,"lag range [0, 50) trims edges",True,lag_matrix_trf
weissbart_tf64,vlaai,reconstruction,gate0_gate2_subject_specific_local_models_weissbart_full_v1,0,P08,test_-_P08_-_AUNP01,64,pearson_r,0.20375093133506536,990,vlaai_epoch_3,subject_specific_local_models_weissbart_full,1039,0.9528392685274302,window_size=50 drops first 49 target positions,True,vlaai_local_adapter
weissbart_tf64,vlaai,reconstruction,gate0_gate2_subject_specific_local_models_weissbart_full_v1,0,P08,test_-_P08_-_AUNP02,64,pearson_r,0.10673272840192836,970,vlaai_epoch_3,subject_specific_local_models_weissbart_full,1019,0.9519136408243376,window_size=50 drops first 49 target positions,True,vlaai_local_adapter
weissbart_tf64,vlaai,reconstruction,gate0_gate2_subject_specific_local_models_weissbart_full_v1,0,P08,test_-_P08_-_AUNP03,64,pearson_r,0.033532658339283455,890,vlaai_epoch_3,subject_specific_local_models_weissbart_full,939,0.9478168264110756,window_size=50 drops first 49 target positions,True,vlaai_local_adapter
weissbart_tf64,vlaai,reconstruction,gate0_gate2_subject_specific_local_models_weissbart_full_v1,0,P08,test_-_P08_-_AUNP04,64,pearson_r,0.028762176814392595,870,vlaai_epoch_3,subject_specific_local_models_weissbart_full,919,0.9466811751904244,window_size=50 drops first 49 target positions,True,vlaai_local_adapter
weissbart_tf64,vlaai,reconstruction,gate0_gate2_subject_specific_local_models_weissbart_full_v1,0,P08,test_-_P08_-_AUNP05,64,pearson_r,0.030399290380378755,1191,vlaai_epoch_3,subject_specific_local_models_weissbart_full,1240,0.9604838709677419,window_size=50 drops first 49 target positions,True,vlaai_local_adapter
weissbart_tf64,vlaai,reconstruction,gate0_gate2_subject_specific_local_models_weissbart_full_v1,0,P08,test_-_P08_-_AUNP06,64,pearson_r,0.2777338756752512,894,vlaai_epoch_3,subject_specific_local_models_weissbart_full,943,0.9480381760339343,window_size=50 drops first 49 target positions,True,vlaai_local_adapter
weissbart_tf64,vlaai,reconstruction,gate0_gate2_subject_specific_local_models_weissbart_full_v1,0,P08,test_-_P08_-_AUNP07,64,pearson_r,-0.06788807138201045,1134,vlaai_epoch_3,subject_specific_local_models_weissbart_full,1183,0.9585798816568047,window_size=50 drops first 49 target positions,True,vlaai_local_adapter
weissbart_tf64,vlaai,reconstruction,gate0_gate2_subject_specific_local_models_weissbart_full_v1,0,P08,test_-_P08_-_AUNP08,64,pearson_r,-0.11478265913540622,1104,vlaai_epoch_3,subject_specific_local_models_weissbart_full,1153,0.9575021682567216,window_size=50 drops first 49 target positions,True,vlaai_local_adapter
weissbart_tf64,vlaai,reconstruction,gate0_gate2_subject_specific_local_models_weissbart_full_v1,0,P08,test_-_P08_-_BROP01,64,pearson_r,0.22415040358311847,1017,vlaai_epoch_3,subject_specific_local_models_weissbart_full,1066,0.9540337711069419,window_size=50 drops first 49 target positions,True,vlaai_local_adapter
weissbart_tf64,vlaai,reconstruction,gate0_gate2_subject_specific_local_models_weissbart_full_v1,0,P08,test_-_P08_-_BROP02,64,pearson_r,0.02364660496923975,1120,vlaai_epoch_3,subject_specific_local_models_weissbart_full,1169,0.9580838323353293,window_size=50 drops first 49 target positions,True,vlaai_local_adapter
weissbart_tf64,vlaai,reconstruction,gate0_gate2_subject_specific_local_models_weissbart_full_v1,0,P08,test_-_P08_-_BROP03,64,pearson_r,0.011445906577548124,1000,vlaai_epoch_3,subject_specific_local_models_weissbart_full,1049,0.9532888465204957,window_size=50 drops first 49 target positions,True,vlaai_local_adapter
weissbart_tf64,vlaai,reconstruction,gate0_gate2_subject_specific_local_models_weissbart_full_v1,0,P08,test_-_P08_-_FLOP01,64,pearson_r,-0.21815324973902836,779,vlaai_epoch_3,subject_specific_local_models_weissbart_full,828,0.9408212560386473,window_size=50 drops first 49 target positions,True,vlaai_local_adapter
weissbart_tf64,vlaai,reconstruction,gate0_gate2_subject_specific_local_models_weissbart_full_v1,0,P08,test_-_P08_-_FLOP02,64,pearson_r,-0.25926476215454414,699,vlaai_epoch_3,subject_specific_local_models_weissbart_full,748,0.9344919786096256,window_size=50 drops first 49 target positions,True,vlaai_local_adapter
weissbart_tf64,vlaai,reconstruction,gate0_gate2_subject_specific_local_models_weissbart_full_v1,0,P08,test_-_P08_-_FLOP03,64,pearson_r,0.43693478620773196,655,vlaai_epoch_3,subject_specific_local_models_weissbart_full,704,0.9303977272727273,window_size=50 drops first 49 target positions,True,vlaai_local_adapter
weissbart_tf64,vlaai,reconstruction,gate0_gate2_subject_specific_local_models_weissbart_full_v1,0,P08,test_-_P08_-_FLOP04,64,pearson_r,0.11146899565430912,1213,vlaai_epoch_3,subject_specific_local_models_weissbart_full,1262,0.9611727416798732,window_size=50 drops first 49 target positions,True,vlaai_local_adapter
weissbart_tf64,happyquokka,reconstruction,gate0_gate2_subject_specific_local_models_weissbart_full_v1,0,P08,test_-_P08_-_AUNP01,64,pearson_r,-0.02494990768582206,640,happyquokka_epoch_4,subject_specific_local_models_weissbart_full,1039,0.6159769008662175,tail shorter than 10s chunk,True,10s_chunk
weissbart_tf64,happyquokka,reconstruction,gate0_gate2_subject_specific_local_models_weissbart_full_v1,0,P08,test_-_P08_-_AUNP02,64,pearson_r,-0.21965650186837996,640,happyquokka_epoch_4,subject_specific_local_models_weissbart_full,1019,0.6280667320902846,tail shorter than 10s chunk,True,10s_chunk
weissbart_tf64,happyquokka,reconstruction,gate0_gate2_subject_specific_local_models_weissbart_full_v1,0,P08,test_-_P08_-_AUNP03,64,pearson_r,0.11666991817991085,640,happyquokka_epoch_4,subject_specific_local_models_weissbart_full,939,0.6815761448349308,tail shorter than 10s chunk,True,10s_chunk
weissbart_tf64,happyquokka,reconstruction,gate0_gate2_subject_specific_local_models_weissbart_full_v1,0,P08,test_-_P08_-_AUNP04,64,pearson_r,-0.009120361890582794,640,happyquokka_epoch_4,subject_specific_local_models_weissbart_full,919,0.6964091403699674,tail shorter than 10s chunk,True,10s_chunk
weissbart_tf64,happyquokka,reconstruction,gate0_gate2_subject_specific_local_models_weissbart_full_v1,0,P08,test_-_P08_-_AUNP05,64,pearson_r,0.07249122460440278,640,happyquokka_epoch_4,subject_specific_local_models_weissbart_full,1240,0.5161290322580645,tail shorter than 10s chunk,True,10s_chunk
weissbart_tf64,happyquokka,reconstruction,gate0_gate2_subject_specific_local_models_weissbart_full_v1,0,P08,test_-_P08_-_AUNP06,64,pearson_r,0.14934955840082045,640,happyquokka_epoch_4,subject_specific_local_models_weissbart_full,943,0.6786850477200425,tail shorter than 10s chunk,True,10s_chunk
weissbart_tf64,happyquokka,reconstruction,gate0_gate2_subject_specific_local_models_weissbart_full_v1,0,P08,test_-_P08_-_AUNP07,64,pearson_r,0.04986903396743481,640,happyquokka_epoch_4,subject_specific_local_models_weissbart_full,1183,0.5409974640743872,tail shorter than 10s chunk,True,10s_chunk
weissbart_tf64,happyquokka,reconstruction,gate0_gate2_subject_specific_local_models_weissbart_full_v1,0,P08,test_-_P08_-_AUNP08,64,pearson_r,0.12272102326828623,640,happyquokka_epoch_4,subject_specific_local_models_weissbart_full,1153,0.5550737207285342,tail shorter than 10s chunk,True,10s_chunk
weissbart_tf64,happyquokka,reconstruction,gate0_gate2_subject_specific_local_models_weissbart_full_v1,0,P08,test_-_P08_-_BROP01,64,pearson_r,-0.05727526858388482,640,happyquokka_epoch_4,subject_specific_local_models_weissbart_full,1066,0.600375234521576,tail shorter than 10s chunk,True,10s_chunk
weissbart_tf64,happyquokka,reconstruction,gate0_gate2_subject_specific_local_models_weissbart_full_v1,0,P08,test_-_P08_-_BROP02,64,pearson_r,0.24112449060670346,640,happyquokka_epoch_4,subject_specific_local_models_weissbart_full,1169,0.5474764756201882,tail shorter than 10s chunk,True,10s_chunk
weissbart_tf64,happyquokka,reconstruction,gate0_gate2_subject_specific_local_models_weissbart_full_v1,0,P08,test_-_P08_-_BROP03,64,pearson_r,-0.09375874496334279,640,happyquokka_epoch_4,subject_specific_local_models_weissbart_full,1049,0.6101048617731173,tail shorter than 10s chunk,True,10s_chunk
weissbart_tf64,happyquokka,reconstruction,gate0_gate2_subject_specific_local_models_weissbart_full_v1,0,P08,test_-_P08_-_FLOP01,64,pearson_r,0.0007460881144783208,640,happyquokka_epoch_4,subject_specific_local_models_weissbart_full,828,0.7729468599033816,tail shorter than 10s chunk,True,10s_chunk
weissbart_tf64,happyquokka,reconstruction,gate0_gate2_subject_specific_local_models_weissbart_full_v1,0,P08,test_-_P08_-_FLOP02,64,pearson_r,-0.02793144402766235,640,happyquokka_epoch_4,subject_specific_local_models_weissbart_full,748,0.8556149732620321,tail shorter than 10s chunk,True,10s_chunk
weissbart_tf64,happyquokka,reconstruction,gate0_gate2_subject_specific_local_models_weissbart_full_v1,0,P08,test_-_P08_-_FLOP03,64,pearson_r,-0.0932633462625651,640,happyquokka_epoch_4,subject_specific_local_models_weissbart_full,704,0.9090909090909091,tail shorter than 10s chunk,True,10s_chunk
weissbart_tf64,happyquokka,reconstruction,gate0_gate2_subject_specific_local_models_weissbart_full_v1,0,P08,test_-_P08_-_FLOP04,64,pearson_r,0.06147877969063471,640,happyquokka_epoch_4,subject_specific_local_models_weissbart_full,1262,0.5071315372424723,tail shorter than 10s chunk,True,10s_chunk
weissbart_tf64,linear,reconstruction,gate0_gate2_subject_specific_local_models_weissbart_full_v1,0,P09,test_-_P09_-_AUNP01,64,pearson_r,0.12480220304275431,990,linear_ols,subject_specific_local_models_weissbart_full,1039,0.9528392685274302,"lag range [0, 50) trims edges",True,lag_matrix_trf
weissbart_tf64,linear,reconstruction,gate0_gate2_subject_specific_local_models_weissbart_full_v1,0,P09,test_-_P09_-_AUNP02,64,pearson_r,0.10194950249879225,970,linear_ols,subject_specific_local_models_weissbart_full,1019,0.9519136408243376,"lag range [0, 50) trims edges",True,lag_matrix_trf
weissbart_tf64,linear,reconstruction,gate0_gate2_subject_specific_local_models_weissbart_full_v1,0,P09,test_-_P09_-_AUNP03,64,pearson_r,0.06964039197172392,890,linear_ols,subject_specific_local_models_weissbart_full,939,0.9478168264110756,"lag range [0, 50) trims edges",True,lag_matrix_trf
weissbart_tf64,linear,reconstruction,gate0_gate2_subject_specific_local_models_weissbart_full_v1,0,P09,test_-_P09_-_AUNP04,64,pearson_r,0.0866921843428479,870,linear_ols,subject_specific_local_models_weissbart_full,919,0.9466811751904244,"lag range [0, 50) trims edges",True,lag_matrix_trf
weissbart_tf64,linear,reconstruction,gate0_gate2_subject_specific_local_models_weissbart_full_v1,0,P09,test_-_P09_-_AUNP05,64,pearson_r,0.20228281528625972,1191,linear_ols,subject_specific_local_models_weissbart_full,1240,0.9604838709677419,"lag range [0, 50) trims edges",True,lag_matrix_trf
weissbart_tf64,linear,reconstruction,gate0_gate2_subject_specific_local_models_weissbart_full_v1,0,P09,test_-_P09_-_AUNP06,64,pearson_r,0.17053736129667393,894,linear_ols,subject_specific_local_models_weissbart_full,943,0.9480381760339343,"lag range [0, 50) trims edges",True,lag_matrix_trf
weissbart_tf64,linear,reconstruction,gate0_gate2_subject_specific_local_models_weissbart_full_v1,0,P09,test_-_P09_-_AUNP07,64,pearson_r,0.11624719319897121,1134,linear_ols,subject_specific_local_models_weissbart_full,1183,0.9585798816568047,"lag range [0, 50) trims edges",True,lag_matrix_trf
weissbart_tf64,linear,reconstruction,gate0_gate2_subject_specific_local_models_weissbart_full_v1,0,P09,test_-_P09_-_AUNP08,64,pearson_r,0.0845594625713046,1104,linear_ols,subject_specific_local_models_weissbart_full,1153,0.9575021682567216,"lag range [0, 50) trims edges",True,lag_matrix_trf
weissbart_tf64,linear,reconstruction,gate0_gate2_subject_specific_local_models_weissbart_full_v1,0,P09,test_-_P09_-_BROP01,64,pearson_r,0.061558324941259464,1017,linear_ols,subject_specific_local_models_weissbart_full,1066,0.9540337711069419,"lag range [0, 50) trims edges",True,lag_matrix_trf
weissbart_tf64,linear,reconstruction,gate0_gate2_subject_specific_local_models_weissbart_full_v1,0,P09,test_-_P09_-_BROP02,64,pearson_r,0.060246272388274576,1120,linear_ols,subject_specific_local_models_weissbart_full,1169,0.9580838323353293,"lag range [0, 50) trims edges",True,lag_matrix_trf
weissbart_tf64,linear,reconstruction,gate0_gate2_subject_specific_local_models_weissbart_full_v1,0,P09,test_-_P09_-_BROP03,64,pearson_r,0.15405275847985309,1000,linear_ols,subject_specific_local_models_weissbart_full,1049,0.9532888465204957,"lag range [0, 50) trims edges",True,lag_matrix_trf
weissbart_tf64,linear,reconstruction,gate0_gate2_subject_specific_local_models_weissbart_full_v1,0,P09,test_-_P09_-_FLOP01,64,pearson_r,0.039441778794040594,779,linear_ols,subject_specific_local_models_weissbart_full,828,0.9408212560386473,"lag range [0, 50) trims edges",True,lag_matrix_trf
weissbart_tf64,linear,reconstruction,gate0_gate2_subject_specific_local_models_weissbart_full_v1,0,P09,test_-_P09_-_FLOP02,64,pearson_r,0.13707828508491293,699,linear_ols,subject_specific_local_models_weissbart_full,748,0.9344919786096256,"lag range [0, 50) trims edges",True,lag_matrix_trf
weissbart_tf64,linear,reconstruction,gate0_gate2_subject_specific_local_models_weissbart_full_v1,0,P09,test_-_P09_-_FLOP03,64,pearson_r,-0.0012254946641472612,655,linear_ols,subject_specific_local_models_weissbart_full,704,0.9303977272727273,"lag range [0, 50) trims edges",True,lag_matrix_trf
weissbart_tf64,linear,reconstruction,gate0_gate2_subject_specific_local_models_weissbart_full_v1,0,P09,test_-_P09_-_FLOP04,64,pearson_r,0.1389823187196802,1213,linear_ols,subject_specific_local_models_weissbart_full,1262,0.9611727416798732,"lag range [0, 50) trims edges",True,lag_matrix_trf
weissbart_tf64,lasso,reconstruction,gate0_gate2_subject_specific_local_models_weissbart_full_v1,0,P09,test_-_P09_-_AUNP01,64,pearson_r,0.07224794900524237,990,lasso_alpha_0.001,subject_specific_local_models_weissbart_full,1039,0.9528392685274302,"lag range [0, 50) trims edges",True,lag_matrix_trf
weissbart_tf64,lasso,reconstruction,gate0_gate2_subject_specific_local_models_weissbart_full_v1,0,P09,test_-_P09_-_AUNP02,64,pearson_r,0.09445461512386281,970,lasso_alpha_0.001,subject_specific_local_models_weissbart_full,1019,0.9519136408243376,"lag range [0, 50) trims edges",True,lag_matrix_trf
weissbart_tf64,lasso,reconstruction,gate0_gate2_subject_specific_local_models_weissbart_full_v1,0,P09,test_-_P09_-_AUNP03,64,pearson_r,0.14131427869581076,890,lasso_alpha_0.001,subject_specific_local_models_weissbart_full,939,0.9478168264110756,"lag range [0, 50) trims edges",True,lag_matrix_trf
weissbart_tf64,lasso,reconstruction,gate0_gate2_subject_specific_local_models_weissbart_full_v1,0,P09,test_-_P09_-_AUNP04,64,pearson_r,0.13414379230035312,870,lasso_alpha_0.001,subject_specific_local_models_weissbart_full,919,0.9466811751904244,"lag range [0, 50) trims edges",True,lag_matrix_trf
weissbart_tf64,lasso,reconstruction,gate0_gate2_subject_specific_local_models_weissbart_full_v1,0,P09,test_-_P09_-_AUNP05,64,pearson_r,0.20815464819074045,1191,lasso_alpha_0.001,subject_specific_local_models_weissbart_full,1240,0.9604838709677419,"lag range [0, 50) trims edges",True,lag_matrix_trf
weissbart_tf64,lasso,reconstruction,gate0_gate2_subject_specific_local_models_weissbart_full_v1,0,P09,test_-_P09_-_AUNP06,64,pearson_r,0.19548121404059207,894,lasso_alpha_0.001,subject_specific_local_models_weissbart_full,943,0.9480381760339343,"lag range [0, 50) trims edges",True,lag_matrix_trf
weissbart_tf64,lasso,reconstruction,gate0_gate2_subject_specific_local_models_weissbart_full_v1,0,P09,test_-_P09_-_AUNP07,64,pearson_r,0.1908385271453048,1134,lasso_alpha_0.001,subject_specific_local_models_weissbart_full,1183,0.9585798816568047,"lag range [0, 50) trims edges",True,lag_matrix_trf
weissbart_tf64,lasso,reconstruction,gate0_gate2_subject_specific_local_models_weissbart_full_v1,0,P09,test_-_P09_-_AUNP08,64,pearson_r,0.14738343608270377,1104,lasso_alpha_0.001,subject_specific_local_models_weissbart_full,1153,0.9575021682567216,"lag range [0, 50) trims edges",True,lag_matrix_trf
weissbart_tf64,lasso,reconstruction,gate0_gate2_subject_specific_local_models_weissbart_full_v1,0,P09,test_-_P09_-_BROP01,64,pearson_r,0.12179165912648275,1017,lasso_alpha_0.001,subject_specific_local_models_weissbart_full,1066,0.9540337711069419,"lag range [0, 50) trims edges",True,lag_matrix_trf
weissbart_tf64,lasso,reconstruction,gate0_gate2_subject_specific_local_models_weissbart_full_v1,0,P09,test_-_P09_-_BROP02,64,pearson_r,0.11016976424747693,1120,lasso_alpha_0.001,subject_specific_local_models_weissbart_full,1169,0.9580838323353293,"lag range [0, 50) trims edges",True,lag_matrix_trf
weissbart_tf64,lasso,reconstruction,gate0_gate2_subject_specific_local_models_weissbart_full_v1,0,P09,test_-_P09_-_BROP03,64,pearson_r,0.19962875446591563,1000,lasso_alpha_0.001,subject_specific_local_models_weissbart_full,1049,0.9532888465204957,"lag range [0, 50) trims edges",True,lag_matrix_trf
weissbart_tf64,lasso,reconstruction,gate0_gate2_subject_specific_local_models_weissbart_full_v1,0,P09,test_-_P09_-_FLOP01,64,pearson_r,0.07591345446749216,779,lasso_alpha_0.001,subject_specific_local_models_weissbart_full,828,0.9408212560386473,"lag range [0, 50) trims edges",True,lag_matrix_trf
weissbart_tf64,lasso,reconstruction,gate0_gate2_subject_specific_local_models_weissbart_full_v1,0,P09,test_-_P09_-_FLOP02,64,pearson_r,0.16372178151513878,699,lasso_alpha_0.001,subject_specific_local_models_weissbart_full,748,0.9344919786096256,"lag range [0, 50) trims edges",True,lag_matrix_trf
weissbart_tf64,lasso,reconstruction,gate0_gate2_subject_specific_local_models_weissbart_full_v1,0,P09,test_-_P09_-_FLOP03,64,pearson_r,-0.026825765842725197,655,lasso_alpha_0.001,subject_specific_local_models_weissbart_full,704,0.9303977272727273,"lag range [0, 50) trims edges",True,lag_matrix_trf
weissbart_tf64,lasso,reconstruction,gate0_gate2_subject_specific_local_models_weissbart_full_v1,0,P09,test_-_P09_-_FLOP04,64,pearson_r,0.16588212104483138,1213,lasso_alpha_0.001,subject_specific_local_models_weissbart_full,1262,0.9611727416798732,"lag range [0, 50) trims edges",True,lag_matrix_trf
weissbart_tf64,elasticnet,reconstruction,gate0_gate2_subject_specific_local_models_weissbart_full_v1,0,P09,test_-_P09_-_AUNP01,64,pearson_r,0.07119218307924541,990,elasticnet_alpha_0.01_l1_0.2,subject_specific_local_models_weissbart_full,1039,0.9528392685274302,"lag range [0, 50) trims edges",True,lag_matrix_trf
weissbart_tf64,elasticnet,reconstruction,gate0_gate2_subject_specific_local_models_weissbart_full_v1,0,P09,test_-_P09_-_AUNP02,64,pearson_r,0.10901259605077566,970,elasticnet_alpha_0.01_l1_0.2,subject_specific_local_models_weissbart_full,1019,0.9519136408243376,"lag range [0, 50) trims edges",True,lag_matrix_trf
weissbart_tf64,elasticnet,reconstruction,gate0_gate2_subject_specific_local_models_weissbart_full_v1,0,P09,test_-_P09_-_AUNP03,64,pearson_r,0.13671118202233004,890,elasticnet_alpha_0.01_l1_0.2,subject_specific_local_models_weissbart_full,939,0.9478168264110756,"lag range [0, 50) trims edges",True,lag_matrix_trf
weissbart_tf64,elasticnet,reconstruction,gate0_gate2_subject_specific_local_models_weissbart_full_v1,0,P09,test_-_P09_-_AUNP04,64,pearson_r,0.16269187900512425,870,elasticnet_alpha_0.01_l1_0.2,subject_specific_local_models_weissbart_full,919,0.9466811751904244,"lag range [0, 50) trims edges",True,lag_matrix_trf
weissbart_tf64,elasticnet,reconstruction,gate0_gate2_subject_specific_local_models_weissbart_full_v1,0,P09,test_-_P09_-_AUNP05,64,pearson_r,0.2139080176187223,1191,elasticnet_alpha_0.01_l1_0.2,subject_specific_local_models_weissbart_full,1240,0.9604838709677419,"lag range [0, 50) trims edges",True,lag_matrix_trf
weissbart_tf64,elasticnet,reconstruction,gate0_gate2_subject_specific_local_models_weissbart_full_v1,0,P09,test_-_P09_-_AUNP06,64,pearson_r,0.2152897956673311,894,elasticnet_alpha_0.01_l1_0.2,subject_specific_local_models_weissbart_full,943,0.9480381760339343,"lag range [0, 50) trims edges",True,lag_matrix_trf
weissbart_tf64,elasticnet,reconstruction,gate0_gate2_subject_specific_local_models_weissbart_full_v1,0,P09,test_-_P09_-_AUNP07,64,pearson_r,0.20232995243931895,1134,elasticnet_alpha_0.01_l1_0.2,subject_specific_local_models_weissbart_full,1183,0.9585798816568047,"lag range [0, 50) trims edges",True,lag_matrix_trf
weissbart_tf64,elasticnet,reconstruction,gate0_gate2_subject_specific_local_models_weissbart_full_v1,0,P09,test_-_P09_-_AUNP08,64,pearson_r,0.15974521918167595,1104,elasticnet_alpha_0.01_l1_0.2,subject_specific_local_models_weissbart_full,1153,0.9575021682567216,"lag range [0, 50) trims edges",True,lag_matrix_trf
weissbart_tf64,elasticnet,reconstruction,gate0_gate2_subject_specific_local_models_weissbart_full_v1,0,P09,test_-_P09_-_BROP01,64,pearson_r,0.1444654596239881,1017,elasticnet_alpha_0.01_l1_0.2,subject_specific_local_models_weissbart_full,1066,0.9540337711069419,"lag range [0, 50) trims edges",True,lag_matrix_trf
weissbart_tf64,elasticnet,reconstruction,gate0_gate2_subject_specific_local_models_weissbart_full_v1,0,P09,test_-_P09_-_BROP02,64,pearson_r,0.10826929169298391,1120,elasticnet_alpha_0.01_l1_0.2,subject_specific_local_models_weissbart_full,1169,0.9580838323353293,"lag range [0, 50) trims edges",True,lag_matrix_trf
weissbart_tf64,elasticnet,reconstruction,gate0_gate2_subject_specific_local_models_weissbart_full_v1,0,P09,test_-_P09_-_BROP03,64,pearson_r,0.20999395499090448,1000,elasticnet_alpha_0.01_l1_0.2,subject_specific_local_models_weissbart_full,1049,0.9532888465204957,"lag range [0, 50) trims edges",True,lag_matrix_trf
weissbart_tf64,elasticnet,reconstruction,gate0_gate2_subject_specific_local_models_weissbart_full_v1,0,P09,test_-_P09_-_FLOP01,64,pearson_r,0.05694945203345455,779,elasticnet_alpha_0.01_l1_0.2,subject_specific_local_models_weissbart_full,828,0.9408212560386473,"lag range [0, 50) trims edges",True,lag_matrix_trf
weissbart_tf64,elasticnet,reconstruction,gate0_gate2_subject_specific_local_models_weissbart_full_v1,0,P09,test_-_P09_-_FLOP02,64,pearson_r,0.12783980621600494,699,elasticnet_alpha_0.01_l1_0.2,subject_specific_local_models_weissbart_full,748,0.9344919786096256,"lag range [0, 50) trims edges",True,lag_matrix_trf
weissbart_tf64,elasticnet,reconstruction,gate0_gate2_subject_specific_local_models_weissbart_full_v1,0,P09,test_-_P09_-_FLOP03,64,pearson_r,-0.043032387007238396,655,elasticnet_alpha_0.01_l1_0.2,subject_specific_local_models_weissbart_full,704,0.9303977272727273,"lag range [0, 50) trims edges",True,lag_matrix_trf
weissbart_tf64,elasticnet,reconstruction,gate0_gate2_subject_specific_local_models_weissbart_full_v1,0,P09,test_-_P09_-_FLOP04,64,pearson_r,0.14360932416204833,1213,elasticnet_alpha_0.01_l1_0.2,subject_specific_local_models_weissbart_full,1262,0.9611727416798732,"lag range [0, 50) trims edges",True,lag_matrix_trf
weissbart_tf64,vlaai,reconstruction,gate0_gate2_subject_specific_local_models_weissbart_full_v1,0,P09,test_-_P09_-_AUNP01,64,pearson_r,-0.03724040620851862,990,vlaai_epoch_2,subject_specific_local_models_weissbart_full,1039,0.9528392685274302,window_size=50 drops first 49 target positions,True,vlaai_local_adapter
weissbart_tf64,vlaai,reconstruction,gate0_gate2_subject_specific_local_models_weissbart_full_v1,0,P09,test_-_P09_-_AUNP02,64,pearson_r,0.18545231719636576,970,vlaai_epoch_2,subject_specific_local_models_weissbart_full,1019,0.9519136408243376,window_size=50 drops first 49 target positions,True,vlaai_local_adapter
weissbart_tf64,vlaai,reconstruction,gate0_gate2_subject_specific_local_models_weissbart_full_v1,0,P09,test_-_P09_-_AUNP03,64,pearson_r,0.14172657314388037,890,vlaai_epoch_2,subject_specific_local_models_weissbart_full,939,0.9478168264110756,window_size=50 drops first 49 target positions,True,vlaai_local_adapter
weissbart_tf64,vlaai,reconstruction,gate0_gate2_subject_specific_local_models_weissbart_full_v1,0,P09,test_-_P09_-_AUNP04,64,pearson_r,0.12378330192480566,870,vlaai_epoch_2,subject_specific_local_models_weissbart_full,919,0.9466811751904244,window_size=50 drops first 49 target positions,True,vlaai_local_adapter
weissbart_tf64,vlaai,reconstruction,gate0_gate2_subject_specific_local_models_weissbart_full_v1,0,P09,test_-_P09_-_AUNP05,64,pearson_r,0.2974426035252068,1191,vlaai_epoch_2,subject_specific_local_models_weissbart_full,1240,0.9604838709677419,window_size=50 drops first 49 target positions,True,vlaai_local_adapter
weissbart_tf64,vlaai,reconstruction,gate0_gate2_subject_specific_local_models_weissbart_full_v1,0,P09,test_-_P09_-_AUNP06,64,pearson_r,0.26303229084293583,894,vlaai_epoch_2,subject_specific_local_models_weissbart_full,943,0.9480381760339343,window_size=50 drops first 49 target positions,True,vlaai_local_adapter
weissbart_tf64,vlaai,reconstruction,gate0_gate2_subject_specific_local_models_weissbart_full_v1,0,P09,test_-_P09_-_AUNP07,64,pearson_r,0.16376558600257382,1134,vlaai_epoch_2,subject_specific_local_models_weissbart_full,1183,0.9585798816568047,window_size=50 drops first 49 target positions,True,vlaai_local_adapter
weissbart_tf64,vlaai,reconstruction,gate0_gate2_subject_specific_local_models_weissbart_full_v1,0,P09,test_-_P09_-_AUNP08,64,pearson_r,0.18527091456443726,1104,vlaai_epoch_2,subject_specific_local_models_weissbart_full,1153,0.9575021682567216,window_size=50 drops first 49 target positions,True,vlaai_local_adapter
weissbart_tf64,vlaai,reconstruction,gate0_gate2_subject_specific_local_models_weissbart_full_v1,0,P09,test_-_P09_-_BROP01,64,pearson_r,-0.11579994960052076,1017,vlaai_epoch_2,subject_specific_local_models_weissbart_full,1066,0.9540337711069419,window_size=50 drops first 49 target positions,True,vlaai_local_adapter
weissbart_tf64,vlaai,reconstruction,gate0_gate2_subject_specific_local_models_weissbart_full_v1,0,P09,test_-_P09_-_BROP02,64,pearson_r,0.2775166787482251,1120,vlaai_epoch_2,subject_specific_local_models_weissbart_full,1169,0.9580838323353293,window_size=50 drops first 49 target positions,True,vlaai_local_adapter
weissbart_tf64,vlaai,reconstruction,gate0_gate2_subject_specific_local_models_weissbart_full_v1,0,P09,test_-_P09_-_BROP03,64,pearson_r,0.22099096105339555,1000,vlaai_epoch_2,subject_specific_local_models_weissbart_full,1049,0.9532888465204957,window_size=50 drops first 49 target positions,True,vlaai_local_adapter
weissbart_tf64,vlaai,reconstruction,gate0_gate2_subject_specific_local_models_weissbart_full_v1,0,P09,test_-_P09_-_FLOP01,64,pearson_r,0.017907214641953648,779,vlaai_epoch_2,subject_specific_local_models_weissbart_full,828,0.9408212560386473,window_size=50 drops first 49 target positions,True,vlaai_local_adapter
weissbart_tf64,vlaai,reconstruction,gate0_gate2_subject_specific_local_models_weissbart_full_v1,0,P09,test_-_P09_-_FLOP02,64,pearson_r,0.09440252514045949,699,vlaai_epoch_2,subject_specific_local_models_weissbart_full,748,0.9344919786096256,window_size=50 drops first 49 target positions,True,vlaai_local_adapter
weissbart_tf64,vlaai,reconstruction,gate0_gate2_subject_specific_local_models_weissbart_full_v1,0,P09,test_-_P09_-_FLOP03,64,pearson_r,0.13756669802850216,655,vlaai_epoch_2,subject_specific_local_models_weissbart_full,704,0.9303977272727273,window_size=50 drops first 49 target positions,True,vlaai_local_adapter
weissbart_tf64,vlaai,reconstruction,gate0_gate2_subject_specific_local_models_weissbart_full_v1,0,P09,test_-_P09_-_FLOP04,64,pearson_r,0.09636682854832007,1213,vlaai_epoch_2,subject_specific_local_models_weissbart_full,1262,0.9611727416798732,window_size=50 drops first 49 target positions,True,vlaai_local_adapter
weissbart_tf64,happyquokka,reconstruction,gate0_gate2_subject_specific_local_models_weissbart_full_v1,0,P09,test_-_P09_-_AUNP01,64,pearson_r,0.020615701223307865,640,happyquokka_epoch_24,subject_specific_local_models_weissbart_full,1039,0.6159769008662175,tail shorter than 10s chunk,True,10s_chunk
weissbart_tf64,happyquokka,reconstruction,gate0_gate2_subject_specific_local_models_weissbart_full_v1,0,P09,test_-_P09_-_AUNP02,64,pearson_r,0.0814464043559251,640,happyquokka_epoch_24,subject_specific_local_models_weissbart_full,1019,0.6280667320902846,tail shorter than 10s chunk,True,10s_chunk
weissbart_tf64,happyquokka,reconstruction,gate0_gate2_subject_specific_local_models_weissbart_full_v1,0,P09,test_-_P09_-_AUNP03,64,pearson_r,0.28526802776594196,640,happyquokka_epoch_24,subject_specific_local_models_weissbart_full,939,0.6815761448349308,tail shorter than 10s chunk,True,10s_chunk
weissbart_tf64,happyquokka,reconstruction,gate0_gate2_subject_specific_local_models_weissbart_full_v1,0,P09,test_-_P09_-_AUNP04,64,pearson_r,0.13549720399122395,640,happyquokka_epoch_24,subject_specific_local_models_weissbart_full,919,0.6964091403699674,tail shorter than 10s chunk,True,10s_chunk
weissbart_tf64,happyquokka,reconstruction,gate0_gate2_subject_specific_local_models_weissbart_full_v1,0,P09,test_-_P09_-_AUNP05,64,pearson_r,0.3252425559116164,640,happyquokka_epoch_24,subject_specific_local_models_weissbart_full,1240,0.5161290322580645,tail shorter than 10s chunk,True,10s_chunk
weissbart_tf64,happyquokka,reconstruction,gate0_gate2_subject_specific_local_models_weissbart_full_v1,0,P09,test_-_P09_-_AUNP06,64,pearson_r,0.21748691764800537,640,happyquokka_epoch_24,subject_specific_local_models_weissbart_full,943,0.6786850477200425,tail shorter than 10s chunk,True,10s_chunk
weissbart_tf64,happyquokka,reconstruction,gate0_gate2_subject_specific_local_models_weissbart_full_v1,0,P09,test_-_P09_-_AUNP07,64,pearson_r,0.3238645337798391,640,happyquokka_epoch_24,subject_specific_local_models_weissbart_full,1183,0.5409974640743872,tail shorter than 10s chunk,True,10s_chunk
weissbart_tf64,happyquokka,reconstruction,gate0_gate2_subject_specific_local_models_weissbart_full_v1,0,P09,test_-_P09_-_AUNP08,64,pearson_r,0.2891339448100717,640,happyquokka_epoch_24,subject_specific_local_models_weissbart_full,1153,0.5550737207285342,tail shorter than 10s chunk,True,10s_chunk
weissbart_tf64,happyquokka,reconstruction,gate0_gate2_subject_specific_local_models_weissbart_full_v1,0,P09,test_-_P09_-_BROP01,64,pearson_r,0.07832625725893527,640,happyquokka_epoch_24,subject_specific_local_models_weissbart_full,1066,0.600375234521576,tail shorter than 10s chunk,True,10s_chunk
weissbart_tf64,happyquokka,reconstruction,gate0_gate2_subject_specific_local_models_weissbart_full_v1,0,P09,test_-_P09_-_BROP02,64,pearson_r,0.25448104237248875,640,happyquokka_epoch_24,subject_specific_local_models_weissbart_full,1169,0.5474764756201882,tail shorter than 10s chunk,True,10s_chunk
weissbart_tf64,happyquokka,reconstruction,gate0_gate2_subject_specific_local_models_weissbart_full_v1,0,P09,test_-_P09_-_BROP03,64,pearson_r,0.3149367666114627,640,happyquokka_epoch_24,subject_specific_local_models_weissbart_full,1049,0.6101048617731173,tail shorter than 10s chunk,True,10s_chunk
weissbart_tf64,happyquokka,reconstruction,gate0_gate2_subject_specific_local_models_weissbart_full_v1,0,P09,test_-_P09_-_FLOP01,64,pearson_r,0.0588297243132912,640,happyquokka_epoch_24,subject_specific_local_models_weissbart_full,828,0.7729468599033816,tail shorter than 10s chunk,True,10s_chunk
weissbart_tf64,happyquokka,reconstruction,gate0_gate2_subject_specific_local_models_weissbart_full_v1,0,P09,test_-_P09_-_FLOP02,64,pearson_r,0.02588781173504808,640,happyquokka_epoch_24,subject_specific_local_models_weissbart_full,748,0.8556149732620321,tail shorter than 10s chunk,True,10s_chunk
weissbart_tf64,happyquokka,reconstruction,gate0_gate2_subject_specific_local_models_weissbart_full_v1,0,P09,test_-_P09_-_FLOP03,64,pearson_r,0.3272059144015875,640,happyquokka_epoch_24,subject_specific_local_models_weissbart_full,704,0.9090909090909091,tail shorter than 10s chunk,True,10s_chunk
weissbart_tf64,happyquokka,reconstruction,gate0_gate2_subject_specific_local_models_weissbart_full_v1,0,P09,test_-_P09_-_FLOP04,64,pearson_r,0.14671415197819543,640,happyquokka_epoch_24,subject_specific_local_models_weissbart_full,1262,0.5071315372424723,tail shorter than 10s chunk,True,10s_chunk
weissbart_tf64,linear,reconstruction,gate0_gate2_subject_specific_local_models_weissbart_full_v1,0,P10,test_-_P10_-_AUNP01,64,pearson_r,0.013263969802258784,990,linear_ols,subject_specific_local_models_weissbart_full,1039,0.9528392685274302,"lag range [0, 50) trims edges",True,lag_matrix_trf
weissbart_tf64,linear,reconstruction,gate0_gate2_subject_specific_local_models_weissbart_full_v1,0,P10,test_-_P10_-_AUNP02,64,pearson_r,0.07929402746441401,970,linear_ols,subject_specific_local_models_weissbart_full,1019,0.9519136408243376,"lag range [0, 50) trims edges",True,lag_matrix_trf
weissbart_tf64,linear,reconstruction,gate0_gate2_subject_specific_local_models_weissbart_full_v1,0,P10,test_-_P10_-_AUNP03,64,pearson_r,-0.012728313578152602,890,linear_ols,subject_specific_local_models_weissbart_full,939,0.9478168264110756,"lag range [0, 50) trims edges",True,lag_matrix_trf
weissbart_tf64,linear,reconstruction,gate0_gate2_subject_specific_local_models_weissbart_full_v1,0,P10,test_-_P10_-_AUNP04,64,pearson_r,0.03842222540762578,870,linear_ols,subject_specific_local_models_weissbart_full,919,0.9466811751904244,"lag range [0, 50) trims edges",True,lag_matrix_trf
weissbart_tf64,linear,reconstruction,gate0_gate2_subject_specific_local_models_weissbart_full_v1,0,P10,test_-_P10_-_AUNP05,64,pearson_r,0.11906074639110104,1191,linear_ols,subject_specific_local_models_weissbart_full,1240,0.9604838709677419,"lag range [0, 50) trims edges",True,lag_matrix_trf
weissbart_tf64,linear,reconstruction,gate0_gate2_subject_specific_local_models_weissbart_full_v1,0,P10,test_-_P10_-_AUNP06,64,pearson_r,0.1232129339445133,894,linear_ols,subject_specific_local_models_weissbart_full,943,0.9480381760339343,"lag range [0, 50) trims edges",True,lag_matrix_trf
weissbart_tf64,linear,reconstruction,gate0_gate2_subject_specific_local_models_weissbart_full_v1,0,P10,test_-_P10_-_AUNP07,64,pearson_r,0.028568940173834805,1134,linear_ols,subject_specific_local_models_weissbart_full,1183,0.9585798816568047,"lag range [0, 50) trims edges",True,lag_matrix_trf
weissbart_tf64,linear,reconstruction,gate0_gate2_subject_specific_local_models_weissbart_full_v1,0,P10,test_-_P10_-_AUNP08,64,pearson_r,0.04687514307346459,1104,linear_ols,subject_specific_local_models_weissbart_full,1153,0.9575021682567216,"lag range [0, 50) trims edges",True,lag_matrix_trf
weissbart_tf64,linear,reconstruction,gate0_gate2_subject_specific_local_models_weissbart_full_v1,0,P10,test_-_P10_-_BROP01,64,pearson_r,0.04280417185709756,1017,linear_ols,subject_specific_local_models_weissbart_full,1066,0.9540337711069419,"lag range [0, 50) trims edges",True,lag_matrix_trf
weissbart_tf64,linear,reconstruction,gate0_gate2_subject_specific_local_models_weissbart_full_v1,0,P10,test_-_P10_-_BROP02,64,pearson_r,0.08386700310015982,1120,linear_ols,subject_specific_local_models_weissbart_full,1169,0.9580838323353293,"lag range [0, 50) trims edges",True,lag_matrix_trf
weissbart_tf64,linear,reconstruction,gate0_gate2_subject_specific_local_models_weissbart_full_v1,0,P10,test_-_P10_-_BROP03,64,pearson_r,0.13448688143948578,1000,linear_ols,subject_specific_local_models_weissbart_full,1049,0.9532888465204957,"lag range [0, 50) trims edges",True,lag_matrix_trf
weissbart_tf64,linear,reconstruction,gate0_gate2_subject_specific_local_models_weissbart_full_v1,0,P10,test_-_P10_-_FLOP01,64,pearson_r,0.03571322913956701,779,linear_ols,subject_specific_local_models_weissbart_full,828,0.9408212560386473,"lag range [0, 50) trims edges",True,lag_matrix_trf
weissbart_tf64,linear,reconstruction,gate0_gate2_subject_specific_local_models_weissbart_full_v1,0,P10,test_-_P10_-_FLOP02,64,pearson_r,0.20574347197789272,699,linear_ols,subject_specific_local_models_weissbart_full,748,0.9344919786096256,"lag range [0, 50) trims edges",True,lag_matrix_trf
weissbart_tf64,linear,reconstruction,gate0_gate2_subject_specific_local_models_weissbart_full_v1,0,P10,test_-_P10_-_FLOP03,64,pearson_r,0.31037649168752185,655,linear_ols,subject_specific_local_models_weissbart_full,704,0.9303977272727273,"lag range [0, 50) trims edges",True,lag_matrix_trf
weissbart_tf64,linear,reconstruction,gate0_gate2_subject_specific_local_models_weissbart_full_v1,0,P10,test_-_P10_-_FLOP04,64,pearson_r,0.12289223650937692,1213,linear_ols,subject_specific_local_models_weissbart_full,1262,0.9611727416798732,"lag range [0, 50) trims edges",True,lag_matrix_trf
weissbart_tf64,lasso,reconstruction,gate0_gate2_subject_specific_local_models_weissbart_full_v1,0,P10,test_-_P10_-_AUNP01,64,pearson_r,0.10569463365672702,990,lasso_alpha_0.001,subject_specific_local_models_weissbart_full,1039,0.9528392685274302,"lag range [0, 50) trims edges",True,lag_matrix_trf
weissbart_tf64,lasso,reconstruction,gate0_gate2_subject_specific_local_models_weissbart_full_v1,0,P10,test_-_P10_-_AUNP02,64,pearson_r,0.08898399755007443,970,lasso_alpha_0.001,subject_specific_local_models_weissbart_full,1019,0.9519136408243376,"lag range [0, 50) trims edges",True,lag_matrix_trf
weissbart_tf64,lasso,reconstruction,gate0_gate2_subject_specific_local_models_weissbart_full_v1,0,P10,test_-_P10_-_AUNP03,64,pearson_r,0.058972877855144774,890,lasso_alpha_0.001,subject_specific_local_models_weissbart_full,939,0.9478168264110756,"lag range [0, 50) trims edges",True,lag_matrix_trf
weissbart_tf64,lasso,reconstruction,gate0_gate2_subject_specific_local_models_weissbart_full_v1,0,P10,test_-_P10_-_AUNP04,64,pearson_r,0.09075694762175436,870,lasso_alpha_0.001,subject_specific_local_models_weissbart_full,919,0.9466811751904244,"lag range [0, 50) trims edges",True,lag_matrix_trf
weissbart_tf64,lasso,reconstruction,gate0_gate2_subject_specific_local_models_weissbart_full_v1,0,P10,test_-_P10_-_AUNP05,64,pearson_r,0.1293263712916777,1191,lasso_alpha_0.001,subject_specific_local_models_weissbart_full,1240,0.9604838709677419,"lag range [0, 50) trims edges",True,lag_matrix_trf
weissbart_tf64,lasso,reconstruction,gate0_gate2_subject_specific_local_models_weissbart_full_v1,0,P10,test_-_P10_-_AUNP06,64,pearson_r,0.13438765796351643,894,lasso_alpha_0.001,subject_specific_local_models_weissbart_full,943,0.9480381760339343,"lag range [0, 50) trims edges",True,lag_matrix_trf
weissbart_tf64,lasso,reconstruction,gate0_gate2_subject_specific_local_models_weissbart_full_v1,0,P10,test_-_P10_-_AUNP07,64,pearson_r,0.05310193377159732,1134,lasso_alpha_0.001,subject_specific_local_models_weissbart_full,1183,0.9585798816568047,"lag range [0, 50) trims edges",True,lag_matrix_trf
weissbart_tf64,lasso,reconstruction,gate0_gate2_subject_specific_local_models_weissbart_full_v1,0,P10,test_-_P10_-_AUNP08,64,pearson_r,-0.035476243017321954,1104,lasso_alpha_0.001,subject_specific_local_models_weissbart_full,1153,0.9575021682567216,"lag range [0, 50) trims edges",True,lag_matrix_trf
weissbart_tf64,lasso,reconstruction,gate0_gate2_subject_specific_local_models_weissbart_full_v1,0,P10,test_-_P10_-_BROP01,64,pearson_r,0.10720618004235744,1017,lasso_alpha_0.001,subject_specific_local_models_weissbart_full,1066,0.9540337711069419,"lag range [0, 50) trims edges",True,lag_matrix_trf
weissbart_tf64,lasso,reconstruction,gate0_gate2_subject_specific_local_models_weissbart_full_v1,0,P10,test_-_P10_-_BROP02,64,pearson_r,0.08787846993489558,1120,lasso_alpha_0.001,subject_specific_local_models_weissbart_full,1169,0.9580838323353293,"lag range [0, 50) trims edges",True,lag_matrix_trf
weissbart_tf64,lasso,reconstruction,gate0_gate2_subject_specific_local_models_weissbart_full_v1,0,P10,test_-_P10_-_BROP03,64,pearson_r,0.17254950473941066,1000,lasso_alpha_0.001,subject_specific_local_models_weissbart_full,1049,0.9532888465204957,"lag range [0, 50) trims edges",True,lag_matrix_trf
weissbart_tf64,lasso,reconstruction,gate0_gate2_subject_specific_local_models_weissbart_full_v1,0,P10,test_-_P10_-_FLOP01,64,pearson_r,0.048080285857514254,779,lasso_alpha_0.001,subject_specific_local_models_weissbart_full,828,0.9408212560386473,"lag range [0, 50) trims edges",True,lag_matrix_trf
weissbart_tf64,lasso,reconstruction,gate0_gate2_subject_specific_local_models_weissbart_full_v1,0,P10,test_-_P10_-_FLOP02,64,pearson_r,0.14916442151997206,699,lasso_alpha_0.001,subject_specific_local_models_weissbart_full,748,0.9344919786096256,"lag range [0, 50) trims edges",True,lag_matrix_trf
weissbart_tf64,lasso,reconstruction,gate0_gate2_subject_specific_local_models_weissbart_full_v1,0,P10,test_-_P10_-_FLOP03,64,pearson_r,0.3080826749794101,655,lasso_alpha_0.001,subject_specific_local_models_weissbart_full,704,0.9303977272727273,"lag range [0, 50) trims edges",True,lag_matrix_trf
weissbart_tf64,lasso,reconstruction,gate0_gate2_subject_specific_local_models_weissbart_full_v1,0,P10,test_-_P10_-_FLOP04,64,pearson_r,0.1092932738533343,1213,lasso_alpha_0.001,subject_specific_local_models_weissbart_full,1262,0.9611727416798732,"lag range [0, 50) trims edges",True,lag_matrix_trf
weissbart_tf64,elasticnet,reconstruction,gate0_gate2_subject_specific_local_models_weissbart_full_v1,0,P10,test_-_P10_-_AUNP01,64,pearson_r,0.09994809644758708,990,elasticnet_alpha_0.01_l1_0.2,subject_specific_local_models_weissbart_full,1039,0.9528392685274302,"lag range [0, 50) trims edges",True,lag_matrix_trf
weissbart_tf64,elasticnet,reconstruction,gate0_gate2_subject_specific_local_models_weissbart_full_v1,0,P10,test_-_P10_-_AUNP02,64,pearson_r,0.07843213822643383,970,elasticnet_alpha_0.01_l1_0.2,subject_specific_local_models_weissbart_full,1019,0.9519136408243376,"lag range [0, 50) trims edges",True,lag_matrix_trf
weissbart_tf64,elasticnet,reconstruction,gate0_gate2_subject_specific_local_models_weissbart_full_v1,0,P10,test_-_P10_-_AUNP03,64,pearson_r,0.009972058849318453,890,elasticnet_alpha_0.01_l1_0.2,subject_specific_local_models_weissbart_full,939,0.9478168264110756,"lag range [0, 50) trims edges",True,lag_matrix_trf
weissbart_tf64,elasticnet,reconstruction,gate0_gate2_subject_specific_local_models_weissbart_full_v1,0,P10,test_-_P10_-_AUNP04,64,pearson_r,0.08134285568557058,870,elasticnet_alpha_0.01_l1_0.2,subject_specific_local_models_weissbart_full,919,0.9466811751904244,"lag range [0, 50) trims edges",True,lag_matrix_trf
weissbart_tf64,elasticnet,reconstruction,gate0_gate2_subject_specific_local_models_weissbart_full_v1,0,P10,test_-_P10_-_AUNP05,64,pearson_r,0.12964977366254657,1191,elasticnet_alpha_0.01_l1_0.2,subject_specific_local_models_weissbart_full,1240,0.9604838709677419,"lag range [0, 50) trims edges",True,lag_matrix_trf
weissbart_tf64,elasticnet,reconstruction,gate0_gate2_subject_specific_local_models_weissbart_full_v1,0,P10,test_-_P10_-_AUNP06,64,pearson_r,0.11967988034587312,894,elasticnet_alpha_0.01_l1_0.2,subject_specific_local_models_weissbart_full,943,0.9480381760339343,"lag range [0, 50) trims edges",True,lag_matrix_trf
weissbart_tf64,elasticnet,reconstruction,gate0_gate2_subject_specific_local_models_weissbart_full_v1,0,P10,test_-_P10_-_AUNP07,64,pearson_r,0.07260555995445954,1134,elasticnet_alpha_0.01_l1_0.2,subject_specific_local_models_weissbart_full,1183,0.9585798816568047,"lag range [0, 50) trims edges",True,lag_matrix_trf
weissbart_tf64,elasticnet,reconstruction,gate0_gate2_subject_specific_local_models_weissbart_full_v1,0,P10,test_-_P10_-_AUNP08,64,pearson_r,-0.0330365382645275,1104,elasticnet_alpha_0.01_l1_0.2,subject_specific_local_models_weissbart_full,1153,0.9575021682567216,"lag range [0, 50) trims edges",True,lag_matrix_trf
weissbart_tf64,elasticnet,reconstruction,gate0_gate2_subject_specific_local_models_weissbart_full_v1,0,P10,test_-_P10_-_BROP01,64,pearson_r,0.11514623989586513,1017,elasticnet_alpha_0.01_l1_0.2,subject_specific_local_models_weissbart_full,1066,0.9540337711069419,"lag range [0, 50) trims edges",True,lag_matrix_trf
weissbart_tf64,elasticnet,reconstruction,gate0_gate2_subject_specific_local_models_weissbart_full_v1,0,P10,test_-_P10_-_BROP02,64,pearson_r,0.08150212518590665,1120,elasticnet_alpha_0.01_l1_0.2,subject_specific_local_models_weissbart_full,1169,0.9580838323353293,"lag range [0, 50) trims edges",True,lag_matrix_trf
weissbart_tf64,elasticnet,reconstruction,gate0_gate2_subject_specific_local_models_weissbart_full_v1,0,P10,test_-_P10_-_BROP03,64,pearson_r,0.17417435144084617,1000,elasticnet_alpha_0.01_l1_0.2,subject_specific_local_models_weissbart_full,1049,0.9532888465204957,"lag range [0, 50) trims edges",True,lag_matrix_trf
weissbart_tf64,elasticnet,reconstruction,gate0_gate2_subject_specific_local_models_weissbart_full_v1,0,P10,test_-_P10_-_FLOP01,64,pearson_r,0.01257505682297116,779,elasticnet_alpha_0.01_l1_0.2,subject_specific_local_models_weissbart_full,828,0.9408212560386473,"lag range [0, 50) trims edges",True,lag_matrix_trf
weissbart_tf64,elasticnet,reconstruction,gate0_gate2_subject_specific_local_models_weissbart_full_v1,0,P10,test_-_P10_-_FLOP02,64,pearson_r,0.15939161943896604,699,elasticnet_alpha_0.01_l1_0.2,subject_specific_local_models_weissbart_full,748,0.9344919786096256,"lag range [0, 50) trims edges",True,lag_matrix_trf
weissbart_tf64,elasticnet,reconstruction,gate0_gate2_subject_specific_local_models_weissbart_full_v1,0,P10,test_-_P10_-_FLOP03,64,pearson_r,0.3221003038077841,655,elasticnet_alpha_0.01_l1_0.2,subject_specific_local_models_weissbart_full,704,0.9303977272727273,"lag range [0, 50) trims edges",True,lag_matrix_trf
weissbart_tf64,elasticnet,reconstruction,gate0_gate2_subject_specific_local_models_weissbart_full_v1,0,P10,test_-_P10_-_FLOP04,64,pearson_r,0.11788283383064996,1213,elasticnet_alpha_0.01_l1_0.2,subject_specific_local_models_weissbart_full,1262,0.9611727416798732,"lag range [0, 50) trims edges",True,lag_matrix_trf
weissbart_tf64,vlaai,reconstruction,gate0_gate2_subject_specific_local_models_weissbart_full_v1,0,P10,test_-_P10_-_AUNP01,64,pearson_r,0.10138121117820945,990,vlaai_epoch_2,subject_specific_local_models_weissbart_full,1039,0.9528392685274302,window_size=50 drops first 49 target positions,True,vlaai_local_adapter
weissbart_tf64,vlaai,reconstruction,gate0_gate2_subject_specific_local_models_weissbart_full_v1,0,P10,test_-_P10_-_AUNP02,64,pearson_r,0.016019592883698,970,vlaai_epoch_2,subject_specific_local_models_weissbart_full,1019,0.9519136408243376,window_size=50 drops first 49 target positions,True,vlaai_local_adapter
weissbart_tf64,vlaai,reconstruction,gate0_gate2_subject_specific_local_models_weissbart_full_v1,0,P10,test_-_P10_-_AUNP03,64,pearson_r,0.061582050642080235,890,vlaai_epoch_2,subject_specific_local_models_weissbart_full,939,0.9478168264110756,window_size=50 drops first 49 target positions,True,vlaai_local_adapter
weissbart_tf64,vlaai,reconstruction,gate0_gate2_subject_specific_local_models_weissbart_full_v1,0,P10,test_-_P10_-_AUNP04,64,pearson_r,0.11047704712058863,870,vlaai_epoch_2,subject_specific_local_models_weissbart_full,919,0.9466811751904244,window_size=50 drops first 49 target positions,True,vlaai_local_adapter
weissbart_tf64,vlaai,reconstruction,gate0_gate2_subject_specific_local_models_weissbart_full_v1,0,P10,test_-_P10_-_AUNP05,64,pearson_r,0.17428610033046188,1191,vlaai_epoch_2,subject_specific_local_models_weissbart_full,1240,0.9604838709677419,window_size=50 drops first 49 target positions,True,vlaai_local_adapter
weissbart_tf64,vlaai,reconstruction,gate0_gate2_subject_specific_local_models_weissbart_full_v1,0,P10,test_-_P10_-_AUNP06,64,pearson_r,-0.07650638634914012,894,vlaai_epoch_2,subject_specific_local_models_weissbart_full,943,0.9480381760339343,window_size=50 drops first 49 target positions,True,vlaai_local_adapter
weissbart_tf64,vlaai,reconstruction,gate0_gate2_subject_specific_local_models_weissbart_full_v1,0,P10,test_-_P10_-_AUNP07,64,pearson_r,-0.043817415592239665,1134,vlaai_epoch_2,subject_specific_local_models_weissbart_full,1183,0.9585798816568047,window_size=50 drops first 49 target positions,True,vlaai_local_adapter
weissbart_tf64,vlaai,reconstruction,gate0_gate2_subject_specific_local_models_weissbart_full_v1,0,P10,test_-_P10_-_AUNP08,64,pearson_r,0.004132926872662603,1104,vlaai_epoch_2,subject_specific_local_models_weissbart_full,1153,0.9575021682567216,window_size=50 drops first 49 target positions,True,vlaai_local_adapter
weissbart_tf64,vlaai,reconstruction,gate0_gate2_subject_specific_local_models_weissbart_full_v1,0,P10,test_-_P10_-_BROP01,64,pearson_r,0.17437938673525483,1017,vlaai_epoch_2,subject_specific_local_models_weissbart_full,1066,0.9540337711069419,window_size=50 drops first 49 target positions,True,vlaai_local_adapter
weissbart_tf64,vlaai,reconstruction,gate0_gate2_subject_specific_local_models_weissbart_full_v1,0,P10,test_-_P10_-_BROP02,64,pearson_r,0.07954357260058265,1120,vlaai_epoch_2,subject_specific_local_models_weissbart_full,1169,0.9580838323353293,window_size=50 drops first 49 target positions,True,vlaai_local_adapter
weissbart_tf64,vlaai,reconstruction,gate0_gate2_subject_specific_local_models_weissbart_full_v1,0,P10,test_-_P10_-_BROP03,64,pearson_r,0.26830105086606465,1000,vlaai_epoch_2,subject_specific_local_models_weissbart_full,1049,0.9532888465204957,window_size=50 drops first 49 target positions,True,vlaai_local_adapter
weissbart_tf64,vlaai,reconstruction,gate0_gate2_subject_specific_local_models_weissbart_full_v1,0,P10,test_-_P10_-_FLOP01,64,pearson_r,-0.05160102080318146,779,vlaai_epoch_2,subject_specific_local_models_weissbart_full,828,0.9408212560386473,window_size=50 drops first 49 target positions,True,vlaai_local_adapter
weissbart_tf64,vlaai,reconstruction,gate0_gate2_subject_specific_local_models_weissbart_full_v1,0,P10,test_-_P10_-_FLOP02,64,pearson_r,0.035786197653843506,699,vlaai_epoch_2,subject_specific_local_models_weissbart_full,748,0.9344919786096256,window_size=50 drops first 49 target positions,True,vlaai_local_adapter
weissbart_tf64,vlaai,reconstruction,gate0_gate2_subject_specific_local_models_weissbart_full_v1,0,P10,test_-_P10_-_FLOP03,64,pearson_r,0.164913090427335,655,vlaai_epoch_2,subject_specific_local_models_weissbart_full,704,0.9303977272727273,window_size=50 drops first 49 target positions,True,vlaai_local_adapter
weissbart_tf64,vlaai,reconstruction,gate0_gate2_subject_specific_local_models_weissbart_full_v1,0,P10,test_-_P10_-_FLOP04,64,pearson_r,-0.038256480542966195,1213,vlaai_epoch_2,subject_specific_local_models_weissbart_full,1262,0.9611727416798732,window_size=50 drops first 49 target positions,True,vlaai_local_adapter
weissbart_tf64,happyquokka,reconstruction,gate0_gate2_subject_specific_local_models_weissbart_full_v1,0,P10,test_-_P10_-_AUNP01,64,pearson_r,0.03537918902132109,640,happyquokka_epoch_51,subject_specific_local_models_weissbart_full,1039,0.6159769008662175,tail shorter than 10s chunk,True,10s_chunk
weissbart_tf64,happyquokka,reconstruction,gate0_gate2_subject_specific_local_models_weissbart_full_v1,0,P10,test_-_P10_-_AUNP02,64,pearson_r,0.1981489898818124,640,happyquokka_epoch_51,subject_specific_local_models_weissbart_full,1019,0.6280667320902846,tail shorter than 10s chunk,True,10s_chunk
weissbart_tf64,happyquokka,reconstruction,gate0_gate2_subject_specific_local_models_weissbart_full_v1,0,P10,test_-_P10_-_AUNP03,64,pearson_r,-0.07169335461064956,640,happyquokka_epoch_51,subject_specific_local_models_weissbart_full,939,0.6815761448349308,tail shorter than 10s chunk,True,10s_chunk
weissbart_tf64,happyquokka,reconstruction,gate0_gate2_subject_specific_local_models_weissbart_full_v1,0,P10,test_-_P10_-_AUNP04,64,pearson_r,0.07497472528055506,640,happyquokka_epoch_51,subject_specific_local_models_weissbart_full,919,0.6964091403699674,tail shorter than 10s chunk,True,10s_chunk
weissbart_tf64,happyquokka,reconstruction,gate0_gate2_subject_specific_local_models_weissbart_full_v1,0,P10,test_-_P10_-_AUNP05,64,pearson_r,0.20918872048099688,640,happyquokka_epoch_51,subject_specific_local_models_weissbart_full,1240,0.5161290322580645,tail shorter than 10s chunk,True,10s_chunk
weissbart_tf64,happyquokka,reconstruction,gate0_gate2_subject_specific_local_models_weissbart_full_v1,0,P10,test_-_P10_-_AUNP06,64,pearson_r,-0.053019195895597955,640,happyquokka_epoch_51,subject_specific_local_models_weissbart_full,943,0.6786850477200425,tail shorter than 10s chunk,True,10s_chunk
weissbart_tf64,happyquokka,reconstruction,gate0_gate2_subject_specific_local_models_weissbart_full_v1,0,P10,test_-_P10_-_AUNP07,64,pearson_r,-0.08582246357466332,640,happyquokka_epoch_51,subject_specific_local_models_weissbart_full,1183,0.5409974640743872,tail shorter than 10s chunk,True,10s_chunk
weissbart_tf64,happyquokka,reconstruction,gate0_gate2_subject_specific_local_models_weissbart_full_v1,0,P10,test_-_P10_-_AUNP08,64,pearson_r,0.06958456120074759,640,happyquokka_epoch_51,subject_specific_local_models_weissbart_full,1153,0.5550737207285342,tail shorter than 10s chunk,True,10s_chunk
weissbart_tf64,happyquokka,reconstruction,gate0_gate2_subject_specific_local_models_weissbart_full_v1,0,P10,test_-_P10_-_BROP01,64,pearson_r,0.19004048530629958,640,happyquokka_epoch_51,subject_specific_local_models_weissbart_full,1066,0.600375234521576,tail shorter than 10s chunk,True,10s_chunk
weissbart_tf64,happyquokka,reconstruction,gate0_gate2_subject_specific_local_models_weissbart_full_v1,0,P10,test_-_P10_-_BROP02,64,pearson_r,0.04019781470265462,640,happyquokka_epoch_51,subject_specific_local_models_weissbart_full,1169,0.5474764756201882,tail shorter than 10s chunk,True,10s_chunk
weissbart_tf64,happyquokka,reconstruction,gate0_gate2_subject_specific_local_models_weissbart_full_v1,0,P10,test_-_P10_-_BROP03,64,pearson_r,0.324249369878208,640,happyquokka_epoch_51,subject_specific_local_models_weissbart_full,1049,0.6101048617731173,tail shorter than 10s chunk,True,10s_chunk
weissbart_tf64,happyquokka,reconstruction,gate0_gate2_subject_specific_local_models_weissbart_full_v1,0,P10,test_-_P10_-_FLOP01,64,pearson_r,0.16299701862173238,640,happyquokka_epoch_51,subject_specific_local_models_weissbart_full,828,0.7729468599033816,tail shorter than 10s chunk,True,10s_chunk
weissbart_tf64,happyquokka,reconstruction,gate0_gate2_subject_specific_local_models_weissbart_full_v1,0,P10,test_-_P10_-_FLOP02,64,pearson_r,-0.05710636145220393,640,happyquokka_epoch_51,subject_specific_local_models_weissbart_full,748,0.8556149732620321,tail shorter than 10s chunk,True,10s_chunk
weissbart_tf64,happyquokka,reconstruction,gate0_gate2_subject_specific_local_models_weissbart_full_v1,0,P10,test_-_P10_-_FLOP03,64,pearson_r,0.15413798607710474,640,happyquokka_epoch_51,subject_specific_local_models_weissbart_full,704,0.9090909090909091,tail shorter than 10s chunk,True,10s_chunk
weissbart_tf64,happyquokka,reconstruction,gate0_gate2_subject_specific_local_models_weissbart_full_v1,0,P10,test_-_P10_-_FLOP04,64,pearson_r,0.13810908569027286,640,happyquokka_epoch_51,subject_specific_local_models_weissbart_full,1262,0.5071315372424723,tail shorter than 10s chunk,True,10s_chunk
weissbart_tf64,linear,reconstruction,gate0_gate2_subject_specific_local_models_weissbart_full_v1,0,P11,test_-_P11_-_AUNP01,64,pearson_r,0.12498815462059233,990,linear_ols,subject_specific_local_models_weissbart_full,1039,0.9528392685274302,"lag range [0, 50) trims edges",True,lag_matrix_trf
weissbart_tf64,linear,reconstruction,gate0_gate2_subject_specific_local_models_weissbart_full_v1,0,P11,test_-_P11_-_AUNP02,64,pearson_r,0.1113737231443758,970,linear_ols,subject_specific_local_models_weissbart_full,1019,0.9519136408243376,"lag range [0, 50) trims edges",True,lag_matrix_trf
weissbart_tf64,linear,reconstruction,gate0_gate2_subject_specific_local_models_weissbart_full_v1,0,P11,test_-_P11_-_AUNP03,64,pearson_r,0.1316166153054976,890,linear_ols,subject_specific_local_models_weissbart_full,939,0.9478168264110756,"lag range [0, 50) trims edges",True,lag_matrix_trf
weissbart_tf64,linear,reconstruction,gate0_gate2_subject_specific_local_models_weissbart_full_v1,0,P11,test_-_P11_-_AUNP04,64,pearson_r,0.2782273848356743,870,linear_ols,subject_specific_local_models_weissbart_full,919,0.9466811751904244,"lag range [0, 50) trims edges",True,lag_matrix_trf
weissbart_tf64,linear,reconstruction,gate0_gate2_subject_specific_local_models_weissbart_full_v1,0,P11,test_-_P11_-_AUNP05,64,pearson_r,0.13842151461757538,1191,linear_ols,subject_specific_local_models_weissbart_full,1240,0.9604838709677419,"lag range [0, 50) trims edges",True,lag_matrix_trf
weissbart_tf64,linear,reconstruction,gate0_gate2_subject_specific_local_models_weissbart_full_v1,0,P11,test_-_P11_-_AUNP06,64,pearson_r,0.1837629125305162,894,linear_ols,subject_specific_local_models_weissbart_full,943,0.9480381760339343,"lag range [0, 50) trims edges",True,lag_matrix_trf
weissbart_tf64,linear,reconstruction,gate0_gate2_subject_specific_local_models_weissbart_full_v1,0,P11,test_-_P11_-_AUNP07,64,pearson_r,0.06749752611107344,1134,linear_ols,subject_specific_local_models_weissbart_full,1183,0.9585798816568047,"lag range [0, 50) trims edges",True,lag_matrix_trf
weissbart_tf64,linear,reconstruction,gate0_gate2_subject_specific_local_models_weissbart_full_v1,0,P11,test_-_P11_-_AUNP08,64,pearson_r,-0.046683405072867314,1104,linear_ols,subject_specific_local_models_weissbart_full,1153,0.9575021682567216,"lag range [0, 50) trims edges",True,lag_matrix_trf
weissbart_tf64,linear,reconstruction,gate0_gate2_subject_specific_local_models_weissbart_full_v1,0,P11,test_-_P11_-_BROP01,64,pearson_r,0.14828697603357682,1017,linear_ols,subject_specific_local_models_weissbart_full,1066,0.9540337711069419,"lag range [0, 50) trims edges",True,lag_matrix_trf
weissbart_tf64,linear,reconstruction,gate0_gate2_subject_specific_local_models_weissbart_full_v1,0,P11,test_-_P11_-_BROP02,64,pearson_r,0.17539808584369948,1120,linear_ols,subject_specific_local_models_weissbart_full,1169,0.9580838323353293,"lag range [0, 50) trims edges",True,lag_matrix_trf
weissbart_tf64,linear,reconstruction,gate0_gate2_subject_specific_local_models_weissbart_full_v1,0,P11,test_-_P11_-_BROP03,64,pearson_r,0.22687002920965474,1000,linear_ols,subject_specific_local_models_weissbart_full,1049,0.9532888465204957,"lag range [0, 50) trims edges",True,lag_matrix_trf
weissbart_tf64,linear,reconstruction,gate0_gate2_subject_specific_local_models_weissbart_full_v1,0,P11,test_-_P11_-_FLOP01,64,pearson_r,-0.03892118385084924,779,linear_ols,subject_specific_local_models_weissbart_full,828,0.9408212560386473,"lag range [0, 50) trims edges",True,lag_matrix_trf
weissbart_tf64,linear,reconstruction,gate0_gate2_subject_specific_local_models_weissbart_full_v1,0,P11,test_-_P11_-_FLOP02,64,pearson_r,0.07374567836531806,699,linear_ols,subject_specific_local_models_weissbart_full,748,0.9344919786096256,"lag range [0, 50) trims edges",True,lag_matrix_trf
weissbart_tf64,linear,reconstruction,gate0_gate2_subject_specific_local_models_weissbart_full_v1,0,P11,test_-_P11_-_FLOP03,64,pearson_r,0.16154216809442667,655,linear_ols,subject_specific_local_models_weissbart_full,704,0.9303977272727273,"lag range [0, 50) trims edges",True,lag_matrix_trf
weissbart_tf64,linear,reconstruction,gate0_gate2_subject_specific_local_models_weissbart_full_v1,0,P11,test_-_P11_-_FLOP04,64,pearson_r,-0.00473865993393974,1213,linear_ols,subject_specific_local_models_weissbart_full,1262,0.9611727416798732,"lag range [0, 50) trims edges",True,lag_matrix_trf
weissbart_tf64,lasso,reconstruction,gate0_gate2_subject_specific_local_models_weissbart_full_v1,0,P11,test_-_P11_-_AUNP01,64,pearson_r,0.23594012424533223,990,lasso_alpha_0.001,subject_specific_local_models_weissbart_full,1039,0.9528392685274302,"lag range [0, 50) trims edges",True,lag_matrix_trf
weissbart_tf64,lasso,reconstruction,gate0_gate2_subject_specific_local_models_weissbart_full_v1,0,P11,test_-_P11_-_AUNP02,64,pearson_r,0.06404869954976924,970,lasso_alpha_0.001,subject_specific_local_models_weissbart_full,1019,0.9519136408243376,"lag range [0, 50) trims edges",True,lag_matrix_trf
weissbart_tf64,lasso,reconstruction,gate0_gate2_subject_specific_local_models_weissbart_full_v1,0,P11,test_-_P11_-_AUNP03,64,pearson_r,0.11338786949848867,890,lasso_alpha_0.001,subject_specific_local_models_weissbart_full,939,0.9478168264110756,"lag range [0, 50) trims edges",True,lag_matrix_trf
weissbart_tf64,lasso,reconstruction,gate0_gate2_subject_specific_local_models_weissbart_full_v1,0,P11,test_-_P11_-_AUNP04,64,pearson_r,0.32476434011233474,870,lasso_alpha_0.001,subject_specific_local_models_weissbart_full,919,0.9466811751904244,"lag range [0, 50) trims edges",True,lag_matrix_trf
weissbart_tf64,lasso,reconstruction,gate0_gate2_subject_specific_local_models_weissbart_full_v1,0,P11,test_-_P11_-_AUNP05,64,pearson_r,0.1496686420926969,1191,lasso_alpha_0.001,subject_specific_local_models_weissbart_full,1240,0.9604838709677419,"lag range [0, 50) trims edges",True,lag_matrix_trf
weissbart_tf64,lasso,reconstruction,gate0_gate2_subject_specific_local_models_weissbart_full_v1,0,P11,test_-_P11_-_AUNP06,64,pearson_r,0.16142463791612427,894,lasso_alpha_0.001,subject_specific_local_models_weissbart_full,943,0.9480381760339343,"lag range [0, 50) trims edges",True,lag_matrix_trf
weissbart_tf64,lasso,reconstruction,gate0_gate2_subject_specific_local_models_weissbart_full_v1,0,P11,test_-_P11_-_AUNP07,64,pearson_r,0.0857274425170933,1134,lasso_alpha_0.001,subject_specific_local_models_weissbart_full,1183,0.9585798816568047,"lag range [0, 50) trims edges",True,lag_matrix_trf
weissbart_tf64,lasso,reconstruction,gate0_gate2_subject_specific_local_models_weissbart_full_v1,0,P11,test_-_P11_-_AUNP08,64,pearson_r,-0.029730131645145007,1104,lasso_alpha_0.001,subject_specific_local_models_weissbart_full,1153,0.9575021682567216,"lag range [0, 50) trims edges",True,lag_matrix_trf
weissbart_tf64,lasso,reconstruction,gate0_gate2_subject_specific_local_models_weissbart_full_v1,0,P11,test_-_P11_-_BROP01,64,pearson_r,0.13467980515596836,1017,lasso_alpha_0.001,subject_specific_local_models_weissbart_full,1066,0.9540337711069419,"lag range [0, 50) trims edges",True,lag_matrix_trf
weissbart_tf64,lasso,reconstruction,gate0_gate2_subject_specific_local_models_weissbart_full_v1,0,P11,test_-_P11_-_BROP02,64,pearson_r,0.1602310734087452,1120,lasso_alpha_0.001,subject_specific_local_models_weissbart_full,1169,0.9580838323353293,"lag range [0, 50) trims edges",True,lag_matrix_trf
weissbart_tf64,lasso,reconstruction,gate0_gate2_subject_specific_local_models_weissbart_full_v1,0,P11,test_-_P11_-_BROP03,64,pearson_r,0.230058166114406,1000,lasso_alpha_0.001,subject_specific_local_models_weissbart_full,1049,0.9532888465204957,"lag range [0, 50) trims edges",True,lag_matrix_trf
weissbart_tf64,lasso,reconstruction,gate0_gate2_subject_specific_local_models_weissbart_full_v1,0,P11,test_-_P11_-_FLOP01,64,pearson_r,0.04704417917533833,779,lasso_alpha_0.001,subject_specific_local_models_weissbart_full,828,0.9408212560386473,"lag range [0, 50) trims edges",True,lag_matrix_trf
weissbart_tf64,lasso,reconstruction,gate0_gate2_subject_specific_local_models_weissbart_full_v1,0,P11,test_-_P11_-_FLOP02,64,pearson_r,0.08209915860205484,699,lasso_alpha_0.001,subject_specific_local_models_weissbart_full,748,0.9344919786096256,"lag range [0, 50) trims edges",True,lag_matrix_trf
weissbart_tf64,lasso,reconstruction,gate0_gate2_subject_specific_local_models_weissbart_full_v1,0,P11,test_-_P11_-_FLOP03,64,pearson_r,0.21699137790209147,655,lasso_alpha_0.001,subject_specific_local_models_weissbart_full,704,0.9303977272727273,"lag range [0, 50) trims edges",True,lag_matrix_trf
weissbart_tf64,lasso,reconstruction,gate0_gate2_subject_specific_local_models_weissbart_full_v1,0,P11,test_-_P11_-_FLOP04,64,pearson_r,0.003091290346827123,1213,lasso_alpha_0.001,subject_specific_local_models_weissbart_full,1262,0.9611727416798732,"lag range [0, 50) trims edges",True,lag_matrix_trf
weissbart_tf64,elasticnet,reconstruction,gate0_gate2_subject_specific_local_models_weissbart_full_v1,0,P11,test_-_P11_-_AUNP01,64,pearson_r,0.2304601055722928,990,elasticnet_alpha_0.001_l1_0.8,subject_specific_local_models_weissbart_full,1039,0.9528392685274302,"lag range [0, 50) trims edges",True,lag_matrix_trf
weissbart_tf64,elasticnet,reconstruction,gate0_gate2_subject_specific_local_models_weissbart_full_v1,0,P11,test_-_P11_-_AUNP02,64,pearson_r,0.07805785391622422,970,elasticnet_alpha_0.001_l1_0.8,subject_specific_local_models_weissbart_full,1019,0.9519136408243376,"lag range [0, 50) trims edges",True,lag_matrix_trf
weissbart_tf64,elasticnet,reconstruction,gate0_gate2_subject_specific_local_models_weissbart_full_v1,0,P11,test_-_P11_-_AUNP03,64,pearson_r,0.11742289821832669,890,elasticnet_alpha_0.001_l1_0.8,subject_specific_local_models_weissbart_full,939,0.9478168264110756,"lag range [0, 50) trims edges",True,lag_matrix_trf
weissbart_tf64,elasticnet,reconstruction,gate0_gate2_subject_specific_local_models_weissbart_full_v1,0,P11,test_-_P11_-_AUNP04,64,pearson_r,0.32656478970972985,870,elasticnet_alpha_0.001_l1_0.8,subject_specific_local_models_weissbart_full,919,0.9466811751904244,"lag range [0, 50) trims edges",True,lag_matrix_trf
weissbart_tf64,elasticnet,reconstruction,gate0_gate2_subject_specific_local_models_weissbart_full_v1,0,P11,test_-_P11_-_AUNP05,64,pearson_r,0.15091560324211464,1191,elasticnet_alpha_0.001_l1_0.8,subject_specific_local_models_weissbart_full,1240,0.9604838709677419,"lag range [0, 50) trims edges",True,lag_matrix_trf
weissbart_tf64,elasticnet,reconstruction,gate0_gate2_subject_specific_local_models_weissbart_full_v1,0,P11,test_-_P11_-_AUNP06,64,pearson_r,0.1611136256639488,894,elasticnet_alpha_0.001_l1_0.8,subject_specific_local_models_weissbart_full,943,0.9480381760339343,"lag range [0, 50) trims edges",True,lag_matrix_trf
weissbart_tf64,elasticnet,reconstruction,gate0_gate2_subject_specific_local_models_weissbart_full_v1,0,P11,test_-_P11_-_AUNP07,64,pearson_r,0.09409691203676722,1134,elasticnet_alpha_0.001_l1_0.8,subject_specific_local_models_weissbart_full,1183,0.9585798816568047,"lag range [0, 50) trims edges",True,lag_matrix_trf
weissbart_tf64,elasticnet,reconstruction,gate0_gate2_subject_specific_local_models_weissbart_full_v1,0,P11,test_-_P11_-_AUNP08,64,pearson_r,-0.03905642070066343,1104,elasticnet_alpha_0.001_l1_0.8,subject_specific_local_models_weissbart_full,1153,0.9575021682567216,"lag range [0, 50) trims edges",True,lag_matrix_trf
weissbart_tf64,elasticnet,reconstruction,gate0_gate2_subject_specific_local_models_weissbart_full_v1,0,P11,test_-_P11_-_BROP01,64,pearson_r,0.14215818904339994,1017,elasticnet_alpha_0.001_l1_0.8,subject_specific_local_models_weissbart_full,1066,0.9540337711069419,"lag range [0, 50) trims edges",True,lag_matrix_trf
weissbart_tf64,elasticnet,reconstruction,gate0_gate2_subject_specific_local_models_weissbart_full_v1,0,P11,test_-_P11_-_BROP02,64,pearson_r,0.16832402012546743,1120,elasticnet_alpha_0.001_l1_0.8,subject_specific_local_models_weissbart_full,1169,0.9580838323353293,"lag range [0, 50) trims edges",True,lag_matrix_trf
weissbart_tf64,elasticnet,reconstruction,gate0_gate2_subject_specific_local_models_weissbart_full_v1,0,P11,test_-_P11_-_BROP03,64,pearson_r,0.22649795562507144,1000,elasticnet_alpha_0.001_l1_0.8,subject_specific_local_models_weissbart_full,1049,0.9532888465204957,"lag range [0, 50) trims edges",True,lag_matrix_trf
weissbart_tf64,elasticnet,reconstruction,gate0_gate2_subject_specific_local_models_weissbart_full_v1,0,P11,test_-_P11_-_FLOP01,64,pearson_r,0.042986512227031794,779,elasticnet_alpha_0.001_l1_0.8,subject_specific_local_models_weissbart_full,828,0.9408212560386473,"lag range [0, 50) trims edges",True,lag_matrix_trf
weissbart_tf64,elasticnet,reconstruction,gate0_gate2_subject_specific_local_models_weissbart_full_v1,0,P11,test_-_P11_-_FLOP02,64,pearson_r,0.08543941481895277,699,elasticnet_alpha_0.001_l1_0.8,subject_specific_local_models_weissbart_full,748,0.9344919786096256,"lag range [0, 50) trims edges",True,lag_matrix_trf
weissbart_tf64,elasticnet,reconstruction,gate0_gate2_subject_specific_local_models_weissbart_full_v1,0,P11,test_-_P11_-_FLOP03,64,pearson_r,0.2105693661029617,655,elasticnet_alpha_0.001_l1_0.8,subject_specific_local_models_weissbart_full,704,0.9303977272727273,"lag range [0, 50) trims edges",True,lag_matrix_trf
weissbart_tf64,elasticnet,reconstruction,gate0_gate2_subject_specific_local_models_weissbart_full_v1,0,P11,test_-_P11_-_FLOP04,64,pearson_r,0.004189021278580637,1213,elasticnet_alpha_0.001_l1_0.8,subject_specific_local_models_weissbart_full,1262,0.9611727416798732,"lag range [0, 50) trims edges",True,lag_matrix_trf
weissbart_tf64,vlaai,reconstruction,gate0_gate2_subject_specific_local_models_weissbart_full_v1,0,P11,test_-_P11_-_AUNP01,64,pearson_r,0.012054989613874087,990,vlaai_epoch_1,subject_specific_local_models_weissbart_full,1039,0.9528392685274302,window_size=50 drops first 49 target positions,True,vlaai_local_adapter
weissbart_tf64,vlaai,reconstruction,gate0_gate2_subject_specific_local_models_weissbart_full_v1,0,P11,test_-_P11_-_AUNP02,64,pearson_r,0.024871523715002033,970,vlaai_epoch_1,subject_specific_local_models_weissbart_full,1019,0.9519136408243376,window_size=50 drops first 49 target positions,True,vlaai_local_adapter
weissbart_tf64,vlaai,reconstruction,gate0_gate2_subject_specific_local_models_weissbart_full_v1,0,P11,test_-_P11_-_AUNP03,64,pearson_r,0.05445526117953223,890,vlaai_epoch_1,subject_specific_local_models_weissbart_full,939,0.9478168264110756,window_size=50 drops first 49 target positions,True,vlaai_local_adapter
weissbart_tf64,vlaai,reconstruction,gate0_gate2_subject_specific_local_models_weissbart_full_v1,0,P11,test_-_P11_-_AUNP04,64,pearson_r,0.2254610249674855,870,vlaai_epoch_1,subject_specific_local_models_weissbart_full,919,0.9466811751904244,window_size=50 drops first 49 target positions,True,vlaai_local_adapter
weissbart_tf64,vlaai,reconstruction,gate0_gate2_subject_specific_local_models_weissbart_full_v1,0,P11,test_-_P11_-_AUNP05,64,pearson_r,0.1553851719994044,1191,vlaai_epoch_1,subject_specific_local_models_weissbart_full,1240,0.9604838709677419,window_size=50 drops first 49 target positions,True,vlaai_local_adapter
weissbart_tf64,vlaai,reconstruction,gate0_gate2_subject_specific_local_models_weissbart_full_v1,0,P11,test_-_P11_-_AUNP06,64,pearson_r,0.012762960952204907,894,vlaai_epoch_1,subject_specific_local_models_weissbart_full,943,0.9480381760339343,window_size=50 drops first 49 target positions,True,vlaai_local_adapter
weissbart_tf64,vlaai,reconstruction,gate0_gate2_subject_specific_local_models_weissbart_full_v1,0,P11,test_-_P11_-_AUNP07,64,pearson_r,-0.08451219563208477,1134,vlaai_epoch_1,subject_specific_local_models_weissbart_full,1183,0.9585798816568047,window_size=50 drops first 49 target positions,True,vlaai_local_adapter
weissbart_tf64,vlaai,reconstruction,gate0_gate2_subject_specific_local_models_weissbart_full_v1,0,P11,test_-_P11_-_AUNP08,64,pearson_r,0.01084687152543581,1104,vlaai_epoch_1,subject_specific_local_models_weissbart_full,1153,0.9575021682567216,window_size=50 drops first 49 target positions,True,vlaai_local_adapter
weissbart_tf64,vlaai,reconstruction,gate0_gate2_subject_specific_local_models_weissbart_full_v1,0,P11,test_-_P11_-_BROP01,64,pearson_r,0.1688950983785811,1017,vlaai_epoch_1,subject_specific_local_models_weissbart_full,1066,0.9540337711069419,window_size=50 drops first 49 target positions,True,vlaai_local_adapter
weissbart_tf64,vlaai,reconstruction,gate0_gate2_subject_specific_local_models_weissbart_full_v1,0,P11,test_-_P11_-_BROP02,64,pearson_r,0.1241440078367759,1120,vlaai_epoch_1,subject_specific_local_models_weissbart_full,1169,0.9580838323353293,window_size=50 drops first 49 target positions,True,vlaai_local_adapter
weissbart_tf64,vlaai,reconstruction,gate0_gate2_subject_specific_local_models_weissbart_full_v1,0,P11,test_-_P11_-_BROP03,64,pearson_r,-0.031150468026829973,1000,vlaai_epoch_1,subject_specific_local_models_weissbart_full,1049,0.9532888465204957,window_size=50 drops first 49 target positions,True,vlaai_local_adapter
weissbart_tf64,vlaai,reconstruction,gate0_gate2_subject_specific_local_models_weissbart_full_v1,0,P11,test_-_P11_-_FLOP01,64,pearson_r,-0.12430010147218433,779,vlaai_epoch_1,subject_specific_local_models_weissbart_full,828,0.9408212560386473,window_size=50 drops first 49 target positions,True,vlaai_local_adapter
weissbart_tf64,vlaai,reconstruction,gate0_gate2_subject_specific_local_models_weissbart_full_v1,0,P11,test_-_P11_-_FLOP02,64,pearson_r,0.16107128012750233,699,vlaai_epoch_1,subject_specific_local_models_weissbart_full,748,0.9344919786096256,window_size=50 drops first 49 target positions,True,vlaai_local_adapter
weissbart_tf64,vlaai,reconstruction,gate0_gate2_subject_specific_local_models_weissbart_full_v1,0,P11,test_-_P11_-_FLOP03,64,pearson_r,-0.00403608682949225,655,vlaai_epoch_1,subject_specific_local_models_weissbart_full,704,0.9303977272727273,window_size=50 drops first 49 target positions,True,vlaai_local_adapter
weissbart_tf64,vlaai,reconstruction,gate0_gate2_subject_specific_local_models_weissbart_full_v1,0,P11,test_-_P11_-_FLOP04,64,pearson_r,0.04820884156437285,1213,vlaai_epoch_1,subject_specific_local_models_weissbart_full,1262,0.9611727416798732,window_size=50 drops first 49 target positions,True,vlaai_local_adapter
weissbart_tf64,happyquokka,reconstruction,gate0_gate2_subject_specific_local_models_weissbart_full_v1,0,P11,test_-_P11_-_AUNP01,64,pearson_r,0.09942648635090295,640,happyquokka_epoch_6,subject_specific_local_models_weissbart_full,1039,0.6159769008662175,tail shorter than 10s chunk,True,10s_chunk
weissbart_tf64,happyquokka,reconstruction,gate0_gate2_subject_specific_local_models_weissbart_full_v1,0,P11,test_-_P11_-_AUNP02,64,pearson_r,-0.02275209254260905,640,happyquokka_epoch_6,subject_specific_local_models_weissbart_full,1019,0.6280667320902846,tail shorter than 10s chunk,True,10s_chunk
weissbart_tf64,happyquokka,reconstruction,gate0_gate2_subject_specific_local_models_weissbart_full_v1,0,P11,test_-_P11_-_AUNP03,64,pearson_r,0.12592682129842384,640,happyquokka_epoch_6,subject_specific_local_models_weissbart_full,939,0.6815761448349308,tail shorter than 10s chunk,True,10s_chunk
weissbart_tf64,happyquokka,reconstruction,gate0_gate2_subject_specific_local_models_weissbart_full_v1,0,P11,test_-_P11_-_AUNP04,64,pearson_r,0.07312828240972716,640,happyquokka_epoch_6,subject_specific_local_models_weissbart_full,919,0.6964091403699674,tail shorter than 10s chunk,True,10s_chunk
weissbart_tf64,happyquokka,reconstruction,gate0_gate2_subject_specific_local_models_weissbart_full_v1,0,P11,test_-_P11_-_AUNP05,64,pearson_r,0.0902366794164325,640,happyquokka_epoch_6,subject_specific_local_models_weissbart_full,1240,0.5161290322580645,tail shorter than 10s chunk,True,10s_chunk
weissbart_tf64,happyquokka,reconstruction,gate0_gate2_subject_specific_local_models_weissbart_full_v1,0,P11,test_-_P11_-_AUNP06,64,pearson_r,-0.03146909622029984,640,happyquokka_epoch_6,subject_specific_local_models_weissbart_full,943,0.6786850477200425,tail shorter than 10s chunk,True,10s_chunk
weissbart_tf64,happyquokka,reconstruction,gate0_gate2_subject_specific_local_models_weissbart_full_v1,0,P11,test_-_P11_-_AUNP07,64,pearson_r,-0.1567709167421646,640,happyquokka_epoch_6,subject_specific_local_models_weissbart_full,1183,0.5409974640743872,tail shorter than 10s chunk,True,10s_chunk
weissbart_tf64,happyquokka,reconstruction,gate0_gate2_subject_specific_local_models_weissbart_full_v1,0,P11,test_-_P11_-_AUNP08,64,pearson_r,-0.03895269004228919,640,happyquokka_epoch_6,subject_specific_local_models_weissbart_full,1153,0.5550737207285342,tail shorter than 10s chunk,True,10s_chunk
weissbart_tf64,happyquokka,reconstruction,gate0_gate2_subject_specific_local_models_weissbart_full_v1,0,P11,test_-_P11_-_BROP01,64,pearson_r,0.16306142784883332,640,happyquokka_epoch_6,subject_specific_local_models_weissbart_full,1066,0.600375234521576,tail shorter than 10s chunk,True,10s_chunk
weissbart_tf64,happyquokka,reconstruction,gate0_gate2_subject_specific_local_models_weissbart_full_v1,0,P11,test_-_P11_-_BROP02,64,pearson_r,-0.04108743886642104,640,happyquokka_epoch_6,subject_specific_local_models_weissbart_full,1169,0.5474764756201882,tail shorter than 10s chunk,True,10s_chunk
weissbart_tf64,happyquokka,reconstruction,gate0_gate2_subject_specific_local_models_weissbart_full_v1,0,P11,test_-_P11_-_BROP03,64,pearson_r,0.23461950234865922,640,happyquokka_epoch_6,subject_specific_local_models_weissbart_full,1049,0.6101048617731173,tail shorter than 10s chunk,True,10s_chunk
weissbart_tf64,happyquokka,reconstruction,gate0_gate2_subject_specific_local_models_weissbart_full_v1,0,P11,test_-_P11_-_FLOP01,64,pearson_r,0.08644656649364904,640,happyquokka_epoch_6,subject_specific_local_models_weissbart_full,828,0.7729468599033816,tail shorter than 10s chunk,True,10s_chunk
weissbart_tf64,happyquokka,reconstruction,gate0_gate2_subject_specific_local_models_weissbart_full_v1,0,P11,test_-_P11_-_FLOP02,64,pearson_r,0.019854335521388933,640,happyquokka_epoch_6,subject_specific_local_models_weissbart_full,748,0.8556149732620321,tail shorter than 10s chunk,True,10s_chunk
weissbart_tf64,happyquokka,reconstruction,gate0_gate2_subject_specific_local_models_weissbart_full_v1,0,P11,test_-_P11_-_FLOP03,64,pearson_r,-0.1340101227118675,640,happyquokka_epoch_6,subject_specific_local_models_weissbart_full,704,0.9090909090909091,tail shorter than 10s chunk,True,10s_chunk
weissbart_tf64,happyquokka,reconstruction,gate0_gate2_subject_specific_local_models_weissbart_full_v1,0,P11,test_-_P11_-_FLOP04,64,pearson_r,0.3149754652598365,640,happyquokka_epoch_6,subject_specific_local_models_weissbart_full,1262,0.5071315372424723,tail shorter than 10s chunk,True,10s_chunk
weissbart_tf64,linear,reconstruction,gate0_gate2_subject_specific_local_models_weissbart_full_v1,0,P12,test_-_P12_-_AUNP01,64,pearson_r,0.2948494396415451,990,linear_ols,subject_specific_local_models_weissbart_full,1039,0.9528392685274302,"lag range [0, 50) trims edges",True,lag_matrix_trf
weissbart_tf64,linear,reconstruction,gate0_gate2_subject_specific_local_models_weissbart_full_v1,0,P12,test_-_P12_-_AUNP02,64,pearson_r,-0.05925525410644297,970,linear_ols,subject_specific_local_models_weissbart_full,1019,0.9519136408243376,"lag range [0, 50) trims edges",True,lag_matrix_trf
weissbart_tf64,linear,reconstruction,gate0_gate2_subject_specific_local_models_weissbart_full_v1,0,P12,test_-_P12_-_AUNP03,64,pearson_r,0.1314728919331621,890,linear_ols,subject_specific_local_models_weissbart_full,939,0.9478168264110756,"lag range [0, 50) trims edges",True,lag_matrix_trf
weissbart_tf64,linear,reconstruction,gate0_gate2_subject_specific_local_models_weissbart_full_v1,0,P12,test_-_P12_-_AUNP04,64,pearson_r,0.17879671559633895,870,linear_ols,subject_specific_local_models_weissbart_full,919,0.9466811751904244,"lag range [0, 50) trims edges",True,lag_matrix_trf
weissbart_tf64,linear,reconstruction,gate0_gate2_subject_specific_local_models_weissbart_full_v1,0,P12,test_-_P12_-_AUNP05,64,pearson_r,0.22938862497825724,1191,linear_ols,subject_specific_local_models_weissbart_full,1240,0.9604838709677419,"lag range [0, 50) trims edges",True,lag_matrix_trf
weissbart_tf64,linear,reconstruction,gate0_gate2_subject_specific_local_models_weissbart_full_v1,0,P12,test_-_P12_-_AUNP06,64,pearson_r,0.21109362940934892,894,linear_ols,subject_specific_local_models_weissbart_full,943,0.9480381760339343,"lag range [0, 50) trims edges",True,lag_matrix_trf
weissbart_tf64,linear,reconstruction,gate0_gate2_subject_specific_local_models_weissbart_full_v1,0,P12,test_-_P12_-_AUNP07,64,pearson_r,0.07641220075777591,1134,linear_ols,subject_specific_local_models_weissbart_full,1183,0.9585798816568047,"lag range [0, 50) trims edges",True,lag_matrix_trf
weissbart_tf64,linear,reconstruction,gate0_gate2_subject_specific_local_models_weissbart_full_v1,0,P12,test_-_P12_-_AUNP08,64,pearson_r,0.035335080436297114,1104,linear_ols,subject_specific_local_models_weissbart_full,1153,0.9575021682567216,"lag range [0, 50) trims edges",True,lag_matrix_trf
weissbart_tf64,linear,reconstruction,gate0_gate2_subject_specific_local_models_weissbart_full_v1,0,P12,test_-_P12_-_BROP01,64,pearson_r,0.05040235262479127,1017,linear_ols,subject_specific_local_models_weissbart_full,1066,0.9540337711069419,"lag range [0, 50) trims edges",True,lag_matrix_trf
weissbart_tf64,linear,reconstruction,gate0_gate2_subject_specific_local_models_weissbart_full_v1,0,P12,test_-_P12_-_BROP02,64,pearson_r,0.12227013923646798,1120,linear_ols,subject_specific_local_models_weissbart_full,1169,0.9580838323353293,"lag range [0, 50) trims edges",True,lag_matrix_trf
weissbart_tf64,linear,reconstruction,gate0_gate2_subject_specific_local_models_weissbart_full_v1,0,P12,test_-_P12_-_BROP03,64,pearson_r,0.14227680824383218,1000,linear_ols,subject_specific_local_models_weissbart_full,1049,0.9532888465204957,"lag range [0, 50) trims edges",True,lag_matrix_trf
weissbart_tf64,linear,reconstruction,gate0_gate2_subject_specific_local_models_weissbart_full_v1,0,P12,test_-_P12_-_FLOP01,64,pearson_r,0.042064136688196814,779,linear_ols,subject_specific_local_models_weissbart_full,828,0.9408212560386473,"lag range [0, 50) trims edges",True,lag_matrix_trf
weissbart_tf64,linear,reconstruction,gate0_gate2_subject_specific_local_models_weissbart_full_v1,0,P12,test_-_P12_-_FLOP02,64,pearson_r,0.00044739464367290197,699,linear_ols,subject_specific_local_models_weissbart_full,748,0.9344919786096256,"lag range [0, 50) trims edges",True,lag_matrix_trf
weissbart_tf64,linear,reconstruction,gate0_gate2_subject_specific_local_models_weissbart_full_v1,0,P12,test_-_P12_-_FLOP03,64,pearson_r,0.24925013930341824,655,linear_ols,subject_specific_local_models_weissbart_full,704,0.9303977272727273,"lag range [0, 50) trims edges",True,lag_matrix_trf
weissbart_tf64,linear,reconstruction,gate0_gate2_subject_specific_local_models_weissbart_full_v1,0,P12,test_-_P12_-_FLOP04,64,pearson_r,0.26497082583172377,1213,linear_ols,subject_specific_local_models_weissbart_full,1262,0.9611727416798732,"lag range [0, 50) trims edges",True,lag_matrix_trf
weissbart_tf64,lasso,reconstruction,gate0_gate2_subject_specific_local_models_weissbart_full_v1,0,P12,test_-_P12_-_AUNP01,64,pearson_r,0.34600407290105556,990,lasso_alpha_0.001,subject_specific_local_models_weissbart_full,1039,0.9528392685274302,"lag range [0, 50) trims edges",True,lag_matrix_trf
weissbart_tf64,lasso,reconstruction,gate0_gate2_subject_specific_local_models_weissbart_full_v1,0,P12,test_-_P12_-_AUNP02,64,pearson_r,-0.08400930028432486,970,lasso_alpha_0.001,subject_specific_local_models_weissbart_full,1019,0.9519136408243376,"lag range [0, 50) trims edges",True,lag_matrix_trf
weissbart_tf64,lasso,reconstruction,gate0_gate2_subject_specific_local_models_weissbart_full_v1,0,P12,test_-_P12_-_AUNP03,64,pearson_r,0.24145593527726952,890,lasso_alpha_0.001,subject_specific_local_models_weissbart_full,939,0.9478168264110756,"lag range [0, 50) trims edges",True,lag_matrix_trf
weissbart_tf64,lasso,reconstruction,gate0_gate2_subject_specific_local_models_weissbart_full_v1,0,P12,test_-_P12_-_AUNP04,64,pearson_r,0.2968045590305392,870,lasso_alpha_0.001,subject_specific_local_models_weissbart_full,919,0.9466811751904244,"lag range [0, 50) trims edges",True,lag_matrix_trf
weissbart_tf64,lasso,reconstruction,gate0_gate2_subject_specific_local_models_weissbart_full_v1,0,P12,test_-_P12_-_AUNP05,64,pearson_r,0.265384089244419,1191,lasso_alpha_0.001,subject_specific_local_models_weissbart_full,1240,0.9604838709677419,"lag range [0, 50) trims edges",True,lag_matrix_trf
weissbart_tf64,lasso,reconstruction,gate0_gate2_subject_specific_local_models_weissbart_full_v1,0,P12,test_-_P12_-_AUNP06,64,pearson_r,0.3008780946364885,894,lasso_alpha_0.001,subject_specific_local_models_weissbart_full,943,0.9480381760339343,"lag range [0, 50) trims edges",True,lag_matrix_trf
weissbart_tf64,lasso,reconstruction,gate0_gate2_subject_specific_local_models_weissbart_full_v1,0,P12,test_-_P12_-_AUNP07,64,pearson_r,0.013593410276789357,1134,lasso_alpha_0.001,subject_specific_local_models_weissbart_full,1183,0.9585798816568047,"lag range [0, 50) trims edges",True,lag_matrix_trf
weissbart_tf64,lasso,reconstruction,gate0_gate2_subject_specific_local_models_weissbart_full_v1,0,P12,test_-_P12_-_AUNP08,64,pearson_r,0.07394006471283998,1104,lasso_alpha_0.001,subject_specific_local_models_weissbart_full,1153,0.9575021682567216,"lag range [0, 50) trims edges",True,lag_matrix_trf
weissbart_tf64,lasso,reconstruction,gate0_gate2_subject_specific_local_models_weissbart_full_v1,0,P12,test_-_P12_-_BROP01,64,pearson_r,0.08603246335352557,1017,lasso_alpha_0.001,subject_specific_local_models_weissbart_full,1066,0.9540337711069419,"lag range [0, 50) trims edges",True,lag_matrix_trf
weissbart_tf64,lasso,reconstruction,gate0_gate2_subject_specific_local_models_weissbart_full_v1,0,P12,test_-_P12_-_BROP02,64,pearson_r,0.15295237336380257,1120,lasso_alpha_0.001,subject_specific_local_models_weissbart_full,1169,0.9580838323353293,"lag range [0, 50) trims edges",True,lag_matrix_trf
weissbart_tf64,lasso,reconstruction,gate0_gate2_subject_specific_local_models_weissbart_full_v1,0,P12,test_-_P12_-_BROP03,64,pearson_r,0.14145398926759417,1000,lasso_alpha_0.001,subject_specific_local_models_weissbart_full,1049,0.9532888465204957,"lag range [0, 50) trims edges",True,lag_matrix_trf
weissbart_tf64,lasso,reconstruction,gate0_gate2_subject_specific_local_models_weissbart_full_v1,0,P12,test_-_P12_-_FLOP01,64,pearson_r,0.11122211105535544,779,lasso_alpha_0.001,subject_specific_local_models_weissbart_full,828,0.9408212560386473,"lag range [0, 50) trims edges",True,lag_matrix_trf
weissbart_tf64,lasso,reconstruction,gate0_gate2_subject_specific_local_models_weissbart_full_v1,0,P12,test_-_P12_-_FLOP02,64,pearson_r,-0.005871968190034479,699,lasso_alpha_0.001,subject_specific_local_models_weissbart_full,748,0.9344919786096256,"lag range [0, 50) trims edges",True,lag_matrix_trf
weissbart_tf64,lasso,reconstruction,gate0_gate2_subject_specific_local_models_weissbart_full_v1,0,P12,test_-_P12_-_FLOP03,64,pearson_r,0.30578169289041635,655,lasso_alpha_0.001,subject_specific_local_models_weissbart_full,704,0.9303977272727273,"lag range [0, 50) trims edges",True,lag_matrix_trf
weissbart_tf64,lasso,reconstruction,gate0_gate2_subject_specific_local_models_weissbart_full_v1,0,P12,test_-_P12_-_FLOP04,64,pearson_r,0.291501754281293,1213,lasso_alpha_0.001,subject_specific_local_models_weissbart_full,1262,0.9611727416798732,"lag range [0, 50) trims edges",True,lag_matrix_trf
weissbart_tf64,elasticnet,reconstruction,gate0_gate2_subject_specific_local_models_weissbart_full_v1,0,P12,test_-_P12_-_AUNP01,64,pearson_r,0.3455723389461986,990,elasticnet_alpha_0.001_l1_0.8,subject_specific_local_models_weissbart_full,1039,0.9528392685274302,"lag range [0, 50) trims edges",True,lag_matrix_trf
weissbart_tf64,elasticnet,reconstruction,gate0_gate2_subject_specific_local_models_weissbart_full_v1,0,P12,test_-_P12_-_AUNP02,64,pearson_r,-0.08853344562869397,970,elasticnet_alpha_0.001_l1_0.8,subject_specific_local_models_weissbart_full,1019,0.9519136408243376,"lag range [0, 50) trims edges",True,lag_matrix_trf
weissbart_tf64,elasticnet,reconstruction,gate0_gate2_subject_specific_local_models_weissbart_full_v1,0,P12,test_-_P12_-_AUNP03,64,pearson_r,0.2320102643757197,890,elasticnet_alpha_0.001_l1_0.8,subject_specific_local_models_weissbart_full,939,0.9478168264110756,"lag range [0, 50) trims edges",True,lag_matrix_trf
weissbart_tf64,elasticnet,reconstruction,gate0_gate2_subject_specific_local_models_weissbart_full_v1,0,P12,test_-_P12_-_AUNP04,64,pearson_r,0.28636298101181756,870,elasticnet_alpha_0.001_l1_0.8,subject_specific_local_models_weissbart_full,919,0.9466811751904244,"lag range [0, 50) trims edges",True,lag_matrix_trf
weissbart_tf64,elasticnet,reconstruction,gate0_gate2_subject_specific_local_models_weissbart_full_v1,0,P12,test_-_P12_-_AUNP05,64,pearson_r,0.26890616751578833,1191,elasticnet_alpha_0.001_l1_0.8,subject_specific_local_models_weissbart_full,1240,0.9604838709677419,"lag range [0, 50) trims edges",True,lag_matrix_trf
weissbart_tf64,elasticnet,reconstruction,gate0_gate2_subject_specific_local_models_weissbart_full_v1,0,P12,test_-_P12_-_AUNP06,64,pearson_r,0.2980610268362169,894,elasticnet_alpha_0.001_l1_0.8,subject_specific_local_models_weissbart_full,943,0.9480381760339343,"lag range [0, 50) trims edges",True,lag_matrix_trf
weissbart_tf64,elasticnet,reconstruction,gate0_gate2_subject_specific_local_models_weissbart_full_v1,0,P12,test_-_P12_-_AUNP07,64,pearson_r,0.01689548435762119,1134,elasticnet_alpha_0.001_l1_0.8,subject_specific_local_models_weissbart_full,1183,0.9585798816568047,"lag range [0, 50) trims edges",True,lag_matrix_trf
weissbart_tf64,elasticnet,reconstruction,gate0_gate2_subject_specific_local_models_weissbart_full_v1,0,P12,test_-_P12_-_AUNP08,64,pearson_r,0.06964439243492551,1104,elasticnet_alpha_0.001_l1_0.8,subject_specific_local_models_weissbart_full,1153,0.9575021682567216,"lag range [0, 50) trims edges",True,lag_matrix_trf
weissbart_tf64,elasticnet,reconstruction,gate0_gate2_subject_specific_local_models_weissbart_full_v1,0,P12,test_-_P12_-_BROP01,64,pearson_r,0.08094964303613054,1017,elasticnet_alpha_0.001_l1_0.8,subject_specific_local_models_weissbart_full,1066,0.9540337711069419,"lag range [0, 50) trims edges",True,lag_matrix_trf
weissbart_tf64,elasticnet,reconstruction,gate0_gate2_subject_specific_local_models_weissbart_full_v1,0,P12,test_-_P12_-_BROP02,64,pearson_r,0.1559288351556014,1120,elasticnet_alpha_0.001_l1_0.8,subject_specific_local_models_weissbart_full,1169,0.9580838323353293,"lag range [0, 50) trims edges",True,lag_matrix_trf
weissbart_tf64,elasticnet,reconstruction,gate0_gate2_subject_specific_local_models_weissbart_full_v1,0,P12,test_-_P12_-_BROP03,64,pearson_r,0.1478516779684217,1000,elasticnet_alpha_0.001_l1_0.8,subject_specific_local_models_weissbart_full,1049,0.9532888465204957,"lag range [0, 50) trims edges",True,lag_matrix_trf
weissbart_tf64,elasticnet,reconstruction,gate0_gate2_subject_specific_local_models_weissbart_full_v1,0,P12,test_-_P12_-_FLOP01,64,pearson_r,0.10570877871697512,779,elasticnet_alpha_0.001_l1_0.8,subject_specific_local_models_weissbart_full,828,0.9408212560386473,"lag range [0, 50) trims edges",True,lag_matrix_trf
weissbart_tf64,elasticnet,reconstruction,gate0_gate2_subject_specific_local_models_weissbart_full_v1,0,P12,test_-_P12_-_FLOP02,64,pearson_r,-0.008748710026653943,699,elasticnet_alpha_0.001_l1_0.8,subject_specific_local_models_weissbart_full,748,0.9344919786096256,"lag range [0, 50) trims edges",True,lag_matrix_trf
weissbart_tf64,elasticnet,reconstruction,gate0_gate2_subject_specific_local_models_weissbart_full_v1,0,P12,test_-_P12_-_FLOP03,64,pearson_r,0.3142941891850285,655,elasticnet_alpha_0.001_l1_0.8,subject_specific_local_models_weissbart_full,704,0.9303977272727273,"lag range [0, 50) trims edges",True,lag_matrix_trf
weissbart_tf64,elasticnet,reconstruction,gate0_gate2_subject_specific_local_models_weissbart_full_v1,0,P12,test_-_P12_-_FLOP04,64,pearson_r,0.2900235876455383,1213,elasticnet_alpha_0.001_l1_0.8,subject_specific_local_models_weissbart_full,1262,0.9611727416798732,"lag range [0, 50) trims edges",True,lag_matrix_trf
weissbart_tf64,vlaai,reconstruction,gate0_gate2_subject_specific_local_models_weissbart_full_v1,0,P12,test_-_P12_-_AUNP01,64,pearson_r,0.13092307908304507,990,vlaai_epoch_1,subject_specific_local_models_weissbart_full,1039,0.9528392685274302,window_size=50 drops first 49 target positions,True,vlaai_local_adapter
weissbart_tf64,vlaai,reconstruction,gate0_gate2_subject_specific_local_models_weissbart_full_v1,0,P12,test_-_P12_-_AUNP02,64,pearson_r,-0.05785892907011414,970,vlaai_epoch_1,subject_specific_local_models_weissbart_full,1019,0.9519136408243376,window_size=50 drops first 49 target positions,True,vlaai_local_adapter
weissbart_tf64,vlaai,reconstruction,gate0_gate2_subject_specific_local_models_weissbart_full_v1,0,P12,test_-_P12_-_AUNP03,64,pearson_r,0.21796040070380177,890,vlaai_epoch_1,subject_specific_local_models_weissbart_full,939,0.9478168264110756,window_size=50 drops first 49 target positions,True,vlaai_local_adapter
weissbart_tf64,vlaai,reconstruction,gate0_gate2_subject_specific_local_models_weissbart_full_v1,0,P12,test_-_P12_-_AUNP04,64,pearson_r,0.2130757403764138,870,vlaai_epoch_1,subject_specific_local_models_weissbart_full,919,0.9466811751904244,window_size=50 drops first 49 target positions,True,vlaai_local_adapter
weissbart_tf64,vlaai,reconstruction,gate0_gate2_subject_specific_local_models_weissbart_full_v1,0,P12,test_-_P12_-_AUNP05,64,pearson_r,0.05792155415738787,1191,vlaai_epoch_1,subject_specific_local_models_weissbart_full,1240,0.9604838709677419,window_size=50 drops first 49 target positions,True,vlaai_local_adapter
weissbart_tf64,vlaai,reconstruction,gate0_gate2_subject_specific_local_models_weissbart_full_v1,0,P12,test_-_P12_-_AUNP06,64,pearson_r,0.3233537337801019,894,vlaai_epoch_1,subject_specific_local_models_weissbart_full,943,0.9480381760339343,window_size=50 drops first 49 target positions,True,vlaai_local_adapter
weissbart_tf64,vlaai,reconstruction,gate0_gate2_subject_specific_local_models_weissbart_full_v1,0,P12,test_-_P12_-_AUNP07,64,pearson_r,-0.04673398225639253,1134,vlaai_epoch_1,subject_specific_local_models_weissbart_full,1183,0.9585798816568047,window_size=50 drops first 49 target positions,True,vlaai_local_adapter
weissbart_tf64,vlaai,reconstruction,gate0_gate2_subject_specific_local_models_weissbart_full_v1,0,P12,test_-_P12_-_AUNP08,64,pearson_r,0.1613539769492775,1104,vlaai_epoch_1,subject_specific_local_models_weissbart_full,1153,0.9575021682567216,window_size=50 drops first 49 target positions,True,vlaai_local_adapter
weissbart_tf64,vlaai,reconstruction,gate0_gate2_subject_specific_local_models_weissbart_full_v1,0,P12,test_-_P12_-_BROP01,64,pearson_r,0.18078553392374086,1017,vlaai_epoch_1,subject_specific_local_models_weissbart_full,1066,0.9540337711069419,window_size=50 drops first 49 target positions,True,vlaai_local_adapter
weissbart_tf64,vlaai,reconstruction,gate0_gate2_subject_specific_local_models_weissbart_full_v1,0,P12,test_-_P12_-_BROP02,64,pearson_r,0.23725653728445234,1120,vlaai_epoch_1,subject_specific_local_models_weissbart_full,1169,0.9580838323353293,window_size=50 drops first 49 target positions,True,vlaai_local_adapter
weissbart_tf64,vlaai,reconstruction,gate0_gate2_subject_specific_local_models_weissbart_full_v1,0,P12,test_-_P12_-_BROP03,64,pearson_r,0.11676189265380259,1000,vlaai_epoch_1,subject_specific_local_models_weissbart_full,1049,0.9532888465204957,window_size=50 drops first 49 target positions,True,vlaai_local_adapter
weissbart_tf64,vlaai,reconstruction,gate0_gate2_subject_specific_local_models_weissbart_full_v1,0,P12,test_-_P12_-_FLOP01,64,pearson_r,0.21609205971288095,779,vlaai_epoch_1,subject_specific_local_models_weissbart_full,828,0.9408212560386473,window_size=50 drops first 49 target positions,True,vlaai_local_adapter
weissbart_tf64,vlaai,reconstruction,gate0_gate2_subject_specific_local_models_weissbart_full_v1,0,P12,test_-_P12_-_FLOP02,64,pearson_r,0.23000855649890334,699,vlaai_epoch_1,subject_specific_local_models_weissbart_full,748,0.9344919786096256,window_size=50 drops first 49 target positions,True,vlaai_local_adapter
weissbart_tf64,vlaai,reconstruction,gate0_gate2_subject_specific_local_models_weissbart_full_v1,0,P12,test_-_P12_-_FLOP03,64,pearson_r,0.416265400465271,655,vlaai_epoch_1,subject_specific_local_models_weissbart_full,704,0.9303977272727273,window_size=50 drops first 49 target positions,True,vlaai_local_adapter
weissbart_tf64,vlaai,reconstruction,gate0_gate2_subject_specific_local_models_weissbart_full_v1,0,P12,test_-_P12_-_FLOP04,64,pearson_r,0.3284353966177476,1213,vlaai_epoch_1,subject_specific_local_models_weissbart_full,1262,0.9611727416798732,window_size=50 drops first 49 target positions,True,vlaai_local_adapter
weissbart_tf64,happyquokka,reconstruction,gate0_gate2_subject_specific_local_models_weissbart_full_v1,0,P12,test_-_P12_-_AUNP01,64,pearson_r,0.24860158370820945,640,happyquokka_epoch_36,subject_specific_local_models_weissbart_full,1039,0.6159769008662175,tail shorter than 10s chunk,True,10s_chunk
weissbart_tf64,happyquokka,reconstruction,gate0_gate2_subject_specific_local_models_weissbart_full_v1,0,P12,test_-_P12_-_AUNP02,64,pearson_r,-0.06310774754875444,640,happyquokka_epoch_36,subject_specific_local_models_weissbart_full,1019,0.6280667320902846,tail shorter than 10s chunk,True,10s_chunk
weissbart_tf64,happyquokka,reconstruction,gate0_gate2_subject_specific_local_models_weissbart_full_v1,0,P12,test_-_P12_-_AUNP03,64,pearson_r,0.1132904128850242,640,happyquokka_epoch_36,subject_specific_local_models_weissbart_full,939,0.6815761448349308,tail shorter than 10s chunk,True,10s_chunk
weissbart_tf64,happyquokka,reconstruction,gate0_gate2_subject_specific_local_models_weissbart_full_v1,0,P12,test_-_P12_-_AUNP04,64,pearson_r,0.13968792889548726,640,happyquokka_epoch_36,subject_specific_local_models_weissbart_full,919,0.6964091403699674,tail shorter than 10s chunk,True,10s_chunk
weissbart_tf64,happyquokka,reconstruction,gate0_gate2_subject_specific_local_models_weissbart_full_v1,0,P12,test_-_P12_-_AUNP05,64,pearson_r,0.06309229289619944,640,happyquokka_epoch_36,subject_specific_local_models_weissbart_full,1240,0.5161290322580645,tail shorter than 10s chunk,True,10s_chunk
weissbart_tf64,happyquokka,reconstruction,gate0_gate2_subject_specific_local_models_weissbart_full_v1,0,P12,test_-_P12_-_AUNP06,64,pearson_r,0.19221762378921697,640,happyquokka_epoch_36,subject_specific_local_models_weissbart_full,943,0.6786850477200425,tail shorter than 10s chunk,True,10s_chunk
weissbart_tf64,happyquokka,reconstruction,gate0_gate2_subject_specific_local_models_weissbart_full_v1,0,P12,test_-_P12_-_AUNP07,64,pearson_r,0.3531838174250901,640,happyquokka_epoch_36,subject_specific_local_models_weissbart_full,1183,0.5409974640743872,tail shorter than 10s chunk,True,10s_chunk
weissbart_tf64,happyquokka,reconstruction,gate0_gate2_subject_specific_local_models_weissbart_full_v1,0,P12,test_-_P12_-_AUNP08,64,pearson_r,0.13919077768653432,640,happyquokka_epoch_36,subject_specific_local_models_weissbart_full,1153,0.5550737207285342,tail shorter than 10s chunk,True,10s_chunk
weissbart_tf64,happyquokka,reconstruction,gate0_gate2_subject_specific_local_models_weissbart_full_v1,0,P12,test_-_P12_-_BROP01,64,pearson_r,0.1810276600993164,640,happyquokka_epoch_36,subject_specific_local_models_weissbart_full,1066,0.600375234521576,tail shorter than 10s chunk,True,10s_chunk
weissbart_tf64,happyquokka,reconstruction,gate0_gate2_subject_specific_local_models_weissbart_full_v1,0,P12,test_-_P12_-_BROP02,64,pearson_r,0.27452346285506124,640,happyquokka_epoch_36,subject_specific_local_models_weissbart_full,1169,0.5474764756201882,tail shorter than 10s chunk,True,10s_chunk
weissbart_tf64,happyquokka,reconstruction,gate0_gate2_subject_specific_local_models_weissbart_full_v1,0,P12,test_-_P12_-_BROP03,64,pearson_r,0.3039818916453542,640,happyquokka_epoch_36,subject_specific_local_models_weissbart_full,1049,0.6101048617731173,tail shorter than 10s chunk,True,10s_chunk
weissbart_tf64,happyquokka,reconstruction,gate0_gate2_subject_specific_local_models_weissbart_full_v1,0,P12,test_-_P12_-_FLOP01,64,pearson_r,0.11374777807153837,640,happyquokka_epoch_36,subject_specific_local_models_weissbart_full,828,0.7729468599033816,tail shorter than 10s chunk,True,10s_chunk
weissbart_tf64,happyquokka,reconstruction,gate0_gate2_subject_specific_local_models_weissbart_full_v1,0,P12,test_-_P12_-_FLOP02,64,pearson_r,0.23760388444114167,640,happyquokka_epoch_36,subject_specific_local_models_weissbart_full,748,0.8556149732620321,tail shorter than 10s chunk,True,10s_chunk
weissbart_tf64,happyquokka,reconstruction,gate0_gate2_subject_specific_local_models_weissbart_full_v1,0,P12,test_-_P12_-_FLOP03,64,pearson_r,0.5056634410301086,640,happyquokka_epoch_36,subject_specific_local_models_weissbart_full,704,0.9090909090909091,tail shorter than 10s chunk,True,10s_chunk
weissbart_tf64,happyquokka,reconstruction,gate0_gate2_subject_specific_local_models_weissbart_full_v1,0,P12,test_-_P12_-_FLOP04,64,pearson_r,0.31889496219427155,640,happyquokka_epoch_36,subject_specific_local_models_weissbart_full,1262,0.5071315372424723,tail shorter than 10s chunk,True,10s_chunk
