dataset,model,task,protocol,seed,subject_id,metric_name,metric_value,num_recordings,checkpoint_id,artifact_scope,source_artifact,method_protocol_marker
weissbart_tf64,ridge,reconstruction,gate0_gate2_full_subject_single_seed_v1,0,P00,mean_recording_pearson_r,0.13254733446979064,15,ridge_alpha_100.0,full_subject_single_seed_validation,gate0_gate2_model_expansion_v1,accepted reference subject-specific baseline
weissbart_tf64,cca,reconstruction,gate0_gate2_full_subject_single_seed_v1,0,P00,mean_recording_pearson_r,0.06411140220705791,15,cca_nc_2,full_subject_single_seed_validation,gate0_gate2_model_expansion_v1,accepted reference subject-specific baseline
weissbart_tf64,fcnn,reconstruction,gate0_gate2_full_subject_single_seed_v1,0,P00,mean_recording_pearson_r,0.06643642328319224,15,fcnn_epoch_7,full_subject_single_seed_validation,gate0_gate2_model_expansion_v1,accepted reference subject-specific baseline
weissbart_tf64,adt,reconstruction,gate0_gate2_full_subject_single_seed_v1,0,P00,mean_recording_pearson_r,0.20621424426632606,15,adt_epoch_5,full_subject_single_seed_validation,gate0_gate2_model_expansion_v1,accepted reference subject-specific baseline
weissbart_tf64,dnn,reconstruction,gate0_gate2_full_subject_single_seed_v1,0,P00,mean_recording_pearson_r,0.06553855512055622,15,dnn_epoch_7,full_subject_single_seed_validation,gate0_gate2_model_expansion_v1,accepted reference subject-specific baseline
weissbart_tf64,cnn,reconstruction,gate0_gate2_full_subject_single_seed_v1,0,P00,mean_recording_pearson_r,0.154926323613149,15,cnn_epoch_6,full_subject_single_seed_validation,gate0_gate2_model_expansion_v1,accepted reference subject-specific baseline
weissbart_tf64,eegnet,reconstruction,gate0_gate2_full_subject_single_seed_v1,0,P00,mean_recording_pearson_r,0.1558581841991332,15,eegnet_epoch_29,full_subject_single_seed_validation,gate0_gate2_model_expansion_v1,accepted reference subject-specific baseline
weissbart_tf64,ridge,reconstruction,gate0_gate2_full_subject_single_seed_v1,0,P01,mean_recording_pearson_r,0.08419014163262838,15,ridge_alpha_1.0,full_subject_single_seed_validation,gate0_gate2_model_expansion_v1,accepted reference subject-specific baseline
weissbart_tf64,cca,reconstruction,gate0_gate2_full_subject_single_seed_v1,0,P01,mean_recording_pearson_r,0.09495414914277106,15,cca_nc_4,full_subject_single_seed_validation,gate0_gate2_model_expansion_v1,accepted reference subject-specific baseline
weissbart_tf64,fcnn,reconstruction,gate0_gate2_full_subject_single_seed_v1,0,P01,mean_recording_pearson_r,0.09669471547538426,15,fcnn_epoch_5,full_subject_single_seed_validation,gate0_gate2_model_expansion_v1,accepted reference subject-specific baseline
weissbart_tf64,adt,reconstruction,gate0_gate2_full_subject_single_seed_v1,0,P01,mean_recording_pearson_r,0.0942752946739429,15,adt_epoch_5,full_subject_single_seed_validation,gate0_gate2_model_expansion_v1,accepted reference subject-specific baseline
weissbart_tf64,dnn,reconstruction,gate0_gate2_full_subject_single_seed_v1,0,P01,mean_recording_pearson_r,0.09668409091070873,15,dnn_epoch_5,full_subject_single_seed_validation,gate0_gate2_model_expansion_v1,accepted reference subject-specific baseline
weissbart_tf64,cnn,reconstruction,gate0_gate2_full_subject_single_seed_v1,0,P01,mean_recording_pearson_r,0.07925825299208823,15,cnn_epoch_7,full_subject_single_seed_validation,gate0_gate2_model_expansion_v1,accepted reference subject-specific baseline
weissbart_tf64,eegnet,reconstruction,gate0_gate2_full_subject_single_seed_v1,0,P01,mean_recording_pearson_r,0.0932276792611222,15,eegnet_epoch_20,full_subject_single_seed_validation,gate0_gate2_model_expansion_v1,accepted reference subject-specific baseline
weissbart_tf64,ridge,reconstruction,gate0_gate2_full_subject_single_seed_v1,0,P02,mean_recording_pearson_r,0.1461383795288638,15,ridge_alpha_100.0,full_subject_single_seed_validation,gate0_gate2_model_expansion_v1,accepted reference subject-specific baseline
weissbart_tf64,cca,reconstruction,gate0_gate2_full_subject_single_seed_v1,0,P02,mean_recording_pearson_r,0.04335437285897882,15,cca_nc_4,full_subject_single_seed_validation,gate0_gate2_model_expansion_v1,accepted reference subject-specific baseline
weissbart_tf64,fcnn,reconstruction,gate0_gate2_full_subject_single_seed_v1,0,P02,mean_recording_pearson_r,0.11354478030750972,15,fcnn_epoch_3,full_subject_single_seed_validation,gate0_gate2_model_expansion_v1,accepted reference subject-specific baseline
weissbart_tf64,adt,reconstruction,gate0_gate2_full_subject_single_seed_v1,0,P02,mean_recording_pearson_r,0.1335702987037615,15,adt_epoch_10,full_subject_single_seed_validation,gate0_gate2_model_expansion_v1,accepted reference subject-specific baseline
weissbart_tf64,dnn,reconstruction,gate0_gate2_full_subject_single_seed_v1,0,P02,mean_recording_pearson_r,0.11354515352130458,15,dnn_epoch_3,full_subject_single_seed_validation,gate0_gate2_model_expansion_v1,accepted reference subject-specific baseline
weissbart_tf64,cnn,reconstruction,gate0_gate2_full_subject_single_seed_v1,0,P02,mean_recording_pearson_r,0.11026934512054705,15,cnn_epoch_1,full_subject_single_seed_validation,gate0_gate2_model_expansion_v1,accepted reference subject-specific baseline
weissbart_tf64,eegnet,reconstruction,gate0_gate2_full_subject_single_seed_v1,0,P02,mean_recording_pearson_r,0.1787322480163093,15,eegnet_epoch_16,full_subject_single_seed_validation,gate0_gate2_model_expansion_v1,accepted reference subject-specific baseline
weissbart_tf64,ridge,reconstruction,gate0_gate2_full_subject_single_seed_v1,0,P03,mean_recording_pearson_r,0.15328675079009205,15,ridge_alpha_100.0,full_subject_single_seed_validation,gate0_gate2_model_expansion_v1,accepted reference subject-specific baseline
weissbart_tf64,cca,reconstruction,gate0_gate2_full_subject_single_seed_v1,0,P03,mean_recording_pearson_r,0.09235633099448197,15,cca_nc_4,full_subject_single_seed_validation,gate0_gate2_model_expansion_v1,accepted reference subject-specific baseline
weissbart_tf64,fcnn,reconstruction,gate0_gate2_full_subject_single_seed_v1,0,P03,mean_recording_pearson_r,0.09301722644919923,15,fcnn_epoch_0,full_subject_single_seed_validation,gate0_gate2_model_expansion_v1,accepted reference subject-specific baseline
weissbart_tf64,adt,reconstruction,gate0_gate2_full_subject_single_seed_v1,0,P03,mean_recording_pearson_r,0.17165821755137783,15,adt_epoch_3,full_subject_single_seed_validation,gate0_gate2_model_expansion_v1,accepted reference subject-specific baseline
weissbart_tf64,dnn,reconstruction,gate0_gate2_full_subject_single_seed_v1,0,P03,mean_recording_pearson_r,0.09301722353610266,15,dnn_epoch_0,full_subject_single_seed_validation,gate0_gate2_model_expansion_v1,accepted reference subject-specific baseline
weissbart_tf64,cnn,reconstruction,gate0_gate2_full_subject_single_seed_v1,0,P03,mean_recording_pearson_r,0.15045817846035278,15,cnn_epoch_7,full_subject_single_seed_validation,gate0_gate2_model_expansion_v1,accepted reference subject-specific baseline
weissbart_tf64,eegnet,reconstruction,gate0_gate2_full_subject_single_seed_v1,0,P03,mean_recording_pearson_r,0.17204582147225905,15,eegnet_epoch_26,full_subject_single_seed_validation,gate0_gate2_model_expansion_v1,accepted reference subject-specific baseline
weissbart_tf64,ridge,reconstruction,gate0_gate2_full_subject_single_seed_v1,0,P04,mean_recording_pearson_r,0.15641946834537293,15,ridge_alpha_100.0,full_subject_single_seed_validation,gate0_gate2_model_expansion_v1,accepted reference subject-specific baseline
weissbart_tf64,cca,reconstruction,gate0_gate2_full_subject_single_seed_v1,0,P04,mean_recording_pearson_r,0.07927436820213123,15,cca_nc_4,full_subject_single_seed_validation,gate0_gate2_model_expansion_v1,accepted reference subject-specific baseline
weissbart_tf64,fcnn,reconstruction,gate0_gate2_full_subject_single_seed_v1,0,P04,mean_recording_pearson_r,0.0941646004628128,15,fcnn_epoch_0,full_subject_single_seed_validation,gate0_gate2_model_expansion_v1,accepted reference subject-specific baseline
weissbart_tf64,adt,reconstruction,gate0_gate2_full_subject_single_seed_v1,0,P04,mean_recording_pearson_r,0.10152927546619955,15,adt_epoch_1,full_subject_single_seed_validation,gate0_gate2_model_expansion_v1,accepted reference subject-specific baseline
weissbart_tf64,dnn,reconstruction,gate0_gate2_full_subject_single_seed_v1,0,P04,mean_recording_pearson_r,0.09416459974981307,15,dnn_epoch_0,full_subject_single_seed_validation,gate0_gate2_model_expansion_v1,accepted reference subject-specific baseline
weissbart_tf64,cnn,reconstruction,gate0_gate2_full_subject_single_seed_v1,0,P04,mean_recording_pearson_r,0.1597996544040672,15,cnn_epoch_7,full_subject_single_seed_validation,gate0_gate2_model_expansion_v1,accepted reference subject-specific baseline
weissbart_tf64,eegnet,reconstruction,gate0_gate2_full_subject_single_seed_v1,0,P04,mean_recording_pearson_r,0.1561388287915893,15,eegnet_epoch_22,full_subject_single_seed_validation,gate0_gate2_model_expansion_v1,accepted reference subject-specific baseline
weissbart_tf64,ridge,reconstruction,gate0_gate2_full_subject_single_seed_v1,0,P05,mean_recording_pearson_r,0.15318522294329492,15,ridge_alpha_1.0,full_subject_single_seed_validation,gate0_gate2_model_expansion_v1,accepted reference subject-specific baseline
weissbart_tf64,cca,reconstruction,gate0_gate2_full_subject_single_seed_v1,0,P05,mean_recording_pearson_r,0.09124425320427514,15,cca_nc_4,full_subject_single_seed_validation,gate0_gate2_model_expansion_v1,accepted reference subject-specific baseline
weissbart_tf64,fcnn,reconstruction,gate0_gate2_full_subject_single_seed_v1,0,P05,mean_recording_pearson_r,0.06978308367439218,15,fcnn_epoch_1,full_subject_single_seed_validation,gate0_gate2_model_expansion_v1,accepted reference subject-specific baseline
weissbart_tf64,adt,reconstruction,gate0_gate2_full_subject_single_seed_v1,0,P05,mean_recording_pearson_r,0.10389705364696104,15,adt_epoch_12,full_subject_single_seed_validation,gate0_gate2_model_expansion_v1,accepted reference subject-specific baseline
weissbart_tf64,dnn,reconstruction,gate0_gate2_full_subject_single_seed_v1,0,P05,mean_recording_pearson_r,0.06978313146330399,15,dnn_epoch_1,full_subject_single_seed_validation,gate0_gate2_model_expansion_v1,accepted reference subject-specific baseline
weissbart_tf64,cnn,reconstruction,gate0_gate2_full_subject_single_seed_v1,0,P05,mean_recording_pearson_r,0.11631922498328137,15,cnn_epoch_2,full_subject_single_seed_validation,gate0_gate2_model_expansion_v1,accepted reference subject-specific baseline
weissbart_tf64,eegnet,reconstruction,gate0_gate2_full_subject_single_seed_v1,0,P05,mean_recording_pearson_r,0.13498359765850224,15,eegnet_epoch_7,full_subject_single_seed_validation,gate0_gate2_model_expansion_v1,accepted reference subject-specific baseline
weissbart_tf64,ridge,reconstruction,gate0_gate2_full_subject_single_seed_v1,0,P06,mean_recording_pearson_r,0.06673353980209834,15,ridge_alpha_10.0,full_subject_single_seed_validation,gate0_gate2_model_expansion_v1,accepted reference subject-specific baseline
weissbart_tf64,cca,reconstruction,gate0_gate2_full_subject_single_seed_v1,0,P06,mean_recording_pearson_r,0.04920611017410582,15,cca_nc_1,full_subject_single_seed_validation,gate0_gate2_model_expansion_v1,accepted reference subject-specific baseline
weissbart_tf64,fcnn,reconstruction,gate0_gate2_full_subject_single_seed_v1,0,P06,mean_recording_pearson_r,0.0022999500064735407,15,fcnn_epoch_6,full_subject_single_seed_validation,gate0_gate2_model_expansion_v1,accepted reference subject-specific baseline
weissbart_tf64,adt,reconstruction,gate0_gate2_full_subject_single_seed_v1,0,P06,mean_recording_pearson_r,0.11759718002086622,15,adt_epoch_2,full_subject_single_seed_validation,gate0_gate2_model_expansion_v1,accepted reference subject-specific baseline
weissbart_tf64,dnn,reconstruction,gate0_gate2_full_subject_single_seed_v1,0,P06,mean_recording_pearson_r,0.0020317051401170516,15,dnn_epoch_6,full_subject_single_seed_validation,gate0_gate2_model_expansion_v1,accepted reference subject-specific baseline
weissbart_tf64,cnn,reconstruction,gate0_gate2_full_subject_single_seed_v1,0,P06,mean_recording_pearson_r,0.06586882154656479,15,cnn_epoch_4,full_subject_single_seed_validation,gate0_gate2_model_expansion_v1,accepted reference subject-specific baseline
weissbart_tf64,eegnet,reconstruction,gate0_gate2_full_subject_single_seed_v1,0,P06,mean_recording_pearson_r,0.07786007898250835,15,eegnet_epoch_48,full_subject_single_seed_validation,gate0_gate2_model_expansion_v1,accepted reference subject-specific baseline
weissbart_tf64,ridge,reconstruction,gate0_gate2_full_subject_single_seed_v1,0,P07,mean_recording_pearson_r,0.13858419702944305,15,ridge_alpha_10.0,full_subject_single_seed_validation,gate0_gate2_model_expansion_v1,accepted reference subject-specific baseline
weissbart_tf64,cca,reconstruction,gate0_gate2_full_subject_single_seed_v1,0,P07,mean_recording_pearson_r,0.11135284179342281,15,cca_nc_2,full_subject_single_seed_validation,gate0_gate2_model_expansion_v1,accepted reference subject-specific baseline
weissbart_tf64,fcnn,reconstruction,gate0_gate2_full_subject_single_seed_v1,0,P07,mean_recording_pearson_r,0.1261473819149195,15,fcnn_epoch_1,full_subject_single_seed_validation,gate0_gate2_model_expansion_v1,accepted reference subject-specific baseline
weissbart_tf64,adt,reconstruction,gate0_gate2_full_subject_single_seed_v1,0,P07,mean_recording_pearson_r,0.11841530013922809,15,adt_epoch_1,full_subject_single_seed_validation,gate0_gate2_model_expansion_v1,accepted reference subject-specific baseline
weissbart_tf64,dnn,reconstruction,gate0_gate2_full_subject_single_seed_v1,0,P07,mean_recording_pearson_r,0.1261473752590004,15,dnn_epoch_1,full_subject_single_seed_validation,gate0_gate2_model_expansion_v1,accepted reference subject-specific baseline
weissbart_tf64,cnn,reconstruction,gate0_gate2_full_subject_single_seed_v1,0,P07,mean_recording_pearson_r,0.13158945649228865,15,cnn_epoch_0,full_subject_single_seed_validation,gate0_gate2_model_expansion_v1,accepted reference subject-specific baseline
weissbart_tf64,eegnet,reconstruction,gate0_gate2_full_subject_single_seed_v1,0,P07,mean_recording_pearson_r,0.14121259408896025,15,eegnet_epoch_4,full_subject_single_seed_validation,gate0_gate2_model_expansion_v1,accepted reference subject-specific baseline
weissbart_tf64,ridge,reconstruction,gate0_gate2_full_subject_single_seed_v1,0,P08,mean_recording_pearson_r,0.10332106633028906,15,ridge_alpha_100.0,full_subject_single_seed_validation,gate0_gate2_model_expansion_v1,accepted reference subject-specific baseline
weissbart_tf64,cca,reconstruction,gate0_gate2_full_subject_single_seed_v1,0,P08,mean_recording_pearson_r,0.10176183935137799,15,cca_nc_4,full_subject_single_seed_validation,gate0_gate2_model_expansion_v1,accepted reference subject-specific baseline
weissbart_tf64,fcnn,reconstruction,gate0_gate2_full_subject_single_seed_v1,0,P08,mean_recording_pearson_r,0.08469970304270623,15,fcnn_epoch_1,full_subject_single_seed_validation,gate0_gate2_model_expansion_v1,accepted reference subject-specific baseline
weissbart_tf64,adt,reconstruction,gate0_gate2_full_subject_single_seed_v1,0,P08,mean_recording_pearson_r,0.06968193262957317,15,adt_epoch_29,full_subject_single_seed_validation,gate0_gate2_model_expansion_v1,accepted reference subject-specific baseline
weissbart_tf64,dnn,reconstruction,gate0_gate2_full_subject_single_seed_v1,0,P08,mean_recording_pearson_r,0.08469970102109593,15,dnn_epoch_1,full_subject_single_seed_validation,gate0_gate2_model_expansion_v1,accepted reference subject-specific baseline
weissbart_tf64,cnn,reconstruction,gate0_gate2_full_subject_single_seed_v1,0,P08,mean_recording_pearson_r,0.11240072782455354,15,cnn_epoch_10,full_subject_single_seed_validation,gate0_gate2_model_expansion_v1,accepted reference subject-specific baseline
weissbart_tf64,eegnet,reconstruction,gate0_gate2_full_subject_single_seed_v1,0,P08,mean_recording_pearson_r,0.13751796289052148,15,eegnet_epoch_4,full_subject_single_seed_validation,gate0_gate2_model_expansion_v1,accepted reference subject-specific baseline
weissbart_tf64,ridge,reconstruction,gate0_gate2_full_subject_single_seed_v1,0,P09,mean_recording_pearson_r,0.14148315889106838,15,ridge_alpha_10.0,full_subject_single_seed_validation,gate0_gate2_model_expansion_v1,accepted reference subject-specific baseline
weissbart_tf64,cca,reconstruction,gate0_gate2_full_subject_single_seed_v1,0,P09,mean_recording_pearson_r,0.1166026776245573,15,cca_nc_4,full_subject_single_seed_validation,gate0_gate2_model_expansion_v1,accepted reference subject-specific baseline
weissbart_tf64,fcnn,reconstruction,gate0_gate2_full_subject_single_seed_v1,0,P09,mean_recording_pearson_r,0.11950139632887627,15,fcnn_epoch_2,full_subject_single_seed_validation,gate0_gate2_model_expansion_v1,accepted reference subject-specific baseline
weissbart_tf64,adt,reconstruction,gate0_gate2_full_subject_single_seed_v1,0,P09,mean_recording_pearson_r,0.17893387249741985,15,adt_epoch_2,full_subject_single_seed_validation,gate0_gate2_model_expansion_v1,accepted reference subject-specific baseline
weissbart_tf64,dnn,reconstruction,gate0_gate2_full_subject_single_seed_v1,0,P09,mean_recording_pearson_r,0.11950121680871648,15,dnn_epoch_2,full_subject_single_seed_validation,gate0_gate2_model_expansion_v1,accepted reference subject-specific baseline
weissbart_tf64,cnn,reconstruction,gate0_gate2_full_subject_single_seed_v1,0,P09,mean_recording_pearson_r,0.12776042309188115,15,cnn_epoch_4,full_subject_single_seed_validation,gate0_gate2_model_expansion_v1,accepted reference subject-specific baseline
weissbart_tf64,eegnet,reconstruction,gate0_gate2_full_subject_single_seed_v1,0,P09,mean_recording_pearson_r,0.16936706399115245,15,eegnet_epoch_13,full_subject_single_seed_validation,gate0_gate2_model_expansion_v1,accepted reference subject-specific baseline
weissbart_tf64,ridge,reconstruction,gate0_gate2_full_subject_single_seed_v1,0,P10,mean_recording_pearson_r,0.13112665731121304,15,ridge_alpha_100.0,full_subject_single_seed_validation,gate0_gate2_model_expansion_v1,accepted reference subject-specific baseline
weissbart_tf64,cca,reconstruction,gate0_gate2_full_subject_single_seed_v1,0,P10,mean_recording_pearson_r,0.09218244704746066,15,cca_nc_4,full_subject_single_seed_validation,gate0_gate2_model_expansion_v1,accepted reference subject-specific baseline
weissbart_tf64,fcnn,reconstruction,gate0_gate2_full_subject_single_seed_v1,0,P10,mean_recording_pearson_r,0.06012010503899434,15,fcnn_epoch_2,full_subject_single_seed_validation,gate0_gate2_model_expansion_v1,accepted reference subject-specific baseline
weissbart_tf64,adt,reconstruction,gate0_gate2_full_subject_single_seed_v1,0,P10,mean_recording_pearson_r,0.0956011076730103,15,adt_epoch_7,full_subject_single_seed_validation,gate0_gate2_model_expansion_v1,accepted reference subject-specific baseline
weissbart_tf64,dnn,reconstruction,gate0_gate2_full_subject_single_seed_v1,0,P10,mean_recording_pearson_r,0.0601201826871298,15,dnn_epoch_2,full_subject_single_seed_validation,gate0_gate2_model_expansion_v1,accepted reference subject-specific baseline
weissbart_tf64,cnn,reconstruction,gate0_gate2_full_subject_single_seed_v1,0,P10,mean_recording_pearson_r,0.1196922337151288,15,cnn_epoch_7,full_subject_single_seed_validation,gate0_gate2_model_expansion_v1,accepted reference subject-specific baseline
weissbart_tf64,eegnet,reconstruction,gate0_gate2_full_subject_single_seed_v1,0,P10,mean_recording_pearson_r,0.12190049828687434,15,eegnet_epoch_21,full_subject_single_seed_validation,gate0_gate2_model_expansion_v1,accepted reference subject-specific baseline
weissbart_tf64,ridge,reconstruction,gate0_gate2_full_subject_single_seed_v1,0,P11,mean_recording_pearson_r,0.1506067789566798,15,ridge_alpha_10.0,full_subject_single_seed_validation,gate0_gate2_model_expansion_v1,accepted reference subject-specific baseline
weissbart_tf64,cca,reconstruction,gate0_gate2_full_subject_single_seed_v1,0,P11,mean_recording_pearson_r,0.08922455910492093,15,cca_nc_4,full_subject_single_seed_validation,gate0_gate2_model_expansion_v1,accepted reference subject-specific baseline
weissbart_tf64,fcnn,reconstruction,gate0_gate2_full_subject_single_seed_v1,0,P11,mean_recording_pearson_r,0.09074733462673669,15,fcnn_epoch_1,full_subject_single_seed_validation,gate0_gate2_model_expansion_v1,accepted reference subject-specific baseline
weissbart_tf64,adt,reconstruction,gate0_gate2_full_subject_single_seed_v1,0,P11,mean_recording_pearson_r,0.1626934130193955,15,adt_epoch_2,full_subject_single_seed_validation,gate0_gate2_model_expansion_v1,accepted reference subject-specific baseline
weissbart_tf64,dnn,reconstruction,gate0_gate2_full_subject_single_seed_v1,0,P11,mean_recording_pearson_r,0.0907472356125782,15,dnn_epoch_1,full_subject_single_seed_validation,gate0_gate2_model_expansion_v1,accepted reference subject-specific baseline
weissbart_tf64,cnn,reconstruction,gate0_gate2_full_subject_single_seed_v1,0,P11,mean_recording_pearson_r,0.12854878628568925,15,cnn_epoch_1,full_subject_single_seed_validation,gate0_gate2_model_expansion_v1,accepted reference subject-specific baseline
weissbart_tf64,eegnet,reconstruction,gate0_gate2_full_subject_single_seed_v1,0,P11,mean_recording_pearson_r,0.14839113678460514,15,eegnet_epoch_18,full_subject_single_seed_validation,gate0_gate2_model_expansion_v1,accepted reference subject-specific baseline
weissbart_tf64,ridge,reconstruction,gate0_gate2_full_subject_single_seed_v1,0,P12,mean_recording_pearson_r,0.17372779956779152,15,ridge_alpha_10.0,full_subject_single_seed_validation,gate0_gate2_model_expansion_v1,accepted reference subject-specific baseline
weissbart_tf64,cca,reconstruction,gate0_gate2_full_subject_single_seed_v1,0,P12,mean_recording_pearson_r,0.1363743607291315,15,cca_nc_2,full_subject_single_seed_validation,gate0_gate2_model_expansion_v1,accepted reference subject-specific baseline
weissbart_tf64,fcnn,reconstruction,gate0_gate2_full_subject_single_seed_v1,0,P12,mean_recording_pearson_r,0.17704273413877203,15,fcnn_epoch_1,full_subject_single_seed_validation,gate0_gate2_model_expansion_v1,accepted reference subject-specific baseline
weissbart_tf64,adt,reconstruction,gate0_gate2_full_subject_single_seed_v1,0,P12,mean_recording_pearson_r,0.20441027148312615,15,adt_epoch_3,full_subject_single_seed_validation,gate0_gate2_model_expansion_v1,accepted reference subject-specific baseline
weissbart_tf64,dnn,reconstruction,gate0_gate2_full_subject_single_seed_v1,0,P12,mean_recording_pearson_r,0.17704274109017717,15,dnn_epoch_1,full_subject_single_seed_validation,gate0_gate2_model_expansion_v1,accepted reference subject-specific baseline
weissbart_tf64,cnn,reconstruction,gate0_gate2_full_subject_single_seed_v1,0,P12,mean_recording_pearson_r,0.20075091678744028,15,cnn_epoch_11,full_subject_single_seed_validation,gate0_gate2_model_expansion_v1,accepted reference subject-specific baseline
weissbart_tf64,eegnet,reconstruction,gate0_gate2_full_subject_single_seed_v1,0,P12,mean_recording_pearson_r,0.21059654682046705,15,eegnet_epoch_27,full_subject_single_seed_validation,gate0_gate2_model_expansion_v1,accepted reference subject-specific baseline
weissbart_tf64,linear,reconstruction,gate0_gate2_subject_specific_local_models_weissbart_full_v1,0,P00,mean_recording_pearson_r,0.08713776516933823,15,linear_ols,subject_specific_local_models_weissbart_full,gate0_gate2_subject_specific_local_models_weissbart_full_v1,budgeted linear-family baseline
weissbart_tf64,lasso,reconstruction,gate0_gate2_subject_specific_local_models_weissbart_full_v1,0,P00,mean_recording_pearson_r,0.10543951402510784,15,lasso_alpha_0.001,subject_specific_local_models_weissbart_full,gate0_gate2_subject_specific_local_models_weissbart_full_v1,budgeted linear-family baseline
weissbart_tf64,elasticnet,reconstruction,gate0_gate2_subject_specific_local_models_weissbart_full_v1,0,P00,mean_recording_pearson_r,0.10572577740907098,15,elasticnet_alpha_0.001_l1_0.8,subject_specific_local_models_weissbart_full,gate0_gate2_subject_specific_local_models_weissbart_full_v1,budgeted linear-family baseline
weissbart_tf64,vlaai,reconstruction,gate0_gate2_subject_specific_local_models_weissbart_full_v1,0,P00,mean_recording_pearson_r,0.08132087080623955,15,vlaai_epoch_2,subject_specific_local_models_weissbart_full,gate0_gate2_subject_specific_local_models_weissbart_full_v1,local adaptation
weissbart_tf64,linear,reconstruction,gate0_gate2_subject_specific_local_models_weissbart_full_v1,0,P01,mean_recording_pearson_r,0.045803683113870355,15,linear_ols,subject_specific_local_models_weissbart_full,gate0_gate2_subject_specific_local_models_weissbart_full_v1,budgeted linear-family baseline
weissbart_tf64,lasso,reconstruction,gate0_gate2_subject_specific_local_models_weissbart_full_v1,0,P01,mean_recording_pearson_r,0.07935923374432896,15,lasso_alpha_0.001,subject_specific_local_models_weissbart_full,gate0_gate2_subject_specific_local_models_weissbart_full_v1,budgeted linear-family baseline
weissbart_tf64,elasticnet,reconstruction,gate0_gate2_subject_specific_local_models_weissbart_full_v1,0,P01,mean_recording_pearson_r,0.08367361771471674,15,elasticnet_alpha_0.01_l1_0.2,subject_specific_local_models_weissbart_full,gate0_gate2_subject_specific_local_models_weissbart_full_v1,budgeted linear-family baseline
weissbart_tf64,vlaai,reconstruction,gate0_gate2_subject_specific_local_models_weissbart_full_v1,0,P01,mean_recording_pearson_r,0.08182630281933458,15,vlaai_epoch_1,subject_specific_local_models_weissbart_full,gate0_gate2_subject_specific_local_models_weissbart_full_v1,local adaptation
weissbart_tf64,linear,reconstruction,gate0_gate2_subject_specific_local_models_weissbart_full_v1,0,P02,mean_recording_pearson_r,0.09132738143915838,15,linear_ols,subject_specific_local_models_weissbart_full,gate0_gate2_subject_specific_local_models_weissbart_full_v1,budgeted linear-family baseline
weissbart_tf64,lasso,reconstruction,gate0_gate2_subject_specific_local_models_weissbart_full_v1,0,P02,mean_recording_pearson_r,0.10910393989759545,15,lasso_alpha_0.001,subject_specific_local_models_weissbart_full,gate0_gate2_subject_specific_local_models_weissbart_full_v1,budgeted linear-family baseline
weissbart_tf64,elasticnet,reconstruction,gate0_gate2_subject_specific_local_models_weissbart_full_v1,0,P02,mean_recording_pearson_r,0.09831205753491948,15,elasticnet_alpha_0.01_l1_0.2,subject_specific_local_models_weissbart_full,gate0_gate2_subject_specific_local_models_weissbart_full_v1,budgeted linear-family baseline
weissbart_tf64,vlaai,reconstruction,gate0_gate2_subject_specific_local_models_weissbart_full_v1,0,P02,mean_recording_pearson_r,0.11144597470627263,15,vlaai_epoch_1,subject_specific_local_models_weissbart_full,gate0_gate2_subject_specific_local_models_weissbart_full_v1,local adaptation
weissbart_tf64,linear,reconstruction,gate0_gate2_subject_specific_local_models_weissbart_full_v1,0,P03,mean_recording_pearson_r,0.11395624406070433,15,linear_ols,subject_specific_local_models_weissbart_full,gate0_gate2_subject_specific_local_models_weissbart_full_v1,budgeted linear-family baseline
weissbart_tf64,lasso,reconstruction,gate0_gate2_subject_specific_local_models_weissbart_full_v1,0,P03,mean_recording_pearson_r,0.12861212396959545,15,lasso_alpha_0.001,subject_specific_local_models_weissbart_full,gate0_gate2_subject_specific_local_models_weissbart_full_v1,budgeted linear-family baseline
weissbart_tf64,elasticnet,reconstruction,gate0_gate2_subject_specific_local_models_weissbart_full_v1,0,P03,mean_recording_pearson_r,0.13065897188938982,15,elasticnet_alpha_0.001_l1_0.8,subject_specific_local_models_weissbart_full,gate0_gate2_subject_specific_local_models_weissbart_full_v1,budgeted linear-family baseline
weissbart_tf64,vlaai,reconstruction,gate0_gate2_subject_specific_local_models_weissbart_full_v1,0,P03,mean_recording_pearson_r,0.05708163502378872,15,vlaai_epoch_2,subject_specific_local_models_weissbart_full,gate0_gate2_subject_specific_local_models_weissbart_full_v1,local adaptation
weissbart_tf64,linear,reconstruction,gate0_gate2_subject_specific_local_models_weissbart_full_v1,0,P04,mean_recording_pearson_r,0.10658886322030268,15,linear_ols,subject_specific_local_models_weissbart_full,gate0_gate2_subject_specific_local_models_weissbart_full_v1,budgeted linear-family baseline
weissbart_tf64,lasso,reconstruction,gate0_gate2_subject_specific_local_models_weissbart_full_v1,0,P04,mean_recording_pearson_r,0.11973510888137297,15,lasso_alpha_0.001,subject_specific_local_models_weissbart_full,gate0_gate2_subject_specific_local_models_weissbart_full_v1,budgeted linear-family baseline
weissbart_tf64,elasticnet,reconstruction,gate0_gate2_subject_specific_local_models_weissbart_full_v1,0,P04,mean_recording_pearson_r,0.12294387139998404,15,elasticnet_alpha_0.001_l1_0.5,subject_specific_local_models_weissbart_full,gate0_gate2_subject_specific_local_models_weissbart_full_v1,budgeted linear-family baseline
weissbart_tf64,vlaai,reconstruction,gate0_gate2_subject_specific_local_models_weissbart_full_v1,0,P04,mean_recording_pearson_r,0.10292963913186143,15,vlaai_epoch_2,subject_specific_local_models_weissbart_full,gate0_gate2_subject_specific_local_models_weissbart_full_v1,local adaptation
weissbart_tf64,linear,reconstruction,gate0_gate2_subject_specific_local_models_weissbart_full_v1,0,P05,mean_recording_pearson_r,0.09859802794889115,15,linear_ols,subject_specific_local_models_weissbart_full,gate0_gate2_subject_specific_local_models_weissbart_full_v1,budgeted linear-family baseline
weissbart_tf64,lasso,reconstruction,gate0_gate2_subject_specific_local_models_weissbart_full_v1,0,P05,mean_recording_pearson_r,0.13072518490740795,15,lasso_alpha_0.001,subject_specific_local_models_weissbart_full,gate0_gate2_subject_specific_local_models_weissbart_full_v1,budgeted linear-family baseline
weissbart_tf64,elasticnet,reconstruction,gate0_gate2_subject_specific_local_models_weissbart_full_v1,0,P05,mean_recording_pearson_r,0.1304355936780162,15,elasticnet_alpha_0.001_l1_0.8,subject_specific_local_models_weissbart_full,gate0_gate2_subject_specific_local_models_weissbart_full_v1,budgeted linear-family baseline
weissbart_tf64,vlaai,reconstruction,gate0_gate2_subject_specific_local_models_weissbart_full_v1,0,P05,mean_recording_pearson_r,0.13152276223639855,15,vlaai_epoch_1,subject_specific_local_models_weissbart_full,gate0_gate2_subject_specific_local_models_weissbart_full_v1,local adaptation
weissbart_tf64,linear,reconstruction,gate0_gate2_subject_specific_local_models_weissbart_full_v1,0,P06,mean_recording_pearson_r,0.051471282986620376,15,linear_ols,subject_specific_local_models_weissbart_full,gate0_gate2_subject_specific_local_models_weissbart_full_v1,budgeted linear-family baseline
weissbart_tf64,lasso,reconstruction,gate0_gate2_subject_specific_local_models_weissbart_full_v1,0,P06,mean_recording_pearson_r,0.054726549959807066,15,lasso_alpha_0.001,subject_specific_local_models_weissbart_full,gate0_gate2_subject_specific_local_models_weissbart_full_v1,budgeted linear-family baseline
weissbart_tf64,elasticnet,reconstruction,gate0_gate2_subject_specific_local_models_weissbart_full_v1,0,P06,mean_recording_pearson_r,0.06002709546499239,15,elasticnet_alpha_0.001_l1_0.8,subject_specific_local_models_weissbart_full,gate0_gate2_subject_specific_local_models_weissbart_full_v1,budgeted linear-family baseline
weissbart_tf64,vlaai,reconstruction,gate0_gate2_subject_specific_local_models_weissbart_full_v1,0,P06,mean_recording_pearson_r,-0.00432094181859644,15,vlaai_epoch_2,subject_specific_local_models_weissbart_full,gate0_gate2_subject_specific_local_models_weissbart_full_v1,local adaptation
weissbart_tf64,linear,reconstruction,gate0_gate2_subject_specific_local_models_weissbart_full_v1,0,P07,mean_recording_pearson_r,0.09184350723991225,15,linear_ols,subject_specific_local_models_weissbart_full,gate0_gate2_subject_specific_local_models_weissbart_full_v1,budgeted linear-family baseline
weissbart_tf64,lasso,reconstruction,gate0_gate2_subject_specific_local_models_weissbart_full_v1,0,P07,mean_recording_pearson_r,0.08105590851383755,15,lasso_alpha_0.01,subject_specific_local_models_weissbart_full,gate0_gate2_subject_specific_local_models_weissbart_full_v1,budgeted linear-family baseline
weissbart_tf64,elasticnet,reconstruction,gate0_gate2_subject_specific_local_models_weissbart_full_v1,0,P07,mean_recording_pearson_r,0.10969724371258649,15,elasticnet_alpha_0.01_l1_0.5,subject_specific_local_models_weissbart_full,gate0_gate2_subject_specific_local_models_weissbart_full_v1,budgeted linear-family baseline
weissbart_tf64,vlaai,reconstruction,gate0_gate2_subject_specific_local_models_weissbart_full_v1,0,P07,mean_recording_pearson_r,0.045203574271906195,15,vlaai_epoch_1,subject_specific_local_models_weissbart_full,gate0_gate2_subject_specific_local_models_weissbart_full_v1,local adaptation
weissbart_tf64,linear,reconstruction,gate0_gate2_subject_specific_local_models_weissbart_full_v1,0,P08,mean_recording_pearson_r,0.06336599695831904,15,linear_ols,subject_specific_local_models_weissbart_full,gate0_gate2_subject_specific_local_models_weissbart_full_v1,budgeted linear-family baseline
weissbart_tf64,lasso,reconstruction,gate0_gate2_subject_specific_local_models_weissbart_full_v1,0,P08,mean_recording_pearson_r,0.10744044016658015,15,lasso_alpha_0.001,subject_specific_local_models_weissbart_full,gate0_gate2_subject_specific_local_models_weissbart_full_v1,budgeted linear-family baseline
weissbart_tf64,elasticnet,reconstruction,gate0_gate2_subject_specific_local_models_weissbart_full_v1,0,P08,mean_recording_pearson_r,0.08322809154812218,15,elasticnet_alpha_0.001_l1_0.2,subject_specific_local_models_weissbart_full,gate0_gate2_subject_specific_local_models_weissbart_full_v1,budgeted linear-family baseline
weissbart_tf64,vlaai,reconstruction,gate0_gate2_subject_specific_local_models_weissbart_full_v1,0,P08,mean_recording_pearson_r,0.055231307701817195,15,vlaai_epoch_3,subject_specific_local_models_weissbart_full,gate0_gate2_subject_specific_local_models_weissbart_full_v1,local adaptation
weissbart_tf64,linear,reconstruction,gate0_gate2_subject_specific_local_models_weissbart_full_v1,0,P09,mean_recording_pearson_r,0.10312302386354676,15,linear_ols,subject_specific_local_models_weissbart_full,gate0_gate2_subject_specific_local_models_weissbart_full_v1,budgeted linear-family baseline
weissbart_tf64,lasso,reconstruction,gate0_gate2_subject_specific_local_models_weissbart_full_v1,0,P09,mean_recording_pearson_r,0.13295334864061484,15,lasso_alpha_0.001,subject_specific_local_models_weissbart_full,gate0_gate2_subject_specific_local_models_weissbart_full_v1,budgeted linear-family baseline
weissbart_tf64,elasticnet,reconstruction,gate0_gate2_subject_specific_local_models_weissbart_full_v1,0,P09,mean_recording_pearson_r,0.13459838178511133,15,elasticnet_alpha_0.01_l1_0.2,subject_specific_local_models_weissbart_full,gate0_gate2_subject_specific_local_models_weissbart_full_v1,budgeted linear-family baseline
weissbart_tf64,vlaai,reconstruction,gate0_gate2_subject_specific_local_models_weissbart_full_v1,0,P09,mean_recording_pearson_r,0.13681227583680147,15,vlaai_epoch_2,subject_specific_local_models_weissbart_full,gate0_gate2_subject_specific_local_models_weissbart_full_v1,local adaptation
weissbart_tf64,linear,reconstruction,gate0_gate2_subject_specific_local_models_weissbart_full_v1,0,P10,mean_recording_pearson_r,0.09145687722601076,15,linear_ols,subject_specific_local_models_weissbart_full,gate0_gate2_subject_specific_local_models_weissbart_full_v1,budgeted linear-family baseline
weissbart_tf64,lasso,reconstruction,gate0_gate2_subject_specific_local_models_weissbart_full_v1,0,P10,mean_recording_pearson_r,0.10720019917467097,15,lasso_alpha_0.001,subject_specific_local_models_weissbart_full,gate0_gate2_subject_specific_local_models_weissbart_full_v1,budgeted linear-family baseline
weissbart_tf64,elasticnet,reconstruction,gate0_gate2_subject_specific_local_models_weissbart_full_v1,0,P10,mean_recording_pearson_r,0.10275775702201671,15,elasticnet_alpha_0.01_l1_0.2,subject_specific_local_models_weissbart_full,gate0_gate2_subject_specific_local_models_weissbart_full_v1,budgeted linear-family baseline
weissbart_tf64,vlaai,reconstruction,gate0_gate2_subject_specific_local_models_weissbart_full_v1,0,P10,mean_recording_pearson_r,0.06537472826821693,15,vlaai_epoch_2,subject_specific_local_models_weissbart_full,gate0_gate2_subject_specific_local_models_weissbart_full_v1,local adaptation
weissbart_tf64,linear,reconstruction,gate0_gate2_subject_specific_local_models_weissbart_full_v1,0,P11,mean_recording_pearson_r,0.11542583465695497,15,linear_ols,subject_specific_local_models_weissbart_full,gate0_gate2_subject_specific_local_models_weissbart_full_v1,budgeted linear-family baseline
weissbart_tf64,lasso,reconstruction,gate0_gate2_subject_specific_local_models_weissbart_full_v1,0,P11,mean_recording_pearson_r,0.13196177833280837,15,lasso_alpha_0.001,subject_specific_local_models_weissbart_full,gate0_gate2_subject_specific_local_models_weissbart_full_v1,budgeted linear-family baseline
weissbart_tf64,elasticnet,reconstruction,gate0_gate2_subject_specific_local_models_weissbart_full_v1,0,P11,mean_recording_pearson_r,0.13331598979201378,15,elasticnet_alpha_0.001_l1_0.8,subject_specific_local_models_weissbart_full,gate0_gate2_subject_specific_local_models_weissbart_full_v1,budgeted linear-family baseline
weissbart_tf64,vlaai,reconstruction,gate0_gate2_subject_specific_local_models_weissbart_full_v1,0,P11,mean_recording_pearson_r,0.05027721199330533,15,vlaai_epoch_1,subject_specific_local_models_weissbart_full,gate0_gate2_subject_specific_local_models_weissbart_full_v1,local adaptation
weissbart_tf64,linear,reconstruction,gate0_gate2_subject_specific_local_models_weissbart_full_v1,0,P12,mean_recording_pearson_r,0.13131834168122572,15,linear_ols,subject_specific_local_models_weissbart_full,gate0_gate2_subject_specific_local_models_weissbart_full_v1,budgeted linear-family baseline
weissbart_tf64,lasso,reconstruction,gate0_gate2_subject_specific_local_models_weissbart_full_v1,0,P12,mean_recording_pearson_r,0.16914155612113527,15,lasso_alpha_0.001,subject_specific_local_models_weissbart_full,gate0_gate2_subject_specific_local_models_weissbart_full_v1,budgeted linear-family baseline
weissbart_tf64,elasticnet,reconstruction,gate0_gate2_subject_specific_local_models_weissbart_full_v1,0,P12,mean_recording_pearson_r,0.16766181410204234,15,elasticnet_alpha_0.001_l1_0.8,subject_specific_local_models_weissbart_full,gate0_gate2_subject_specific_local_models_weissbart_full_v1,budgeted linear-family baseline
weissbart_tf64,vlaai,reconstruction,gate0_gate2_subject_specific_local_models_weissbart_full_v1,0,P12,mean_recording_pearson_r,0.181706730058688,15,vlaai_epoch_1,subject_specific_local_models_weissbart_full,gate0_gate2_subject_specific_local_models_weissbart_full_v1,local adaptation
weissbart_tf64,happyquokka,reconstruction,gate0_gate2_subject_specific_happyquokka_seeded_weissbart_full_v1,0,P00,mean_recording_pearson_r,0.12398048733468973,15,happyquokka_epoch_32,subject_specific_happyquokka_seeded_weissbart_full,gate0_gate2_subject_specific_happyquokka_seeded_weissbart_full_v1,seeded local 10s-chunk adaptation
weissbart_tf64,happyquokka,reconstruction,gate0_gate2_subject_specific_happyquokka_seeded_weissbart_full_v1,0,P01,mean_recording_pearson_r,0.11985516571673505,15,happyquokka_epoch_58,subject_specific_happyquokka_seeded_weissbart_full,gate0_gate2_subject_specific_happyquokka_seeded_weissbart_full_v1,seeded local 10s-chunk adaptation
weissbart_tf64,happyquokka,reconstruction,gate0_gate2_subject_specific_happyquokka_seeded_weissbart_full_v1,0,P02,mean_recording_pearson_r,0.08948923630210734,15,happyquokka_epoch_27,subject_specific_happyquokka_seeded_weissbart_full,gate0_gate2_subject_specific_happyquokka_seeded_weissbart_full_v1,seeded local 10s-chunk adaptation
weissbart_tf64,happyquokka,reconstruction,gate0_gate2_subject_specific_happyquokka_seeded_weissbart_full_v1,0,P03,mean_recording_pearson_r,0.09016431516507921,15,happyquokka_epoch_17,subject_specific_happyquokka_seeded_weissbart_full,gate0_gate2_subject_specific_happyquokka_seeded_weissbart_full_v1,seeded local 10s-chunk adaptation
weissbart_tf64,happyquokka,reconstruction,gate0_gate2_subject_specific_happyquokka_seeded_weissbart_full_v1,0,P04,mean_recording_pearson_r,0.06618615447026523,15,happyquokka_epoch_23,subject_specific_happyquokka_seeded_weissbart_full,gate0_gate2_subject_specific_happyquokka_seeded_weissbart_full_v1,seeded local 10s-chunk adaptation
weissbart_tf64,happyquokka,reconstruction,gate0_gate2_subject_specific_happyquokka_seeded_weissbart_full_v1,0,P05,mean_recording_pearson_r,0.17538350771711173,15,happyquokka_epoch_55,subject_specific_happyquokka_seeded_weissbart_full,gate0_gate2_subject_specific_happyquokka_seeded_weissbart_full_v1,seeded local 10s-chunk adaptation
weissbart_tf64,happyquokka,reconstruction,gate0_gate2_subject_specific_happyquokka_seeded_weissbart_full_v1,0,P06,mean_recording_pearson_r,0.010693212790145965,15,happyquokka_epoch_10,subject_specific_happyquokka_seeded_weissbart_full,gate0_gate2_subject_specific_happyquokka_seeded_weissbart_full_v1,seeded local 10s-chunk adaptation
weissbart_tf64,happyquokka,reconstruction,gate0_gate2_subject_specific_happyquokka_seeded_weissbart_full_v1,0,P07,mean_recording_pearson_r,0.14078891437872484,15,happyquokka_epoch_42,subject_specific_happyquokka_seeded_weissbart_full,gate0_gate2_subject_specific_happyquokka_seeded_weissbart_full_v1,seeded local 10s-chunk adaptation
weissbart_tf64,happyquokka,reconstruction,gate0_gate2_subject_specific_happyquokka_seeded_weissbart_full_v1,0,P08,mean_recording_pearson_r,0.08780414224816877,15,happyquokka_epoch_41,subject_specific_happyquokka_seeded_weissbart_full,gate0_gate2_subject_specific_happyquokka_seeded_weissbart_full_v1,seeded local 10s-chunk adaptation
weissbart_tf64,happyquokka,reconstruction,gate0_gate2_subject_specific_happyquokka_seeded_weissbart_full_v1,0,P09,mean_recording_pearson_r,0.19395309012394638,15,happyquokka_epoch_33,subject_specific_happyquokka_seeded_weissbart_full,gate0_gate2_subject_specific_happyquokka_seeded_weissbart_full_v1,seeded local 10s-chunk adaptation
weissbart_tf64,happyquokka,reconstruction,gate0_gate2_subject_specific_happyquokka_seeded_weissbart_full_v1,0,P10,mean_recording_pearson_r,0.08068507484370747,15,happyquokka_epoch_34,subject_specific_happyquokka_seeded_weissbart_full,gate0_gate2_subject_specific_happyquokka_seeded_weissbart_full_v1,seeded local 10s-chunk adaptation
weissbart_tf64,happyquokka,reconstruction,gate0_gate2_subject_specific_happyquokka_seeded_weissbart_full_v1,0,P11,mean_recording_pearson_r,0.19741273404829585,15,happyquokka_epoch_37,subject_specific_happyquokka_seeded_weissbart_full,gate0_gate2_subject_specific_happyquokka_seeded_weissbart_full_v1,seeded local 10s-chunk adaptation
weissbart_tf64,happyquokka,reconstruction,gate0_gate2_subject_specific_happyquokka_seeded_weissbart_full_v1,0,P12,mean_recording_pearson_r,0.2142479501669975,15,happyquokka_epoch_31,subject_specific_happyquokka_seeded_weissbart_full,gate0_gate2_subject_specific_happyquokka_seeded_weissbart_full_v1,seeded local 10s-chunk adaptation
etard_tf64,linear,reconstruction,gate0_gate2_subject_specific_modelset_etard_full_v1,0,P00,mean_recording_pearson_r,0.061655201979193414,24,linear_ols,subject_specific_modelset_etard_full,gate0_gate2_subject_specific_modelset_etard_full_v1,budgeted linear-family baseline
etard_tf64,ridge,reconstruction,gate0_gate2_subject_specific_modelset_etard_full_v1,0,P00,mean_recording_pearson_r,0.08856214290957558,24,ridge_alpha_10.0,subject_specific_modelset_etard_full,gate0_gate2_subject_specific_modelset_etard_full_v1,accepted reference subject-specific baseline adapted to etard_tf64
etard_tf64,lasso,reconstruction,gate0_gate2_subject_specific_modelset_etard_full_v1,0,P00,mean_recording_pearson_r,0.0672737203683371,24,lasso_alpha_0.001,subject_specific_modelset_etard_full,gate0_gate2_subject_specific_modelset_etard_full_v1,budgeted linear-family baseline
etard_tf64,elasticnet,reconstruction,gate0_gate2_subject_specific_modelset_etard_full_v1,0,P00,mean_recording_pearson_r,0.07371741986277175,24,elasticnet_alpha_0.001_l1_0.5,subject_specific_modelset_etard_full,gate0_gate2_subject_specific_modelset_etard_full_v1,budgeted linear-family baseline
etard_tf64,cca,reconstruction,gate0_gate2_subject_specific_modelset_etard_full_v1,0,P00,mean_recording_pearson_r,0.06378032829117325,24,cca_nc_1,subject_specific_modelset_etard_full,gate0_gate2_subject_specific_modelset_etard_full_v1,accepted reference subject-specific baseline adapted to etard_tf64
etard_tf64,fcnn,reconstruction,gate0_gate2_subject_specific_modelset_etard_full_v1,0,P00,mean_recording_pearson_r,0.030763128998412787,24,fcnn_epoch_3,subject_specific_modelset_etard_full,gate0_gate2_subject_specific_modelset_etard_full_v1,accepted reference subject-specific baseline adapted to etard_tf64
etard_tf64,dnn,reconstruction,gate0_gate2_subject_specific_modelset_etard_full_v1,0,P00,mean_recording_pearson_r,0.030763128998412787,24,dnn_epoch_3,subject_specific_modelset_etard_full,gate0_gate2_subject_specific_modelset_etard_full_v1,accepted reference subject-specific baseline adapted to etard_tf64
etard_tf64,cnn,reconstruction,gate0_gate2_subject_specific_modelset_etard_full_v1,0,P00,mean_recording_pearson_r,0.10372100556580743,24,cnn_epoch_7,subject_specific_modelset_etard_full,gate0_gate2_subject_specific_modelset_etard_full_v1,accepted reference subject-specific baseline adapted to etard_tf64
etard_tf64,eegnet,reconstruction,gate0_gate2_subject_specific_modelset_etard_full_v1,0,P00,mean_recording_pearson_r,0.11525693842195543,24,eegnet_epoch_21,subject_specific_modelset_etard_full,gate0_gate2_subject_specific_modelset_etard_full_v1,accepted reference subject-specific baseline adapted to etard_tf64
etard_tf64,adt,reconstruction,gate0_gate2_subject_specific_modelset_etard_full_v1,0,P00,mean_recording_pearson_r,0.09653729770219559,24,adt_epoch_2,subject_specific_modelset_etard_full,gate0_gate2_subject_specific_modelset_etard_full_v1,accepted reference subject-specific baseline adapted to etard_tf64
etard_tf64,vlaai,reconstruction,gate0_gate2_subject_specific_modelset_etard_full_v1,0,P00,mean_recording_pearson_r,0.06330305362686452,24,vlaai_epoch_3,subject_specific_modelset_etard_full,gate0_gate2_subject_specific_modelset_etard_full_v1,local adaptation
etard_tf64,happyquokka,reconstruction,gate0_gate2_subject_specific_modelset_etard_full_v1,0,P00,mean_recording_pearson_r,0.03049110813386548,24,happyquokka_epoch_8,subject_specific_modelset_etard_full,gate0_gate2_subject_specific_modelset_etard_full_v1,seeded local 10s-chunk adaptation
etard_tf64,linear,reconstruction,gate0_gate2_subject_specific_modelset_etard_full_v1,0,P01,mean_recording_pearson_r,0.04762968254443258,24,linear_ols,subject_specific_modelset_etard_full,gate0_gate2_subject_specific_modelset_etard_full_v1,budgeted linear-family baseline
etard_tf64,ridge,reconstruction,gate0_gate2_subject_specific_modelset_etard_full_v1,0,P01,mean_recording_pearson_r,0.09348775988759624,24,ridge_alpha_1.0,subject_specific_modelset_etard_full,gate0_gate2_subject_specific_modelset_etard_full_v1,accepted reference subject-specific baseline adapted to etard_tf64
etard_tf64,lasso,reconstruction,gate0_gate2_subject_specific_modelset_etard_full_v1,0,P01,mean_recording_pearson_r,0.06566299995511321,24,lasso_alpha_0.001,subject_specific_modelset_etard_full,gate0_gate2_subject_specific_modelset_etard_full_v1,budgeted linear-family baseline
etard_tf64,elasticnet,reconstruction,gate0_gate2_subject_specific_modelset_etard_full_v1,0,P01,mean_recording_pearson_r,0.055342305391725334,24,elasticnet_alpha_0.01_l1_0.5,subject_specific_modelset_etard_full,gate0_gate2_subject_specific_modelset_etard_full_v1,budgeted linear-family baseline
etard_tf64,cca,reconstruction,gate0_gate2_subject_specific_modelset_etard_full_v1,0,P01,mean_recording_pearson_r,0.09750545571009135,24,cca_nc_2,subject_specific_modelset_etard_full,gate0_gate2_subject_specific_modelset_etard_full_v1,accepted reference subject-specific baseline adapted to etard_tf64
etard_tf64,fcnn,reconstruction,gate0_gate2_subject_specific_modelset_etard_full_v1,0,P01,mean_recording_pearson_r,0.05850848982264917,24,fcnn_epoch_4,subject_specific_modelset_etard_full,gate0_gate2_subject_specific_modelset_etard_full_v1,accepted reference subject-specific baseline adapted to etard_tf64
etard_tf64,dnn,reconstruction,gate0_gate2_subject_specific_modelset_etard_full_v1,0,P01,mean_recording_pearson_r,0.05850848982264917,24,dnn_epoch_4,subject_specific_modelset_etard_full,gate0_gate2_subject_specific_modelset_etard_full_v1,accepted reference subject-specific baseline adapted to etard_tf64
etard_tf64,cnn,reconstruction,gate0_gate2_subject_specific_modelset_etard_full_v1,0,P01,mean_recording_pearson_r,0.11210362231868476,24,cnn_epoch_5,subject_specific_modelset_etard_full,gate0_gate2_subject_specific_modelset_etard_full_v1,accepted reference subject-specific baseline adapted to etard_tf64
etard_tf64,eegnet,reconstruction,gate0_gate2_subject_specific_modelset_etard_full_v1,0,P01,mean_recording_pearson_r,0.11202870856868123,24,eegnet_epoch_7,subject_specific_modelset_etard_full,gate0_gate2_subject_specific_modelset_etard_full_v1,accepted reference subject-specific baseline adapted to etard_tf64
etard_tf64,adt,reconstruction,gate0_gate2_subject_specific_modelset_etard_full_v1,0,P01,mean_recording_pearson_r,0.11407502947759078,24,adt_epoch_4,subject_specific_modelset_etard_full,gate0_gate2_subject_specific_modelset_etard_full_v1,accepted reference subject-specific baseline adapted to etard_tf64
etard_tf64,vlaai,reconstruction,gate0_gate2_subject_specific_modelset_etard_full_v1,0,P01,mean_recording_pearson_r,0.08019301782986758,24,vlaai_epoch_3,subject_specific_modelset_etard_full,gate0_gate2_subject_specific_modelset_etard_full_v1,local adaptation
etard_tf64,happyquokka,reconstruction,gate0_gate2_subject_specific_modelset_etard_full_v1,0,P01,mean_recording_pearson_r,0.11125986653096158,24,happyquokka_epoch_53,subject_specific_modelset_etard_full,gate0_gate2_subject_specific_modelset_etard_full_v1,seeded local 10s-chunk adaptation
etard_tf64,linear,reconstruction,gate0_gate2_subject_specific_modelset_etard_full_v1,0,P02,mean_recording_pearson_r,0.030045141067352836,40,linear_ols,subject_specific_modelset_etard_full,gate0_gate2_subject_specific_modelset_etard_full_v1,budgeted linear-family baseline
etard_tf64,ridge,reconstruction,gate0_gate2_subject_specific_modelset_etard_full_v1,0,P02,mean_recording_pearson_r,0.07709051477923592,40,ridge_alpha_100.0,subject_specific_modelset_etard_full,gate0_gate2_subject_specific_modelset_etard_full_v1,accepted reference subject-specific baseline adapted to etard_tf64
etard_tf64,lasso,reconstruction,gate0_gate2_subject_specific_modelset_etard_full_v1,0,P02,mean_recording_pearson_r,0.04455148191528506,40,lasso_alpha_0.001,subject_specific_modelset_etard_full,gate0_gate2_subject_specific_modelset_etard_full_v1,budgeted linear-family baseline
etard_tf64,elasticnet,reconstruction,gate0_gate2_subject_specific_modelset_etard_full_v1,0,P02,mean_recording_pearson_r,0.052802310758472436,40,elasticnet_alpha_0.01_l1_0.2,subject_specific_modelset_etard_full,gate0_gate2_subject_specific_modelset_etard_full_v1,budgeted linear-family baseline
etard_tf64,cca,reconstruction,gate0_gate2_subject_specific_modelset_etard_full_v1,0,P02,mean_recording_pearson_r,0.062069956552268456,40,cca_nc_4,subject_specific_modelset_etard_full,gate0_gate2_subject_specific_modelset_etard_full_v1,accepted reference subject-specific baseline adapted to etard_tf64
etard_tf64,fcnn,reconstruction,gate0_gate2_subject_specific_modelset_etard_full_v1,0,P02,mean_recording_pearson_r,0.058882612785336644,40,fcnn_epoch_0,subject_specific_modelset_etard_full,gate0_gate2_subject_specific_modelset_etard_full_v1,accepted reference subject-specific baseline adapted to etard_tf64
etard_tf64,dnn,reconstruction,gate0_gate2_subject_specific_modelset_etard_full_v1,0,P02,mean_recording_pearson_r,0.058882612785336644,40,dnn_epoch_0,subject_specific_modelset_etard_full,gate0_gate2_subject_specific_modelset_etard_full_v1,accepted reference subject-specific baseline adapted to etard_tf64
etard_tf64,cnn,reconstruction,gate0_gate2_subject_specific_modelset_etard_full_v1,0,P02,mean_recording_pearson_r,0.09224652975993675,40,cnn_epoch_5,subject_specific_modelset_etard_full,gate0_gate2_subject_specific_modelset_etard_full_v1,accepted reference subject-specific baseline adapted to etard_tf64
etard_tf64,eegnet,reconstruction,gate0_gate2_subject_specific_modelset_etard_full_v1,0,P02,mean_recording_pearson_r,0.10140083155815853,40,eegnet_epoch_7,subject_specific_modelset_etard_full,gate0_gate2_subject_specific_modelset_etard_full_v1,accepted reference subject-specific baseline adapted to etard_tf64
etard_tf64,adt,reconstruction,gate0_gate2_subject_specific_modelset_etard_full_v1,0,P02,mean_recording_pearson_r,0.06372597147126047,40,adt_epoch_8,subject_specific_modelset_etard_full,gate0_gate2_subject_specific_modelset_etard_full_v1,accepted reference subject-specific baseline adapted to etard_tf64
etard_tf64,vlaai,reconstruction,gate0_gate2_subject_specific_modelset_etard_full_v1,0,P02,mean_recording_pearson_r,0.07922880448766322,40,vlaai_epoch_1,subject_specific_modelset_etard_full,gate0_gate2_subject_specific_modelset_etard_full_v1,local adaptation
etard_tf64,happyquokka,reconstruction,gate0_gate2_subject_specific_modelset_etard_full_v1,0,P02,mean_recording_pearson_r,0.07212337130653865,40,happyquokka_epoch_40,subject_specific_modelset_etard_full,gate0_gate2_subject_specific_modelset_etard_full_v1,seeded local 10s-chunk adaptation
etard_tf64,linear,reconstruction,gate0_gate2_subject_specific_modelset_etard_full_v1,0,P03,mean_recording_pearson_r,0.06768664193737677,24,linear_ols,subject_specific_modelset_etard_full,gate0_gate2_subject_specific_modelset_etard_full_v1,budgeted linear-family baseline
etard_tf64,ridge,reconstruction,gate0_gate2_subject_specific_modelset_etard_full_v1,0,P03,mean_recording_pearson_r,0.10403691476004627,24,ridge_alpha_10.0,subject_specific_modelset_etard_full,gate0_gate2_subject_specific_modelset_etard_full_v1,accepted reference subject-specific baseline adapted to etard_tf64
etard_tf64,lasso,reconstruction,gate0_gate2_subject_specific_modelset_etard_full_v1,0,P03,mean_recording_pearson_r,0.0762165645313837,24,lasso_alpha_0.001,subject_specific_modelset_etard_full,gate0_gate2_subject_specific_modelset_etard_full_v1,budgeted linear-family baseline
etard_tf64,elasticnet,reconstruction,gate0_gate2_subject_specific_modelset_etard_full_v1,0,P03,mean_recording_pearson_r,0.07663978211226129,24,elasticnet_alpha_0.001_l1_0.8,subject_specific_modelset_etard_full,gate0_gate2_subject_specific_modelset_etard_full_v1,budgeted linear-family baseline
etard_tf64,cca,reconstruction,gate0_gate2_subject_specific_modelset_etard_full_v1,0,P03,mean_recording_pearson_r,0.07301334317130466,24,cca_nc_2,subject_specific_modelset_etard_full,gate0_gate2_subject_specific_modelset_etard_full_v1,accepted reference subject-specific baseline adapted to etard_tf64
etard_tf64,fcnn,reconstruction,gate0_gate2_subject_specific_modelset_etard_full_v1,0,P03,mean_recording_pearson_r,0.06670250618964486,24,fcnn_epoch_4,subject_specific_modelset_etard_full,gate0_gate2_subject_specific_modelset_etard_full_v1,accepted reference subject-specific baseline adapted to etard_tf64
etard_tf64,dnn,reconstruction,gate0_gate2_subject_specific_modelset_etard_full_v1,0,P03,mean_recording_pearson_r,0.06670250618964486,24,dnn_epoch_4,subject_specific_modelset_etard_full,gate0_gate2_subject_specific_modelset_etard_full_v1,accepted reference subject-specific baseline adapted to etard_tf64
etard_tf64,cnn,reconstruction,gate0_gate2_subject_specific_modelset_etard_full_v1,0,P03,mean_recording_pearson_r,0.09817284436259249,24,cnn_epoch_8,subject_specific_modelset_etard_full,gate0_gate2_subject_specific_modelset_etard_full_v1,accepted reference subject-specific baseline adapted to etard_tf64
etard_tf64,eegnet,reconstruction,gate0_gate2_subject_specific_modelset_etard_full_v1,0,P03,mean_recording_pearson_r,0.1036849440223706,24,eegnet_epoch_29,subject_specific_modelset_etard_full,gate0_gate2_subject_specific_modelset_etard_full_v1,accepted reference subject-specific baseline adapted to etard_tf64
etard_tf64,adt,reconstruction,gate0_gate2_subject_specific_modelset_etard_full_v1,0,P03,mean_recording_pearson_r,0.08157747579864043,24,adt_epoch_4,subject_specific_modelset_etard_full,gate0_gate2_subject_specific_modelset_etard_full_v1,accepted reference subject-specific baseline adapted to etard_tf64
etard_tf64,vlaai,reconstruction,gate0_gate2_subject_specific_modelset_etard_full_v1,0,P03,mean_recording_pearson_r,0.06077917907719891,24,vlaai_epoch_3,subject_specific_modelset_etard_full,gate0_gate2_subject_specific_modelset_etard_full_v1,local adaptation
etard_tf64,happyquokka,reconstruction,gate0_gate2_subject_specific_modelset_etard_full_v1,0,P03,mean_recording_pearson_r,0.08550133757760121,24,happyquokka_epoch_5,subject_specific_modelset_etard_full,gate0_gate2_subject_specific_modelset_etard_full_v1,seeded local 10s-chunk adaptation
etard_tf64,linear,reconstruction,gate0_gate2_subject_specific_modelset_etard_full_v1,0,P04,mean_recording_pearson_r,0.11900002631550947,24,linear_ols,subject_specific_modelset_etard_full,gate0_gate2_subject_specific_modelset_etard_full_v1,budgeted linear-family baseline
etard_tf64,ridge,reconstruction,gate0_gate2_subject_specific_modelset_etard_full_v1,0,P04,mean_recording_pearson_r,0.17576963859053327,24,ridge_alpha_10.0,subject_specific_modelset_etard_full,gate0_gate2_subject_specific_modelset_etard_full_v1,accepted reference subject-specific baseline adapted to etard_tf64
etard_tf64,lasso,reconstruction,gate0_gate2_subject_specific_modelset_etard_full_v1,0,P04,mean_recording_pearson_r,0.1423991543183382,24,lasso_alpha_0.001,subject_specific_modelset_etard_full,gate0_gate2_subject_specific_modelset_etard_full_v1,budgeted linear-family baseline
etard_tf64,elasticnet,reconstruction,gate0_gate2_subject_specific_modelset_etard_full_v1,0,P04,mean_recording_pearson_r,0.12716406771101538,24,elasticnet_alpha_0.01_l1_0.2,subject_specific_modelset_etard_full,gate0_gate2_subject_specific_modelset_etard_full_v1,budgeted linear-family baseline
etard_tf64,cca,reconstruction,gate0_gate2_subject_specific_modelset_etard_full_v1,0,P04,mean_recording_pearson_r,0.10368359960506594,24,cca_nc_1,subject_specific_modelset_etard_full,gate0_gate2_subject_specific_modelset_etard_full_v1,accepted reference subject-specific baseline adapted to etard_tf64
etard_tf64,fcnn,reconstruction,gate0_gate2_subject_specific_modelset_etard_full_v1,0,P04,mean_recording_pearson_r,0.10726256598750193,24,fcnn_epoch_2,subject_specific_modelset_etard_full,gate0_gate2_subject_specific_modelset_etard_full_v1,accepted reference subject-specific baseline adapted to etard_tf64
etard_tf64,dnn,reconstruction,gate0_gate2_subject_specific_modelset_etard_full_v1,0,P04,mean_recording_pearson_r,0.10726256598750193,24,dnn_epoch_2,subject_specific_modelset_etard_full,gate0_gate2_subject_specific_modelset_etard_full_v1,accepted reference subject-specific baseline adapted to etard_tf64
etard_tf64,cnn,reconstruction,gate0_gate2_subject_specific_modelset_etard_full_v1,0,P04,mean_recording_pearson_r,0.11735555375763089,24,cnn_epoch_1,subject_specific_modelset_etard_full,gate0_gate2_subject_specific_modelset_etard_full_v1,accepted reference subject-specific baseline adapted to etard_tf64
etard_tf64,eegnet,reconstruction,gate0_gate2_subject_specific_modelset_etard_full_v1,0,P04,mean_recording_pearson_r,0.1799249452720794,24,eegnet_epoch_23,subject_specific_modelset_etard_full,gate0_gate2_subject_specific_modelset_etard_full_v1,accepted reference subject-specific baseline adapted to etard_tf64
etard_tf64,adt,reconstruction,gate0_gate2_subject_specific_modelset_etard_full_v1,0,P04,mean_recording_pearson_r,0.18624417457124168,24,adt_epoch_5,subject_specific_modelset_etard_full,gate0_gate2_subject_specific_modelset_etard_full_v1,accepted reference subject-specific baseline adapted to etard_tf64
etard_tf64,vlaai,reconstruction,gate0_gate2_subject_specific_modelset_etard_full_v1,0,P04,mean_recording_pearson_r,0.11747147439015763,24,vlaai_epoch_1,subject_specific_modelset_etard_full,gate0_gate2_subject_specific_modelset_etard_full_v1,local adaptation
etard_tf64,happyquokka,reconstruction,gate0_gate2_subject_specific_modelset_etard_full_v1,0,P04,mean_recording_pearson_r,0.17580317733954276,24,happyquokka_epoch_67,subject_specific_modelset_etard_full,gate0_gate2_subject_specific_modelset_etard_full_v1,seeded local 10s-chunk adaptation
etard_tf64,linear,reconstruction,gate0_gate2_subject_specific_modelset_etard_full_v1,0,P05,mean_recording_pearson_r,0.10103351765101587,24,linear_ols,subject_specific_modelset_etard_full,gate0_gate2_subject_specific_modelset_etard_full_v1,budgeted linear-family baseline
etard_tf64,ridge,reconstruction,gate0_gate2_subject_specific_modelset_etard_full_v1,0,P05,mean_recording_pearson_r,0.16560533928650337,24,ridge_alpha_1.0,subject_specific_modelset_etard_full,gate0_gate2_subject_specific_modelset_etard_full_v1,accepted reference subject-specific baseline adapted to etard_tf64
etard_tf64,lasso,reconstruction,gate0_gate2_subject_specific_modelset_etard_full_v1,0,P05,mean_recording_pearson_r,0.12281573807428625,24,lasso_alpha_0.001,subject_specific_modelset_etard_full,gate0_gate2_subject_specific_modelset_etard_full_v1,budgeted linear-family baseline
etard_tf64,elasticnet,reconstruction,gate0_gate2_subject_specific_modelset_etard_full_v1,0,P05,mean_recording_pearson_r,0.12128658129427794,24,elasticnet_alpha_0.001_l1_0.2,subject_specific_modelset_etard_full,gate0_gate2_subject_specific_modelset_etard_full_v1,budgeted linear-family baseline
etard_tf64,cca,reconstruction,gate0_gate2_subject_specific_modelset_etard_full_v1,0,P05,mean_recording_pearson_r,0.08291109678192438,24,cca_nc_2,subject_specific_modelset_etard_full,gate0_gate2_subject_specific_modelset_etard_full_v1,accepted reference subject-specific baseline adapted to etard_tf64
etard_tf64,fcnn,reconstruction,gate0_gate2_subject_specific_modelset_etard_full_v1,0,P05,mean_recording_pearson_r,0.07677873152917296,24,fcnn_epoch_4,subject_specific_modelset_etard_full,gate0_gate2_subject_specific_modelset_etard_full_v1,accepted reference subject-specific baseline adapted to etard_tf64
etard_tf64,dnn,reconstruction,gate0_gate2_subject_specific_modelset_etard_full_v1,0,P05,mean_recording_pearson_r,0.07677873152917296,24,dnn_epoch_4,subject_specific_modelset_etard_full,gate0_gate2_subject_specific_modelset_etard_full_v1,accepted reference subject-specific baseline adapted to etard_tf64
etard_tf64,cnn,reconstruction,gate0_gate2_subject_specific_modelset_etard_full_v1,0,P05,mean_recording_pearson_r,0.146893117599967,24,cnn_epoch_4,subject_specific_modelset_etard_full,gate0_gate2_subject_specific_modelset_etard_full_v1,accepted reference subject-specific baseline adapted to etard_tf64
etard_tf64,eegnet,reconstruction,gate0_gate2_subject_specific_modelset_etard_full_v1,0,P05,mean_recording_pearson_r,0.15546111218584865,24,eegnet_epoch_13,subject_specific_modelset_etard_full,gate0_gate2_subject_specific_modelset_etard_full_v1,accepted reference subject-specific baseline adapted to etard_tf64
etard_tf64,adt,reconstruction,gate0_gate2_subject_specific_modelset_etard_full_v1,0,P05,mean_recording_pearson_r,0.0992215381524965,24,adt_epoch_14,subject_specific_modelset_etard_full,gate0_gate2_subject_specific_modelset_etard_full_v1,accepted reference subject-specific baseline adapted to etard_tf64
etard_tf64,vlaai,reconstruction,gate0_gate2_subject_specific_modelset_etard_full_v1,0,P05,mean_recording_pearson_r,0.1045039879072532,24,vlaai_epoch_1,subject_specific_modelset_etard_full,gate0_gate2_subject_specific_modelset_etard_full_v1,local adaptation
etard_tf64,happyquokka,reconstruction,gate0_gate2_subject_specific_modelset_etard_full_v1,0,P05,mean_recording_pearson_r,0.15073119189697037,24,happyquokka_epoch_50,subject_specific_modelset_etard_full,gate0_gate2_subject_specific_modelset_etard_full_v1,seeded local 10s-chunk adaptation
etard_tf64,linear,reconstruction,gate0_gate2_subject_specific_modelset_etard_full_v1,0,P06,mean_recording_pearson_r,0.030553639008949807,40,linear_ols,subject_specific_modelset_etard_full,gate0_gate2_subject_specific_modelset_etard_full_v1,budgeted linear-family baseline
etard_tf64,ridge,reconstruction,gate0_gate2_subject_specific_modelset_etard_full_v1,0,P06,mean_recording_pearson_r,0.07455164128938592,40,ridge_alpha_100.0,subject_specific_modelset_etard_full,gate0_gate2_subject_specific_modelset_etard_full_v1,accepted reference subject-specific baseline adapted to etard_tf64
etard_tf64,lasso,reconstruction,gate0_gate2_subject_specific_modelset_etard_full_v1,0,P06,mean_recording_pearson_r,0.033079474001927386,40,lasso_alpha_0.001,subject_specific_modelset_etard_full,gate0_gate2_subject_specific_modelset_etard_full_v1,budgeted linear-family baseline
etard_tf64,elasticnet,reconstruction,gate0_gate2_subject_specific_modelset_etard_full_v1,0,P06,mean_recording_pearson_r,0.034788134786748345,40,elasticnet_alpha_0.001_l1_0.8,subject_specific_modelset_etard_full,gate0_gate2_subject_specific_modelset_etard_full_v1,budgeted linear-family baseline
etard_tf64,cca,reconstruction,gate0_gate2_subject_specific_modelset_etard_full_v1,0,P06,mean_recording_pearson_r,0.05466789043025398,40,cca_nc_4,subject_specific_modelset_etard_full,gate0_gate2_subject_specific_modelset_etard_full_v1,accepted reference subject-specific baseline adapted to etard_tf64
etard_tf64,fcnn,reconstruction,gate0_gate2_subject_specific_modelset_etard_full_v1,0,P06,mean_recording_pearson_r,0.047380536407766696,40,fcnn_epoch_2,subject_specific_modelset_etard_full,gate0_gate2_subject_specific_modelset_etard_full_v1,accepted reference subject-specific baseline adapted to etard_tf64
etard_tf64,dnn,reconstruction,gate0_gate2_subject_specific_modelset_etard_full_v1,0,P06,mean_recording_pearson_r,0.047380536407766696,40,dnn_epoch_2,subject_specific_modelset_etard_full,gate0_gate2_subject_specific_modelset_etard_full_v1,accepted reference subject-specific baseline adapted to etard_tf64
etard_tf64,cnn,reconstruction,gate0_gate2_subject_specific_modelset_etard_full_v1,0,P06,mean_recording_pearson_r,0.07687914139141525,40,cnn_epoch_3,subject_specific_modelset_etard_full,gate0_gate2_subject_specific_modelset_etard_full_v1,accepted reference subject-specific baseline adapted to etard_tf64
etard_tf64,eegnet,reconstruction,gate0_gate2_subject_specific_modelset_etard_full_v1,0,P06,mean_recording_pearson_r,0.06890305310353312,40,eegnet_epoch_18,subject_specific_modelset_etard_full,gate0_gate2_subject_specific_modelset_etard_full_v1,accepted reference subject-specific baseline adapted to etard_tf64
etard_tf64,adt,reconstruction,gate0_gate2_subject_specific_modelset_etard_full_v1,0,P06,mean_recording_pearson_r,0.07820436564419772,40,adt_epoch_5,subject_specific_modelset_etard_full,gate0_gate2_subject_specific_modelset_etard_full_v1,accepted reference subject-specific baseline adapted to etard_tf64
etard_tf64,vlaai,reconstruction,gate0_gate2_subject_specific_modelset_etard_full_v1,0,P06,mean_recording_pearson_r,0.046290212561243584,40,vlaai_epoch_4,subject_specific_modelset_etard_full,gate0_gate2_subject_specific_modelset_etard_full_v1,local adaptation
etard_tf64,happyquokka,reconstruction,gate0_gate2_subject_specific_modelset_etard_full_v1,0,P06,mean_recording_pearson_r,0.042529817682802375,40,happyquokka_epoch_21,subject_specific_modelset_etard_full,gate0_gate2_subject_specific_modelset_etard_full_v1,seeded local 10s-chunk adaptation
etard_tf64,linear,reconstruction,gate0_gate2_subject_specific_modelset_etard_full_v1,0,P07,mean_recording_pearson_r,0.025603464469676946,40,linear_ols,subject_specific_modelset_etard_full,gate0_gate2_subject_specific_modelset_etard_full_v1,budgeted linear-family baseline
etard_tf64,ridge,reconstruction,gate0_gate2_subject_specific_modelset_etard_full_v1,0,P07,mean_recording_pearson_r,0.0532322994247915,40,ridge_alpha_100.0,subject_specific_modelset_etard_full,gate0_gate2_subject_specific_modelset_etard_full_v1,accepted reference subject-specific baseline adapted to etard_tf64
etard_tf64,lasso,reconstruction,gate0_gate2_subject_specific_modelset_etard_full_v1,0,P07,mean_recording_pearson_r,0.027443247222211753,40,lasso_alpha_0.001,subject_specific_modelset_etard_full,gate0_gate2_subject_specific_modelset_etard_full_v1,budgeted linear-family baseline
etard_tf64,elasticnet,reconstruction,gate0_gate2_subject_specific_modelset_etard_full_v1,0,P07,mean_recording_pearson_r,0.031711348365430145,40,elasticnet_alpha_0.01_l1_0.5,subject_specific_modelset_etard_full,gate0_gate2_subject_specific_modelset_etard_full_v1,budgeted linear-family baseline
etard_tf64,cca,reconstruction,gate0_gate2_subject_specific_modelset_etard_full_v1,0,P07,mean_recording_pearson_r,0.04813768593658464,40,cca_nc_4,subject_specific_modelset_etard_full,gate0_gate2_subject_specific_modelset_etard_full_v1,accepted reference subject-specific baseline adapted to etard_tf64
etard_tf64,fcnn,reconstruction,gate0_gate2_subject_specific_modelset_etard_full_v1,0,P07,mean_recording_pearson_r,0.041758128130201334,40,fcnn_epoch_2,subject_specific_modelset_etard_full,gate0_gate2_subject_specific_modelset_etard_full_v1,accepted reference subject-specific baseline adapted to etard_tf64
etard_tf64,dnn,reconstruction,gate0_gate2_subject_specific_modelset_etard_full_v1,0,P07,mean_recording_pearson_r,0.041758128130201334,40,dnn_epoch_2,subject_specific_modelset_etard_full,gate0_gate2_subject_specific_modelset_etard_full_v1,accepted reference subject-specific baseline adapted to etard_tf64
etard_tf64,cnn,reconstruction,gate0_gate2_subject_specific_modelset_etard_full_v1,0,P07,mean_recording_pearson_r,0.03471763787735132,40,cnn_epoch_9,subject_specific_modelset_etard_full,gate0_gate2_subject_specific_modelset_etard_full_v1,accepted reference subject-specific baseline adapted to etard_tf64
etard_tf64,eegnet,reconstruction,gate0_gate2_subject_specific_modelset_etard_full_v1,0,P07,mean_recording_pearson_r,0.06711522292372823,40,eegnet_epoch_24,subject_specific_modelset_etard_full,gate0_gate2_subject_specific_modelset_etard_full_v1,accepted reference subject-specific baseline adapted to etard_tf64
etard_tf64,adt,reconstruction,gate0_gate2_subject_specific_modelset_etard_full_v1,0,P07,mean_recording_pearson_r,0.04801468432647758,40,adt_epoch_6,subject_specific_modelset_etard_full,gate0_gate2_subject_specific_modelset_etard_full_v1,accepted reference subject-specific baseline adapted to etard_tf64
etard_tf64,vlaai,reconstruction,gate0_gate2_subject_specific_modelset_etard_full_v1,0,P07,mean_recording_pearson_r,0.06181157889472115,40,vlaai_epoch_1,subject_specific_modelset_etard_full,gate0_gate2_subject_specific_modelset_etard_full_v1,local adaptation
etard_tf64,happyquokka,reconstruction,gate0_gate2_subject_specific_modelset_etard_full_v1,0,P07,mean_recording_pearson_r,0.01620423204757946,40,happyquokka_epoch_15,subject_specific_modelset_etard_full,gate0_gate2_subject_specific_modelset_etard_full_v1,seeded local 10s-chunk adaptation
etard_tf64,linear,reconstruction,gate0_gate2_subject_specific_modelset_etard_full_v1,0,P08,mean_recording_pearson_r,0.0805978946428623,40,linear_ols,subject_specific_modelset_etard_full,gate0_gate2_subject_specific_modelset_etard_full_v1,budgeted linear-family baseline
etard_tf64,ridge,reconstruction,gate0_gate2_subject_specific_modelset_etard_full_v1,0,P08,mean_recording_pearson_r,0.13969030556840906,40,ridge_alpha_100.0,subject_specific_modelset_etard_full,gate0_gate2_subject_specific_modelset_etard_full_v1,accepted reference subject-specific baseline adapted to etard_tf64
etard_tf64,lasso,reconstruction,gate0_gate2_subject_specific_modelset_etard_full_v1,0,P08,mean_recording_pearson_r,0.0913416808851735,40,lasso_alpha_0.001,subject_specific_modelset_etard_full,gate0_gate2_subject_specific_modelset_etard_full_v1,budgeted linear-family baseline
etard_tf64,elasticnet,reconstruction,gate0_gate2_subject_specific_modelset_etard_full_v1,0,P08,mean_recording_pearson_r,0.09221225112432056,40,elasticnet_alpha_0.001_l1_0.8,subject_specific_modelset_etard_full,gate0_gate2_subject_specific_modelset_etard_full_v1,budgeted linear-family baseline
etard_tf64,cca,reconstruction,gate0_gate2_subject_specific_modelset_etard_full_v1,0,P08,mean_recording_pearson_r,0.075551125346868,40,cca_nc_4,subject_specific_modelset_etard_full,gate0_gate2_subject_specific_modelset_etard_full_v1,accepted reference subject-specific baseline adapted to etard_tf64
etard_tf64,fcnn,reconstruction,gate0_gate2_subject_specific_modelset_etard_full_v1,0,P08,mean_recording_pearson_r,0.08145158270092161,40,fcnn_epoch_3,subject_specific_modelset_etard_full,gate0_gate2_subject_specific_modelset_etard_full_v1,accepted reference subject-specific baseline adapted to etard_tf64
etard_tf64,dnn,reconstruction,gate0_gate2_subject_specific_modelset_etard_full_v1,0,P08,mean_recording_pearson_r,0.08145158270092161,40,dnn_epoch_3,subject_specific_modelset_etard_full,gate0_gate2_subject_specific_modelset_etard_full_v1,accepted reference subject-specific baseline adapted to etard_tf64
etard_tf64,cnn,reconstruction,gate0_gate2_subject_specific_modelset_etard_full_v1,0,P08,mean_recording_pearson_r,0.1268608568285052,40,cnn_epoch_3,subject_specific_modelset_etard_full,gate0_gate2_subject_specific_modelset_etard_full_v1,accepted reference subject-specific baseline adapted to etard_tf64
etard_tf64,eegnet,reconstruction,gate0_gate2_subject_specific_modelset_etard_full_v1,0,P08,mean_recording_pearson_r,0.14009692493144627,40,eegnet_epoch_11,subject_specific_modelset_etard_full,gate0_gate2_subject_specific_modelset_etard_full_v1,accepted reference subject-specific baseline adapted to etard_tf64
etard_tf64,adt,reconstruction,gate0_gate2_subject_specific_modelset_etard_full_v1,0,P08,mean_recording_pearson_r,0.15442498775195998,40,adt_epoch_2,subject_specific_modelset_etard_full,gate0_gate2_subject_specific_modelset_etard_full_v1,accepted reference subject-specific baseline adapted to etard_tf64
etard_tf64,vlaai,reconstruction,gate0_gate2_subject_specific_modelset_etard_full_v1,0,P08,mean_recording_pearson_r,0.10279563438244335,40,vlaai_epoch_1,subject_specific_modelset_etard_full,gate0_gate2_subject_specific_modelset_etard_full_v1,local adaptation
etard_tf64,happyquokka,reconstruction,gate0_gate2_subject_specific_modelset_etard_full_v1,0,P08,mean_recording_pearson_r,0.14563403794553578,40,happyquokka_epoch_28,subject_specific_modelset_etard_full,gate0_gate2_subject_specific_modelset_etard_full_v1,seeded local 10s-chunk adaptation
etard_tf64,linear,reconstruction,gate0_gate2_subject_specific_modelset_etard_full_v1,0,P09,mean_recording_pearson_r,0.05397494067019461,40,linear_ols,subject_specific_modelset_etard_full,gate0_gate2_subject_specific_modelset_etard_full_v1,budgeted linear-family baseline
etard_tf64,ridge,reconstruction,gate0_gate2_subject_specific_modelset_etard_full_v1,0,P09,mean_recording_pearson_r,0.10027278233823851,40,ridge_alpha_100.0,subject_specific_modelset_etard_full,gate0_gate2_subject_specific_modelset_etard_full_v1,accepted reference subject-specific baseline adapted to etard_tf64
etard_tf64,lasso,reconstruction,gate0_gate2_subject_specific_modelset_etard_full_v1,0,P09,mean_recording_pearson_r,0.05905216001005509,40,lasso_alpha_0.001,subject_specific_modelset_etard_full,gate0_gate2_subject_specific_modelset_etard_full_v1,budgeted linear-family baseline
etard_tf64,elasticnet,reconstruction,gate0_gate2_subject_specific_modelset_etard_full_v1,0,P09,mean_recording_pearson_r,0.05956559446231702,40,elasticnet_alpha_0.001_l1_0.8,subject_specific_modelset_etard_full,gate0_gate2_subject_specific_modelset_etard_full_v1,budgeted linear-family baseline
etard_tf64,cca,reconstruction,gate0_gate2_subject_specific_modelset_etard_full_v1,0,P09,mean_recording_pearson_r,0.0699834063290874,40,cca_nc_4,subject_specific_modelset_etard_full,gate0_gate2_subject_specific_modelset_etard_full_v1,accepted reference subject-specific baseline adapted to etard_tf64
etard_tf64,fcnn,reconstruction,gate0_gate2_subject_specific_modelset_etard_full_v1,0,P09,mean_recording_pearson_r,0.06052687202317385,40,fcnn_epoch_4,subject_specific_modelset_etard_full,gate0_gate2_subject_specific_modelset_etard_full_v1,accepted reference subject-specific baseline adapted to etard_tf64
etard_tf64,dnn,reconstruction,gate0_gate2_subject_specific_modelset_etard_full_v1,0,P09,mean_recording_pearson_r,0.06052687202317385,40,dnn_epoch_4,subject_specific_modelset_etard_full,gate0_gate2_subject_specific_modelset_etard_full_v1,accepted reference subject-specific baseline adapted to etard_tf64
etard_tf64,cnn,reconstruction,gate0_gate2_subject_specific_modelset_etard_full_v1,0,P09,mean_recording_pearson_r,0.08754920598705271,40,cnn_epoch_7,subject_specific_modelset_etard_full,gate0_gate2_subject_specific_modelset_etard_full_v1,accepted reference subject-specific baseline adapted to etard_tf64
etard_tf64,eegnet,reconstruction,gate0_gate2_subject_specific_modelset_etard_full_v1,0,P09,mean_recording_pearson_r,0.0914962635605347,40,eegnet_epoch_13,subject_specific_modelset_etard_full,gate0_gate2_subject_specific_modelset_etard_full_v1,accepted reference subject-specific baseline adapted to etard_tf64
etard_tf64,adt,reconstruction,gate0_gate2_subject_specific_modelset_etard_full_v1,0,P09,mean_recording_pearson_r,0.11296447717892708,40,adt_epoch_4,subject_specific_modelset_etard_full,gate0_gate2_subject_specific_modelset_etard_full_v1,accepted reference subject-specific baseline adapted to etard_tf64
etard_tf64,vlaai,reconstruction,gate0_gate2_subject_specific_modelset_etard_full_v1,0,P09,mean_recording_pearson_r,0.07891564429512929,40,vlaai_epoch_4,subject_specific_modelset_etard_full,gate0_gate2_subject_specific_modelset_etard_full_v1,local adaptation
etard_tf64,happyquokka,reconstruction,gate0_gate2_subject_specific_modelset_etard_full_v1,0,P09,mean_recording_pearson_r,0.1140968188738071,40,happyquokka_epoch_43,subject_specific_modelset_etard_full,gate0_gate2_subject_specific_modelset_etard_full_v1,seeded local 10s-chunk adaptation
etard_tf64,linear,reconstruction,gate0_gate2_subject_specific_modelset_etard_full_v1,0,P10,mean_recording_pearson_r,0.05751380747604471,40,linear_ols,subject_specific_modelset_etard_full,gate0_gate2_subject_specific_modelset_etard_full_v1,budgeted linear-family baseline
etard_tf64,ridge,reconstruction,gate0_gate2_subject_specific_modelset_etard_full_v1,0,P10,mean_recording_pearson_r,0.1440027855848304,40,ridge_alpha_100.0,subject_specific_modelset_etard_full,gate0_gate2_subject_specific_modelset_etard_full_v1,accepted reference subject-specific baseline adapted to etard_tf64
etard_tf64,lasso,reconstruction,gate0_gate2_subject_specific_modelset_etard_full_v1,0,P10,mean_recording_pearson_r,0.09264746312519562,40,lasso_alpha_0.001,subject_specific_modelset_etard_full,gate0_gate2_subject_specific_modelset_etard_full_v1,budgeted linear-family baseline
etard_tf64,elasticnet,reconstruction,gate0_gate2_subject_specific_modelset_etard_full_v1,0,P10,mean_recording_pearson_r,0.09667201505321883,40,elasticnet_alpha_0.01_l1_0.2,subject_specific_modelset_etard_full,gate0_gate2_subject_specific_modelset_etard_full_v1,budgeted linear-family baseline
etard_tf64,cca,reconstruction,gate0_gate2_subject_specific_modelset_etard_full_v1,0,P10,mean_recording_pearson_r,0.10525841471761169,40,cca_nc_1,subject_specific_modelset_etard_full,gate0_gate2_subject_specific_modelset_etard_full_v1,accepted reference subject-specific baseline adapted to etard_tf64
etard_tf64,fcnn,reconstruction,gate0_gate2_subject_specific_modelset_etard_full_v1,0,P10,mean_recording_pearson_r,0.09636919055979025,40,fcnn_epoch_1,subject_specific_modelset_etard_full,gate0_gate2_subject_specific_modelset_etard_full_v1,accepted reference subject-specific baseline adapted to etard_tf64
etard_tf64,dnn,reconstruction,gate0_gate2_subject_specific_modelset_etard_full_v1,0,P10,mean_recording_pearson_r,0.09636919055979025,40,dnn_epoch_1,subject_specific_modelset_etard_full,gate0_gate2_subject_specific_modelset_etard_full_v1,accepted reference subject-specific baseline adapted to etard_tf64
etard_tf64,cnn,reconstruction,gate0_gate2_subject_specific_modelset_etard_full_v1,0,P10,mean_recording_pearson_r,0.14803266139217208,40,cnn_epoch_5,subject_specific_modelset_etard_full,gate0_gate2_subject_specific_modelset_etard_full_v1,accepted reference subject-specific baseline adapted to etard_tf64
etard_tf64,eegnet,reconstruction,gate0_gate2_subject_specific_modelset_etard_full_v1,0,P10,mean_recording_pearson_r,0.14409028862756784,40,eegnet_epoch_12,subject_specific_modelset_etard_full,gate0_gate2_subject_specific_modelset_etard_full_v1,accepted reference subject-specific baseline adapted to etard_tf64
etard_tf64,adt,reconstruction,gate0_gate2_subject_specific_modelset_etard_full_v1,0,P10,mean_recording_pearson_r,0.1827677384170755,40,adt_epoch_3,subject_specific_modelset_etard_full,gate0_gate2_subject_specific_modelset_etard_full_v1,accepted reference subject-specific baseline adapted to etard_tf64
etard_tf64,vlaai,reconstruction,gate0_gate2_subject_specific_modelset_etard_full_v1,0,P10,mean_recording_pearson_r,0.12569974625669178,40,vlaai_epoch_1,subject_specific_modelset_etard_full,gate0_gate2_subject_specific_modelset_etard_full_v1,local adaptation
etard_tf64,happyquokka,reconstruction,gate0_gate2_subject_specific_modelset_etard_full_v1,0,P10,mean_recording_pearson_r,0.17442290081659967,40,happyquokka_epoch_50,subject_specific_modelset_etard_full,gate0_gate2_subject_specific_modelset_etard_full_v1,seeded local 10s-chunk adaptation
etard_tf64,linear,reconstruction,gate0_gate2_subject_specific_modelset_etard_full_v1,0,P11,mean_recording_pearson_r,0.04926802546268798,16,linear_ols,subject_specific_modelset_etard_full,gate0_gate2_subject_specific_modelset_etard_full_v1,budgeted linear-family baseline
etard_tf64,ridge,reconstruction,gate0_gate2_subject_specific_modelset_etard_full_v1,0,P11,mean_recording_pearson_r,0.04484871423582774,16,ridge_alpha_0.001,subject_specific_modelset_etard_full,gate0_gate2_subject_specific_modelset_etard_full_v1,accepted reference subject-specific baseline adapted to etard_tf64
etard_tf64,lasso,reconstruction,gate0_gate2_subject_specific_modelset_etard_full_v1,0,P11,mean_recording_pearson_r,0.0019871137331055806,16,lasso_alpha_0.01,subject_specific_modelset_etard_full,gate0_gate2_subject_specific_modelset_etard_full_v1,budgeted linear-family baseline
etard_tf64,elasticnet,reconstruction,gate0_gate2_subject_specific_modelset_etard_full_v1,0,P11,mean_recording_pearson_r,-0.0021333631940971577,16,elasticnet_alpha_0.1_l1_0.2,subject_specific_modelset_etard_full,gate0_gate2_subject_specific_modelset_etard_full_v1,budgeted linear-family baseline
etard_tf64,cca,reconstruction,gate0_gate2_subject_specific_modelset_etard_full_v1,0,P11,mean_recording_pearson_r,0.016974706486111327,16,cca_nc_1,subject_specific_modelset_etard_full,gate0_gate2_subject_specific_modelset_etard_full_v1,accepted reference subject-specific baseline adapted to etard_tf64
etard_tf64,fcnn,reconstruction,gate0_gate2_subject_specific_modelset_etard_full_v1,0,P11,mean_recording_pearson_r,0.052521907775682414,16,fcnn_epoch_1,subject_specific_modelset_etard_full,gate0_gate2_subject_specific_modelset_etard_full_v1,accepted reference subject-specific baseline adapted to etard_tf64
etard_tf64,dnn,reconstruction,gate0_gate2_subject_specific_modelset_etard_full_v1,0,P11,mean_recording_pearson_r,0.052521907775682414,16,dnn_epoch_1,subject_specific_modelset_etard_full,gate0_gate2_subject_specific_modelset_etard_full_v1,accepted reference subject-specific baseline adapted to etard_tf64
etard_tf64,cnn,reconstruction,gate0_gate2_subject_specific_modelset_etard_full_v1,0,P11,mean_recording_pearson_r,0.009873358774490523,16,cnn_epoch_24,subject_specific_modelset_etard_full,gate0_gate2_subject_specific_modelset_etard_full_v1,accepted reference subject-specific baseline adapted to etard_tf64
etard_tf64,eegnet,reconstruction,gate0_gate2_subject_specific_modelset_etard_full_v1,0,P11,mean_recording_pearson_r,0.010072500647441378,16,eegnet_epoch_22,subject_specific_modelset_etard_full,gate0_gate2_subject_specific_modelset_etard_full_v1,accepted reference subject-specific baseline adapted to etard_tf64
etard_tf64,adt,reconstruction,gate0_gate2_subject_specific_modelset_etard_full_v1,0,P11,mean_recording_pearson_r,0.029009043521297694,16,adt_epoch_1,subject_specific_modelset_etard_full,gate0_gate2_subject_specific_modelset_etard_full_v1,accepted reference subject-specific baseline adapted to etard_tf64
etard_tf64,vlaai,reconstruction,gate0_gate2_subject_specific_modelset_etard_full_v1,0,P11,mean_recording_pearson_r,0.021354426827247586,16,vlaai_epoch_1,subject_specific_modelset_etard_full,gate0_gate2_subject_specific_modelset_etard_full_v1,local adaptation
etard_tf64,happyquokka,reconstruction,gate0_gate2_subject_specific_modelset_etard_full_v1,0,P11,mean_recording_pearson_r,-0.0001975521606870697,16,happyquokka_epoch_6,subject_specific_modelset_etard_full,gate0_gate2_subject_specific_modelset_etard_full_v1,seeded local 10s-chunk adaptation
etard_tf64,linear,reconstruction,gate0_gate2_subject_specific_modelset_etard_full_v1,0,P12,mean_recording_pearson_r,0.02670175938940066,16,linear_ols,subject_specific_modelset_etard_full,gate0_gate2_subject_specific_modelset_etard_full_v1,budgeted linear-family baseline
etard_tf64,ridge,reconstruction,gate0_gate2_subject_specific_modelset_etard_full_v1,0,P12,mean_recording_pearson_r,0.05103841997118094,16,ridge_alpha_1.0,subject_specific_modelset_etard_full,gate0_gate2_subject_specific_modelset_etard_full_v1,accepted reference subject-specific baseline adapted to etard_tf64
etard_tf64,lasso,reconstruction,gate0_gate2_subject_specific_modelset_etard_full_v1,0,P12,mean_recording_pearson_r,0.034170372094283696,16,lasso_alpha_0.001,subject_specific_modelset_etard_full,gate0_gate2_subject_specific_modelset_etard_full_v1,budgeted linear-family baseline
etard_tf64,elasticnet,reconstruction,gate0_gate2_subject_specific_modelset_etard_full_v1,0,P12,mean_recording_pearson_r,0.035700426573396185,16,elasticnet_alpha_0.001_l1_0.2,subject_specific_modelset_etard_full,gate0_gate2_subject_specific_modelset_etard_full_v1,budgeted linear-family baseline
etard_tf64,cca,reconstruction,gate0_gate2_subject_specific_modelset_etard_full_v1,0,P12,mean_recording_pearson_r,0.047723403039487106,16,cca_nc_2,subject_specific_modelset_etard_full,gate0_gate2_subject_specific_modelset_etard_full_v1,accepted reference subject-specific baseline adapted to etard_tf64
etard_tf64,fcnn,reconstruction,gate0_gate2_subject_specific_modelset_etard_full_v1,0,P12,mean_recording_pearson_r,0.024948257824387372,16,fcnn_epoch_4,subject_specific_modelset_etard_full,gate0_gate2_subject_specific_modelset_etard_full_v1,accepted reference subject-specific baseline adapted to etard_tf64
etard_tf64,dnn,reconstruction,gate0_gate2_subject_specific_modelset_etard_full_v1,0,P12,mean_recording_pearson_r,0.024948257824387372,16,dnn_epoch_4,subject_specific_modelset_etard_full,gate0_gate2_subject_specific_modelset_etard_full_v1,accepted reference subject-specific baseline adapted to etard_tf64
etard_tf64,cnn,reconstruction,gate0_gate2_subject_specific_modelset_etard_full_v1,0,P12,mean_recording_pearson_r,0.016010113995027043,16,cnn_epoch_7,subject_specific_modelset_etard_full,gate0_gate2_subject_specific_modelset_etard_full_v1,accepted reference subject-specific baseline adapted to etard_tf64
etard_tf64,eegnet,reconstruction,gate0_gate2_subject_specific_modelset_etard_full_v1,0,P12,mean_recording_pearson_r,0.035569643161010675,16,eegnet_epoch_11,subject_specific_modelset_etard_full,gate0_gate2_subject_specific_modelset_etard_full_v1,accepted reference subject-specific baseline adapted to etard_tf64
etard_tf64,adt,reconstruction,gate0_gate2_subject_specific_modelset_etard_full_v1,0,P12,mean_recording_pearson_r,0.07392847896361271,16,adt_epoch_6,subject_specific_modelset_etard_full,gate0_gate2_subject_specific_modelset_etard_full_v1,accepted reference subject-specific baseline adapted to etard_tf64
etard_tf64,vlaai,reconstruction,gate0_gate2_subject_specific_modelset_etard_full_v1,0,P12,mean_recording_pearson_r,0.025406217601311558,16,vlaai_epoch_8,subject_specific_modelset_etard_full,gate0_gate2_subject_specific_modelset_etard_full_v1,local adaptation
etard_tf64,happyquokka,reconstruction,gate0_gate2_subject_specific_modelset_etard_full_v1,0,P12,mean_recording_pearson_r,0.005348446761792304,16,happyquokka_epoch_22,subject_specific_modelset_etard_full,gate0_gate2_subject_specific_modelset_etard_full_v1,seeded local 10s-chunk adaptation
etard_tf64,linear,reconstruction,gate0_gate2_subject_specific_modelset_etard_full_v1,0,P13,mean_recording_pearson_r,0.04269928649335162,40,linear_ols,subject_specific_modelset_etard_full,gate0_gate2_subject_specific_modelset_etard_full_v1,budgeted linear-family baseline
etard_tf64,ridge,reconstruction,gate0_gate2_subject_specific_modelset_etard_full_v1,0,P13,mean_recording_pearson_r,0.08237523694610052,40,ridge_alpha_100.0,subject_specific_modelset_etard_full,gate0_gate2_subject_specific_modelset_etard_full_v1,accepted reference subject-specific baseline adapted to etard_tf64
etard_tf64,lasso,reconstruction,gate0_gate2_subject_specific_modelset_etard_full_v1,0,P13,mean_recording_pearson_r,0.048413658348724145,40,lasso_alpha_0.001,subject_specific_modelset_etard_full,gate0_gate2_subject_specific_modelset_etard_full_v1,budgeted linear-family baseline
etard_tf64,elasticnet,reconstruction,gate0_gate2_subject_specific_modelset_etard_full_v1,0,P13,mean_recording_pearson_r,0.0459397789181538,40,elasticnet_alpha_0.01_l1_0.2,subject_specific_modelset_etard_full,gate0_gate2_subject_specific_modelset_etard_full_v1,budgeted linear-family baseline
etard_tf64,cca,reconstruction,gate0_gate2_subject_specific_modelset_etard_full_v1,0,P13,mean_recording_pearson_r,0.06221006002070004,40,cca_nc_1,subject_specific_modelset_etard_full,gate0_gate2_subject_specific_modelset_etard_full_v1,accepted reference subject-specific baseline adapted to etard_tf64
etard_tf64,fcnn,reconstruction,gate0_gate2_subject_specific_modelset_etard_full_v1,0,P13,mean_recording_pearson_r,0.05613143073833391,40,fcnn_epoch_2,subject_specific_modelset_etard_full,gate0_gate2_subject_specific_modelset_etard_full_v1,accepted reference subject-specific baseline adapted to etard_tf64
etard_tf64,dnn,reconstruction,gate0_gate2_subject_specific_modelset_etard_full_v1,0,P13,mean_recording_pearson_r,0.05613143073833391,40,dnn_epoch_2,subject_specific_modelset_etard_full,gate0_gate2_subject_specific_modelset_etard_full_v1,accepted reference subject-specific baseline adapted to etard_tf64
etard_tf64,cnn,reconstruction,gate0_gate2_subject_specific_modelset_etard_full_v1,0,P13,mean_recording_pearson_r,0.053847052093665936,40,cnn_epoch_9,subject_specific_modelset_etard_full,gate0_gate2_subject_specific_modelset_etard_full_v1,accepted reference subject-specific baseline adapted to etard_tf64
etard_tf64,eegnet,reconstruction,gate0_gate2_subject_specific_modelset_etard_full_v1,0,P13,mean_recording_pearson_r,0.06335450149406725,40,eegnet_epoch_33,subject_specific_modelset_etard_full,gate0_gate2_subject_specific_modelset_etard_full_v1,accepted reference subject-specific baseline adapted to etard_tf64
etard_tf64,adt,reconstruction,gate0_gate2_subject_specific_modelset_etard_full_v1,0,P13,mean_recording_pearson_r,0.08575342501625954,40,adt_epoch_4,subject_specific_modelset_etard_full,gate0_gate2_subject_specific_modelset_etard_full_v1,accepted reference subject-specific baseline adapted to etard_tf64
etard_tf64,vlaai,reconstruction,gate0_gate2_subject_specific_modelset_etard_full_v1,0,P13,mean_recording_pearson_r,0.03494033306269042,40,vlaai_epoch_3,subject_specific_modelset_etard_full,gate0_gate2_subject_specific_modelset_etard_full_v1,local adaptation
etard_tf64,happyquokka,reconstruction,gate0_gate2_subject_specific_modelset_etard_full_v1,0,P13,mean_recording_pearson_r,0.0642114337482449,40,happyquokka_epoch_7,subject_specific_modelset_etard_full,gate0_gate2_subject_specific_modelset_etard_full_v1,seeded local 10s-chunk adaptation
etard_tf64,linear,reconstruction,gate0_gate2_subject_specific_modelset_etard_full_v1,0,P14,mean_recording_pearson_r,0.03303063447489757,40,linear_ols,subject_specific_modelset_etard_full,gate0_gate2_subject_specific_modelset_etard_full_v1,budgeted linear-family baseline
etard_tf64,ridge,reconstruction,gate0_gate2_subject_specific_modelset_etard_full_v1,0,P14,mean_recording_pearson_r,0.07104147725990095,40,ridge_alpha_100.0,subject_specific_modelset_etard_full,gate0_gate2_subject_specific_modelset_etard_full_v1,accepted reference subject-specific baseline adapted to etard_tf64
etard_tf64,lasso,reconstruction,gate0_gate2_subject_specific_modelset_etard_full_v1,0,P14,mean_recording_pearson_r,0.04602948172632141,40,lasso_alpha_0.001,subject_specific_modelset_etard_full,gate0_gate2_subject_specific_modelset_etard_full_v1,budgeted linear-family baseline
etard_tf64,elasticnet,reconstruction,gate0_gate2_subject_specific_modelset_etard_full_v1,0,P14,mean_recording_pearson_r,0.0464256922452304,40,elasticnet_alpha_0.01_l1_0.2,subject_specific_modelset_etard_full,gate0_gate2_subject_specific_modelset_etard_full_v1,budgeted linear-family baseline
etard_tf64,cca,reconstruction,gate0_gate2_subject_specific_modelset_etard_full_v1,0,P14,mean_recording_pearson_r,0.054264500059124074,40,cca_nc_4,subject_specific_modelset_etard_full,gate0_gate2_subject_specific_modelset_etard_full_v1,accepted reference subject-specific baseline adapted to etard_tf64
etard_tf64,fcnn,reconstruction,gate0_gate2_subject_specific_modelset_etard_full_v1,0,P14,mean_recording_pearson_r,0.051900325428064144,40,fcnn_epoch_0,subject_specific_modelset_etard_full,gate0_gate2_subject_specific_modelset_etard_full_v1,accepted reference subject-specific baseline adapted to etard_tf64
etard_tf64,dnn,reconstruction,gate0_gate2_subject_specific_modelset_etard_full_v1,0,P14,mean_recording_pearson_r,0.051900325428064144,40,dnn_epoch_0,subject_specific_modelset_etard_full,gate0_gate2_subject_specific_modelset_etard_full_v1,accepted reference subject-specific baseline adapted to etard_tf64
etard_tf64,cnn,reconstruction,gate0_gate2_subject_specific_modelset_etard_full_v1,0,P14,mean_recording_pearson_r,0.0650474119219342,40,cnn_epoch_3,subject_specific_modelset_etard_full,gate0_gate2_subject_specific_modelset_etard_full_v1,accepted reference subject-specific baseline adapted to etard_tf64
etard_tf64,eegnet,reconstruction,gate0_gate2_subject_specific_modelset_etard_full_v1,0,P14,mean_recording_pearson_r,0.07561520386977842,40,eegnet_epoch_11,subject_specific_modelset_etard_full,gate0_gate2_subject_specific_modelset_etard_full_v1,accepted reference subject-specific baseline adapted to etard_tf64
etard_tf64,adt,reconstruction,gate0_gate2_subject_specific_modelset_etard_full_v1,0,P14,mean_recording_pearson_r,0.09911961717860193,40,adt_epoch_2,subject_specific_modelset_etard_full,gate0_gate2_subject_specific_modelset_etard_full_v1,accepted reference subject-specific baseline adapted to etard_tf64
etard_tf64,vlaai,reconstruction,gate0_gate2_subject_specific_modelset_etard_full_v1,0,P14,mean_recording_pearson_r,0.05867155221729099,40,vlaai_epoch_1,subject_specific_modelset_etard_full,gate0_gate2_subject_specific_modelset_etard_full_v1,local adaptation
etard_tf64,happyquokka,reconstruction,gate0_gate2_subject_specific_modelset_etard_full_v1,0,P14,mean_recording_pearson_r,0.08950972812778368,40,happyquokka_epoch_50,subject_specific_modelset_etard_full,gate0_gate2_subject_specific_modelset_etard_full_v1,seeded local 10s-chunk adaptation
etard_tf64,linear,reconstruction,gate0_gate2_subject_specific_modelset_etard_full_v1,0,P15,mean_recording_pearson_r,0.03575930866909134,40,linear_ols,subject_specific_modelset_etard_full,gate0_gate2_subject_specific_modelset_etard_full_v1,budgeted linear-family baseline
etard_tf64,ridge,reconstruction,gate0_gate2_subject_specific_modelset_etard_full_v1,0,P15,mean_recording_pearson_r,0.06726727928279859,40,ridge_alpha_10.0,subject_specific_modelset_etard_full,gate0_gate2_subject_specific_modelset_etard_full_v1,accepted reference subject-specific baseline adapted to etard_tf64
etard_tf64,lasso,reconstruction,gate0_gate2_subject_specific_modelset_etard_full_v1,0,P15,mean_recording_pearson_r,0.035894811642643396,40,lasso_alpha_0.001,subject_specific_modelset_etard_full,gate0_gate2_subject_specific_modelset_etard_full_v1,budgeted linear-family baseline
etard_tf64,elasticnet,reconstruction,gate0_gate2_subject_specific_modelset_etard_full_v1,0,P15,mean_recording_pearson_r,0.04039095475753615,40,elasticnet_alpha_0.001_l1_0.2,subject_specific_modelset_etard_full,gate0_gate2_subject_specific_modelset_etard_full_v1,budgeted linear-family baseline
etard_tf64,cca,reconstruction,gate0_gate2_subject_specific_modelset_etard_full_v1,0,P15,mean_recording_pearson_r,0.06403622598984142,40,cca_nc_2,subject_specific_modelset_etard_full,gate0_gate2_subject_specific_modelset_etard_full_v1,accepted reference subject-specific baseline adapted to etard_tf64
etard_tf64,fcnn,reconstruction,gate0_gate2_subject_specific_modelset_etard_full_v1,0,P15,mean_recording_pearson_r,0.040556352495744706,40,fcnn_epoch_6,subject_specific_modelset_etard_full,gate0_gate2_subject_specific_modelset_etard_full_v1,accepted reference subject-specific baseline adapted to etard_tf64
etard_tf64,dnn,reconstruction,gate0_gate2_subject_specific_modelset_etard_full_v1,0,P15,mean_recording_pearson_r,0.040556352495744706,40,dnn_epoch_6,subject_specific_modelset_etard_full,gate0_gate2_subject_specific_modelset_etard_full_v1,accepted reference subject-specific baseline adapted to etard_tf64
etard_tf64,cnn,reconstruction,gate0_gate2_subject_specific_modelset_etard_full_v1,0,P15,mean_recording_pearson_r,0.05830870528200367,40,cnn_epoch_3,subject_specific_modelset_etard_full,gate0_gate2_subject_specific_modelset_etard_full_v1,accepted reference subject-specific baseline adapted to etard_tf64
etard_tf64,eegnet,reconstruction,gate0_gate2_subject_specific_modelset_etard_full_v1,0,P15,mean_recording_pearson_r,0.0777965743993791,40,eegnet_epoch_14,subject_specific_modelset_etard_full,gate0_gate2_subject_specific_modelset_etard_full_v1,accepted reference subject-specific baseline adapted to etard_tf64
etard_tf64,adt,reconstruction,gate0_gate2_subject_specific_modelset_etard_full_v1,0,P15,mean_recording_pearson_r,0.05704922129323927,40,adt_epoch_12,subject_specific_modelset_etard_full,gate0_gate2_subject_specific_modelset_etard_full_v1,accepted reference subject-specific baseline adapted to etard_tf64
etard_tf64,vlaai,reconstruction,gate0_gate2_subject_specific_modelset_etard_full_v1,0,P15,mean_recording_pearson_r,0.044336334017568015,40,vlaai_epoch_3,subject_specific_modelset_etard_full,gate0_gate2_subject_specific_modelset_etard_full_v1,local adaptation
etard_tf64,happyquokka,reconstruction,gate0_gate2_subject_specific_modelset_etard_full_v1,0,P15,mean_recording_pearson_r,0.02916388892291783,40,happyquokka_epoch_3,subject_specific_modelset_etard_full,gate0_gate2_subject_specific_modelset_etard_full_v1,seeded local 10s-chunk adaptation
etard_tf64,linear,reconstruction,gate0_gate2_subject_specific_modelset_etard_full_v1,0,P16,mean_recording_pearson_r,0.0711059082347851,40,linear_ols,subject_specific_modelset_etard_full,gate0_gate2_subject_specific_modelset_etard_full_v1,budgeted linear-family baseline
etard_tf64,ridge,reconstruction,gate0_gate2_subject_specific_modelset_etard_full_v1,0,P16,mean_recording_pearson_r,0.11813192395831215,40,ridge_alpha_100.0,subject_specific_modelset_etard_full,gate0_gate2_subject_specific_modelset_etard_full_v1,accepted reference subject-specific baseline adapted to etard_tf64
etard_tf64,lasso,reconstruction,gate0_gate2_subject_specific_modelset_etard_full_v1,0,P16,mean_recording_pearson_r,0.07484423424507362,40,lasso_alpha_0.001,subject_specific_modelset_etard_full,gate0_gate2_subject_specific_modelset_etard_full_v1,budgeted linear-family baseline
etard_tf64,elasticnet,reconstruction,gate0_gate2_subject_specific_modelset_etard_full_v1,0,P16,mean_recording_pearson_r,0.07720474128208869,40,elasticnet_alpha_0.001_l1_0.8,subject_specific_modelset_etard_full,gate0_gate2_subject_specific_modelset_etard_full_v1,budgeted linear-family baseline
etard_tf64,cca,reconstruction,gate0_gate2_subject_specific_modelset_etard_full_v1,0,P16,mean_recording_pearson_r,0.04092622456293053,40,cca_nc_1,subject_specific_modelset_etard_full,gate0_gate2_subject_specific_modelset_etard_full_v1,accepted reference subject-specific baseline adapted to etard_tf64
etard_tf64,fcnn,reconstruction,gate0_gate2_subject_specific_modelset_etard_full_v1,0,P16,mean_recording_pearson_r,0.05426133034692733,40,fcnn_epoch_6,subject_specific_modelset_etard_full,gate0_gate2_subject_specific_modelset_etard_full_v1,accepted reference subject-specific baseline adapted to etard_tf64
etard_tf64,dnn,reconstruction,gate0_gate2_subject_specific_modelset_etard_full_v1,0,P16,mean_recording_pearson_r,0.05426133034692733,40,dnn_epoch_6,subject_specific_modelset_etard_full,gate0_gate2_subject_specific_modelset_etard_full_v1,accepted reference subject-specific baseline adapted to etard_tf64
etard_tf64,cnn,reconstruction,gate0_gate2_subject_specific_modelset_etard_full_v1,0,P16,mean_recording_pearson_r,0.103017940987242,40,cnn_epoch_7,subject_specific_modelset_etard_full,gate0_gate2_subject_specific_modelset_etard_full_v1,accepted reference subject-specific baseline adapted to etard_tf64
etard_tf64,eegnet,reconstruction,gate0_gate2_subject_specific_modelset_etard_full_v1,0,P16,mean_recording_pearson_r,0.12276862974016223,40,eegnet_epoch_27,subject_specific_modelset_etard_full,gate0_gate2_subject_specific_modelset_etard_full_v1,accepted reference subject-specific baseline adapted to etard_tf64
etard_tf64,adt,reconstruction,gate0_gate2_subject_specific_modelset_etard_full_v1,0,P16,mean_recording_pearson_r,0.10777638570789536,40,adt_epoch_5,subject_specific_modelset_etard_full,gate0_gate2_subject_specific_modelset_etard_full_v1,accepted reference subject-specific baseline adapted to etard_tf64
etard_tf64,vlaai,reconstruction,gate0_gate2_subject_specific_modelset_etard_full_v1,0,P16,mean_recording_pearson_r,0.0611247498919524,40,vlaai_epoch_1,subject_specific_modelset_etard_full,gate0_gate2_subject_specific_modelset_etard_full_v1,local adaptation
etard_tf64,happyquokka,reconstruction,gate0_gate2_subject_specific_modelset_etard_full_v1,0,P16,mean_recording_pearson_r,0.12487284926335121,40,happyquokka_epoch_53,subject_specific_modelset_etard_full,gate0_gate2_subject_specific_modelset_etard_full_v1,seeded local 10s-chunk adaptation
etard_tf64,linear,reconstruction,gate0_gate2_subject_specific_modelset_etard_full_v1,0,P17,mean_recording_pearson_r,0.07796594662091005,40,linear_ols,subject_specific_modelset_etard_full,gate0_gate2_subject_specific_modelset_etard_full_v1,budgeted linear-family baseline
etard_tf64,ridge,reconstruction,gate0_gate2_subject_specific_modelset_etard_full_v1,0,P17,mean_recording_pearson_r,0.14795819663695847,40,ridge_alpha_10.0,subject_specific_modelset_etard_full,gate0_gate2_subject_specific_modelset_etard_full_v1,accepted reference subject-specific baseline adapted to etard_tf64
etard_tf64,lasso,reconstruction,gate0_gate2_subject_specific_modelset_etard_full_v1,0,P17,mean_recording_pearson_r,0.09829333518054215,40,lasso_alpha_0.001,subject_specific_modelset_etard_full,gate0_gate2_subject_specific_modelset_etard_full_v1,budgeted linear-family baseline
etard_tf64,elasticnet,reconstruction,gate0_gate2_subject_specific_modelset_etard_full_v1,0,P17,mean_recording_pearson_r,0.09568762844810304,40,elasticnet_alpha_0.01_l1_0.2,subject_specific_modelset_etard_full,gate0_gate2_subject_specific_modelset_etard_full_v1,budgeted linear-family baseline
etard_tf64,cca,reconstruction,gate0_gate2_subject_specific_modelset_etard_full_v1,0,P17,mean_recording_pearson_r,0.09540391353379328,40,cca_nc_4,subject_specific_modelset_etard_full,gate0_gate2_subject_specific_modelset_etard_full_v1,accepted reference subject-specific baseline adapted to etard_tf64
etard_tf64,fcnn,reconstruction,gate0_gate2_subject_specific_modelset_etard_full_v1,0,P17,mean_recording_pearson_r,0.07856808728299906,40,fcnn_epoch_1,subject_specific_modelset_etard_full,gate0_gate2_subject_specific_modelset_etard_full_v1,accepted reference subject-specific baseline adapted to etard_tf64
etard_tf64,dnn,reconstruction,gate0_gate2_subject_specific_modelset_etard_full_v1,0,P17,mean_recording_pearson_r,0.07856808728299906,40,dnn_epoch_1,subject_specific_modelset_etard_full,gate0_gate2_subject_specific_modelset_etard_full_v1,accepted reference subject-specific baseline adapted to etard_tf64
etard_tf64,cnn,reconstruction,gate0_gate2_subject_specific_modelset_etard_full_v1,0,P17,mean_recording_pearson_r,0.12124594896572272,40,cnn_epoch_6,subject_specific_modelset_etard_full,gate0_gate2_subject_specific_modelset_etard_full_v1,accepted reference subject-specific baseline adapted to etard_tf64
etard_tf64,eegnet,reconstruction,gate0_gate2_subject_specific_modelset_etard_full_v1,0,P17,mean_recording_pearson_r,0.13446085755397444,40,eegnet_epoch_18,subject_specific_modelset_etard_full,gate0_gate2_subject_specific_modelset_etard_full_v1,accepted reference subject-specific baseline adapted to etard_tf64
etard_tf64,adt,reconstruction,gate0_gate2_subject_specific_modelset_etard_full_v1,0,P17,mean_recording_pearson_r,0.1003977549262971,40,adt_epoch_3,subject_specific_modelset_etard_full,gate0_gate2_subject_specific_modelset_etard_full_v1,accepted reference subject-specific baseline adapted to etard_tf64
etard_tf64,vlaai,reconstruction,gate0_gate2_subject_specific_modelset_etard_full_v1,0,P17,mean_recording_pearson_r,0.12827049791989067,40,vlaai_epoch_1,subject_specific_modelset_etard_full,gate0_gate2_subject_specific_modelset_etard_full_v1,local adaptation
etard_tf64,happyquokka,reconstruction,gate0_gate2_subject_specific_modelset_etard_full_v1,0,P17,mean_recording_pearson_r,0.021355060596036726,40,happyquokka_epoch_9,subject_specific_modelset_etard_full,gate0_gate2_subject_specific_modelset_etard_full_v1,seeded local 10s-chunk adaptation
etard_tf64,linear,reconstruction,gate0_gate2_subject_specific_modelset_etard_full_v1,0,P18,mean_recording_pearson_r,0.04372589579464113,40,linear_ols,subject_specific_modelset_etard_full,gate0_gate2_subject_specific_modelset_etard_full_v1,budgeted linear-family baseline
etard_tf64,ridge,reconstruction,gate0_gate2_subject_specific_modelset_etard_full_v1,0,P18,mean_recording_pearson_r,0.10787038764023249,40,ridge_alpha_1.0,subject_specific_modelset_etard_full,gate0_gate2_subject_specific_modelset_etard_full_v1,accepted reference subject-specific baseline adapted to etard_tf64
etard_tf64,lasso,reconstruction,gate0_gate2_subject_specific_modelset_etard_full_v1,0,P18,mean_recording_pearson_r,0.06066668707590857,40,lasso_alpha_0.001,subject_specific_modelset_etard_full,gate0_gate2_subject_specific_modelset_etard_full_v1,budgeted linear-family baseline
etard_tf64,elasticnet,reconstruction,gate0_gate2_subject_specific_modelset_etard_full_v1,0,P18,mean_recording_pearson_r,0.05627196236238341,40,elasticnet_alpha_0.01_l1_0.2,subject_specific_modelset_etard_full,gate0_gate2_subject_specific_modelset_etard_full_v1,budgeted linear-family baseline
etard_tf64,cca,reconstruction,gate0_gate2_subject_specific_modelset_etard_full_v1,0,P18,mean_recording_pearson_r,0.07395424817879186,40,cca_nc_1,subject_specific_modelset_etard_full,gate0_gate2_subject_specific_modelset_etard_full_v1,accepted reference subject-specific baseline adapted to etard_tf64
etard_tf64,fcnn,reconstruction,gate0_gate2_subject_specific_modelset_etard_full_v1,0,P18,mean_recording_pearson_r,0.07081393124511721,40,fcnn_epoch_2,subject_specific_modelset_etard_full,gate0_gate2_subject_specific_modelset_etard_full_v1,accepted reference subject-specific baseline adapted to etard_tf64
etard_tf64,dnn,reconstruction,gate0_gate2_subject_specific_modelset_etard_full_v1,0,P18,mean_recording_pearson_r,0.07081393124511721,40,dnn_epoch_2,subject_specific_modelset_etard_full,gate0_gate2_subject_specific_modelset_etard_full_v1,accepted reference subject-specific baseline adapted to etard_tf64
etard_tf64,cnn,reconstruction,gate0_gate2_subject_specific_modelset_etard_full_v1,0,P18,mean_recording_pearson_r,0.09078082662896123,40,cnn_epoch_10,subject_specific_modelset_etard_full,gate0_gate2_subject_specific_modelset_etard_full_v1,accepted reference subject-specific baseline adapted to etard_tf64
etard_tf64,eegnet,reconstruction,gate0_gate2_subject_specific_modelset_etard_full_v1,0,P18,mean_recording_pearson_r,0.10783895790556337,40,eegnet_epoch_15,subject_specific_modelset_etard_full,gate0_gate2_subject_specific_modelset_etard_full_v1,accepted reference subject-specific baseline adapted to etard_tf64
etard_tf64,adt,reconstruction,gate0_gate2_subject_specific_modelset_etard_full_v1,0,P18,mean_recording_pearson_r,0.08391165936342672,40,adt_epoch_5,subject_specific_modelset_etard_full,gate0_gate2_subject_specific_modelset_etard_full_v1,accepted reference subject-specific baseline adapted to etard_tf64
etard_tf64,vlaai,reconstruction,gate0_gate2_subject_specific_modelset_etard_full_v1,0,P18,mean_recording_pearson_r,0.07870512409147196,40,vlaai_epoch_3,subject_specific_modelset_etard_full,gate0_gate2_subject_specific_modelset_etard_full_v1,local adaptation
etard_tf64,happyquokka,reconstruction,gate0_gate2_subject_specific_modelset_etard_full_v1,0,P18,mean_recording_pearson_r,0.11431756828759317,40,happyquokka_epoch_70,subject_specific_modelset_etard_full,gate0_gate2_subject_specific_modelset_etard_full_v1,seeded local 10s-chunk adaptation
etard_tf64,linear,reconstruction,gate0_gate2_subject_specific_modelset_etard_full_v1,0,P19,mean_recording_pearson_r,0.09208468611972889,40,linear_ols,subject_specific_modelset_etard_full,gate0_gate2_subject_specific_modelset_etard_full_v1,budgeted linear-family baseline
etard_tf64,ridge,reconstruction,gate0_gate2_subject_specific_modelset_etard_full_v1,0,P19,mean_recording_pearson_r,0.16144853037947177,40,ridge_alpha_100.0,subject_specific_modelset_etard_full,gate0_gate2_subject_specific_modelset_etard_full_v1,accepted reference subject-specific baseline adapted to etard_tf64
etard_tf64,lasso,reconstruction,gate0_gate2_subject_specific_modelset_etard_full_v1,0,P19,mean_recording_pearson_r,0.12323275546491808,40,lasso_alpha_0.001,subject_specific_modelset_etard_full,gate0_gate2_subject_specific_modelset_etard_full_v1,budgeted linear-family baseline
etard_tf64,elasticnet,reconstruction,gate0_gate2_subject_specific_modelset_etard_full_v1,0,P19,mean_recording_pearson_r,0.12188786540477689,40,elasticnet_alpha_0.01_l1_0.2,subject_specific_modelset_etard_full,gate0_gate2_subject_specific_modelset_etard_full_v1,budgeted linear-family baseline
etard_tf64,cca,reconstruction,gate0_gate2_subject_specific_modelset_etard_full_v1,0,P19,mean_recording_pearson_r,0.10494066820111417,40,cca_nc_2,subject_specific_modelset_etard_full,gate0_gate2_subject_specific_modelset_etard_full_v1,accepted reference subject-specific baseline adapted to etard_tf64
etard_tf64,fcnn,reconstruction,gate0_gate2_subject_specific_modelset_etard_full_v1,0,P19,mean_recording_pearson_r,0.08611850732607111,40,fcnn_epoch_2,subject_specific_modelset_etard_full,gate0_gate2_subject_specific_modelset_etard_full_v1,accepted reference subject-specific baseline adapted to etard_tf64
etard_tf64,dnn,reconstruction,gate0_gate2_subject_specific_modelset_etard_full_v1,0,P19,mean_recording_pearson_r,0.08611850732607111,40,dnn_epoch_2,subject_specific_modelset_etard_full,gate0_gate2_subject_specific_modelset_etard_full_v1,accepted reference subject-specific baseline adapted to etard_tf64
etard_tf64,cnn,reconstruction,gate0_gate2_subject_specific_modelset_etard_full_v1,0,P19,mean_recording_pearson_r,0.14942029236290666,40,cnn_epoch_3,subject_specific_modelset_etard_full,gate0_gate2_subject_specific_modelset_etard_full_v1,accepted reference subject-specific baseline adapted to etard_tf64
etard_tf64,eegnet,reconstruction,gate0_gate2_subject_specific_modelset_etard_full_v1,0,P19,mean_recording_pearson_r,0.14300122002598564,40,eegnet_epoch_15,subject_specific_modelset_etard_full,gate0_gate2_subject_specific_modelset_etard_full_v1,accepted reference subject-specific baseline adapted to etard_tf64
etard_tf64,adt,reconstruction,gate0_gate2_subject_specific_modelset_etard_full_v1,0,P19,mean_recording_pearson_r,0.17836711700679272,40,adt_epoch_6,subject_specific_modelset_etard_full,gate0_gate2_subject_specific_modelset_etard_full_v1,accepted reference subject-specific baseline adapted to etard_tf64
etard_tf64,vlaai,reconstruction,gate0_gate2_subject_specific_modelset_etard_full_v1,0,P19,mean_recording_pearson_r,0.14016780688126576,40,vlaai_epoch_1,subject_specific_modelset_etard_full,gate0_gate2_subject_specific_modelset_etard_full_v1,local adaptation
etard_tf64,happyquokka,reconstruction,gate0_gate2_subject_specific_modelset_etard_full_v1,0,P19,mean_recording_pearson_r,0.14192030209752451,40,happyquokka_epoch_30,subject_specific_modelset_etard_full,gate0_gate2_subject_specific_modelset_etard_full_v1,seeded local 10s-chunk adaptation
