dataset,model,task,protocol,seed,subject_id,recording_id,sampling_rate,metric_name,metric_value,num_valid_samples,checkpoint_id,artifact_scope
weissbart_tf64,ridge,reconstruction,gate0_gate2_loso_ridge_full_v1,0,P00,test_-_P00_-_AUNP01,64,pearson_r,0.14631595461339333,990,ridge_alpha_0.001,subject_independent_loso_ridge_full
weissbart_tf64,ridge,reconstruction,gate0_gate2_loso_ridge_full_v1,0,P00,test_-_P00_-_AUNP02,64,pearson_r,0.11493998258423316,970,ridge_alpha_0.001,subject_independent_loso_ridge_full
weissbart_tf64,ridge,reconstruction,gate0_gate2_loso_ridge_full_v1,0,P00,test_-_P00_-_AUNP03,64,pearson_r,0.15194048558550882,890,ridge_alpha_0.001,subject_independent_loso_ridge_full
weissbart_tf64,ridge,reconstruction,gate0_gate2_loso_ridge_full_v1,0,P00,test_-_P00_-_AUNP04,64,pearson_r,0.09027519273237421,870,ridge_alpha_0.001,subject_independent_loso_ridge_full
weissbart_tf64,ridge,reconstruction,gate0_gate2_loso_ridge_full_v1,0,P00,test_-_P00_-_AUNP05,64,pearson_r,-0.002688372833554645,1191,ridge_alpha_0.001,subject_independent_loso_ridge_full
weissbart_tf64,ridge,reconstruction,gate0_gate2_loso_ridge_full_v1,0,P00,test_-_P00_-_AUNP06,64,pearson_r,0.2377245621886591,894,ridge_alpha_0.001,subject_independent_loso_ridge_full
weissbart_tf64,ridge,reconstruction,gate0_gate2_loso_ridge_full_v1,0,P00,test_-_P00_-_AUNP07,64,pearson_r,0.06909548031247048,1134,ridge_alpha_0.001,subject_independent_loso_ridge_full
weissbart_tf64,ridge,reconstruction,gate0_gate2_loso_ridge_full_v1,0,P00,test_-_P00_-_AUNP08,64,pearson_r,0.1846397673634261,1104,ridge_alpha_0.001,subject_independent_loso_ridge_full
weissbart_tf64,ridge,reconstruction,gate0_gate2_loso_ridge_full_v1,0,P00,test_-_P00_-_BROP01,64,pearson_r,0.16990237344167997,1017,ridge_alpha_0.001,subject_independent_loso_ridge_full
weissbart_tf64,ridge,reconstruction,gate0_gate2_loso_ridge_full_v1,0,P00,test_-_P00_-_BROP02,64,pearson_r,-0.010361154597820771,1120,ridge_alpha_0.001,subject_independent_loso_ridge_full
weissbart_tf64,ridge,reconstruction,gate0_gate2_loso_ridge_full_v1,0,P00,test_-_P00_-_BROP03,64,pearson_r,0.17435717249166763,1000,ridge_alpha_0.001,subject_independent_loso_ridge_full
weissbart_tf64,ridge,reconstruction,gate0_gate2_loso_ridge_full_v1,0,P00,test_-_P00_-_FLOP01,64,pearson_r,0.03955046073103782,779,ridge_alpha_0.001,subject_independent_loso_ridge_full
weissbart_tf64,ridge,reconstruction,gate0_gate2_loso_ridge_full_v1,0,P00,test_-_P00_-_FLOP02,64,pearson_r,0.09573824345278965,699,ridge_alpha_0.001,subject_independent_loso_ridge_full
weissbart_tf64,ridge,reconstruction,gate0_gate2_loso_ridge_full_v1,0,P00,test_-_P00_-_FLOP03,64,pearson_r,0.04889101126627555,655,ridge_alpha_0.001,subject_independent_loso_ridge_full
weissbart_tf64,ridge,reconstruction,gate0_gate2_loso_ridge_full_v1,0,P00,test_-_P00_-_FLOP04,64,pearson_r,0.06957957032772043,1213,ridge_alpha_0.001,subject_independent_loso_ridge_full
weissbart_tf64,ridge,reconstruction,gate0_gate2_loso_ridge_full_v1,0,P01,test_-_P01_-_AUNP01,64,pearson_r,0.12632524388615166,990,ridge_alpha_0.001,subject_independent_loso_ridge_full
weissbart_tf64,ridge,reconstruction,gate0_gate2_loso_ridge_full_v1,0,P01,test_-_P01_-_AUNP02,64,pearson_r,0.06422725977662919,970,ridge_alpha_0.001,subject_independent_loso_ridge_full
weissbart_tf64,ridge,reconstruction,gate0_gate2_loso_ridge_full_v1,0,P01,test_-_P01_-_AUNP03,64,pearson_r,0.05039652329525971,890,ridge_alpha_0.001,subject_independent_loso_ridge_full
weissbart_tf64,ridge,reconstruction,gate0_gate2_loso_ridge_full_v1,0,P01,test_-_P01_-_AUNP04,64,pearson_r,0.13449794368896473,870,ridge_alpha_0.001,subject_independent_loso_ridge_full
weissbart_tf64,ridge,reconstruction,gate0_gate2_loso_ridge_full_v1,0,P01,test_-_P01_-_AUNP05,64,pearson_r,0.16087396127240486,1191,ridge_alpha_0.001,subject_independent_loso_ridge_full
weissbart_tf64,ridge,reconstruction,gate0_gate2_loso_ridge_full_v1,0,P01,test_-_P01_-_AUNP06,64,pearson_r,0.2207272733516365,894,ridge_alpha_0.001,subject_independent_loso_ridge_full
weissbart_tf64,ridge,reconstruction,gate0_gate2_loso_ridge_full_v1,0,P01,test_-_P01_-_AUNP07,64,pearson_r,-0.2199566740551293,1134,ridge_alpha_0.001,subject_independent_loso_ridge_full
weissbart_tf64,ridge,reconstruction,gate0_gate2_loso_ridge_full_v1,0,P01,test_-_P01_-_AUNP08,64,pearson_r,-0.01696124545381816,1104,ridge_alpha_0.001,subject_independent_loso_ridge_full
weissbart_tf64,ridge,reconstruction,gate0_gate2_loso_ridge_full_v1,0,P01,test_-_P01_-_BROP01,64,pearson_r,-0.017798524870801982,1017,ridge_alpha_0.001,subject_independent_loso_ridge_full
weissbart_tf64,ridge,reconstruction,gate0_gate2_loso_ridge_full_v1,0,P01,test_-_P01_-_BROP02,64,pearson_r,0.02798049077014947,1120,ridge_alpha_0.001,subject_independent_loso_ridge_full
weissbart_tf64,ridge,reconstruction,gate0_gate2_loso_ridge_full_v1,0,P01,test_-_P01_-_BROP03,64,pearson_r,-0.11357044425184834,1000,ridge_alpha_0.001,subject_independent_loso_ridge_full
weissbart_tf64,ridge,reconstruction,gate0_gate2_loso_ridge_full_v1,0,P01,test_-_P01_-_FLOP01,64,pearson_r,0.05633787032406872,779,ridge_alpha_0.001,subject_independent_loso_ridge_full
weissbart_tf64,ridge,reconstruction,gate0_gate2_loso_ridge_full_v1,0,P01,test_-_P01_-_FLOP02,64,pearson_r,-0.013269485135599083,699,ridge_alpha_0.001,subject_independent_loso_ridge_full
weissbart_tf64,ridge,reconstruction,gate0_gate2_loso_ridge_full_v1,0,P01,test_-_P01_-_FLOP03,64,pearson_r,-0.03460674828303933,655,ridge_alpha_0.001,subject_independent_loso_ridge_full
weissbart_tf64,ridge,reconstruction,gate0_gate2_loso_ridge_full_v1,0,P01,test_-_P01_-_FLOP04,64,pearson_r,0.2429144939181249,1213,ridge_alpha_0.001,subject_independent_loso_ridge_full
weissbart_tf64,ridge,reconstruction,gate0_gate2_loso_ridge_full_v1,0,P02,test_-_P02_-_AUNP01,64,pearson_r,-0.0317450401247168,990,ridge_alpha_0.001,subject_independent_loso_ridge_full
weissbart_tf64,ridge,reconstruction,gate0_gate2_loso_ridge_full_v1,0,P02,test_-_P02_-_AUNP02,64,pearson_r,-0.00046907395482962083,970,ridge_alpha_0.001,subject_independent_loso_ridge_full
weissbart_tf64,ridge,reconstruction,gate0_gate2_loso_ridge_full_v1,0,P02,test_-_P02_-_AUNP03,64,pearson_r,0.19220150467207567,890,ridge_alpha_0.001,subject_independent_loso_ridge_full
weissbart_tf64,ridge,reconstruction,gate0_gate2_loso_ridge_full_v1,0,P02,test_-_P02_-_AUNP04,64,pearson_r,0.2271406303765391,870,ridge_alpha_0.001,subject_independent_loso_ridge_full
weissbart_tf64,ridge,reconstruction,gate0_gate2_loso_ridge_full_v1,0,P02,test_-_P02_-_AUNP05,64,pearson_r,-0.024152578964129794,1191,ridge_alpha_0.001,subject_independent_loso_ridge_full
weissbart_tf64,ridge,reconstruction,gate0_gate2_loso_ridge_full_v1,0,P02,test_-_P02_-_AUNP06,64,pearson_r,-0.013153494070065571,894,ridge_alpha_0.001,subject_independent_loso_ridge_full
weissbart_tf64,ridge,reconstruction,gate0_gate2_loso_ridge_full_v1,0,P02,test_-_P02_-_AUNP07,64,pearson_r,0.017190369723677424,1134,ridge_alpha_0.001,subject_independent_loso_ridge_full
weissbart_tf64,ridge,reconstruction,gate0_gate2_loso_ridge_full_v1,0,P02,test_-_P02_-_AUNP08,64,pearson_r,-0.00790565556124186,1104,ridge_alpha_0.001,subject_independent_loso_ridge_full
weissbart_tf64,ridge,reconstruction,gate0_gate2_loso_ridge_full_v1,0,P02,test_-_P02_-_BROP01,64,pearson_r,0.1385473382323795,1017,ridge_alpha_0.001,subject_independent_loso_ridge_full
weissbart_tf64,ridge,reconstruction,gate0_gate2_loso_ridge_full_v1,0,P02,test_-_P02_-_BROP02,64,pearson_r,-0.09702395741761231,1120,ridge_alpha_0.001,subject_independent_loso_ridge_full
weissbart_tf64,ridge,reconstruction,gate0_gate2_loso_ridge_full_v1,0,P02,test_-_P02_-_BROP03,64,pearson_r,0.14410632338678137,1000,ridge_alpha_0.001,subject_independent_loso_ridge_full
weissbart_tf64,ridge,reconstruction,gate0_gate2_loso_ridge_full_v1,0,P02,test_-_P02_-_FLOP01,64,pearson_r,0.11025634947089766,779,ridge_alpha_0.001,subject_independent_loso_ridge_full
weissbart_tf64,ridge,reconstruction,gate0_gate2_loso_ridge_full_v1,0,P02,test_-_P02_-_FLOP02,64,pearson_r,0.06403771635982125,699,ridge_alpha_0.001,subject_independent_loso_ridge_full
weissbart_tf64,ridge,reconstruction,gate0_gate2_loso_ridge_full_v1,0,P02,test_-_P02_-_FLOP03,64,pearson_r,-0.06347261375888857,655,ridge_alpha_0.001,subject_independent_loso_ridge_full
weissbart_tf64,ridge,reconstruction,gate0_gate2_loso_ridge_full_v1,0,P02,test_-_P02_-_FLOP04,64,pearson_r,0.07293920181490383,1213,ridge_alpha_0.001,subject_independent_loso_ridge_full
weissbart_tf64,ridge,reconstruction,gate0_gate2_loso_ridge_full_v1,0,P03,test_-_P03_-_AUNP01,64,pearson_r,-0.02042564461767149,990,ridge_alpha_0.001,subject_independent_loso_ridge_full
weissbart_tf64,ridge,reconstruction,gate0_gate2_loso_ridge_full_v1,0,P03,test_-_P03_-_AUNP02,64,pearson_r,0.1951147040165684,970,ridge_alpha_0.001,subject_independent_loso_ridge_full
weissbart_tf64,ridge,reconstruction,gate0_gate2_loso_ridge_full_v1,0,P03,test_-_P03_-_AUNP03,64,pearson_r,0.05879962878583378,890,ridge_alpha_0.001,subject_independent_loso_ridge_full
weissbart_tf64,ridge,reconstruction,gate0_gate2_loso_ridge_full_v1,0,P03,test_-_P03_-_AUNP04,64,pearson_r,0.10253127123206032,870,ridge_alpha_0.001,subject_independent_loso_ridge_full
weissbart_tf64,ridge,reconstruction,gate0_gate2_loso_ridge_full_v1,0,P03,test_-_P03_-_AUNP05,64,pearson_r,0.13770586886371022,1191,ridge_alpha_0.001,subject_independent_loso_ridge_full
weissbart_tf64,ridge,reconstruction,gate0_gate2_loso_ridge_full_v1,0,P03,test_-_P03_-_AUNP06,64,pearson_r,0.20544847110721878,894,ridge_alpha_0.001,subject_independent_loso_ridge_full
weissbart_tf64,ridge,reconstruction,gate0_gate2_loso_ridge_full_v1,0,P03,test_-_P03_-_AUNP07,64,pearson_r,0.018699276728192757,1134,ridge_alpha_0.001,subject_independent_loso_ridge_full
weissbart_tf64,ridge,reconstruction,gate0_gate2_loso_ridge_full_v1,0,P03,test_-_P03_-_AUNP08,64,pearson_r,0.009152578256419007,1104,ridge_alpha_0.001,subject_independent_loso_ridge_full
weissbart_tf64,ridge,reconstruction,gate0_gate2_loso_ridge_full_v1,0,P03,test_-_P03_-_BROP01,64,pearson_r,0.09618626066655529,1017,ridge_alpha_0.001,subject_independent_loso_ridge_full
weissbart_tf64,ridge,reconstruction,gate0_gate2_loso_ridge_full_v1,0,P03,test_-_P03_-_BROP02,64,pearson_r,-0.014918987819211185,1120,ridge_alpha_0.001,subject_independent_loso_ridge_full
weissbart_tf64,ridge,reconstruction,gate0_gate2_loso_ridge_full_v1,0,P03,test_-_P03_-_BROP03,64,pearson_r,0.15644018162954026,1000,ridge_alpha_0.001,subject_independent_loso_ridge_full
weissbart_tf64,ridge,reconstruction,gate0_gate2_loso_ridge_full_v1,0,P03,test_-_P03_-_FLOP01,64,pearson_r,0.08285570297606351,779,ridge_alpha_0.001,subject_independent_loso_ridge_full
weissbart_tf64,ridge,reconstruction,gate0_gate2_loso_ridge_full_v1,0,P03,test_-_P03_-_FLOP02,64,pearson_r,0.05046874815880656,699,ridge_alpha_0.001,subject_independent_loso_ridge_full
weissbart_tf64,ridge,reconstruction,gate0_gate2_loso_ridge_full_v1,0,P03,test_-_P03_-_FLOP03,64,pearson_r,0.32290521786099213,655,ridge_alpha_0.001,subject_independent_loso_ridge_full
weissbart_tf64,ridge,reconstruction,gate0_gate2_loso_ridge_full_v1,0,P03,test_-_P03_-_FLOP04,64,pearson_r,0.09103946821850847,1213,ridge_alpha_0.001,subject_independent_loso_ridge_full
weissbart_tf64,ridge,reconstruction,gate0_gate2_loso_ridge_full_v1,0,P04,test_-_P04_-_AUNP01,64,pearson_r,0.10841678717510461,990,ridge_alpha_0.001,subject_independent_loso_ridge_full
weissbart_tf64,ridge,reconstruction,gate0_gate2_loso_ridge_full_v1,0,P04,test_-_P04_-_AUNP02,64,pearson_r,0.04253223055133836,970,ridge_alpha_0.001,subject_independent_loso_ridge_full
weissbart_tf64,ridge,reconstruction,gate0_gate2_loso_ridge_full_v1,0,P04,test_-_P04_-_AUNP03,64,pearson_r,0.08955440379955387,890,ridge_alpha_0.001,subject_independent_loso_ridge_full
weissbart_tf64,ridge,reconstruction,gate0_gate2_loso_ridge_full_v1,0,P04,test_-_P04_-_AUNP04,64,pearson_r,0.18829593191012092,870,ridge_alpha_0.001,subject_independent_loso_ridge_full
weissbart_tf64,ridge,reconstruction,gate0_gate2_loso_ridge_full_v1,0,P04,test_-_P04_-_AUNP05,64,pearson_r,0.14543561135053848,1191,ridge_alpha_0.001,subject_independent_loso_ridge_full
weissbart_tf64,ridge,reconstruction,gate0_gate2_loso_ridge_full_v1,0,P04,test_-_P04_-_AUNP06,64,pearson_r,0.1345718434909505,894,ridge_alpha_0.001,subject_independent_loso_ridge_full
weissbart_tf64,ridge,reconstruction,gate0_gate2_loso_ridge_full_v1,0,P04,test_-_P04_-_AUNP07,64,pearson_r,0.020383239216046133,1134,ridge_alpha_0.001,subject_independent_loso_ridge_full
weissbart_tf64,ridge,reconstruction,gate0_gate2_loso_ridge_full_v1,0,P04,test_-_P04_-_AUNP08,64,pearson_r,-0.0757730381973407,1104,ridge_alpha_0.001,subject_independent_loso_ridge_full
weissbart_tf64,ridge,reconstruction,gate0_gate2_loso_ridge_full_v1,0,P04,test_-_P04_-_BROP01,64,pearson_r,-0.05277405025949044,1017,ridge_alpha_0.001,subject_independent_loso_ridge_full
weissbart_tf64,ridge,reconstruction,gate0_gate2_loso_ridge_full_v1,0,P04,test_-_P04_-_BROP02,64,pearson_r,-0.12680462310208057,1120,ridge_alpha_0.001,subject_independent_loso_ridge_full
weissbart_tf64,ridge,reconstruction,gate0_gate2_loso_ridge_full_v1,0,P04,test_-_P04_-_BROP03,64,pearson_r,0.20046094062899258,1000,ridge_alpha_0.001,subject_independent_loso_ridge_full
weissbart_tf64,ridge,reconstruction,gate0_gate2_loso_ridge_full_v1,0,P04,test_-_P04_-_FLOP01,64,pearson_r,0.08649108388440735,779,ridge_alpha_0.001,subject_independent_loso_ridge_full
weissbart_tf64,ridge,reconstruction,gate0_gate2_loso_ridge_full_v1,0,P04,test_-_P04_-_FLOP02,64,pearson_r,0.10531946168143955,699,ridge_alpha_0.001,subject_independent_loso_ridge_full
weissbart_tf64,ridge,reconstruction,gate0_gate2_loso_ridge_full_v1,0,P04,test_-_P04_-_FLOP03,64,pearson_r,-0.0729246515035656,655,ridge_alpha_0.001,subject_independent_loso_ridge_full
weissbart_tf64,ridge,reconstruction,gate0_gate2_loso_ridge_full_v1,0,P04,test_-_P04_-_FLOP04,64,pearson_r,0.10282203933767727,1213,ridge_alpha_0.001,subject_independent_loso_ridge_full
weissbart_tf64,ridge,reconstruction,gate0_gate2_loso_ridge_full_v1,0,P05,test_-_P05_-_AUNP01,64,pearson_r,0.14154478679282367,990,ridge_alpha_0.001,subject_independent_loso_ridge_full
weissbart_tf64,ridge,reconstruction,gate0_gate2_loso_ridge_full_v1,0,P05,test_-_P05_-_AUNP02,64,pearson_r,0.16049763533265993,970,ridge_alpha_0.001,subject_independent_loso_ridge_full
weissbart_tf64,ridge,reconstruction,gate0_gate2_loso_ridge_full_v1,0,P05,test_-_P05_-_AUNP03,64,pearson_r,-0.039710526031067,890,ridge_alpha_0.001,subject_independent_loso_ridge_full
weissbart_tf64,ridge,reconstruction,gate0_gate2_loso_ridge_full_v1,0,P05,test_-_P05_-_AUNP04,64,pearson_r,-0.008998458683142875,870,ridge_alpha_0.001,subject_independent_loso_ridge_full
weissbart_tf64,ridge,reconstruction,gate0_gate2_loso_ridge_full_v1,0,P05,test_-_P05_-_AUNP05,64,pearson_r,0.14471516042638818,1191,ridge_alpha_0.001,subject_independent_loso_ridge_full
weissbart_tf64,ridge,reconstruction,gate0_gate2_loso_ridge_full_v1,0,P05,test_-_P05_-_AUNP06,64,pearson_r,-0.0014795566143241555,894,ridge_alpha_0.001,subject_independent_loso_ridge_full
weissbart_tf64,ridge,reconstruction,gate0_gate2_loso_ridge_full_v1,0,P05,test_-_P05_-_AUNP07,64,pearson_r,0.07007170797461827,1134,ridge_alpha_0.001,subject_independent_loso_ridge_full
weissbart_tf64,ridge,reconstruction,gate0_gate2_loso_ridge_full_v1,0,P05,test_-_P05_-_AUNP08,64,pearson_r,0.11509935683664425,1104,ridge_alpha_0.001,subject_independent_loso_ridge_full
weissbart_tf64,ridge,reconstruction,gate0_gate2_loso_ridge_full_v1,0,P05,test_-_P05_-_BROP01,64,pearson_r,0.05666603902116916,1017,ridge_alpha_0.001,subject_independent_loso_ridge_full
weissbart_tf64,ridge,reconstruction,gate0_gate2_loso_ridge_full_v1,0,P05,test_-_P05_-_BROP02,64,pearson_r,0.1549213210493053,1120,ridge_alpha_0.001,subject_independent_loso_ridge_full
weissbart_tf64,ridge,reconstruction,gate0_gate2_loso_ridge_full_v1,0,P05,test_-_P05_-_BROP03,64,pearson_r,0.026930871868870384,1000,ridge_alpha_0.001,subject_independent_loso_ridge_full
weissbart_tf64,ridge,reconstruction,gate0_gate2_loso_ridge_full_v1,0,P05,test_-_P05_-_FLOP01,64,pearson_r,0.05695244125377551,779,ridge_alpha_0.001,subject_independent_loso_ridge_full
weissbart_tf64,ridge,reconstruction,gate0_gate2_loso_ridge_full_v1,0,P05,test_-_P05_-_FLOP02,64,pearson_r,0.03555941317070182,699,ridge_alpha_0.001,subject_independent_loso_ridge_full
weissbart_tf64,ridge,reconstruction,gate0_gate2_loso_ridge_full_v1,0,P05,test_-_P05_-_FLOP03,64,pearson_r,0.03361994001515485,655,ridge_alpha_0.001,subject_independent_loso_ridge_full
weissbart_tf64,ridge,reconstruction,gate0_gate2_loso_ridge_full_v1,0,P05,test_-_P05_-_FLOP04,64,pearson_r,-0.09878576387354554,1213,ridge_alpha_0.001,subject_independent_loso_ridge_full
weissbart_tf64,ridge,reconstruction,gate0_gate2_loso_ridge_full_v1,0,P06,test_-_P06_-_AUNP01,64,pearson_r,-0.010602583717534622,990,ridge_alpha_0.001,subject_independent_loso_ridge_full
weissbart_tf64,ridge,reconstruction,gate0_gate2_loso_ridge_full_v1,0,P06,test_-_P06_-_AUNP02,64,pearson_r,-0.015013091739684173,970,ridge_alpha_0.001,subject_independent_loso_ridge_full
weissbart_tf64,ridge,reconstruction,gate0_gate2_loso_ridge_full_v1,0,P06,test_-_P06_-_AUNP03,64,pearson_r,0.19012008472651482,890,ridge_alpha_0.001,subject_independent_loso_ridge_full
weissbart_tf64,ridge,reconstruction,gate0_gate2_loso_ridge_full_v1,0,P06,test_-_P06_-_AUNP04,64,pearson_r,0.13962852249809862,870,ridge_alpha_0.001,subject_independent_loso_ridge_full
weissbart_tf64,ridge,reconstruction,gate0_gate2_loso_ridge_full_v1,0,P06,test_-_P06_-_AUNP05,64,pearson_r,-0.07694767371705752,1191,ridge_alpha_0.001,subject_independent_loso_ridge_full
weissbart_tf64,ridge,reconstruction,gate0_gate2_loso_ridge_full_v1,0,P06,test_-_P06_-_AUNP06,64,pearson_r,0.11243481921247146,894,ridge_alpha_0.001,subject_independent_loso_ridge_full
weissbart_tf64,ridge,reconstruction,gate0_gate2_loso_ridge_full_v1,0,P06,test_-_P06_-_AUNP07,64,pearson_r,0.015525875377315796,1134,ridge_alpha_0.001,subject_independent_loso_ridge_full
weissbart_tf64,ridge,reconstruction,gate0_gate2_loso_ridge_full_v1,0,P06,test_-_P06_-_AUNP08,64,pearson_r,0.08541932028723544,1104,ridge_alpha_0.001,subject_independent_loso_ridge_full
weissbart_tf64,ridge,reconstruction,gate0_gate2_loso_ridge_full_v1,0,P06,test_-_P06_-_BROP01,64,pearson_r,-0.1260025026865117,1017,ridge_alpha_0.001,subject_independent_loso_ridge_full
weissbart_tf64,ridge,reconstruction,gate0_gate2_loso_ridge_full_v1,0,P06,test_-_P06_-_BROP02,64,pearson_r,0.020696391326209592,1120,ridge_alpha_0.001,subject_independent_loso_ridge_full
weissbart_tf64,ridge,reconstruction,gate0_gate2_loso_ridge_full_v1,0,P06,test_-_P06_-_BROP03,64,pearson_r,-0.09572322830827794,1000,ridge_alpha_0.001,subject_independent_loso_ridge_full
weissbart_tf64,ridge,reconstruction,gate0_gate2_loso_ridge_full_v1,0,P06,test_-_P06_-_FLOP01,64,pearson_r,-0.11442131551057697,779,ridge_alpha_0.001,subject_independent_loso_ridge_full
weissbart_tf64,ridge,reconstruction,gate0_gate2_loso_ridge_full_v1,0,P06,test_-_P06_-_FLOP02,64,pearson_r,0.12773224076540923,699,ridge_alpha_0.001,subject_independent_loso_ridge_full
weissbart_tf64,ridge,reconstruction,gate0_gate2_loso_ridge_full_v1,0,P06,test_-_P06_-_FLOP03,64,pearson_r,-0.009999016373770712,655,ridge_alpha_0.001,subject_independent_loso_ridge_full
weissbart_tf64,ridge,reconstruction,gate0_gate2_loso_ridge_full_v1,0,P06,test_-_P06_-_FLOP04,64,pearson_r,-0.031405814835767154,1213,ridge_alpha_0.001,subject_independent_loso_ridge_full
weissbart_tf64,ridge,reconstruction,gate0_gate2_loso_ridge_full_v1,0,P07,test_-_P07_-_AUNP01,64,pearson_r,0.2152914686297164,990,ridge_alpha_0.001,subject_independent_loso_ridge_full
weissbart_tf64,ridge,reconstruction,gate0_gate2_loso_ridge_full_v1,0,P07,test_-_P07_-_AUNP02,64,pearson_r,-0.1420996487604337,970,ridge_alpha_0.001,subject_independent_loso_ridge_full
weissbart_tf64,ridge,reconstruction,gate0_gate2_loso_ridge_full_v1,0,P07,test_-_P07_-_AUNP03,64,pearson_r,0.05249350829817554,890,ridge_alpha_0.001,subject_independent_loso_ridge_full
weissbart_tf64,ridge,reconstruction,gate0_gate2_loso_ridge_full_v1,0,P07,test_-_P07_-_AUNP04,64,pearson_r,0.11364535695980944,870,ridge_alpha_0.001,subject_independent_loso_ridge_full
weissbart_tf64,ridge,reconstruction,gate0_gate2_loso_ridge_full_v1,0,P07,test_-_P07_-_AUNP05,64,pearson_r,-0.016173233963921844,1191,ridge_alpha_0.001,subject_independent_loso_ridge_full
weissbart_tf64,ridge,reconstruction,gate0_gate2_loso_ridge_full_v1,0,P07,test_-_P07_-_AUNP06,64,pearson_r,-0.1556204249734238,894,ridge_alpha_0.001,subject_independent_loso_ridge_full
weissbart_tf64,ridge,reconstruction,gate0_gate2_loso_ridge_full_v1,0,P07,test_-_P07_-_AUNP07,64,pearson_r,-0.017014666073381538,1134,ridge_alpha_0.001,subject_independent_loso_ridge_full
weissbart_tf64,ridge,reconstruction,gate0_gate2_loso_ridge_full_v1,0,P07,test_-_P07_-_AUNP08,64,pearson_r,-0.03794855240065846,1104,ridge_alpha_0.001,subject_independent_loso_ridge_full
weissbart_tf64,ridge,reconstruction,gate0_gate2_loso_ridge_full_v1,0,P07,test_-_P07_-_BROP01,64,pearson_r,0.06675915765612031,1017,ridge_alpha_0.001,subject_independent_loso_ridge_full
weissbart_tf64,ridge,reconstruction,gate0_gate2_loso_ridge_full_v1,0,P07,test_-_P07_-_BROP02,64,pearson_r,0.00606768122497912,1120,ridge_alpha_0.001,subject_independent_loso_ridge_full
weissbart_tf64,ridge,reconstruction,gate0_gate2_loso_ridge_full_v1,0,P07,test_-_P07_-_BROP03,64,pearson_r,0.22048294656356449,1000,ridge_alpha_0.001,subject_independent_loso_ridge_full
weissbart_tf64,ridge,reconstruction,gate0_gate2_loso_ridge_full_v1,0,P07,test_-_P07_-_FLOP01,64,pearson_r,0.03052216489323096,779,ridge_alpha_0.001,subject_independent_loso_ridge_full
weissbart_tf64,ridge,reconstruction,gate0_gate2_loso_ridge_full_v1,0,P07,test_-_P07_-_FLOP02,64,pearson_r,-0.013825069148062757,699,ridge_alpha_0.001,subject_independent_loso_ridge_full
weissbart_tf64,ridge,reconstruction,gate0_gate2_loso_ridge_full_v1,0,P07,test_-_P07_-_FLOP03,64,pearson_r,0.010954329006922182,655,ridge_alpha_0.001,subject_independent_loso_ridge_full
weissbart_tf64,ridge,reconstruction,gate0_gate2_loso_ridge_full_v1,0,P07,test_-_P07_-_FLOP04,64,pearson_r,-0.038063511703580716,1213,ridge_alpha_0.001,subject_independent_loso_ridge_full
weissbart_tf64,ridge,reconstruction,gate0_gate2_loso_ridge_full_v1,0,P08,test_-_P08_-_AUNP01,64,pearson_r,0.3181019342622646,990,ridge_alpha_0.001,subject_independent_loso_ridge_full
weissbart_tf64,ridge,reconstruction,gate0_gate2_loso_ridge_full_v1,0,P08,test_-_P08_-_AUNP02,64,pearson_r,0.29205947710750213,970,ridge_alpha_0.001,subject_independent_loso_ridge_full
weissbart_tf64,ridge,reconstruction,gate0_gate2_loso_ridge_full_v1,0,P08,test_-_P08_-_AUNP03,64,pearson_r,0.08924763273211911,890,ridge_alpha_0.001,subject_independent_loso_ridge_full
weissbart_tf64,ridge,reconstruction,gate0_gate2_loso_ridge_full_v1,0,P08,test_-_P08_-_AUNP04,64,pearson_r,0.02315177106211161,870,ridge_alpha_0.001,subject_independent_loso_ridge_full
weissbart_tf64,ridge,reconstruction,gate0_gate2_loso_ridge_full_v1,0,P08,test_-_P08_-_AUNP05,64,pearson_r,0.16425661645152406,1191,ridge_alpha_0.001,subject_independent_loso_ridge_full
weissbart_tf64,ridge,reconstruction,gate0_gate2_loso_ridge_full_v1,0,P08,test_-_P08_-_AUNP06,64,pearson_r,0.02425072241957284,894,ridge_alpha_0.001,subject_independent_loso_ridge_full
weissbart_tf64,ridge,reconstruction,gate0_gate2_loso_ridge_full_v1,0,P08,test_-_P08_-_AUNP07,64,pearson_r,0.04289934951245403,1134,ridge_alpha_0.001,subject_independent_loso_ridge_full
weissbart_tf64,ridge,reconstruction,gate0_gate2_loso_ridge_full_v1,0,P08,test_-_P08_-_AUNP08,64,pearson_r,0.20261911346797484,1104,ridge_alpha_0.001,subject_independent_loso_ridge_full
weissbart_tf64,ridge,reconstruction,gate0_gate2_loso_ridge_full_v1,0,P08,test_-_P08_-_BROP01,64,pearson_r,0.059085735014683796,1017,ridge_alpha_0.001,subject_independent_loso_ridge_full
weissbart_tf64,ridge,reconstruction,gate0_gate2_loso_ridge_full_v1,0,P08,test_-_P08_-_BROP02,64,pearson_r,0.12589479528282835,1120,ridge_alpha_0.001,subject_independent_loso_ridge_full
weissbart_tf64,ridge,reconstruction,gate0_gate2_loso_ridge_full_v1,0,P08,test_-_P08_-_BROP03,64,pearson_r,0.025595514861781594,1000,ridge_alpha_0.001,subject_independent_loso_ridge_full
weissbart_tf64,ridge,reconstruction,gate0_gate2_loso_ridge_full_v1,0,P08,test_-_P08_-_FLOP01,64,pearson_r,0.05764278591346569,779,ridge_alpha_0.001,subject_independent_loso_ridge_full
weissbart_tf64,ridge,reconstruction,gate0_gate2_loso_ridge_full_v1,0,P08,test_-_P08_-_FLOP02,64,pearson_r,0.07386953612990309,699,ridge_alpha_0.001,subject_independent_loso_ridge_full
weissbart_tf64,ridge,reconstruction,gate0_gate2_loso_ridge_full_v1,0,P08,test_-_P08_-_FLOP03,64,pearson_r,0.05260422422076323,655,ridge_alpha_0.001,subject_independent_loso_ridge_full
weissbart_tf64,ridge,reconstruction,gate0_gate2_loso_ridge_full_v1,0,P08,test_-_P08_-_FLOP04,64,pearson_r,0.15069670049576087,1213,ridge_alpha_0.001,subject_independent_loso_ridge_full
weissbart_tf64,ridge,reconstruction,gate0_gate2_loso_ridge_full_v1,0,P09,test_-_P09_-_AUNP01,64,pearson_r,-0.09055711823207357,990,ridge_alpha_0.001,subject_independent_loso_ridge_full
weissbart_tf64,ridge,reconstruction,gate0_gate2_loso_ridge_full_v1,0,P09,test_-_P09_-_AUNP02,64,pearson_r,-0.015073768561534216,970,ridge_alpha_0.001,subject_independent_loso_ridge_full
weissbart_tf64,ridge,reconstruction,gate0_gate2_loso_ridge_full_v1,0,P09,test_-_P09_-_AUNP03,64,pearson_r,-0.06572322894236679,890,ridge_alpha_0.001,subject_independent_loso_ridge_full
weissbart_tf64,ridge,reconstruction,gate0_gate2_loso_ridge_full_v1,0,P09,test_-_P09_-_AUNP04,64,pearson_r,-0.13275791203529716,870,ridge_alpha_0.001,subject_independent_loso_ridge_full
weissbart_tf64,ridge,reconstruction,gate0_gate2_loso_ridge_full_v1,0,P09,test_-_P09_-_AUNP05,64,pearson_r,0.0958362757279244,1191,ridge_alpha_0.001,subject_independent_loso_ridge_full
weissbart_tf64,ridge,reconstruction,gate0_gate2_loso_ridge_full_v1,0,P09,test_-_P09_-_AUNP06,64,pearson_r,-0.042403369149168826,894,ridge_alpha_0.001,subject_independent_loso_ridge_full
weissbart_tf64,ridge,reconstruction,gate0_gate2_loso_ridge_full_v1,0,P09,test_-_P09_-_AUNP07,64,pearson_r,0.21185282315929957,1134,ridge_alpha_0.001,subject_independent_loso_ridge_full
weissbart_tf64,ridge,reconstruction,gate0_gate2_loso_ridge_full_v1,0,P09,test_-_P09_-_AUNP08,64,pearson_r,-0.018331995207827037,1104,ridge_alpha_0.001,subject_independent_loso_ridge_full
weissbart_tf64,ridge,reconstruction,gate0_gate2_loso_ridge_full_v1,0,P09,test_-_P09_-_BROP01,64,pearson_r,0.1185266924793826,1017,ridge_alpha_0.001,subject_independent_loso_ridge_full
weissbart_tf64,ridge,reconstruction,gate0_gate2_loso_ridge_full_v1,0,P09,test_-_P09_-_BROP02,64,pearson_r,0.10921858164243618,1120,ridge_alpha_0.001,subject_independent_loso_ridge_full
weissbart_tf64,ridge,reconstruction,gate0_gate2_loso_ridge_full_v1,0,P09,test_-_P09_-_BROP03,64,pearson_r,0.09022563263559714,1000,ridge_alpha_0.001,subject_independent_loso_ridge_full
weissbart_tf64,ridge,reconstruction,gate0_gate2_loso_ridge_full_v1,0,P09,test_-_P09_-_FLOP01,64,pearson_r,-0.01348293187384873,779,ridge_alpha_0.001,subject_independent_loso_ridge_full
weissbart_tf64,ridge,reconstruction,gate0_gate2_loso_ridge_full_v1,0,P09,test_-_P09_-_FLOP02,64,pearson_r,0.07429677691286761,699,ridge_alpha_0.001,subject_independent_loso_ridge_full
weissbart_tf64,ridge,reconstruction,gate0_gate2_loso_ridge_full_v1,0,P09,test_-_P09_-_FLOP03,64,pearson_r,-0.12340000331344779,655,ridge_alpha_0.001,subject_independent_loso_ridge_full
weissbart_tf64,ridge,reconstruction,gate0_gate2_loso_ridge_full_v1,0,P09,test_-_P09_-_FLOP04,64,pearson_r,0.20276602650633238,1213,ridge_alpha_0.001,subject_independent_loso_ridge_full
weissbart_tf64,ridge,reconstruction,gate0_gate2_loso_ridge_full_v1,0,P10,test_-_P10_-_AUNP01,64,pearson_r,-0.08013301633794379,990,ridge_alpha_0.001,subject_independent_loso_ridge_full
weissbart_tf64,ridge,reconstruction,gate0_gate2_loso_ridge_full_v1,0,P10,test_-_P10_-_AUNP02,64,pearson_r,0.0034669705609158105,970,ridge_alpha_0.001,subject_independent_loso_ridge_full
weissbart_tf64,ridge,reconstruction,gate0_gate2_loso_ridge_full_v1,0,P10,test_-_P10_-_AUNP03,64,pearson_r,0.11921529396332062,890,ridge_alpha_0.001,subject_independent_loso_ridge_full
weissbart_tf64,ridge,reconstruction,gate0_gate2_loso_ridge_full_v1,0,P10,test_-_P10_-_AUNP04,64,pearson_r,0.0691366175875382,870,ridge_alpha_0.001,subject_independent_loso_ridge_full
weissbart_tf64,ridge,reconstruction,gate0_gate2_loso_ridge_full_v1,0,P10,test_-_P10_-_AUNP05,64,pearson_r,0.06928810727292938,1191,ridge_alpha_0.001,subject_independent_loso_ridge_full
weissbart_tf64,ridge,reconstruction,gate0_gate2_loso_ridge_full_v1,0,P10,test_-_P10_-_AUNP06,64,pearson_r,0.08282459354839179,894,ridge_alpha_0.001,subject_independent_loso_ridge_full
weissbart_tf64,ridge,reconstruction,gate0_gate2_loso_ridge_full_v1,0,P10,test_-_P10_-_AUNP07,64,pearson_r,0.06395426123600621,1134,ridge_alpha_0.001,subject_independent_loso_ridge_full
weissbart_tf64,ridge,reconstruction,gate0_gate2_loso_ridge_full_v1,0,P10,test_-_P10_-_AUNP08,64,pearson_r,-0.14338037214282892,1104,ridge_alpha_0.001,subject_independent_loso_ridge_full
weissbart_tf64,ridge,reconstruction,gate0_gate2_loso_ridge_full_v1,0,P10,test_-_P10_-_BROP01,64,pearson_r,0.11033672431663964,1017,ridge_alpha_0.001,subject_independent_loso_ridge_full
weissbart_tf64,ridge,reconstruction,gate0_gate2_loso_ridge_full_v1,0,P10,test_-_P10_-_BROP02,64,pearson_r,0.2206236378111334,1120,ridge_alpha_0.001,subject_independent_loso_ridge_full
weissbart_tf64,ridge,reconstruction,gate0_gate2_loso_ridge_full_v1,0,P10,test_-_P10_-_BROP03,64,pearson_r,0.05997125275977354,1000,ridge_alpha_0.001,subject_independent_loso_ridge_full
weissbart_tf64,ridge,reconstruction,gate0_gate2_loso_ridge_full_v1,0,P10,test_-_P10_-_FLOP01,64,pearson_r,0.11577432313014002,779,ridge_alpha_0.001,subject_independent_loso_ridge_full
weissbart_tf64,ridge,reconstruction,gate0_gate2_loso_ridge_full_v1,0,P10,test_-_P10_-_FLOP02,64,pearson_r,-0.0639443521564899,699,ridge_alpha_0.001,subject_independent_loso_ridge_full
weissbart_tf64,ridge,reconstruction,gate0_gate2_loso_ridge_full_v1,0,P10,test_-_P10_-_FLOP03,64,pearson_r,0.22517924945763537,655,ridge_alpha_0.001,subject_independent_loso_ridge_full
weissbart_tf64,ridge,reconstruction,gate0_gate2_loso_ridge_full_v1,0,P10,test_-_P10_-_FLOP04,64,pearson_r,0.12895953738910673,1213,ridge_alpha_0.001,subject_independent_loso_ridge_full
weissbart_tf64,ridge,reconstruction,gate0_gate2_loso_ridge_full_v1,0,P11,test_-_P11_-_AUNP01,64,pearson_r,0.16057784100691155,990,ridge_alpha_0.001,subject_independent_loso_ridge_full
weissbart_tf64,ridge,reconstruction,gate0_gate2_loso_ridge_full_v1,0,P11,test_-_P11_-_AUNP02,64,pearson_r,-0.08051739514663535,970,ridge_alpha_0.001,subject_independent_loso_ridge_full
weissbart_tf64,ridge,reconstruction,gate0_gate2_loso_ridge_full_v1,0,P11,test_-_P11_-_AUNP03,64,pearson_r,0.11461149214750295,890,ridge_alpha_0.001,subject_independent_loso_ridge_full
weissbart_tf64,ridge,reconstruction,gate0_gate2_loso_ridge_full_v1,0,P11,test_-_P11_-_AUNP04,64,pearson_r,0.22719694336086674,870,ridge_alpha_0.001,subject_independent_loso_ridge_full
weissbart_tf64,ridge,reconstruction,gate0_gate2_loso_ridge_full_v1,0,P11,test_-_P11_-_AUNP05,64,pearson_r,0.11411099784500577,1191,ridge_alpha_0.001,subject_independent_loso_ridge_full
weissbart_tf64,ridge,reconstruction,gate0_gate2_loso_ridge_full_v1,0,P11,test_-_P11_-_AUNP06,64,pearson_r,0.10987536090302864,894,ridge_alpha_0.001,subject_independent_loso_ridge_full
weissbart_tf64,ridge,reconstruction,gate0_gate2_loso_ridge_full_v1,0,P11,test_-_P11_-_AUNP07,64,pearson_r,0.029884798893909718,1134,ridge_alpha_0.001,subject_independent_loso_ridge_full
weissbart_tf64,ridge,reconstruction,gate0_gate2_loso_ridge_full_v1,0,P11,test_-_P11_-_AUNP08,64,pearson_r,-0.00794305646289925,1104,ridge_alpha_0.001,subject_independent_loso_ridge_full
weissbart_tf64,ridge,reconstruction,gate0_gate2_loso_ridge_full_v1,0,P11,test_-_P11_-_BROP01,64,pearson_r,0.11639513684570792,1017,ridge_alpha_0.001,subject_independent_loso_ridge_full
weissbart_tf64,ridge,reconstruction,gate0_gate2_loso_ridge_full_v1,0,P11,test_-_P11_-_BROP02,64,pearson_r,0.09920208967271409,1120,ridge_alpha_0.001,subject_independent_loso_ridge_full
weissbart_tf64,ridge,reconstruction,gate0_gate2_loso_ridge_full_v1,0,P11,test_-_P11_-_BROP03,64,pearson_r,0.2459403762320682,1000,ridge_alpha_0.001,subject_independent_loso_ridge_full
weissbart_tf64,ridge,reconstruction,gate0_gate2_loso_ridge_full_v1,0,P11,test_-_P11_-_FLOP01,64,pearson_r,-0.08764482913592203,779,ridge_alpha_0.001,subject_independent_loso_ridge_full
weissbart_tf64,ridge,reconstruction,gate0_gate2_loso_ridge_full_v1,0,P11,test_-_P11_-_FLOP02,64,pearson_r,0.07379892738236642,699,ridge_alpha_0.001,subject_independent_loso_ridge_full
weissbart_tf64,ridge,reconstruction,gate0_gate2_loso_ridge_full_v1,0,P11,test_-_P11_-_FLOP03,64,pearson_r,0.07524537642015956,655,ridge_alpha_0.001,subject_independent_loso_ridge_full
weissbart_tf64,ridge,reconstruction,gate0_gate2_loso_ridge_full_v1,0,P11,test_-_P11_-_FLOP04,64,pearson_r,0.009813210503003109,1213,ridge_alpha_0.001,subject_independent_loso_ridge_full
weissbart_tf64,ridge,reconstruction,gate0_gate2_loso_ridge_full_v1,0,P12,test_-_P12_-_AUNP01,64,pearson_r,0.2593276387505953,990,ridge_alpha_0.001,subject_independent_loso_ridge_full
weissbart_tf64,ridge,reconstruction,gate0_gate2_loso_ridge_full_v1,0,P12,test_-_P12_-_AUNP02,64,pearson_r,0.027790584462983357,970,ridge_alpha_0.001,subject_independent_loso_ridge_full
weissbart_tf64,ridge,reconstruction,gate0_gate2_loso_ridge_full_v1,0,P12,test_-_P12_-_AUNP03,64,pearson_r,0.09067072036556367,890,ridge_alpha_0.001,subject_independent_loso_ridge_full
weissbart_tf64,ridge,reconstruction,gate0_gate2_loso_ridge_full_v1,0,P12,test_-_P12_-_AUNP04,64,pearson_r,0.15192056201809007,870,ridge_alpha_0.001,subject_independent_loso_ridge_full
weissbart_tf64,ridge,reconstruction,gate0_gate2_loso_ridge_full_v1,0,P12,test_-_P12_-_AUNP05,64,pearson_r,0.21080377260558972,1191,ridge_alpha_0.001,subject_independent_loso_ridge_full
weissbart_tf64,ridge,reconstruction,gate0_gate2_loso_ridge_full_v1,0,P12,test_-_P12_-_AUNP06,64,pearson_r,0.20228739686388902,894,ridge_alpha_0.001,subject_independent_loso_ridge_full
weissbart_tf64,ridge,reconstruction,gate0_gate2_loso_ridge_full_v1,0,P12,test_-_P12_-_AUNP07,64,pearson_r,0.12227704406112887,1134,ridge_alpha_0.001,subject_independent_loso_ridge_full
weissbart_tf64,ridge,reconstruction,gate0_gate2_loso_ridge_full_v1,0,P12,test_-_P12_-_AUNP08,64,pearson_r,0.03196819493068558,1104,ridge_alpha_0.001,subject_independent_loso_ridge_full
weissbart_tf64,ridge,reconstruction,gate0_gate2_loso_ridge_full_v1,0,P12,test_-_P12_-_BROP01,64,pearson_r,0.13459641287098187,1017,ridge_alpha_0.001,subject_independent_loso_ridge_full
weissbart_tf64,ridge,reconstruction,gate0_gate2_loso_ridge_full_v1,0,P12,test_-_P12_-_BROP02,64,pearson_r,-0.03303598254852177,1120,ridge_alpha_0.001,subject_independent_loso_ridge_full
weissbart_tf64,ridge,reconstruction,gate0_gate2_loso_ridge_full_v1,0,P12,test_-_P12_-_BROP03,64,pearson_r,0.12691925693070039,1000,ridge_alpha_0.001,subject_independent_loso_ridge_full
weissbart_tf64,ridge,reconstruction,gate0_gate2_loso_ridge_full_v1,0,P12,test_-_P12_-_FLOP01,64,pearson_r,0.054031049769711716,779,ridge_alpha_0.001,subject_independent_loso_ridge_full
weissbart_tf64,ridge,reconstruction,gate0_gate2_loso_ridge_full_v1,0,P12,test_-_P12_-_FLOP02,64,pearson_r,-0.011073535327837768,699,ridge_alpha_0.001,subject_independent_loso_ridge_full
weissbart_tf64,ridge,reconstruction,gate0_gate2_loso_ridge_full_v1,0,P12,test_-_P12_-_FLOP03,64,pearson_r,0.2555210366569908,655,ridge_alpha_0.001,subject_independent_loso_ridge_full
weissbart_tf64,ridge,reconstruction,gate0_gate2_loso_ridge_full_v1,0,P12,test_-_P12_-_FLOP04,64,pearson_r,0.13805767643064074,1213,ridge_alpha_0.001,subject_independent_loso_ridge_full
etard_tf64,ridge,reconstruction,gate0_gate2_loso_ridge_full_v1,0,P00,test_-_P00_-_clean_part_1,64,pearson_r,0.056879861301219456,940,ridge_alpha_0.001,subject_independent_loso_ridge_full
etard_tf64,ridge,reconstruction,gate0_gate2_loso_ridge_full_v1,0,P00,test_-_P00_-_clean_part_2,64,pearson_r,-0.03178029686562526,976,ridge_alpha_0.001,subject_independent_loso_ridge_full
etard_tf64,ridge,reconstruction,gate0_gate2_loso_ridge_full_v1,0,P00,test_-_P00_-_clean_part_3,64,pearson_r,0.016165746753032024,857,ridge_alpha_0.001,subject_independent_loso_ridge_full
etard_tf64,ridge,reconstruction,gate0_gate2_loso_ridge_full_v1,0,P00,test_-_P00_-_clean_part_4,64,pearson_r,0.11899884348765627,938,ridge_alpha_0.001,subject_independent_loso_ridge_full
etard_tf64,ridge,reconstruction,gate0_gate2_loso_ridge_full_v1,0,P00,test_-_P00_-_fM_part_1,64,pearson_r,0.06022046183613386,852,ridge_alpha_0.001,subject_independent_loso_ridge_full
etard_tf64,ridge,reconstruction,gate0_gate2_loso_ridge_full_v1,0,P00,test_-_P00_-_fM_part_2,64,pearson_r,0.10024613540595913,813,ridge_alpha_0.001,subject_independent_loso_ridge_full
etard_tf64,ridge,reconstruction,gate0_gate2_loso_ridge_full_v1,0,P00,test_-_P00_-_fM_part_3,64,pearson_r,-0.010226116092453328,869,ridge_alpha_0.001,subject_independent_loso_ridge_full
etard_tf64,ridge,reconstruction,gate0_gate2_loso_ridge_full_v1,0,P00,test_-_P00_-_fM_part_4,64,pearson_r,0.005001804635693654,953,ridge_alpha_0.001,subject_independent_loso_ridge_full
etard_tf64,ridge,reconstruction,gate0_gate2_loso_ridge_full_v1,0,P00,test_-_P00_-_fW_part_1,64,pearson_r,-0.04512322006597413,843,ridge_alpha_0.001,subject_independent_loso_ridge_full
etard_tf64,ridge,reconstruction,gate0_gate2_loso_ridge_full_v1,0,P00,test_-_P00_-_fW_part_2,64,pearson_r,0.017023517633600962,870,ridge_alpha_0.001,subject_independent_loso_ridge_full
etard_tf64,ridge,reconstruction,gate0_gate2_loso_ridge_full_v1,0,P00,test_-_P00_-_fW_part_3,64,pearson_r,-0.036861739602039416,974,ridge_alpha_0.001,subject_independent_loso_ridge_full
etard_tf64,ridge,reconstruction,gate0_gate2_loso_ridge_full_v1,0,P00,test_-_P00_-_fW_part_4,64,pearson_r,-0.15006101296439323,1047,ridge_alpha_0.001,subject_independent_loso_ridge_full
etard_tf64,ridge,reconstruction,gate0_gate2_loso_ridge_full_v1,0,P00,test_-_P00_-_hb_part_1,64,pearson_r,0.020198366448996394,1137,ridge_alpha_0.001,subject_independent_loso_ridge_full
etard_tf64,ridge,reconstruction,gate0_gate2_loso_ridge_full_v1,0,P00,test_-_P00_-_hb_part_2,64,pearson_r,-0.10771595562249939,1074,ridge_alpha_0.001,subject_independent_loso_ridge_full
etard_tf64,ridge,reconstruction,gate0_gate2_loso_ridge_full_v1,0,P00,test_-_P00_-_hb_part_3,64,pearson_r,0.20500211289020334,1157,ridge_alpha_0.001,subject_independent_loso_ridge_full
etard_tf64,ridge,reconstruction,gate0_gate2_loso_ridge_full_v1,0,P00,test_-_P00_-_hb_part_4,64,pearson_r,0.03144499675418439,1080,ridge_alpha_0.001,subject_independent_loso_ridge_full
etard_tf64,ridge,reconstruction,gate0_gate2_loso_ridge_full_v1,0,P00,test_-_P00_-_lb_part_1,64,pearson_r,0.04123344218874967,1396,ridge_alpha_0.001,subject_independent_loso_ridge_full
etard_tf64,ridge,reconstruction,gate0_gate2_loso_ridge_full_v1,0,P00,test_-_P00_-_lb_part_2,64,pearson_r,0.09299975897360609,1433,ridge_alpha_0.001,subject_independent_loso_ridge_full
etard_tf64,ridge,reconstruction,gate0_gate2_loso_ridge_full_v1,0,P00,test_-_P00_-_lb_part_3,64,pearson_r,-0.06676269834566743,1365,ridge_alpha_0.001,subject_independent_loso_ridge_full
etard_tf64,ridge,reconstruction,gate0_gate2_loso_ridge_full_v1,0,P00,test_-_P00_-_lb_part_4,64,pearson_r,0.07514355131994281,1501,ridge_alpha_0.001,subject_independent_loso_ridge_full
etard_tf64,ridge,reconstruction,gate0_gate2_loso_ridge_full_v1,0,P00,test_-_P00_-_mb_part_1,64,pearson_r,0.17979449588698626,945,ridge_alpha_0.001,subject_independent_loso_ridge_full
etard_tf64,ridge,reconstruction,gate0_gate2_loso_ridge_full_v1,0,P00,test_-_P00_-_mb_part_2,64,pearson_r,0.16803207303958917,994,ridge_alpha_0.001,subject_independent_loso_ridge_full
etard_tf64,ridge,reconstruction,gate0_gate2_loso_ridge_full_v1,0,P00,test_-_P00_-_mb_part_3,64,pearson_r,-0.07927660971710546,995,ridge_alpha_0.001,subject_independent_loso_ridge_full
etard_tf64,ridge,reconstruction,gate0_gate2_loso_ridge_full_v1,0,P00,test_-_P00_-_mb_part_4,64,pearson_r,0.00876373077958109,1034,ridge_alpha_0.001,subject_independent_loso_ridge_full
etard_tf64,ridge,reconstruction,gate0_gate2_loso_ridge_full_v1,0,P01,test_-_P01_-_clean_part_1,64,pearson_r,0.008306298584331611,940,ridge_alpha_0.001,subject_independent_loso_ridge_full
etard_tf64,ridge,reconstruction,gate0_gate2_loso_ridge_full_v1,0,P01,test_-_P01_-_clean_part_2,64,pearson_r,0.17167876285070582,976,ridge_alpha_0.001,subject_independent_loso_ridge_full
etard_tf64,ridge,reconstruction,gate0_gate2_loso_ridge_full_v1,0,P01,test_-_P01_-_clean_part_3,64,pearson_r,0.0814845607361264,857,ridge_alpha_0.001,subject_independent_loso_ridge_full
etard_tf64,ridge,reconstruction,gate0_gate2_loso_ridge_full_v1,0,P01,test_-_P01_-_clean_part_4,64,pearson_r,-0.22741372791203054,938,ridge_alpha_0.001,subject_independent_loso_ridge_full
etard_tf64,ridge,reconstruction,gate0_gate2_loso_ridge_full_v1,0,P01,test_-_P01_-_fM_part_1,64,pearson_r,0.009918231607663388,852,ridge_alpha_0.001,subject_independent_loso_ridge_full
etard_tf64,ridge,reconstruction,gate0_gate2_loso_ridge_full_v1,0,P01,test_-_P01_-_fM_part_2,64,pearson_r,0.052833478804561296,813,ridge_alpha_0.001,subject_independent_loso_ridge_full
etard_tf64,ridge,reconstruction,gate0_gate2_loso_ridge_full_v1,0,P01,test_-_P01_-_fM_part_3,64,pearson_r,0.06735010782746716,869,ridge_alpha_0.001,subject_independent_loso_ridge_full
etard_tf64,ridge,reconstruction,gate0_gate2_loso_ridge_full_v1,0,P01,test_-_P01_-_fM_part_4,64,pearson_r,-0.046021634622894464,953,ridge_alpha_0.001,subject_independent_loso_ridge_full
etard_tf64,ridge,reconstruction,gate0_gate2_loso_ridge_full_v1,0,P01,test_-_P01_-_fW_part_1,64,pearson_r,-0.054510723628140356,843,ridge_alpha_0.001,subject_independent_loso_ridge_full
etard_tf64,ridge,reconstruction,gate0_gate2_loso_ridge_full_v1,0,P01,test_-_P01_-_fW_part_2,64,pearson_r,0.09622583335830152,870,ridge_alpha_0.001,subject_independent_loso_ridge_full
etard_tf64,ridge,reconstruction,gate0_gate2_loso_ridge_full_v1,0,P01,test_-_P01_-_fW_part_3,64,pearson_r,0.027402095635537263,974,ridge_alpha_0.001,subject_independent_loso_ridge_full
etard_tf64,ridge,reconstruction,gate0_gate2_loso_ridge_full_v1,0,P01,test_-_P01_-_fW_part_4,64,pearson_r,0.1432509960592478,1047,ridge_alpha_0.001,subject_independent_loso_ridge_full
etard_tf64,ridge,reconstruction,gate0_gate2_loso_ridge_full_v1,0,P01,test_-_P01_-_hb_part_1,64,pearson_r,-0.02417428550398778,1137,ridge_alpha_0.001,subject_independent_loso_ridge_full
etard_tf64,ridge,reconstruction,gate0_gate2_loso_ridge_full_v1,0,P01,test_-_P01_-_hb_part_2,64,pearson_r,-0.17658448334036453,1074,ridge_alpha_0.001,subject_independent_loso_ridge_full
etard_tf64,ridge,reconstruction,gate0_gate2_loso_ridge_full_v1,0,P01,test_-_P01_-_hb_part_3,64,pearson_r,-0.07546655618023596,1157,ridge_alpha_0.001,subject_independent_loso_ridge_full
etard_tf64,ridge,reconstruction,gate0_gate2_loso_ridge_full_v1,0,P01,test_-_P01_-_hb_part_4,64,pearson_r,0.11006487301042112,1080,ridge_alpha_0.001,subject_independent_loso_ridge_full
etard_tf64,ridge,reconstruction,gate0_gate2_loso_ridge_full_v1,0,P01,test_-_P01_-_lb_part_1,64,pearson_r,0.22411739979810746,1396,ridge_alpha_0.001,subject_independent_loso_ridge_full
etard_tf64,ridge,reconstruction,gate0_gate2_loso_ridge_full_v1,0,P01,test_-_P01_-_lb_part_2,64,pearson_r,-0.0322689055546697,1433,ridge_alpha_0.001,subject_independent_loso_ridge_full
etard_tf64,ridge,reconstruction,gate0_gate2_loso_ridge_full_v1,0,P01,test_-_P01_-_lb_part_3,64,pearson_r,0.02314266914282263,1365,ridge_alpha_0.001,subject_independent_loso_ridge_full
etard_tf64,ridge,reconstruction,gate0_gate2_loso_ridge_full_v1,0,P01,test_-_P01_-_lb_part_4,64,pearson_r,0.004686708215262185,1501,ridge_alpha_0.001,subject_independent_loso_ridge_full
etard_tf64,ridge,reconstruction,gate0_gate2_loso_ridge_full_v1,0,P01,test_-_P01_-_mb_part_1,64,pearson_r,-0.00916894475167907,945,ridge_alpha_0.001,subject_independent_loso_ridge_full
etard_tf64,ridge,reconstruction,gate0_gate2_loso_ridge_full_v1,0,P01,test_-_P01_-_mb_part_2,64,pearson_r,-0.15426253612876706,994,ridge_alpha_0.001,subject_independent_loso_ridge_full
etard_tf64,ridge,reconstruction,gate0_gate2_loso_ridge_full_v1,0,P01,test_-_P01_-_mb_part_3,64,pearson_r,-0.0001944569203087019,995,ridge_alpha_0.001,subject_independent_loso_ridge_full
etard_tf64,ridge,reconstruction,gate0_gate2_loso_ridge_full_v1,0,P01,test_-_P01_-_mb_part_4,64,pearson_r,-0.06930916125360582,1034,ridge_alpha_0.001,subject_independent_loso_ridge_full
etard_tf64,ridge,reconstruction,gate0_gate2_loso_ridge_full_v1,0,P02,test_-_P02_-_cleanDutch_part_1,64,pearson_r,0.06291579399976284,941,ridge_alpha_0.001,subject_independent_loso_ridge_full
etard_tf64,ridge,reconstruction,gate0_gate2_loso_ridge_full_v1,0,P02,test_-_P02_-_cleanDutch_part_2,64,pearson_r,-0.06687450463211904,963,ridge_alpha_0.001,subject_independent_loso_ridge_full
etard_tf64,ridge,reconstruction,gate0_gate2_loso_ridge_full_v1,0,P02,test_-_P02_-_cleanDutch_part_3,64,pearson_r,0.17083062221229456,974,ridge_alpha_0.001,subject_independent_loso_ridge_full
etard_tf64,ridge,reconstruction,gate0_gate2_loso_ridge_full_v1,0,P02,test_-_P02_-_cleanDutch_part_4,64,pearson_r,0.12588726143435242,970,ridge_alpha_0.001,subject_independent_loso_ridge_full
etard_tf64,ridge,reconstruction,gate0_gate2_loso_ridge_full_v1,0,P02,test_-_P02_-_clean_part_1,64,pearson_r,-0.04611192520450777,940,ridge_alpha_0.001,subject_independent_loso_ridge_full
etard_tf64,ridge,reconstruction,gate0_gate2_loso_ridge_full_v1,0,P02,test_-_P02_-_clean_part_2,64,pearson_r,0.1245003731033612,976,ridge_alpha_0.001,subject_independent_loso_ridge_full
etard_tf64,ridge,reconstruction,gate0_gate2_loso_ridge_full_v1,0,P02,test_-_P02_-_clean_part_3,64,pearson_r,-0.023559324627316258,857,ridge_alpha_0.001,subject_independent_loso_ridge_full
etard_tf64,ridge,reconstruction,gate0_gate2_loso_ridge_full_v1,0,P02,test_-_P02_-_clean_part_4,64,pearson_r,0.21830016998552557,938,ridge_alpha_0.001,subject_independent_loso_ridge_full
etard_tf64,ridge,reconstruction,gate0_gate2_loso_ridge_full_v1,0,P02,test_-_P02_-_fM_part_1,64,pearson_r,0.2001930672353931,852,ridge_alpha_0.001,subject_independent_loso_ridge_full
etard_tf64,ridge,reconstruction,gate0_gate2_loso_ridge_full_v1,0,P02,test_-_P02_-_fM_part_2,64,pearson_r,-0.017021635102108964,813,ridge_alpha_0.001,subject_independent_loso_ridge_full
etard_tf64,ridge,reconstruction,gate0_gate2_loso_ridge_full_v1,0,P02,test_-_P02_-_fM_part_3,64,pearson_r,0.07568739670284809,869,ridge_alpha_0.001,subject_independent_loso_ridge_full
etard_tf64,ridge,reconstruction,gate0_gate2_loso_ridge_full_v1,0,P02,test_-_P02_-_fM_part_4,64,pearson_r,0.16417423215677954,953,ridge_alpha_0.001,subject_independent_loso_ridge_full
etard_tf64,ridge,reconstruction,gate0_gate2_loso_ridge_full_v1,0,P02,test_-_P02_-_fW_part_1,64,pearson_r,-0.013974397996568794,843,ridge_alpha_0.001,subject_independent_loso_ridge_full
etard_tf64,ridge,reconstruction,gate0_gate2_loso_ridge_full_v1,0,P02,test_-_P02_-_fW_part_2,64,pearson_r,0.10404166412111589,870,ridge_alpha_0.001,subject_independent_loso_ridge_full
etard_tf64,ridge,reconstruction,gate0_gate2_loso_ridge_full_v1,0,P02,test_-_P02_-_fW_part_3,64,pearson_r,0.14119567048110457,974,ridge_alpha_0.001,subject_independent_loso_ridge_full
etard_tf64,ridge,reconstruction,gate0_gate2_loso_ridge_full_v1,0,P02,test_-_P02_-_fW_part_4,64,pearson_r,-0.1336485002429151,1047,ridge_alpha_0.001,subject_independent_loso_ridge_full
etard_tf64,ridge,reconstruction,gate0_gate2_loso_ridge_full_v1,0,P02,test_-_P02_-_hbDutch_part_1,64,pearson_r,0.047441509001315135,984,ridge_alpha_0.001,subject_independent_loso_ridge_full
etard_tf64,ridge,reconstruction,gate0_gate2_loso_ridge_full_v1,0,P02,test_-_P02_-_hbDutch_part_2,64,pearson_r,-0.17093217091653704,998,ridge_alpha_0.001,subject_independent_loso_ridge_full
etard_tf64,ridge,reconstruction,gate0_gate2_loso_ridge_full_v1,0,P02,test_-_P02_-_hbDutch_part_3,64,pearson_r,0.07696018844391998,1017,ridge_alpha_0.001,subject_independent_loso_ridge_full
etard_tf64,ridge,reconstruction,gate0_gate2_loso_ridge_full_v1,0,P02,test_-_P02_-_hbDutch_part_4,64,pearson_r,0.05295335775824489,1001,ridge_alpha_0.001,subject_independent_loso_ridge_full
etard_tf64,ridge,reconstruction,gate0_gate2_loso_ridge_full_v1,0,P02,test_-_P02_-_hb_part_1,64,pearson_r,-0.007401730751669768,1137,ridge_alpha_0.001,subject_independent_loso_ridge_full
etard_tf64,ridge,reconstruction,gate0_gate2_loso_ridge_full_v1,0,P02,test_-_P02_-_hb_part_2,64,pearson_r,0.004120752309635065,1074,ridge_alpha_0.001,subject_independent_loso_ridge_full
etard_tf64,ridge,reconstruction,gate0_gate2_loso_ridge_full_v1,0,P02,test_-_P02_-_hb_part_3,64,pearson_r,0.13558840689964521,1157,ridge_alpha_0.001,subject_independent_loso_ridge_full
etard_tf64,ridge,reconstruction,gate0_gate2_loso_ridge_full_v1,0,P02,test_-_P02_-_hb_part_4,64,pearson_r,0.07547493421887941,1080,ridge_alpha_0.001,subject_independent_loso_ridge_full
etard_tf64,ridge,reconstruction,gate0_gate2_loso_ridge_full_v1,0,P02,test_-_P02_-_lbDutch_part_1,64,pearson_r,0.062245274490612665,1001,ridge_alpha_0.001,subject_independent_loso_ridge_full
etard_tf64,ridge,reconstruction,gate0_gate2_loso_ridge_full_v1,0,P02,test_-_P02_-_lbDutch_part_2,64,pearson_r,0.019620628815388085,1026,ridge_alpha_0.001,subject_independent_loso_ridge_full
etard_tf64,ridge,reconstruction,gate0_gate2_loso_ridge_full_v1,0,P02,test_-_P02_-_lbDutch_part_3,64,pearson_r,0.17242061231256747,991,ridge_alpha_0.001,subject_independent_loso_ridge_full
etard_tf64,ridge,reconstruction,gate0_gate2_loso_ridge_full_v1,0,P02,test_-_P02_-_lbDutch_part_4,64,pearson_r,0.04656405913981403,1011,ridge_alpha_0.001,subject_independent_loso_ridge_full
etard_tf64,ridge,reconstruction,gate0_gate2_loso_ridge_full_v1,0,P02,test_-_P02_-_lb_part_1,64,pearson_r,0.03302309832531624,1396,ridge_alpha_0.001,subject_independent_loso_ridge_full
etard_tf64,ridge,reconstruction,gate0_gate2_loso_ridge_full_v1,0,P02,test_-_P02_-_lb_part_2,64,pearson_r,0.04703171010766035,1433,ridge_alpha_0.001,subject_independent_loso_ridge_full
etard_tf64,ridge,reconstruction,gate0_gate2_loso_ridge_full_v1,0,P02,test_-_P02_-_lb_part_3,64,pearson_r,0.07439536113449044,1365,ridge_alpha_0.001,subject_independent_loso_ridge_full
etard_tf64,ridge,reconstruction,gate0_gate2_loso_ridge_full_v1,0,P02,test_-_P02_-_lb_part_4,64,pearson_r,0.08702771291767925,1501,ridge_alpha_0.001,subject_independent_loso_ridge_full
etard_tf64,ridge,reconstruction,gate0_gate2_loso_ridge_full_v1,0,P02,test_-_P02_-_mbDutch_part_1,64,pearson_r,0.018950334018563223,1021,ridge_alpha_0.001,subject_independent_loso_ridge_full
etard_tf64,ridge,reconstruction,gate0_gate2_loso_ridge_full_v1,0,P02,test_-_P02_-_mbDutch_part_2,64,pearson_r,-0.10721619078612576,981,ridge_alpha_0.001,subject_independent_loso_ridge_full
etard_tf64,ridge,reconstruction,gate0_gate2_loso_ridge_full_v1,0,P02,test_-_P02_-_mbDutch_part_3,64,pearson_r,0.06724938164513007,995,ridge_alpha_0.001,subject_independent_loso_ridge_full
etard_tf64,ridge,reconstruction,gate0_gate2_loso_ridge_full_v1,0,P02,test_-_P02_-_mbDutch_part_4,64,pearson_r,-0.009305638141825142,1000,ridge_alpha_0.001,subject_independent_loso_ridge_full
etard_tf64,ridge,reconstruction,gate0_gate2_loso_ridge_full_v1,0,P02,test_-_P02_-_mb_part_1,64,pearson_r,-0.055694925539523855,945,ridge_alpha_0.001,subject_independent_loso_ridge_full
etard_tf64,ridge,reconstruction,gate0_gate2_loso_ridge_full_v1,0,P02,test_-_P02_-_mb_part_2,64,pearson_r,0.1231960212649811,994,ridge_alpha_0.001,subject_independent_loso_ridge_full
etard_tf64,ridge,reconstruction,gate0_gate2_loso_ridge_full_v1,0,P02,test_-_P02_-_mb_part_3,64,pearson_r,0.01850597247041268,995,ridge_alpha_0.001,subject_independent_loso_ridge_full
etard_tf64,ridge,reconstruction,gate0_gate2_loso_ridge_full_v1,0,P02,test_-_P02_-_mb_part_4,64,pearson_r,0.09631812186422502,1034,ridge_alpha_0.001,subject_independent_loso_ridge_full
etard_tf64,ridge,reconstruction,gate0_gate2_loso_ridge_full_v1,0,P03,test_-_P03_-_clean_part_1,64,pearson_r,-0.04824570442681707,940,ridge_alpha_0.001,subject_independent_loso_ridge_full
etard_tf64,ridge,reconstruction,gate0_gate2_loso_ridge_full_v1,0,P03,test_-_P03_-_clean_part_2,64,pearson_r,0.19930256540055927,976,ridge_alpha_0.001,subject_independent_loso_ridge_full
etard_tf64,ridge,reconstruction,gate0_gate2_loso_ridge_full_v1,0,P03,test_-_P03_-_clean_part_3,64,pearson_r,0.1614725826375156,857,ridge_alpha_0.001,subject_independent_loso_ridge_full
etard_tf64,ridge,reconstruction,gate0_gate2_loso_ridge_full_v1,0,P03,test_-_P03_-_clean_part_4,64,pearson_r,0.2079275971864321,938,ridge_alpha_0.001,subject_independent_loso_ridge_full
etard_tf64,ridge,reconstruction,gate0_gate2_loso_ridge_full_v1,0,P03,test_-_P03_-_fM_part_1,64,pearson_r,0.1919654186956949,852,ridge_alpha_0.001,subject_independent_loso_ridge_full
etard_tf64,ridge,reconstruction,gate0_gate2_loso_ridge_full_v1,0,P03,test_-_P03_-_fM_part_2,64,pearson_r,0.008737161710040327,813,ridge_alpha_0.001,subject_independent_loso_ridge_full
etard_tf64,ridge,reconstruction,gate0_gate2_loso_ridge_full_v1,0,P03,test_-_P03_-_fM_part_3,64,pearson_r,-0.04304118980457771,869,ridge_alpha_0.001,subject_independent_loso_ridge_full
etard_tf64,ridge,reconstruction,gate0_gate2_loso_ridge_full_v1,0,P03,test_-_P03_-_fM_part_4,64,pearson_r,0.11019093857609027,953,ridge_alpha_0.001,subject_independent_loso_ridge_full
etard_tf64,ridge,reconstruction,gate0_gate2_loso_ridge_full_v1,0,P03,test_-_P03_-_fW_part_1,64,pearson_r,0.055731917441190264,843,ridge_alpha_0.001,subject_independent_loso_ridge_full
etard_tf64,ridge,reconstruction,gate0_gate2_loso_ridge_full_v1,0,P03,test_-_P03_-_fW_part_2,64,pearson_r,0.1184089819247172,870,ridge_alpha_0.001,subject_independent_loso_ridge_full
etard_tf64,ridge,reconstruction,gate0_gate2_loso_ridge_full_v1,0,P03,test_-_P03_-_fW_part_3,64,pearson_r,-0.15942816800070142,974,ridge_alpha_0.001,subject_independent_loso_ridge_full
etard_tf64,ridge,reconstruction,gate0_gate2_loso_ridge_full_v1,0,P03,test_-_P03_-_fW_part_4,64,pearson_r,0.041659677802827706,1047,ridge_alpha_0.001,subject_independent_loso_ridge_full
etard_tf64,ridge,reconstruction,gate0_gate2_loso_ridge_full_v1,0,P03,test_-_P03_-_hb_part_1,64,pearson_r,-0.1028738149283731,1137,ridge_alpha_0.001,subject_independent_loso_ridge_full
etard_tf64,ridge,reconstruction,gate0_gate2_loso_ridge_full_v1,0,P03,test_-_P03_-_hb_part_2,64,pearson_r,0.10440250349631891,1074,ridge_alpha_0.001,subject_independent_loso_ridge_full
etard_tf64,ridge,reconstruction,gate0_gate2_loso_ridge_full_v1,0,P03,test_-_P03_-_hb_part_3,64,pearson_r,-0.005323649540584075,1157,ridge_alpha_0.001,subject_independent_loso_ridge_full
etard_tf64,ridge,reconstruction,gate0_gate2_loso_ridge_full_v1,0,P03,test_-_P03_-_hb_part_4,64,pearson_r,0.06822015496586027,1080,ridge_alpha_0.001,subject_independent_loso_ridge_full
etard_tf64,ridge,reconstruction,gate0_gate2_loso_ridge_full_v1,0,P03,test_-_P03_-_lb_part_1,64,pearson_r,0.12136889196904893,1396,ridge_alpha_0.001,subject_independent_loso_ridge_full
etard_tf64,ridge,reconstruction,gate0_gate2_loso_ridge_full_v1,0,P03,test_-_P03_-_lb_part_2,64,pearson_r,0.07380474567648662,1433,ridge_alpha_0.001,subject_independent_loso_ridge_full
etard_tf64,ridge,reconstruction,gate0_gate2_loso_ridge_full_v1,0,P03,test_-_P03_-_lb_part_3,64,pearson_r,0.09359592101012558,1365,ridge_alpha_0.001,subject_independent_loso_ridge_full
etard_tf64,ridge,reconstruction,gate0_gate2_loso_ridge_full_v1,0,P03,test_-_P03_-_lb_part_4,64,pearson_r,0.010858979179641784,1501,ridge_alpha_0.001,subject_independent_loso_ridge_full
etard_tf64,ridge,reconstruction,gate0_gate2_loso_ridge_full_v1,0,P03,test_-_P03_-_mb_part_1,64,pearson_r,-0.08494405778161118,945,ridge_alpha_0.001,subject_independent_loso_ridge_full
etard_tf64,ridge,reconstruction,gate0_gate2_loso_ridge_full_v1,0,P03,test_-_P03_-_mb_part_2,64,pearson_r,0.055010817330891235,994,ridge_alpha_0.001,subject_independent_loso_ridge_full
etard_tf64,ridge,reconstruction,gate0_gate2_loso_ridge_full_v1,0,P03,test_-_P03_-_mb_part_3,64,pearson_r,0.10475052713226897,995,ridge_alpha_0.001,subject_independent_loso_ridge_full
etard_tf64,ridge,reconstruction,gate0_gate2_loso_ridge_full_v1,0,P03,test_-_P03_-_mb_part_4,64,pearson_r,0.09577513090692716,1034,ridge_alpha_0.001,subject_independent_loso_ridge_full
etard_tf64,ridge,reconstruction,gate0_gate2_loso_ridge_full_v1,0,P04,test_-_P04_-_clean_part_1,64,pearson_r,0.17765351382122202,940,ridge_alpha_0.001,subject_independent_loso_ridge_full
etard_tf64,ridge,reconstruction,gate0_gate2_loso_ridge_full_v1,0,P04,test_-_P04_-_clean_part_2,64,pearson_r,0.19007603565247952,976,ridge_alpha_0.001,subject_independent_loso_ridge_full
etard_tf64,ridge,reconstruction,gate0_gate2_loso_ridge_full_v1,0,P04,test_-_P04_-_clean_part_3,64,pearson_r,0.007600505960190767,857,ridge_alpha_0.001,subject_independent_loso_ridge_full
etard_tf64,ridge,reconstruction,gate0_gate2_loso_ridge_full_v1,0,P04,test_-_P04_-_clean_part_4,64,pearson_r,0.26059239180842025,938,ridge_alpha_0.001,subject_independent_loso_ridge_full
etard_tf64,ridge,reconstruction,gate0_gate2_loso_ridge_full_v1,0,P04,test_-_P04_-_fM_part_1,64,pearson_r,0.15640149277810186,852,ridge_alpha_0.001,subject_independent_loso_ridge_full
etard_tf64,ridge,reconstruction,gate0_gate2_loso_ridge_full_v1,0,P04,test_-_P04_-_fM_part_2,64,pearson_r,0.04929234157038917,813,ridge_alpha_0.001,subject_independent_loso_ridge_full
etard_tf64,ridge,reconstruction,gate0_gate2_loso_ridge_full_v1,0,P04,test_-_P04_-_fM_part_3,64,pearson_r,0.07703272573524862,869,ridge_alpha_0.001,subject_independent_loso_ridge_full
etard_tf64,ridge,reconstruction,gate0_gate2_loso_ridge_full_v1,0,P04,test_-_P04_-_fM_part_4,64,pearson_r,0.34505834878417413,953,ridge_alpha_0.001,subject_independent_loso_ridge_full
etard_tf64,ridge,reconstruction,gate0_gate2_loso_ridge_full_v1,0,P04,test_-_P04_-_fW_part_1,64,pearson_r,0.1133998388179381,843,ridge_alpha_0.001,subject_independent_loso_ridge_full
etard_tf64,ridge,reconstruction,gate0_gate2_loso_ridge_full_v1,0,P04,test_-_P04_-_fW_part_2,64,pearson_r,0.15178014812446544,870,ridge_alpha_0.001,subject_independent_loso_ridge_full
etard_tf64,ridge,reconstruction,gate0_gate2_loso_ridge_full_v1,0,P04,test_-_P04_-_fW_part_3,64,pearson_r,0.14969185833048942,974,ridge_alpha_0.001,subject_independent_loso_ridge_full
etard_tf64,ridge,reconstruction,gate0_gate2_loso_ridge_full_v1,0,P04,test_-_P04_-_fW_part_4,64,pearson_r,0.11462215527557523,1047,ridge_alpha_0.001,subject_independent_loso_ridge_full
etard_tf64,ridge,reconstruction,gate0_gate2_loso_ridge_full_v1,0,P04,test_-_P04_-_hb_part_1,64,pearson_r,0.014246787779234393,1137,ridge_alpha_0.001,subject_independent_loso_ridge_full
etard_tf64,ridge,reconstruction,gate0_gate2_loso_ridge_full_v1,0,P04,test_-_P04_-_hb_part_2,64,pearson_r,0.12240289886859386,1074,ridge_alpha_0.001,subject_independent_loso_ridge_full
etard_tf64,ridge,reconstruction,gate0_gate2_loso_ridge_full_v1,0,P04,test_-_P04_-_hb_part_3,64,pearson_r,0.02067162283916625,1157,ridge_alpha_0.001,subject_independent_loso_ridge_full
etard_tf64,ridge,reconstruction,gate0_gate2_loso_ridge_full_v1,0,P04,test_-_P04_-_hb_part_4,64,pearson_r,-0.035082339657594865,1080,ridge_alpha_0.001,subject_independent_loso_ridge_full
etard_tf64,ridge,reconstruction,gate0_gate2_loso_ridge_full_v1,0,P04,test_-_P04_-_lb_part_1,64,pearson_r,0.02182472134354097,1396,ridge_alpha_0.001,subject_independent_loso_ridge_full
etard_tf64,ridge,reconstruction,gate0_gate2_loso_ridge_full_v1,0,P04,test_-_P04_-_lb_part_2,64,pearson_r,0.11037028037205322,1433,ridge_alpha_0.001,subject_independent_loso_ridge_full
etard_tf64,ridge,reconstruction,gate0_gate2_loso_ridge_full_v1,0,P04,test_-_P04_-_lb_part_3,64,pearson_r,0.12542191223303215,1365,ridge_alpha_0.001,subject_independent_loso_ridge_full
etard_tf64,ridge,reconstruction,gate0_gate2_loso_ridge_full_v1,0,P04,test_-_P04_-_lb_part_4,64,pearson_r,0.16698384393621832,1501,ridge_alpha_0.001,subject_independent_loso_ridge_full
etard_tf64,ridge,reconstruction,gate0_gate2_loso_ridge_full_v1,0,P04,test_-_P04_-_mb_part_1,64,pearson_r,0.03133381863251272,945,ridge_alpha_0.001,subject_independent_loso_ridge_full
etard_tf64,ridge,reconstruction,gate0_gate2_loso_ridge_full_v1,0,P04,test_-_P04_-_mb_part_2,64,pearson_r,0.09980192797152729,994,ridge_alpha_0.001,subject_independent_loso_ridge_full
etard_tf64,ridge,reconstruction,gate0_gate2_loso_ridge_full_v1,0,P04,test_-_P04_-_mb_part_3,64,pearson_r,-0.10130873173763065,995,ridge_alpha_0.001,subject_independent_loso_ridge_full
etard_tf64,ridge,reconstruction,gate0_gate2_loso_ridge_full_v1,0,P04,test_-_P04_-_mb_part_4,64,pearson_r,-0.1285584102960168,1034,ridge_alpha_0.001,subject_independent_loso_ridge_full
etard_tf64,ridge,reconstruction,gate0_gate2_loso_ridge_full_v1,0,P05,test_-_P05_-_clean_part_1,64,pearson_r,0.08313692549021041,940,ridge_alpha_0.001,subject_independent_loso_ridge_full
etard_tf64,ridge,reconstruction,gate0_gate2_loso_ridge_full_v1,0,P05,test_-_P05_-_clean_part_2,64,pearson_r,0.20335190505591044,976,ridge_alpha_0.001,subject_independent_loso_ridge_full
etard_tf64,ridge,reconstruction,gate0_gate2_loso_ridge_full_v1,0,P05,test_-_P05_-_clean_part_3,64,pearson_r,0.3178307066702758,857,ridge_alpha_0.001,subject_independent_loso_ridge_full
etard_tf64,ridge,reconstruction,gate0_gate2_loso_ridge_full_v1,0,P05,test_-_P05_-_clean_part_4,64,pearson_r,0.16255132130725378,938,ridge_alpha_0.001,subject_independent_loso_ridge_full
etard_tf64,ridge,reconstruction,gate0_gate2_loso_ridge_full_v1,0,P05,test_-_P05_-_fM_part_1,64,pearson_r,0.037079145903569026,852,ridge_alpha_0.001,subject_independent_loso_ridge_full
etard_tf64,ridge,reconstruction,gate0_gate2_loso_ridge_full_v1,0,P05,test_-_P05_-_fM_part_2,64,pearson_r,0.315340112175748,813,ridge_alpha_0.001,subject_independent_loso_ridge_full
etard_tf64,ridge,reconstruction,gate0_gate2_loso_ridge_full_v1,0,P05,test_-_P05_-_fM_part_3,64,pearson_r,-0.013902297613642749,869,ridge_alpha_0.001,subject_independent_loso_ridge_full
etard_tf64,ridge,reconstruction,gate0_gate2_loso_ridge_full_v1,0,P05,test_-_P05_-_fM_part_4,64,pearson_r,0.2428824628878139,953,ridge_alpha_0.001,subject_independent_loso_ridge_full
etard_tf64,ridge,reconstruction,gate0_gate2_loso_ridge_full_v1,0,P05,test_-_P05_-_fW_part_1,64,pearson_r,0.09321938855077902,843,ridge_alpha_0.001,subject_independent_loso_ridge_full
etard_tf64,ridge,reconstruction,gate0_gate2_loso_ridge_full_v1,0,P05,test_-_P05_-_fW_part_2,64,pearson_r,0.18987530053051552,870,ridge_alpha_0.001,subject_independent_loso_ridge_full
etard_tf64,ridge,reconstruction,gate0_gate2_loso_ridge_full_v1,0,P05,test_-_P05_-_fW_part_3,64,pearson_r,0.059091832666404054,974,ridge_alpha_0.001,subject_independent_loso_ridge_full
etard_tf64,ridge,reconstruction,gate0_gate2_loso_ridge_full_v1,0,P05,test_-_P05_-_fW_part_4,64,pearson_r,0.3095074505765451,1047,ridge_alpha_0.001,subject_independent_loso_ridge_full
etard_tf64,ridge,reconstruction,gate0_gate2_loso_ridge_full_v1,0,P05,test_-_P05_-_hb_part_1,64,pearson_r,0.025912403447791315,1137,ridge_alpha_0.001,subject_independent_loso_ridge_full
etard_tf64,ridge,reconstruction,gate0_gate2_loso_ridge_full_v1,0,P05,test_-_P05_-_hb_part_2,64,pearson_r,-0.019788993313400217,1074,ridge_alpha_0.001,subject_independent_loso_ridge_full
etard_tf64,ridge,reconstruction,gate0_gate2_loso_ridge_full_v1,0,P05,test_-_P05_-_hb_part_3,64,pearson_r,0.10964874791664941,1157,ridge_alpha_0.001,subject_independent_loso_ridge_full
etard_tf64,ridge,reconstruction,gate0_gate2_loso_ridge_full_v1,0,P05,test_-_P05_-_hb_part_4,64,pearson_r,0.13882270262855967,1080,ridge_alpha_0.001,subject_independent_loso_ridge_full
etard_tf64,ridge,reconstruction,gate0_gate2_loso_ridge_full_v1,0,P05,test_-_P05_-_lb_part_1,64,pearson_r,0.1631279675759263,1396,ridge_alpha_0.001,subject_independent_loso_ridge_full
etard_tf64,ridge,reconstruction,gate0_gate2_loso_ridge_full_v1,0,P05,test_-_P05_-_lb_part_2,64,pearson_r,0.0880056682524391,1433,ridge_alpha_0.001,subject_independent_loso_ridge_full
etard_tf64,ridge,reconstruction,gate0_gate2_loso_ridge_full_v1,0,P05,test_-_P05_-_lb_part_3,64,pearson_r,0.06413741724452292,1365,ridge_alpha_0.001,subject_independent_loso_ridge_full
etard_tf64,ridge,reconstruction,gate0_gate2_loso_ridge_full_v1,0,P05,test_-_P05_-_lb_part_4,64,pearson_r,0.2367411217032481,1501,ridge_alpha_0.001,subject_independent_loso_ridge_full
etard_tf64,ridge,reconstruction,gate0_gate2_loso_ridge_full_v1,0,P05,test_-_P05_-_mb_part_1,64,pearson_r,0.26769212129088943,945,ridge_alpha_0.001,subject_independent_loso_ridge_full
etard_tf64,ridge,reconstruction,gate0_gate2_loso_ridge_full_v1,0,P05,test_-_P05_-_mb_part_2,64,pearson_r,0.05129677816437685,994,ridge_alpha_0.001,subject_independent_loso_ridge_full
etard_tf64,ridge,reconstruction,gate0_gate2_loso_ridge_full_v1,0,P05,test_-_P05_-_mb_part_3,64,pearson_r,0.08449835729270698,995,ridge_alpha_0.001,subject_independent_loso_ridge_full
etard_tf64,ridge,reconstruction,gate0_gate2_loso_ridge_full_v1,0,P05,test_-_P05_-_mb_part_4,64,pearson_r,-0.01871944365438656,1034,ridge_alpha_0.001,subject_independent_loso_ridge_full
etard_tf64,ridge,reconstruction,gate0_gate2_loso_ridge_full_v1,0,P06,test_-_P06_-_cleanDutch_part_1,64,pearson_r,0.09031362570729229,941,ridge_alpha_0.001,subject_independent_loso_ridge_full
etard_tf64,ridge,reconstruction,gate0_gate2_loso_ridge_full_v1,0,P06,test_-_P06_-_cleanDutch_part_2,64,pearson_r,0.15146538338925963,963,ridge_alpha_0.001,subject_independent_loso_ridge_full
etard_tf64,ridge,reconstruction,gate0_gate2_loso_ridge_full_v1,0,P06,test_-_P06_-_cleanDutch_part_3,64,pearson_r,0.02480830314727691,974,ridge_alpha_0.001,subject_independent_loso_ridge_full
etard_tf64,ridge,reconstruction,gate0_gate2_loso_ridge_full_v1,0,P06,test_-_P06_-_cleanDutch_part_4,64,pearson_r,0.0151151306142503,970,ridge_alpha_0.001,subject_independent_loso_ridge_full
etard_tf64,ridge,reconstruction,gate0_gate2_loso_ridge_full_v1,0,P06,test_-_P06_-_clean_part_1,64,pearson_r,0.12446538456510085,940,ridge_alpha_0.001,subject_independent_loso_ridge_full
etard_tf64,ridge,reconstruction,gate0_gate2_loso_ridge_full_v1,0,P06,test_-_P06_-_clean_part_2,64,pearson_r,0.33744199942729486,976,ridge_alpha_0.001,subject_independent_loso_ridge_full
etard_tf64,ridge,reconstruction,gate0_gate2_loso_ridge_full_v1,0,P06,test_-_P06_-_clean_part_3,64,pearson_r,-0.03410058576927327,857,ridge_alpha_0.001,subject_independent_loso_ridge_full
etard_tf64,ridge,reconstruction,gate0_gate2_loso_ridge_full_v1,0,P06,test_-_P06_-_clean_part_4,64,pearson_r,-0.04286280757758113,938,ridge_alpha_0.001,subject_independent_loso_ridge_full
etard_tf64,ridge,reconstruction,gate0_gate2_loso_ridge_full_v1,0,P06,test_-_P06_-_fM_part_1,64,pearson_r,0.06894804599921311,852,ridge_alpha_0.001,subject_independent_loso_ridge_full
etard_tf64,ridge,reconstruction,gate0_gate2_loso_ridge_full_v1,0,P06,test_-_P06_-_fM_part_2,64,pearson_r,0.10825610477885124,813,ridge_alpha_0.001,subject_independent_loso_ridge_full
etard_tf64,ridge,reconstruction,gate0_gate2_loso_ridge_full_v1,0,P06,test_-_P06_-_fM_part_3,64,pearson_r,0.05087485146000548,869,ridge_alpha_0.001,subject_independent_loso_ridge_full
etard_tf64,ridge,reconstruction,gate0_gate2_loso_ridge_full_v1,0,P06,test_-_P06_-_fM_part_4,64,pearson_r,0.20915495054244335,953,ridge_alpha_0.001,subject_independent_loso_ridge_full
etard_tf64,ridge,reconstruction,gate0_gate2_loso_ridge_full_v1,0,P06,test_-_P06_-_fW_part_1,64,pearson_r,0.10704221034034903,843,ridge_alpha_0.001,subject_independent_loso_ridge_full
etard_tf64,ridge,reconstruction,gate0_gate2_loso_ridge_full_v1,0,P06,test_-_P06_-_fW_part_2,64,pearson_r,-0.029529409286959865,870,ridge_alpha_0.001,subject_independent_loso_ridge_full
etard_tf64,ridge,reconstruction,gate0_gate2_loso_ridge_full_v1,0,P06,test_-_P06_-_fW_part_3,64,pearson_r,0.08722150645646778,974,ridge_alpha_0.001,subject_independent_loso_ridge_full
etard_tf64,ridge,reconstruction,gate0_gate2_loso_ridge_full_v1,0,P06,test_-_P06_-_fW_part_4,64,pearson_r,0.14446760137982187,1047,ridge_alpha_0.001,subject_independent_loso_ridge_full
etard_tf64,ridge,reconstruction,gate0_gate2_loso_ridge_full_v1,0,P06,test_-_P06_-_hbDutch_part_1,64,pearson_r,0.10697431594129808,984,ridge_alpha_0.001,subject_independent_loso_ridge_full
etard_tf64,ridge,reconstruction,gate0_gate2_loso_ridge_full_v1,0,P06,test_-_P06_-_hbDutch_part_2,64,pearson_r,0.0757473446987163,998,ridge_alpha_0.001,subject_independent_loso_ridge_full
etard_tf64,ridge,reconstruction,gate0_gate2_loso_ridge_full_v1,0,P06,test_-_P06_-_hbDutch_part_3,64,pearson_r,0.15315754783164365,1017,ridge_alpha_0.001,subject_independent_loso_ridge_full
etard_tf64,ridge,reconstruction,gate0_gate2_loso_ridge_full_v1,0,P06,test_-_P06_-_hbDutch_part_4,64,pearson_r,0.08091703492878138,1001,ridge_alpha_0.001,subject_independent_loso_ridge_full
etard_tf64,ridge,reconstruction,gate0_gate2_loso_ridge_full_v1,0,P06,test_-_P06_-_hb_part_1,64,pearson_r,-0.0661543156315737,1137,ridge_alpha_0.001,subject_independent_loso_ridge_full
etard_tf64,ridge,reconstruction,gate0_gate2_loso_ridge_full_v1,0,P06,test_-_P06_-_hb_part_2,64,pearson_r,0.076316342378859,1074,ridge_alpha_0.001,subject_independent_loso_ridge_full
etard_tf64,ridge,reconstruction,gate0_gate2_loso_ridge_full_v1,0,P06,test_-_P06_-_hb_part_3,64,pearson_r,0.07906736571932978,1157,ridge_alpha_0.001,subject_independent_loso_ridge_full
etard_tf64,ridge,reconstruction,gate0_gate2_loso_ridge_full_v1,0,P06,test_-_P06_-_hb_part_4,64,pearson_r,0.09992560888648606,1080,ridge_alpha_0.001,subject_independent_loso_ridge_full
etard_tf64,ridge,reconstruction,gate0_gate2_loso_ridge_full_v1,0,P06,test_-_P06_-_lbDutch_part_1,64,pearson_r,-0.06580154899713352,1001,ridge_alpha_0.001,subject_independent_loso_ridge_full
etard_tf64,ridge,reconstruction,gate0_gate2_loso_ridge_full_v1,0,P06,test_-_P06_-_lbDutch_part_2,64,pearson_r,-0.09949818415883065,1026,ridge_alpha_0.001,subject_independent_loso_ridge_full
etard_tf64,ridge,reconstruction,gate0_gate2_loso_ridge_full_v1,0,P06,test_-_P06_-_lbDutch_part_3,64,pearson_r,0.02743248281031265,991,ridge_alpha_0.001,subject_independent_loso_ridge_full
etard_tf64,ridge,reconstruction,gate0_gate2_loso_ridge_full_v1,0,P06,test_-_P06_-_lbDutch_part_4,64,pearson_r,0.028963373744494363,1011,ridge_alpha_0.001,subject_independent_loso_ridge_full
etard_tf64,ridge,reconstruction,gate0_gate2_loso_ridge_full_v1,0,P06,test_-_P06_-_lb_part_1,64,pearson_r,0.12673565160352723,1396,ridge_alpha_0.001,subject_independent_loso_ridge_full
etard_tf64,ridge,reconstruction,gate0_gate2_loso_ridge_full_v1,0,P06,test_-_P06_-_lb_part_2,64,pearson_r,-0.05526634302035588,1433,ridge_alpha_0.001,subject_independent_loso_ridge_full
etard_tf64,ridge,reconstruction,gate0_gate2_loso_ridge_full_v1,0,P06,test_-_P06_-_lb_part_3,64,pearson_r,0.09889493031256637,1365,ridge_alpha_0.001,subject_independent_loso_ridge_full
etard_tf64,ridge,reconstruction,gate0_gate2_loso_ridge_full_v1,0,P06,test_-_P06_-_lb_part_4,64,pearson_r,0.08408598372463587,1501,ridge_alpha_0.001,subject_independent_loso_ridge_full
etard_tf64,ridge,reconstruction,gate0_gate2_loso_ridge_full_v1,0,P06,test_-_P06_-_mbDutch_part_1,64,pearson_r,-0.018669856789041192,1021,ridge_alpha_0.001,subject_independent_loso_ridge_full
etard_tf64,ridge,reconstruction,gate0_gate2_loso_ridge_full_v1,0,P06,test_-_P06_-_mbDutch_part_2,64,pearson_r,-0.006415654260521086,981,ridge_alpha_0.001,subject_independent_loso_ridge_full
etard_tf64,ridge,reconstruction,gate0_gate2_loso_ridge_full_v1,0,P06,test_-_P06_-_mbDutch_part_3,64,pearson_r,-0.029037182917208255,995,ridge_alpha_0.001,subject_independent_loso_ridge_full
etard_tf64,ridge,reconstruction,gate0_gate2_loso_ridge_full_v1,0,P06,test_-_P06_-_mbDutch_part_4,64,pearson_r,0.016448423215304438,1000,ridge_alpha_0.001,subject_independent_loso_ridge_full
etard_tf64,ridge,reconstruction,gate0_gate2_loso_ridge_full_v1,0,P06,test_-_P06_-_mb_part_1,64,pearson_r,-0.023456588634878026,945,ridge_alpha_0.001,subject_independent_loso_ridge_full
etard_tf64,ridge,reconstruction,gate0_gate2_loso_ridge_full_v1,0,P06,test_-_P06_-_mb_part_2,64,pearson_r,0.17727695654360567,994,ridge_alpha_0.001,subject_independent_loso_ridge_full
etard_tf64,ridge,reconstruction,gate0_gate2_loso_ridge_full_v1,0,P06,test_-_P06_-_mb_part_3,64,pearson_r,0.07367879741593002,995,ridge_alpha_0.001,subject_independent_loso_ridge_full
etard_tf64,ridge,reconstruction,gate0_gate2_loso_ridge_full_v1,0,P06,test_-_P06_-_mb_part_4,64,pearson_r,0.0028143469387678643,1034,ridge_alpha_0.001,subject_independent_loso_ridge_full
etard_tf64,ridge,reconstruction,gate0_gate2_loso_ridge_full_v1,0,P07,test_-_P07_-_cleanDutch_part_1,64,pearson_r,-0.08771167812443477,941,ridge_alpha_0.001,subject_independent_loso_ridge_full
etard_tf64,ridge,reconstruction,gate0_gate2_loso_ridge_full_v1,0,P07,test_-_P07_-_cleanDutch_part_2,64,pearson_r,-0.01600051166479487,963,ridge_alpha_0.001,subject_independent_loso_ridge_full
etard_tf64,ridge,reconstruction,gate0_gate2_loso_ridge_full_v1,0,P07,test_-_P07_-_cleanDutch_part_3,64,pearson_r,-0.11343504137290188,974,ridge_alpha_0.001,subject_independent_loso_ridge_full
etard_tf64,ridge,reconstruction,gate0_gate2_loso_ridge_full_v1,0,P07,test_-_P07_-_cleanDutch_part_4,64,pearson_r,0.0473612274415035,970,ridge_alpha_0.001,subject_independent_loso_ridge_full
etard_tf64,ridge,reconstruction,gate0_gate2_loso_ridge_full_v1,0,P07,test_-_P07_-_clean_part_1,64,pearson_r,0.11676812289699004,940,ridge_alpha_0.001,subject_independent_loso_ridge_full
etard_tf64,ridge,reconstruction,gate0_gate2_loso_ridge_full_v1,0,P07,test_-_P07_-_clean_part_2,64,pearson_r,0.2458443337919313,976,ridge_alpha_0.001,subject_independent_loso_ridge_full
etard_tf64,ridge,reconstruction,gate0_gate2_loso_ridge_full_v1,0,P07,test_-_P07_-_clean_part_3,64,pearson_r,0.015468762027331322,857,ridge_alpha_0.001,subject_independent_loso_ridge_full
etard_tf64,ridge,reconstruction,gate0_gate2_loso_ridge_full_v1,0,P07,test_-_P07_-_clean_part_4,64,pearson_r,0.25912780296342425,938,ridge_alpha_0.001,subject_independent_loso_ridge_full
etard_tf64,ridge,reconstruction,gate0_gate2_loso_ridge_full_v1,0,P07,test_-_P07_-_fM_part_1,64,pearson_r,0.16431476747240079,852,ridge_alpha_0.001,subject_independent_loso_ridge_full
etard_tf64,ridge,reconstruction,gate0_gate2_loso_ridge_full_v1,0,P07,test_-_P07_-_fM_part_2,64,pearson_r,0.018436225358095932,813,ridge_alpha_0.001,subject_independent_loso_ridge_full
etard_tf64,ridge,reconstruction,gate0_gate2_loso_ridge_full_v1,0,P07,test_-_P07_-_fM_part_3,64,pearson_r,0.04576988028278186,869,ridge_alpha_0.001,subject_independent_loso_ridge_full
etard_tf64,ridge,reconstruction,gate0_gate2_loso_ridge_full_v1,0,P07,test_-_P07_-_fM_part_4,64,pearson_r,0.2777983661263916,953,ridge_alpha_0.001,subject_independent_loso_ridge_full
etard_tf64,ridge,reconstruction,gate0_gate2_loso_ridge_full_v1,0,P07,test_-_P07_-_fW_part_1,64,pearson_r,0.06295993462822147,843,ridge_alpha_0.001,subject_independent_loso_ridge_full
etard_tf64,ridge,reconstruction,gate0_gate2_loso_ridge_full_v1,0,P07,test_-_P07_-_fW_part_2,64,pearson_r,0.062241335658943825,870,ridge_alpha_0.001,subject_independent_loso_ridge_full
etard_tf64,ridge,reconstruction,gate0_gate2_loso_ridge_full_v1,0,P07,test_-_P07_-_fW_part_3,64,pearson_r,-0.0034886953670682005,974,ridge_alpha_0.001,subject_independent_loso_ridge_full
etard_tf64,ridge,reconstruction,gate0_gate2_loso_ridge_full_v1,0,P07,test_-_P07_-_fW_part_4,64,pearson_r,-0.07548808913326994,1047,ridge_alpha_0.001,subject_independent_loso_ridge_full
etard_tf64,ridge,reconstruction,gate0_gate2_loso_ridge_full_v1,0,P07,test_-_P07_-_hbDutch_part_1,64,pearson_r,0.058187430259153024,984,ridge_alpha_0.001,subject_independent_loso_ridge_full
etard_tf64,ridge,reconstruction,gate0_gate2_loso_ridge_full_v1,0,P07,test_-_P07_-_hbDutch_part_2,64,pearson_r,0.09704198232622961,998,ridge_alpha_0.001,subject_independent_loso_ridge_full
etard_tf64,ridge,reconstruction,gate0_gate2_loso_ridge_full_v1,0,P07,test_-_P07_-_hbDutch_part_3,64,pearson_r,-0.15655945949122246,1017,ridge_alpha_0.001,subject_independent_loso_ridge_full
etard_tf64,ridge,reconstruction,gate0_gate2_loso_ridge_full_v1,0,P07,test_-_P07_-_hbDutch_part_4,64,pearson_r,-0.046648400578379046,1001,ridge_alpha_0.001,subject_independent_loso_ridge_full
etard_tf64,ridge,reconstruction,gate0_gate2_loso_ridge_full_v1,0,P07,test_-_P07_-_hb_part_1,64,pearson_r,0.1059215327825403,1137,ridge_alpha_0.001,subject_independent_loso_ridge_full
etard_tf64,ridge,reconstruction,gate0_gate2_loso_ridge_full_v1,0,P07,test_-_P07_-_hb_part_2,64,pearson_r,0.15827780615320972,1074,ridge_alpha_0.001,subject_independent_loso_ridge_full
etard_tf64,ridge,reconstruction,gate0_gate2_loso_ridge_full_v1,0,P07,test_-_P07_-_hb_part_3,64,pearson_r,0.052407914445987705,1157,ridge_alpha_0.001,subject_independent_loso_ridge_full
etard_tf64,ridge,reconstruction,gate0_gate2_loso_ridge_full_v1,0,P07,test_-_P07_-_hb_part_4,64,pearson_r,0.12629079874619026,1080,ridge_alpha_0.001,subject_independent_loso_ridge_full
etard_tf64,ridge,reconstruction,gate0_gate2_loso_ridge_full_v1,0,P07,test_-_P07_-_lbDutch_part_1,64,pearson_r,-0.11774743168083845,1001,ridge_alpha_0.001,subject_independent_loso_ridge_full
etard_tf64,ridge,reconstruction,gate0_gate2_loso_ridge_full_v1,0,P07,test_-_P07_-_lbDutch_part_2,64,pearson_r,0.15331587924851356,1026,ridge_alpha_0.001,subject_independent_loso_ridge_full
etard_tf64,ridge,reconstruction,gate0_gate2_loso_ridge_full_v1,0,P07,test_-_P07_-_lbDutch_part_3,64,pearson_r,-0.1709498895541023,991,ridge_alpha_0.001,subject_independent_loso_ridge_full
etard_tf64,ridge,reconstruction,gate0_gate2_loso_ridge_full_v1,0,P07,test_-_P07_-_lbDutch_part_4,64,pearson_r,0.1151667441945808,1011,ridge_alpha_0.001,subject_independent_loso_ridge_full
etard_tf64,ridge,reconstruction,gate0_gate2_loso_ridge_full_v1,0,P07,test_-_P07_-_lb_part_1,64,pearson_r,0.016483011978535484,1396,ridge_alpha_0.001,subject_independent_loso_ridge_full
etard_tf64,ridge,reconstruction,gate0_gate2_loso_ridge_full_v1,0,P07,test_-_P07_-_lb_part_2,64,pearson_r,0.06457884433174237,1433,ridge_alpha_0.001,subject_independent_loso_ridge_full
etard_tf64,ridge,reconstruction,gate0_gate2_loso_ridge_full_v1,0,P07,test_-_P07_-_lb_part_3,64,pearson_r,0.010197318062640315,1365,ridge_alpha_0.001,subject_independent_loso_ridge_full
etard_tf64,ridge,reconstruction,gate0_gate2_loso_ridge_full_v1,0,P07,test_-_P07_-_lb_part_4,64,pearson_r,0.01715604093544898,1501,ridge_alpha_0.001,subject_independent_loso_ridge_full
etard_tf64,ridge,reconstruction,gate0_gate2_loso_ridge_full_v1,0,P07,test_-_P07_-_mbDutch_part_1,64,pearson_r,-0.011563837067768602,1021,ridge_alpha_0.001,subject_independent_loso_ridge_full
etard_tf64,ridge,reconstruction,gate0_gate2_loso_ridge_full_v1,0,P07,test_-_P07_-_mbDutch_part_2,64,pearson_r,-0.10599810109647259,981,ridge_alpha_0.001,subject_independent_loso_ridge_full
etard_tf64,ridge,reconstruction,gate0_gate2_loso_ridge_full_v1,0,P07,test_-_P07_-_mbDutch_part_3,64,pearson_r,0.13193904738131554,995,ridge_alpha_0.001,subject_independent_loso_ridge_full
etard_tf64,ridge,reconstruction,gate0_gate2_loso_ridge_full_v1,0,P07,test_-_P07_-_mbDutch_part_4,64,pearson_r,-0.07747471645817798,1000,ridge_alpha_0.001,subject_independent_loso_ridge_full
etard_tf64,ridge,reconstruction,gate0_gate2_loso_ridge_full_v1,0,P07,test_-_P07_-_mb_part_1,64,pearson_r,-0.14797239658395325,945,ridge_alpha_0.001,subject_independent_loso_ridge_full
etard_tf64,ridge,reconstruction,gate0_gate2_loso_ridge_full_v1,0,P07,test_-_P07_-_mb_part_2,64,pearson_r,0.1398489128970404,994,ridge_alpha_0.001,subject_independent_loso_ridge_full
etard_tf64,ridge,reconstruction,gate0_gate2_loso_ridge_full_v1,0,P07,test_-_P07_-_mb_part_3,64,pearson_r,0.07252030518100831,995,ridge_alpha_0.001,subject_independent_loso_ridge_full
etard_tf64,ridge,reconstruction,gate0_gate2_loso_ridge_full_v1,0,P07,test_-_P07_-_mb_part_4,64,pearson_r,0.040656370284512154,1034,ridge_alpha_0.001,subject_independent_loso_ridge_full
etard_tf64,ridge,reconstruction,gate0_gate2_loso_ridge_full_v1,0,P08,test_-_P08_-_cleanDutch_part_1,64,pearson_r,0.1066726609409155,941,ridge_alpha_0.001,subject_independent_loso_ridge_full
etard_tf64,ridge,reconstruction,gate0_gate2_loso_ridge_full_v1,0,P08,test_-_P08_-_cleanDutch_part_2,64,pearson_r,0.030073448394287355,963,ridge_alpha_0.001,subject_independent_loso_ridge_full
etard_tf64,ridge,reconstruction,gate0_gate2_loso_ridge_full_v1,0,P08,test_-_P08_-_cleanDutch_part_3,64,pearson_r,0.15188341995983548,974,ridge_alpha_0.001,subject_independent_loso_ridge_full
etard_tf64,ridge,reconstruction,gate0_gate2_loso_ridge_full_v1,0,P08,test_-_P08_-_cleanDutch_part_4,64,pearson_r,0.11053100802670074,970,ridge_alpha_0.001,subject_independent_loso_ridge_full
etard_tf64,ridge,reconstruction,gate0_gate2_loso_ridge_full_v1,0,P08,test_-_P08_-_clean_part_1,64,pearson_r,0.12492404843266243,940,ridge_alpha_0.001,subject_independent_loso_ridge_full
etard_tf64,ridge,reconstruction,gate0_gate2_loso_ridge_full_v1,0,P08,test_-_P08_-_clean_part_2,64,pearson_r,0.05864444390431711,976,ridge_alpha_0.001,subject_independent_loso_ridge_full
etard_tf64,ridge,reconstruction,gate0_gate2_loso_ridge_full_v1,0,P08,test_-_P08_-_clean_part_3,64,pearson_r,0.16616566287230464,857,ridge_alpha_0.001,subject_independent_loso_ridge_full
etard_tf64,ridge,reconstruction,gate0_gate2_loso_ridge_full_v1,0,P08,test_-_P08_-_clean_part_4,64,pearson_r,0.0959448986726094,938,ridge_alpha_0.001,subject_independent_loso_ridge_full
etard_tf64,ridge,reconstruction,gate0_gate2_loso_ridge_full_v1,0,P08,test_-_P08_-_fM_part_1,64,pearson_r,0.10192245845971962,852,ridge_alpha_0.001,subject_independent_loso_ridge_full
etard_tf64,ridge,reconstruction,gate0_gate2_loso_ridge_full_v1,0,P08,test_-_P08_-_fM_part_2,64,pearson_r,0.2719348515361356,813,ridge_alpha_0.001,subject_independent_loso_ridge_full
etard_tf64,ridge,reconstruction,gate0_gate2_loso_ridge_full_v1,0,P08,test_-_P08_-_fM_part_3,64,pearson_r,0.03446189877077153,869,ridge_alpha_0.001,subject_independent_loso_ridge_full
etard_tf64,ridge,reconstruction,gate0_gate2_loso_ridge_full_v1,0,P08,test_-_P08_-_fM_part_4,64,pearson_r,0.23483945825552652,953,ridge_alpha_0.001,subject_independent_loso_ridge_full
etard_tf64,ridge,reconstruction,gate0_gate2_loso_ridge_full_v1,0,P08,test_-_P08_-_fW_part_1,64,pearson_r,0.14608482038632603,843,ridge_alpha_0.001,subject_independent_loso_ridge_full
etard_tf64,ridge,reconstruction,gate0_gate2_loso_ridge_full_v1,0,P08,test_-_P08_-_fW_part_2,64,pearson_r,0.14826682623902215,870,ridge_alpha_0.001,subject_independent_loso_ridge_full
etard_tf64,ridge,reconstruction,gate0_gate2_loso_ridge_full_v1,0,P08,test_-_P08_-_fW_part_3,64,pearson_r,0.1175428128816524,974,ridge_alpha_0.001,subject_independent_loso_ridge_full
etard_tf64,ridge,reconstruction,gate0_gate2_loso_ridge_full_v1,0,P08,test_-_P08_-_fW_part_4,64,pearson_r,0.2566415114749811,1047,ridge_alpha_0.001,subject_independent_loso_ridge_full
etard_tf64,ridge,reconstruction,gate0_gate2_loso_ridge_full_v1,0,P08,test_-_P08_-_hbDutch_part_1,64,pearson_r,-0.020425325553911338,984,ridge_alpha_0.001,subject_independent_loso_ridge_full
etard_tf64,ridge,reconstruction,gate0_gate2_loso_ridge_full_v1,0,P08,test_-_P08_-_hbDutch_part_2,64,pearson_r,-0.10884198034568013,998,ridge_alpha_0.001,subject_independent_loso_ridge_full
etard_tf64,ridge,reconstruction,gate0_gate2_loso_ridge_full_v1,0,P08,test_-_P08_-_hbDutch_part_3,64,pearson_r,0.05876674876242381,1017,ridge_alpha_0.001,subject_independent_loso_ridge_full
etard_tf64,ridge,reconstruction,gate0_gate2_loso_ridge_full_v1,0,P08,test_-_P08_-_hbDutch_part_4,64,pearson_r,0.03804962387824243,1001,ridge_alpha_0.001,subject_independent_loso_ridge_full
etard_tf64,ridge,reconstruction,gate0_gate2_loso_ridge_full_v1,0,P08,test_-_P08_-_hb_part_1,64,pearson_r,0.10062194905714471,1137,ridge_alpha_0.001,subject_independent_loso_ridge_full
etard_tf64,ridge,reconstruction,gate0_gate2_loso_ridge_full_v1,0,P08,test_-_P08_-_hb_part_2,64,pearson_r,0.2856362985689791,1074,ridge_alpha_0.001,subject_independent_loso_ridge_full
etard_tf64,ridge,reconstruction,gate0_gate2_loso_ridge_full_v1,0,P08,test_-_P08_-_hb_part_3,64,pearson_r,0.2339948104881892,1157,ridge_alpha_0.001,subject_independent_loso_ridge_full
etard_tf64,ridge,reconstruction,gate0_gate2_loso_ridge_full_v1,0,P08,test_-_P08_-_hb_part_4,64,pearson_r,0.07332934796678076,1080,ridge_alpha_0.001,subject_independent_loso_ridge_full
etard_tf64,ridge,reconstruction,gate0_gate2_loso_ridge_full_v1,0,P08,test_-_P08_-_lbDutch_part_1,64,pearson_r,-0.06957564568532251,1001,ridge_alpha_0.001,subject_independent_loso_ridge_full
etard_tf64,ridge,reconstruction,gate0_gate2_loso_ridge_full_v1,0,P08,test_-_P08_-_lbDutch_part_2,64,pearson_r,-0.04359552702918858,1026,ridge_alpha_0.001,subject_independent_loso_ridge_full
etard_tf64,ridge,reconstruction,gate0_gate2_loso_ridge_full_v1,0,P08,test_-_P08_-_lbDutch_part_3,64,pearson_r,0.13754287675216487,991,ridge_alpha_0.001,subject_independent_loso_ridge_full
etard_tf64,ridge,reconstruction,gate0_gate2_loso_ridge_full_v1,0,P08,test_-_P08_-_lbDutch_part_4,64,pearson_r,0.023426786952239462,1011,ridge_alpha_0.001,subject_independent_loso_ridge_full
etard_tf64,ridge,reconstruction,gate0_gate2_loso_ridge_full_v1,0,P08,test_-_P08_-_lb_part_1,64,pearson_r,0.053026420798699916,1396,ridge_alpha_0.001,subject_independent_loso_ridge_full
etard_tf64,ridge,reconstruction,gate0_gate2_loso_ridge_full_v1,0,P08,test_-_P08_-_lb_part_2,64,pearson_r,0.15971190742440142,1433,ridge_alpha_0.001,subject_independent_loso_ridge_full
etard_tf64,ridge,reconstruction,gate0_gate2_loso_ridge_full_v1,0,P08,test_-_P08_-_lb_part_3,64,pearson_r,0.08114488322014181,1365,ridge_alpha_0.001,subject_independent_loso_ridge_full
etard_tf64,ridge,reconstruction,gate0_gate2_loso_ridge_full_v1,0,P08,test_-_P08_-_lb_part_4,64,pearson_r,0.171772648830922,1501,ridge_alpha_0.001,subject_independent_loso_ridge_full
etard_tf64,ridge,reconstruction,gate0_gate2_loso_ridge_full_v1,0,P08,test_-_P08_-_mbDutch_part_1,64,pearson_r,0.11769863732749812,1021,ridge_alpha_0.001,subject_independent_loso_ridge_full
etard_tf64,ridge,reconstruction,gate0_gate2_loso_ridge_full_v1,0,P08,test_-_P08_-_mbDutch_part_2,64,pearson_r,0.027418242148592047,981,ridge_alpha_0.001,subject_independent_loso_ridge_full
etard_tf64,ridge,reconstruction,gate0_gate2_loso_ridge_full_v1,0,P08,test_-_P08_-_mbDutch_part_3,64,pearson_r,0.10204228544253918,995,ridge_alpha_0.001,subject_independent_loso_ridge_full
etard_tf64,ridge,reconstruction,gate0_gate2_loso_ridge_full_v1,0,P08,test_-_P08_-_mbDutch_part_4,64,pearson_r,0.026547880964292916,1000,ridge_alpha_0.001,subject_independent_loso_ridge_full
etard_tf64,ridge,reconstruction,gate0_gate2_loso_ridge_full_v1,0,P08,test_-_P08_-_mb_part_1,64,pearson_r,0.07543800470812166,945,ridge_alpha_0.001,subject_independent_loso_ridge_full
etard_tf64,ridge,reconstruction,gate0_gate2_loso_ridge_full_v1,0,P08,test_-_P08_-_mb_part_2,64,pearson_r,0.2058590245100869,994,ridge_alpha_0.001,subject_independent_loso_ridge_full
etard_tf64,ridge,reconstruction,gate0_gate2_loso_ridge_full_v1,0,P08,test_-_P08_-_mb_part_3,64,pearson_r,0.15036647686502322,995,ridge_alpha_0.001,subject_independent_loso_ridge_full
etard_tf64,ridge,reconstruction,gate0_gate2_loso_ridge_full_v1,0,P08,test_-_P08_-_mb_part_4,64,pearson_r,-0.07080409220798004,1034,ridge_alpha_0.001,subject_independent_loso_ridge_full
etard_tf64,ridge,reconstruction,gate0_gate2_loso_ridge_full_v1,0,P09,test_-_P09_-_cleanDutch_part_1,64,pearson_r,0.04898620014611137,941,ridge_alpha_0.001,subject_independent_loso_ridge_full
etard_tf64,ridge,reconstruction,gate0_gate2_loso_ridge_full_v1,0,P09,test_-_P09_-_cleanDutch_part_2,64,pearson_r,0.12553345357172935,963,ridge_alpha_0.001,subject_independent_loso_ridge_full
etard_tf64,ridge,reconstruction,gate0_gate2_loso_ridge_full_v1,0,P09,test_-_P09_-_cleanDutch_part_3,64,pearson_r,0.12821449946928676,974,ridge_alpha_0.001,subject_independent_loso_ridge_full
etard_tf64,ridge,reconstruction,gate0_gate2_loso_ridge_full_v1,0,P09,test_-_P09_-_cleanDutch_part_4,64,pearson_r,0.10706203164039324,970,ridge_alpha_0.001,subject_independent_loso_ridge_full
etard_tf64,ridge,reconstruction,gate0_gate2_loso_ridge_full_v1,0,P09,test_-_P09_-_clean_part_1,64,pearson_r,0.10142602172106051,940,ridge_alpha_0.001,subject_independent_loso_ridge_full
etard_tf64,ridge,reconstruction,gate0_gate2_loso_ridge_full_v1,0,P09,test_-_P09_-_clean_part_2,64,pearson_r,0.17191271903829788,976,ridge_alpha_0.001,subject_independent_loso_ridge_full
etard_tf64,ridge,reconstruction,gate0_gate2_loso_ridge_full_v1,0,P09,test_-_P09_-_clean_part_3,64,pearson_r,0.17006574862102466,857,ridge_alpha_0.001,subject_independent_loso_ridge_full
etard_tf64,ridge,reconstruction,gate0_gate2_loso_ridge_full_v1,0,P09,test_-_P09_-_clean_part_4,64,pearson_r,0.2206612833125081,938,ridge_alpha_0.001,subject_independent_loso_ridge_full
etard_tf64,ridge,reconstruction,gate0_gate2_loso_ridge_full_v1,0,P09,test_-_P09_-_fM_part_1,64,pearson_r,0.11667127443153705,852,ridge_alpha_0.001,subject_independent_loso_ridge_full
etard_tf64,ridge,reconstruction,gate0_gate2_loso_ridge_full_v1,0,P09,test_-_P09_-_fM_part_2,64,pearson_r,0.05877804159359037,813,ridge_alpha_0.001,subject_independent_loso_ridge_full
etard_tf64,ridge,reconstruction,gate0_gate2_loso_ridge_full_v1,0,P09,test_-_P09_-_fM_part_3,64,pearson_r,0.14184521675653197,869,ridge_alpha_0.001,subject_independent_loso_ridge_full
etard_tf64,ridge,reconstruction,gate0_gate2_loso_ridge_full_v1,0,P09,test_-_P09_-_fM_part_4,64,pearson_r,0.30636637418359564,953,ridge_alpha_0.001,subject_independent_loso_ridge_full
etard_tf64,ridge,reconstruction,gate0_gate2_loso_ridge_full_v1,0,P09,test_-_P09_-_fW_part_1,64,pearson_r,0.0731099923750143,843,ridge_alpha_0.001,subject_independent_loso_ridge_full
etard_tf64,ridge,reconstruction,gate0_gate2_loso_ridge_full_v1,0,P09,test_-_P09_-_fW_part_2,64,pearson_r,0.20460379458139893,870,ridge_alpha_0.001,subject_independent_loso_ridge_full
etard_tf64,ridge,reconstruction,gate0_gate2_loso_ridge_full_v1,0,P09,test_-_P09_-_fW_part_3,64,pearson_r,0.07625574407742278,974,ridge_alpha_0.001,subject_independent_loso_ridge_full
etard_tf64,ridge,reconstruction,gate0_gate2_loso_ridge_full_v1,0,P09,test_-_P09_-_fW_part_4,64,pearson_r,0.31008083340179454,1047,ridge_alpha_0.001,subject_independent_loso_ridge_full
etard_tf64,ridge,reconstruction,gate0_gate2_loso_ridge_full_v1,0,P09,test_-_P09_-_hbDutch_part_1,64,pearson_r,-0.030269708046016707,984,ridge_alpha_0.001,subject_independent_loso_ridge_full
etard_tf64,ridge,reconstruction,gate0_gate2_loso_ridge_full_v1,0,P09,test_-_P09_-_hbDutch_part_2,64,pearson_r,-0.0032473664701655317,998,ridge_alpha_0.001,subject_independent_loso_ridge_full
etard_tf64,ridge,reconstruction,gate0_gate2_loso_ridge_full_v1,0,P09,test_-_P09_-_hbDutch_part_3,64,pearson_r,-0.05787773988239207,1017,ridge_alpha_0.001,subject_independent_loso_ridge_full
etard_tf64,ridge,reconstruction,gate0_gate2_loso_ridge_full_v1,0,P09,test_-_P09_-_hbDutch_part_4,64,pearson_r,0.1532289796651138,1001,ridge_alpha_0.001,subject_independent_loso_ridge_full
etard_tf64,ridge,reconstruction,gate0_gate2_loso_ridge_full_v1,0,P09,test_-_P09_-_hb_part_1,64,pearson_r,0.04552936532492078,1137,ridge_alpha_0.001,subject_independent_loso_ridge_full
etard_tf64,ridge,reconstruction,gate0_gate2_loso_ridge_full_v1,0,P09,test_-_P09_-_hb_part_2,64,pearson_r,-0.15196796582775943,1074,ridge_alpha_0.001,subject_independent_loso_ridge_full
etard_tf64,ridge,reconstruction,gate0_gate2_loso_ridge_full_v1,0,P09,test_-_P09_-_hb_part_3,64,pearson_r,0.08237792821137704,1157,ridge_alpha_0.001,subject_independent_loso_ridge_full
etard_tf64,ridge,reconstruction,gate0_gate2_loso_ridge_full_v1,0,P09,test_-_P09_-_hb_part_4,64,pearson_r,0.17339834978043775,1080,ridge_alpha_0.001,subject_independent_loso_ridge_full
etard_tf64,ridge,reconstruction,gate0_gate2_loso_ridge_full_v1,0,P09,test_-_P09_-_lbDutch_part_1,64,pearson_r,0.08541595812029307,1001,ridge_alpha_0.001,subject_independent_loso_ridge_full
etard_tf64,ridge,reconstruction,gate0_gate2_loso_ridge_full_v1,0,P09,test_-_P09_-_lbDutch_part_2,64,pearson_r,0.15613254262112225,1026,ridge_alpha_0.001,subject_independent_loso_ridge_full
etard_tf64,ridge,reconstruction,gate0_gate2_loso_ridge_full_v1,0,P09,test_-_P09_-_lbDutch_part_3,64,pearson_r,0.17772923783660968,991,ridge_alpha_0.001,subject_independent_loso_ridge_full
etard_tf64,ridge,reconstruction,gate0_gate2_loso_ridge_full_v1,0,P09,test_-_P09_-_lbDutch_part_4,64,pearson_r,-0.010669836444855833,1011,ridge_alpha_0.001,subject_independent_loso_ridge_full
etard_tf64,ridge,reconstruction,gate0_gate2_loso_ridge_full_v1,0,P09,test_-_P09_-_lb_part_1,64,pearson_r,0.10447040049434182,1396,ridge_alpha_0.001,subject_independent_loso_ridge_full
etard_tf64,ridge,reconstruction,gate0_gate2_loso_ridge_full_v1,0,P09,test_-_P09_-_lb_part_2,64,pearson_r,0.047248433546644965,1433,ridge_alpha_0.001,subject_independent_loso_ridge_full
etard_tf64,ridge,reconstruction,gate0_gate2_loso_ridge_full_v1,0,P09,test_-_P09_-_lb_part_3,64,pearson_r,0.12126769764133426,1365,ridge_alpha_0.001,subject_independent_loso_ridge_full
etard_tf64,ridge,reconstruction,gate0_gate2_loso_ridge_full_v1,0,P09,test_-_P09_-_lb_part_4,64,pearson_r,0.09872204677134064,1501,ridge_alpha_0.001,subject_independent_loso_ridge_full
etard_tf64,ridge,reconstruction,gate0_gate2_loso_ridge_full_v1,0,P09,test_-_P09_-_mbDutch_part_1,64,pearson_r,0.006629794245906507,1021,ridge_alpha_0.001,subject_independent_loso_ridge_full
etard_tf64,ridge,reconstruction,gate0_gate2_loso_ridge_full_v1,0,P09,test_-_P09_-_mbDutch_part_2,64,pearson_r,-0.055492273873673004,981,ridge_alpha_0.001,subject_independent_loso_ridge_full
etard_tf64,ridge,reconstruction,gate0_gate2_loso_ridge_full_v1,0,P09,test_-_P09_-_mbDutch_part_3,64,pearson_r,0.07761702338428739,995,ridge_alpha_0.001,subject_independent_loso_ridge_full
etard_tf64,ridge,reconstruction,gate0_gate2_loso_ridge_full_v1,0,P09,test_-_P09_-_mbDutch_part_4,64,pearson_r,-0.06544390644547994,1000,ridge_alpha_0.001,subject_independent_loso_ridge_full
etard_tf64,ridge,reconstruction,gate0_gate2_loso_ridge_full_v1,0,P09,test_-_P09_-_mb_part_1,64,pearson_r,0.07012357935956094,945,ridge_alpha_0.001,subject_independent_loso_ridge_full
etard_tf64,ridge,reconstruction,gate0_gate2_loso_ridge_full_v1,0,P09,test_-_P09_-_mb_part_2,64,pearson_r,0.11563183513485394,994,ridge_alpha_0.001,subject_independent_loso_ridge_full
etard_tf64,ridge,reconstruction,gate0_gate2_loso_ridge_full_v1,0,P09,test_-_P09_-_mb_part_3,64,pearson_r,0.21124498655149712,995,ridge_alpha_0.001,subject_independent_loso_ridge_full
etard_tf64,ridge,reconstruction,gate0_gate2_loso_ridge_full_v1,0,P09,test_-_P09_-_mb_part_4,64,pearson_r,0.025590949274493374,1034,ridge_alpha_0.001,subject_independent_loso_ridge_full
etard_tf64,ridge,reconstruction,gate0_gate2_loso_ridge_full_v1,0,P10,test_-_P10_-_cleanDutch_part_1,64,pearson_r,-0.04890419117738069,941,ridge_alpha_0.001,subject_independent_loso_ridge_full
etard_tf64,ridge,reconstruction,gate0_gate2_loso_ridge_full_v1,0,P10,test_-_P10_-_cleanDutch_part_2,64,pearson_r,0.08001197658864213,963,ridge_alpha_0.001,subject_independent_loso_ridge_full
etard_tf64,ridge,reconstruction,gate0_gate2_loso_ridge_full_v1,0,P10,test_-_P10_-_cleanDutch_part_3,64,pearson_r,0.21255690552341092,974,ridge_alpha_0.001,subject_independent_loso_ridge_full
etard_tf64,ridge,reconstruction,gate0_gate2_loso_ridge_full_v1,0,P10,test_-_P10_-_cleanDutch_part_4,64,pearson_r,0.17333375718407557,970,ridge_alpha_0.001,subject_independent_loso_ridge_full
etard_tf64,ridge,reconstruction,gate0_gate2_loso_ridge_full_v1,0,P10,test_-_P10_-_clean_part_1,64,pearson_r,0.12176680752256865,940,ridge_alpha_0.001,subject_independent_loso_ridge_full
etard_tf64,ridge,reconstruction,gate0_gate2_loso_ridge_full_v1,0,P10,test_-_P10_-_clean_part_2,64,pearson_r,0.24166721057801943,976,ridge_alpha_0.001,subject_independent_loso_ridge_full
etard_tf64,ridge,reconstruction,gate0_gate2_loso_ridge_full_v1,0,P10,test_-_P10_-_clean_part_3,64,pearson_r,0.15346560387837005,857,ridge_alpha_0.001,subject_independent_loso_ridge_full
etard_tf64,ridge,reconstruction,gate0_gate2_loso_ridge_full_v1,0,P10,test_-_P10_-_clean_part_4,64,pearson_r,0.30270155604276733,938,ridge_alpha_0.001,subject_independent_loso_ridge_full
etard_tf64,ridge,reconstruction,gate0_gate2_loso_ridge_full_v1,0,P10,test_-_P10_-_fM_part_1,64,pearson_r,0.20757079822465568,852,ridge_alpha_0.001,subject_independent_loso_ridge_full
etard_tf64,ridge,reconstruction,gate0_gate2_loso_ridge_full_v1,0,P10,test_-_P10_-_fM_part_2,64,pearson_r,0.22144696306510175,813,ridge_alpha_0.001,subject_independent_loso_ridge_full
etard_tf64,ridge,reconstruction,gate0_gate2_loso_ridge_full_v1,0,P10,test_-_P10_-_fM_part_3,64,pearson_r,0.025599917898468303,869,ridge_alpha_0.001,subject_independent_loso_ridge_full
etard_tf64,ridge,reconstruction,gate0_gate2_loso_ridge_full_v1,0,P10,test_-_P10_-_fM_part_4,64,pearson_r,0.298275764549371,953,ridge_alpha_0.001,subject_independent_loso_ridge_full
etard_tf64,ridge,reconstruction,gate0_gate2_loso_ridge_full_v1,0,P10,test_-_P10_-_fW_part_1,64,pearson_r,0.26248983991010616,843,ridge_alpha_0.001,subject_independent_loso_ridge_full
etard_tf64,ridge,reconstruction,gate0_gate2_loso_ridge_full_v1,0,P10,test_-_P10_-_fW_part_2,64,pearson_r,0.09395320419674526,870,ridge_alpha_0.001,subject_independent_loso_ridge_full
etard_tf64,ridge,reconstruction,gate0_gate2_loso_ridge_full_v1,0,P10,test_-_P10_-_fW_part_3,64,pearson_r,0.07646515537653076,974,ridge_alpha_0.001,subject_independent_loso_ridge_full
etard_tf64,ridge,reconstruction,gate0_gate2_loso_ridge_full_v1,0,P10,test_-_P10_-_fW_part_4,64,pearson_r,0.13590287633215123,1047,ridge_alpha_0.001,subject_independent_loso_ridge_full
etard_tf64,ridge,reconstruction,gate0_gate2_loso_ridge_full_v1,0,P10,test_-_P10_-_hbDutch_part_1,64,pearson_r,0.10113213836458297,984,ridge_alpha_0.001,subject_independent_loso_ridge_full
etard_tf64,ridge,reconstruction,gate0_gate2_loso_ridge_full_v1,0,P10,test_-_P10_-_hbDutch_part_2,64,pearson_r,0.0661015580831744,998,ridge_alpha_0.001,subject_independent_loso_ridge_full
etard_tf64,ridge,reconstruction,gate0_gate2_loso_ridge_full_v1,0,P10,test_-_P10_-_hbDutch_part_3,64,pearson_r,0.10800718686584432,1017,ridge_alpha_0.001,subject_independent_loso_ridge_full
etard_tf64,ridge,reconstruction,gate0_gate2_loso_ridge_full_v1,0,P10,test_-_P10_-_hbDutch_part_4,64,pearson_r,0.15533325312481983,1001,ridge_alpha_0.001,subject_independent_loso_ridge_full
etard_tf64,ridge,reconstruction,gate0_gate2_loso_ridge_full_v1,0,P10,test_-_P10_-_hb_part_1,64,pearson_r,0.1997847378916973,1137,ridge_alpha_0.001,subject_independent_loso_ridge_full
etard_tf64,ridge,reconstruction,gate0_gate2_loso_ridge_full_v1,0,P10,test_-_P10_-_hb_part_2,64,pearson_r,0.049655896006617885,1074,ridge_alpha_0.001,subject_independent_loso_ridge_full
etard_tf64,ridge,reconstruction,gate0_gate2_loso_ridge_full_v1,0,P10,test_-_P10_-_hb_part_3,64,pearson_r,0.18241362205215908,1157,ridge_alpha_0.001,subject_independent_loso_ridge_full
etard_tf64,ridge,reconstruction,gate0_gate2_loso_ridge_full_v1,0,P10,test_-_P10_-_hb_part_4,64,pearson_r,0.05176354520572669,1080,ridge_alpha_0.001,subject_independent_loso_ridge_full
etard_tf64,ridge,reconstruction,gate0_gate2_loso_ridge_full_v1,0,P10,test_-_P10_-_lbDutch_part_1,64,pearson_r,0.09147846158159931,1001,ridge_alpha_0.001,subject_independent_loso_ridge_full
etard_tf64,ridge,reconstruction,gate0_gate2_loso_ridge_full_v1,0,P10,test_-_P10_-_lbDutch_part_2,64,pearson_r,0.10267128584661982,1026,ridge_alpha_0.001,subject_independent_loso_ridge_full
etard_tf64,ridge,reconstruction,gate0_gate2_loso_ridge_full_v1,0,P10,test_-_P10_-_lbDutch_part_3,64,pearson_r,0.06787515720020586,991,ridge_alpha_0.001,subject_independent_loso_ridge_full
etard_tf64,ridge,reconstruction,gate0_gate2_loso_ridge_full_v1,0,P10,test_-_P10_-_lbDutch_part_4,64,pearson_r,0.0893311874806522,1011,ridge_alpha_0.001,subject_independent_loso_ridge_full
etard_tf64,ridge,reconstruction,gate0_gate2_loso_ridge_full_v1,0,P10,test_-_P10_-_lb_part_1,64,pearson_r,0.06372334316591252,1396,ridge_alpha_0.001,subject_independent_loso_ridge_full
etard_tf64,ridge,reconstruction,gate0_gate2_loso_ridge_full_v1,0,P10,test_-_P10_-_lb_part_2,64,pearson_r,0.10603360742924679,1433,ridge_alpha_0.001,subject_independent_loso_ridge_full
etard_tf64,ridge,reconstruction,gate0_gate2_loso_ridge_full_v1,0,P10,test_-_P10_-_lb_part_3,64,pearson_r,0.0875444367205856,1365,ridge_alpha_0.001,subject_independent_loso_ridge_full
etard_tf64,ridge,reconstruction,gate0_gate2_loso_ridge_full_v1,0,P10,test_-_P10_-_lb_part_4,64,pearson_r,0.03487329397416111,1501,ridge_alpha_0.001,subject_independent_loso_ridge_full
etard_tf64,ridge,reconstruction,gate0_gate2_loso_ridge_full_v1,0,P10,test_-_P10_-_mbDutch_part_1,64,pearson_r,0.14771061056699783,1021,ridge_alpha_0.001,subject_independent_loso_ridge_full
etard_tf64,ridge,reconstruction,gate0_gate2_loso_ridge_full_v1,0,P10,test_-_P10_-_mbDutch_part_2,64,pearson_r,0.07473445160895323,981,ridge_alpha_0.001,subject_independent_loso_ridge_full
etard_tf64,ridge,reconstruction,gate0_gate2_loso_ridge_full_v1,0,P10,test_-_P10_-_mbDutch_part_3,64,pearson_r,0.060421804560117295,995,ridge_alpha_0.001,subject_independent_loso_ridge_full
etard_tf64,ridge,reconstruction,gate0_gate2_loso_ridge_full_v1,0,P10,test_-_P10_-_mbDutch_part_4,64,pearson_r,0.12873815624631174,1000,ridge_alpha_0.001,subject_independent_loso_ridge_full
etard_tf64,ridge,reconstruction,gate0_gate2_loso_ridge_full_v1,0,P10,test_-_P10_-_mb_part_1,64,pearson_r,-0.07084435316842441,945,ridge_alpha_0.001,subject_independent_loso_ridge_full
etard_tf64,ridge,reconstruction,gate0_gate2_loso_ridge_full_v1,0,P10,test_-_P10_-_mb_part_2,64,pearson_r,-0.05607711071460487,994,ridge_alpha_0.001,subject_independent_loso_ridge_full
etard_tf64,ridge,reconstruction,gate0_gate2_loso_ridge_full_v1,0,P10,test_-_P10_-_mb_part_3,64,pearson_r,0.04938677620850439,995,ridge_alpha_0.001,subject_independent_loso_ridge_full
etard_tf64,ridge,reconstruction,gate0_gate2_loso_ridge_full_v1,0,P10,test_-_P10_-_mb_part_4,64,pearson_r,-0.08246836930947128,1034,ridge_alpha_0.001,subject_independent_loso_ridge_full
etard_tf64,ridge,reconstruction,gate0_gate2_loso_ridge_full_v1,0,P11,test_-_P11_-_cleanDutch_part_1,64,pearson_r,0.022136093568588876,941,ridge_alpha_0.001,subject_independent_loso_ridge_full
etard_tf64,ridge,reconstruction,gate0_gate2_loso_ridge_full_v1,0,P11,test_-_P11_-_cleanDutch_part_2,64,pearson_r,0.05246642591797734,963,ridge_alpha_0.001,subject_independent_loso_ridge_full
etard_tf64,ridge,reconstruction,gate0_gate2_loso_ridge_full_v1,0,P11,test_-_P11_-_cleanDutch_part_3,64,pearson_r,-0.18764599083991018,974,ridge_alpha_0.001,subject_independent_loso_ridge_full
etard_tf64,ridge,reconstruction,gate0_gate2_loso_ridge_full_v1,0,P11,test_-_P11_-_cleanDutch_part_4,64,pearson_r,0.12655822991836324,970,ridge_alpha_0.001,subject_independent_loso_ridge_full
etard_tf64,ridge,reconstruction,gate0_gate2_loso_ridge_full_v1,0,P11,test_-_P11_-_hbDutch_part_1,64,pearson_r,-0.07119880445156083,984,ridge_alpha_0.001,subject_independent_loso_ridge_full
etard_tf64,ridge,reconstruction,gate0_gate2_loso_ridge_full_v1,0,P11,test_-_P11_-_hbDutch_part_2,64,pearson_r,0.12392870488649488,998,ridge_alpha_0.001,subject_independent_loso_ridge_full
etard_tf64,ridge,reconstruction,gate0_gate2_loso_ridge_full_v1,0,P11,test_-_P11_-_hbDutch_part_3,64,pearson_r,0.05710187562115398,1017,ridge_alpha_0.001,subject_independent_loso_ridge_full
etard_tf64,ridge,reconstruction,gate0_gate2_loso_ridge_full_v1,0,P11,test_-_P11_-_hbDutch_part_4,64,pearson_r,0.046222047552696495,1001,ridge_alpha_0.001,subject_independent_loso_ridge_full
etard_tf64,ridge,reconstruction,gate0_gate2_loso_ridge_full_v1,0,P11,test_-_P11_-_lbDutch_part_1,64,pearson_r,0.028381262588813086,1001,ridge_alpha_0.001,subject_independent_loso_ridge_full
etard_tf64,ridge,reconstruction,gate0_gate2_loso_ridge_full_v1,0,P11,test_-_P11_-_lbDutch_part_2,64,pearson_r,-0.017717541305798223,1026,ridge_alpha_0.001,subject_independent_loso_ridge_full
etard_tf64,ridge,reconstruction,gate0_gate2_loso_ridge_full_v1,0,P11,test_-_P11_-_lbDutch_part_3,64,pearson_r,-0.1390108412231262,991,ridge_alpha_0.001,subject_independent_loso_ridge_full
etard_tf64,ridge,reconstruction,gate0_gate2_loso_ridge_full_v1,0,P11,test_-_P11_-_lbDutch_part_4,64,pearson_r,-0.00612181357433384,1011,ridge_alpha_0.001,subject_independent_loso_ridge_full
etard_tf64,ridge,reconstruction,gate0_gate2_loso_ridge_full_v1,0,P11,test_-_P11_-_mbDutch_part_1,64,pearson_r,-0.1088067500950427,1021,ridge_alpha_0.001,subject_independent_loso_ridge_full
etard_tf64,ridge,reconstruction,gate0_gate2_loso_ridge_full_v1,0,P11,test_-_P11_-_mbDutch_part_2,64,pearson_r,0.03279154618249877,981,ridge_alpha_0.001,subject_independent_loso_ridge_full
etard_tf64,ridge,reconstruction,gate0_gate2_loso_ridge_full_v1,0,P11,test_-_P11_-_mbDutch_part_3,64,pearson_r,-0.0692084296994929,995,ridge_alpha_0.001,subject_independent_loso_ridge_full
etard_tf64,ridge,reconstruction,gate0_gate2_loso_ridge_full_v1,0,P11,test_-_P11_-_mbDutch_part_4,64,pearson_r,-0.05581251905330723,1000,ridge_alpha_0.001,subject_independent_loso_ridge_full
etard_tf64,ridge,reconstruction,gate0_gate2_loso_ridge_full_v1,0,P12,test_-_P12_-_cleanDutch_part_1,64,pearson_r,0.05919957108015719,941,ridge_alpha_0.001,subject_independent_loso_ridge_full
etard_tf64,ridge,reconstruction,gate0_gate2_loso_ridge_full_v1,0,P12,test_-_P12_-_cleanDutch_part_2,64,pearson_r,0.049638158580819894,963,ridge_alpha_0.001,subject_independent_loso_ridge_full
etard_tf64,ridge,reconstruction,gate0_gate2_loso_ridge_full_v1,0,P12,test_-_P12_-_cleanDutch_part_3,64,pearson_r,-0.07828508991718912,974,ridge_alpha_0.001,subject_independent_loso_ridge_full
etard_tf64,ridge,reconstruction,gate0_gate2_loso_ridge_full_v1,0,P12,test_-_P12_-_cleanDutch_part_4,64,pearson_r,0.054193502488206875,970,ridge_alpha_0.001,subject_independent_loso_ridge_full
etard_tf64,ridge,reconstruction,gate0_gate2_loso_ridge_full_v1,0,P12,test_-_P12_-_hbDutch_part_1,64,pearson_r,0.04443173929623523,984,ridge_alpha_0.001,subject_independent_loso_ridge_full
etard_tf64,ridge,reconstruction,gate0_gate2_loso_ridge_full_v1,0,P12,test_-_P12_-_hbDutch_part_2,64,pearson_r,0.11574789931528989,998,ridge_alpha_0.001,subject_independent_loso_ridge_full
etard_tf64,ridge,reconstruction,gate0_gate2_loso_ridge_full_v1,0,P12,test_-_P12_-_hbDutch_part_3,64,pearson_r,-0.14790256442428332,1017,ridge_alpha_0.001,subject_independent_loso_ridge_full
etard_tf64,ridge,reconstruction,gate0_gate2_loso_ridge_full_v1,0,P12,test_-_P12_-_hbDutch_part_4,64,pearson_r,0.01899376877499825,1001,ridge_alpha_0.001,subject_independent_loso_ridge_full
etard_tf64,ridge,reconstruction,gate0_gate2_loso_ridge_full_v1,0,P12,test_-_P12_-_lbDutch_part_1,64,pearson_r,0.0012035959122569907,1001,ridge_alpha_0.001,subject_independent_loso_ridge_full
etard_tf64,ridge,reconstruction,gate0_gate2_loso_ridge_full_v1,0,P12,test_-_P12_-_lbDutch_part_2,64,pearson_r,0.03511978872231696,1026,ridge_alpha_0.001,subject_independent_loso_ridge_full
etard_tf64,ridge,reconstruction,gate0_gate2_loso_ridge_full_v1,0,P12,test_-_P12_-_lbDutch_part_3,64,pearson_r,0.05812070178833572,991,ridge_alpha_0.001,subject_independent_loso_ridge_full
etard_tf64,ridge,reconstruction,gate0_gate2_loso_ridge_full_v1,0,P12,test_-_P12_-_lbDutch_part_4,64,pearson_r,-0.0679580916369646,1011,ridge_alpha_0.001,subject_independent_loso_ridge_full
etard_tf64,ridge,reconstruction,gate0_gate2_loso_ridge_full_v1,0,P12,test_-_P12_-_mbDutch_part_1,64,pearson_r,0.12825524111755565,1021,ridge_alpha_0.001,subject_independent_loso_ridge_full
etard_tf64,ridge,reconstruction,gate0_gate2_loso_ridge_full_v1,0,P12,test_-_P12_-_mbDutch_part_2,64,pearson_r,0.1785973030882196,981,ridge_alpha_0.001,subject_independent_loso_ridge_full
etard_tf64,ridge,reconstruction,gate0_gate2_loso_ridge_full_v1,0,P12,test_-_P12_-_mbDutch_part_3,64,pearson_r,0.156118740235728,995,ridge_alpha_0.001,subject_independent_loso_ridge_full
etard_tf64,ridge,reconstruction,gate0_gate2_loso_ridge_full_v1,0,P12,test_-_P12_-_mbDutch_part_4,64,pearson_r,0.10590040405228755,1000,ridge_alpha_0.001,subject_independent_loso_ridge_full
etard_tf64,ridge,reconstruction,gate0_gate2_loso_ridge_full_v1,0,P13,test_-_P13_-_cleanDutch_part_1,64,pearson_r,0.05550932591491342,941,ridge_alpha_0.001,subject_independent_loso_ridge_full
etard_tf64,ridge,reconstruction,gate0_gate2_loso_ridge_full_v1,0,P13,test_-_P13_-_cleanDutch_part_2,64,pearson_r,-0.001062421418230133,963,ridge_alpha_0.001,subject_independent_loso_ridge_full
etard_tf64,ridge,reconstruction,gate0_gate2_loso_ridge_full_v1,0,P13,test_-_P13_-_cleanDutch_part_3,64,pearson_r,-0.14701889401396953,974,ridge_alpha_0.001,subject_independent_loso_ridge_full
etard_tf64,ridge,reconstruction,gate0_gate2_loso_ridge_full_v1,0,P13,test_-_P13_-_cleanDutch_part_4,64,pearson_r,0.1370214874924679,970,ridge_alpha_0.001,subject_independent_loso_ridge_full
etard_tf64,ridge,reconstruction,gate0_gate2_loso_ridge_full_v1,0,P13,test_-_P13_-_clean_part_1,64,pearson_r,0.049135341144362715,940,ridge_alpha_0.001,subject_independent_loso_ridge_full
etard_tf64,ridge,reconstruction,gate0_gate2_loso_ridge_full_v1,0,P13,test_-_P13_-_clean_part_2,64,pearson_r,-0.07857947121175148,976,ridge_alpha_0.001,subject_independent_loso_ridge_full
etard_tf64,ridge,reconstruction,gate0_gate2_loso_ridge_full_v1,0,P13,test_-_P13_-_clean_part_3,64,pearson_r,-0.08998927785735157,857,ridge_alpha_0.001,subject_independent_loso_ridge_full
etard_tf64,ridge,reconstruction,gate0_gate2_loso_ridge_full_v1,0,P13,test_-_P13_-_clean_part_4,64,pearson_r,0.21189862186085587,938,ridge_alpha_0.001,subject_independent_loso_ridge_full
etard_tf64,ridge,reconstruction,gate0_gate2_loso_ridge_full_v1,0,P13,test_-_P13_-_fM_part_1,64,pearson_r,-0.008818332047684731,852,ridge_alpha_0.001,subject_independent_loso_ridge_full
etard_tf64,ridge,reconstruction,gate0_gate2_loso_ridge_full_v1,0,P13,test_-_P13_-_fM_part_2,64,pearson_r,0.10931351934152649,813,ridge_alpha_0.001,subject_independent_loso_ridge_full
etard_tf64,ridge,reconstruction,gate0_gate2_loso_ridge_full_v1,0,P13,test_-_P13_-_fM_part_3,64,pearson_r,0.048481909656391264,869,ridge_alpha_0.001,subject_independent_loso_ridge_full
etard_tf64,ridge,reconstruction,gate0_gate2_loso_ridge_full_v1,0,P13,test_-_P13_-_fM_part_4,64,pearson_r,0.10725016292512163,953,ridge_alpha_0.001,subject_independent_loso_ridge_full
etard_tf64,ridge,reconstruction,gate0_gate2_loso_ridge_full_v1,0,P13,test_-_P13_-_fW_part_1,64,pearson_r,0.11714087109479247,843,ridge_alpha_0.001,subject_independent_loso_ridge_full
etard_tf64,ridge,reconstruction,gate0_gate2_loso_ridge_full_v1,0,P13,test_-_P13_-_fW_part_2,64,pearson_r,0.07474101171633446,870,ridge_alpha_0.001,subject_independent_loso_ridge_full
etard_tf64,ridge,reconstruction,gate0_gate2_loso_ridge_full_v1,0,P13,test_-_P13_-_fW_part_3,64,pearson_r,0.04473822372185588,974,ridge_alpha_0.001,subject_independent_loso_ridge_full
etard_tf64,ridge,reconstruction,gate0_gate2_loso_ridge_full_v1,0,P13,test_-_P13_-_fW_part_4,64,pearson_r,0.04142049061632821,1047,ridge_alpha_0.001,subject_independent_loso_ridge_full
etard_tf64,ridge,reconstruction,gate0_gate2_loso_ridge_full_v1,0,P13,test_-_P13_-_hbDutch_part_1,64,pearson_r,-0.00898393933739943,984,ridge_alpha_0.001,subject_independent_loso_ridge_full
etard_tf64,ridge,reconstruction,gate0_gate2_loso_ridge_full_v1,0,P13,test_-_P13_-_hbDutch_part_2,64,pearson_r,0.15991618973746444,998,ridge_alpha_0.001,subject_independent_loso_ridge_full
etard_tf64,ridge,reconstruction,gate0_gate2_loso_ridge_full_v1,0,P13,test_-_P13_-_hbDutch_part_3,64,pearson_r,0.08144644463712175,1017,ridge_alpha_0.001,subject_independent_loso_ridge_full
etard_tf64,ridge,reconstruction,gate0_gate2_loso_ridge_full_v1,0,P13,test_-_P13_-_hbDutch_part_4,64,pearson_r,-0.027894632855727793,1001,ridge_alpha_0.001,subject_independent_loso_ridge_full
etard_tf64,ridge,reconstruction,gate0_gate2_loso_ridge_full_v1,0,P13,test_-_P13_-_hb_part_1,64,pearson_r,0.19002579700448427,1137,ridge_alpha_0.001,subject_independent_loso_ridge_full
etard_tf64,ridge,reconstruction,gate0_gate2_loso_ridge_full_v1,0,P13,test_-_P13_-_hb_part_2,64,pearson_r,-0.1289861297667209,1074,ridge_alpha_0.001,subject_independent_loso_ridge_full
etard_tf64,ridge,reconstruction,gate0_gate2_loso_ridge_full_v1,0,P13,test_-_P13_-_hb_part_3,64,pearson_r,0.20234343447128716,1157,ridge_alpha_0.001,subject_independent_loso_ridge_full
etard_tf64,ridge,reconstruction,gate0_gate2_loso_ridge_full_v1,0,P13,test_-_P13_-_hb_part_4,64,pearson_r,0.012403658491564587,1080,ridge_alpha_0.001,subject_independent_loso_ridge_full
etard_tf64,ridge,reconstruction,gate0_gate2_loso_ridge_full_v1,0,P13,test_-_P13_-_lbDutch_part_1,64,pearson_r,0.1484842971343772,1001,ridge_alpha_0.001,subject_independent_loso_ridge_full
etard_tf64,ridge,reconstruction,gate0_gate2_loso_ridge_full_v1,0,P13,test_-_P13_-_lbDutch_part_2,64,pearson_r,-0.006413981777212846,1026,ridge_alpha_0.001,subject_independent_loso_ridge_full
etard_tf64,ridge,reconstruction,gate0_gate2_loso_ridge_full_v1,0,P13,test_-_P13_-_lbDutch_part_3,64,pearson_r,0.11862916518543311,991,ridge_alpha_0.001,subject_independent_loso_ridge_full
etard_tf64,ridge,reconstruction,gate0_gate2_loso_ridge_full_v1,0,P13,test_-_P13_-_lbDutch_part_4,64,pearson_r,-0.15436337443888964,1011,ridge_alpha_0.001,subject_independent_loso_ridge_full
etard_tf64,ridge,reconstruction,gate0_gate2_loso_ridge_full_v1,0,P13,test_-_P13_-_lb_part_1,64,pearson_r,-0.0012816837898012119,1396,ridge_alpha_0.001,subject_independent_loso_ridge_full
etard_tf64,ridge,reconstruction,gate0_gate2_loso_ridge_full_v1,0,P13,test_-_P13_-_lb_part_2,64,pearson_r,0.1668055735779062,1433,ridge_alpha_0.001,subject_independent_loso_ridge_full
etard_tf64,ridge,reconstruction,gate0_gate2_loso_ridge_full_v1,0,P13,test_-_P13_-_lb_part_3,64,pearson_r,0.17304392633542692,1365,ridge_alpha_0.001,subject_independent_loso_ridge_full
etard_tf64,ridge,reconstruction,gate0_gate2_loso_ridge_full_v1,0,P13,test_-_P13_-_lb_part_4,64,pearson_r,0.10023538062825053,1501,ridge_alpha_0.001,subject_independent_loso_ridge_full
etard_tf64,ridge,reconstruction,gate0_gate2_loso_ridge_full_v1,0,P13,test_-_P13_-_mbDutch_part_1,64,pearson_r,0.0029474253337308685,1021,ridge_alpha_0.001,subject_independent_loso_ridge_full
etard_tf64,ridge,reconstruction,gate0_gate2_loso_ridge_full_v1,0,P13,test_-_P13_-_mbDutch_part_2,64,pearson_r,0.1419536899527926,981,ridge_alpha_0.001,subject_independent_loso_ridge_full
etard_tf64,ridge,reconstruction,gate0_gate2_loso_ridge_full_v1,0,P13,test_-_P13_-_mbDutch_part_3,64,pearson_r,0.07605309852898805,995,ridge_alpha_0.001,subject_independent_loso_ridge_full
etard_tf64,ridge,reconstruction,gate0_gate2_loso_ridge_full_v1,0,P13,test_-_P13_-_mbDutch_part_4,64,pearson_r,-0.037177613801287285,1000,ridge_alpha_0.001,subject_independent_loso_ridge_full
etard_tf64,ridge,reconstruction,gate0_gate2_loso_ridge_full_v1,0,P13,test_-_P13_-_mb_part_1,64,pearson_r,0.18881670183300692,945,ridge_alpha_0.001,subject_independent_loso_ridge_full
etard_tf64,ridge,reconstruction,gate0_gate2_loso_ridge_full_v1,0,P13,test_-_P13_-_mb_part_2,64,pearson_r,-0.0649218339424197,994,ridge_alpha_0.001,subject_independent_loso_ridge_full
etard_tf64,ridge,reconstruction,gate0_gate2_loso_ridge_full_v1,0,P13,test_-_P13_-_mb_part_3,64,pearson_r,0.10831113960396802,995,ridge_alpha_0.001,subject_independent_loso_ridge_full
etard_tf64,ridge,reconstruction,gate0_gate2_loso_ridge_full_v1,0,P13,test_-_P13_-_mb_part_4,64,pearson_r,-0.16464822205708118,1034,ridge_alpha_0.001,subject_independent_loso_ridge_full
etard_tf64,ridge,reconstruction,gate0_gate2_loso_ridge_full_v1,0,P14,test_-_P14_-_cleanDutch_part_1,64,pearson_r,-0.023284282248427938,941,ridge_alpha_0.001,subject_independent_loso_ridge_full
etard_tf64,ridge,reconstruction,gate0_gate2_loso_ridge_full_v1,0,P14,test_-_P14_-_cleanDutch_part_2,64,pearson_r,0.07042377546203885,963,ridge_alpha_0.001,subject_independent_loso_ridge_full
etard_tf64,ridge,reconstruction,gate0_gate2_loso_ridge_full_v1,0,P14,test_-_P14_-_cleanDutch_part_3,64,pearson_r,0.10639570785184975,974,ridge_alpha_0.001,subject_independent_loso_ridge_full
etard_tf64,ridge,reconstruction,gate0_gate2_loso_ridge_full_v1,0,P14,test_-_P14_-_cleanDutch_part_4,64,pearson_r,0.016582100207219657,970,ridge_alpha_0.001,subject_independent_loso_ridge_full
etard_tf64,ridge,reconstruction,gate0_gate2_loso_ridge_full_v1,0,P14,test_-_P14_-_clean_part_1,64,pearson_r,-0.1101090950426957,940,ridge_alpha_0.001,subject_independent_loso_ridge_full
etard_tf64,ridge,reconstruction,gate0_gate2_loso_ridge_full_v1,0,P14,test_-_P14_-_clean_part_2,64,pearson_r,0.07082519029379597,976,ridge_alpha_0.001,subject_independent_loso_ridge_full
etard_tf64,ridge,reconstruction,gate0_gate2_loso_ridge_full_v1,0,P14,test_-_P14_-_clean_part_3,64,pearson_r,0.1170449713619199,857,ridge_alpha_0.001,subject_independent_loso_ridge_full
etard_tf64,ridge,reconstruction,gate0_gate2_loso_ridge_full_v1,0,P14,test_-_P14_-_clean_part_4,64,pearson_r,0.11843365939439114,938,ridge_alpha_0.001,subject_independent_loso_ridge_full
etard_tf64,ridge,reconstruction,gate0_gate2_loso_ridge_full_v1,0,P14,test_-_P14_-_fM_part_1,64,pearson_r,-0.15064571955967676,852,ridge_alpha_0.001,subject_independent_loso_ridge_full
etard_tf64,ridge,reconstruction,gate0_gate2_loso_ridge_full_v1,0,P14,test_-_P14_-_fM_part_2,64,pearson_r,0.24336444866600374,813,ridge_alpha_0.001,subject_independent_loso_ridge_full
etard_tf64,ridge,reconstruction,gate0_gate2_loso_ridge_full_v1,0,P14,test_-_P14_-_fM_part_3,64,pearson_r,-0.0027192383110794926,869,ridge_alpha_0.001,subject_independent_loso_ridge_full
etard_tf64,ridge,reconstruction,gate0_gate2_loso_ridge_full_v1,0,P14,test_-_P14_-_fM_part_4,64,pearson_r,0.17541929906188386,953,ridge_alpha_0.001,subject_independent_loso_ridge_full
etard_tf64,ridge,reconstruction,gate0_gate2_loso_ridge_full_v1,0,P14,test_-_P14_-_fW_part_1,64,pearson_r,0.03819780939778699,843,ridge_alpha_0.001,subject_independent_loso_ridge_full
etard_tf64,ridge,reconstruction,gate0_gate2_loso_ridge_full_v1,0,P14,test_-_P14_-_fW_part_2,64,pearson_r,-0.025662288540071992,870,ridge_alpha_0.001,subject_independent_loso_ridge_full
etard_tf64,ridge,reconstruction,gate0_gate2_loso_ridge_full_v1,0,P14,test_-_P14_-_fW_part_3,64,pearson_r,0.08760976962571913,974,ridge_alpha_0.001,subject_independent_loso_ridge_full
etard_tf64,ridge,reconstruction,gate0_gate2_loso_ridge_full_v1,0,P14,test_-_P14_-_fW_part_4,64,pearson_r,0.08663044521552586,1047,ridge_alpha_0.001,subject_independent_loso_ridge_full
etard_tf64,ridge,reconstruction,gate0_gate2_loso_ridge_full_v1,0,P14,test_-_P14_-_hbDutch_part_1,64,pearson_r,0.13278897832367492,984,ridge_alpha_0.001,subject_independent_loso_ridge_full
etard_tf64,ridge,reconstruction,gate0_gate2_loso_ridge_full_v1,0,P14,test_-_P14_-_hbDutch_part_2,64,pearson_r,0.10202987255222057,998,ridge_alpha_0.001,subject_independent_loso_ridge_full
etard_tf64,ridge,reconstruction,gate0_gate2_loso_ridge_full_v1,0,P14,test_-_P14_-_hbDutch_part_3,64,pearson_r,-0.1129662740387846,1017,ridge_alpha_0.001,subject_independent_loso_ridge_full
etard_tf64,ridge,reconstruction,gate0_gate2_loso_ridge_full_v1,0,P14,test_-_P14_-_hbDutch_part_4,64,pearson_r,-0.034818304501727744,1001,ridge_alpha_0.001,subject_independent_loso_ridge_full
etard_tf64,ridge,reconstruction,gate0_gate2_loso_ridge_full_v1,0,P14,test_-_P14_-_hb_part_1,64,pearson_r,-0.014626337931486466,1137,ridge_alpha_0.001,subject_independent_loso_ridge_full
etard_tf64,ridge,reconstruction,gate0_gate2_loso_ridge_full_v1,0,P14,test_-_P14_-_hb_part_2,64,pearson_r,0.02867798860454079,1074,ridge_alpha_0.001,subject_independent_loso_ridge_full
etard_tf64,ridge,reconstruction,gate0_gate2_loso_ridge_full_v1,0,P14,test_-_P14_-_hb_part_3,64,pearson_r,0.0007553778184270097,1157,ridge_alpha_0.001,subject_independent_loso_ridge_full
etard_tf64,ridge,reconstruction,gate0_gate2_loso_ridge_full_v1,0,P14,test_-_P14_-_hb_part_4,64,pearson_r,0.019097758579552284,1080,ridge_alpha_0.001,subject_independent_loso_ridge_full
etard_tf64,ridge,reconstruction,gate0_gate2_loso_ridge_full_v1,0,P14,test_-_P14_-_lbDutch_part_1,64,pearson_r,-0.053541120918012976,1001,ridge_alpha_0.001,subject_independent_loso_ridge_full
etard_tf64,ridge,reconstruction,gate0_gate2_loso_ridge_full_v1,0,P14,test_-_P14_-_lbDutch_part_2,64,pearson_r,-0.11939647405345674,1026,ridge_alpha_0.001,subject_independent_loso_ridge_full
etard_tf64,ridge,reconstruction,gate0_gate2_loso_ridge_full_v1,0,P14,test_-_P14_-_lbDutch_part_3,64,pearson_r,-0.049264469996289605,991,ridge_alpha_0.001,subject_independent_loso_ridge_full
etard_tf64,ridge,reconstruction,gate0_gate2_loso_ridge_full_v1,0,P14,test_-_P14_-_lbDutch_part_4,64,pearson_r,0.030534371718398744,1011,ridge_alpha_0.001,subject_independent_loso_ridge_full
etard_tf64,ridge,reconstruction,gate0_gate2_loso_ridge_full_v1,0,P14,test_-_P14_-_lb_part_1,64,pearson_r,0.1263013196021108,1396,ridge_alpha_0.001,subject_independent_loso_ridge_full
etard_tf64,ridge,reconstruction,gate0_gate2_loso_ridge_full_v1,0,P14,test_-_P14_-_lb_part_2,64,pearson_r,0.0937023118071024,1433,ridge_alpha_0.001,subject_independent_loso_ridge_full
etard_tf64,ridge,reconstruction,gate0_gate2_loso_ridge_full_v1,0,P14,test_-_P14_-_lb_part_3,64,pearson_r,0.09878575138124576,1365,ridge_alpha_0.001,subject_independent_loso_ridge_full
etard_tf64,ridge,reconstruction,gate0_gate2_loso_ridge_full_v1,0,P14,test_-_P14_-_lb_part_4,64,pearson_r,0.038772247912872884,1501,ridge_alpha_0.001,subject_independent_loso_ridge_full
etard_tf64,ridge,reconstruction,gate0_gate2_loso_ridge_full_v1,0,P14,test_-_P14_-_mbDutch_part_1,64,pearson_r,-0.033799383306642464,1021,ridge_alpha_0.001,subject_independent_loso_ridge_full
etard_tf64,ridge,reconstruction,gate0_gate2_loso_ridge_full_v1,0,P14,test_-_P14_-_mbDutch_part_2,64,pearson_r,0.018406485524508312,981,ridge_alpha_0.001,subject_independent_loso_ridge_full
etard_tf64,ridge,reconstruction,gate0_gate2_loso_ridge_full_v1,0,P14,test_-_P14_-_mbDutch_part_3,64,pearson_r,0.18783348660301816,995,ridge_alpha_0.001,subject_independent_loso_ridge_full
etard_tf64,ridge,reconstruction,gate0_gate2_loso_ridge_full_v1,0,P14,test_-_P14_-_mbDutch_part_4,64,pearson_r,-0.03371092188460406,1000,ridge_alpha_0.001,subject_independent_loso_ridge_full
etard_tf64,ridge,reconstruction,gate0_gate2_loso_ridge_full_v1,0,P14,test_-_P14_-_mb_part_1,64,pearson_r,0.2237684610374192,945,ridge_alpha_0.001,subject_independent_loso_ridge_full
etard_tf64,ridge,reconstruction,gate0_gate2_loso_ridge_full_v1,0,P14,test_-_P14_-_mb_part_2,64,pearson_r,0.04610858117705126,994,ridge_alpha_0.001,subject_independent_loso_ridge_full
etard_tf64,ridge,reconstruction,gate0_gate2_loso_ridge_full_v1,0,P14,test_-_P14_-_mb_part_3,64,pearson_r,-0.060927905592173766,995,ridge_alpha_0.001,subject_independent_loso_ridge_full
etard_tf64,ridge,reconstruction,gate0_gate2_loso_ridge_full_v1,0,P14,test_-_P14_-_mb_part_4,64,pearson_r,0.07292597217217778,1034,ridge_alpha_0.001,subject_independent_loso_ridge_full
etard_tf64,ridge,reconstruction,gate0_gate2_loso_ridge_full_v1,0,P15,test_-_P15_-_cleanDutch_part_1,64,pearson_r,0.03812747455394203,941,ridge_alpha_0.001,subject_independent_loso_ridge_full
etard_tf64,ridge,reconstruction,gate0_gate2_loso_ridge_full_v1,0,P15,test_-_P15_-_cleanDutch_part_2,64,pearson_r,0.06127491632120422,963,ridge_alpha_0.001,subject_independent_loso_ridge_full
etard_tf64,ridge,reconstruction,gate0_gate2_loso_ridge_full_v1,0,P15,test_-_P15_-_cleanDutch_part_3,64,pearson_r,0.07165293772808715,974,ridge_alpha_0.001,subject_independent_loso_ridge_full
etard_tf64,ridge,reconstruction,gate0_gate2_loso_ridge_full_v1,0,P15,test_-_P15_-_cleanDutch_part_4,64,pearson_r,0.1079047519451191,970,ridge_alpha_0.001,subject_independent_loso_ridge_full
etard_tf64,ridge,reconstruction,gate0_gate2_loso_ridge_full_v1,0,P15,test_-_P15_-_clean_part_1,64,pearson_r,0.13480628692769073,940,ridge_alpha_0.001,subject_independent_loso_ridge_full
etard_tf64,ridge,reconstruction,gate0_gate2_loso_ridge_full_v1,0,P15,test_-_P15_-_clean_part_2,64,pearson_r,0.0028051695340472727,976,ridge_alpha_0.001,subject_independent_loso_ridge_full
etard_tf64,ridge,reconstruction,gate0_gate2_loso_ridge_full_v1,0,P15,test_-_P15_-_clean_part_3,64,pearson_r,0.08538517448801092,857,ridge_alpha_0.001,subject_independent_loso_ridge_full
etard_tf64,ridge,reconstruction,gate0_gate2_loso_ridge_full_v1,0,P15,test_-_P15_-_clean_part_4,64,pearson_r,0.03600670094558029,938,ridge_alpha_0.001,subject_independent_loso_ridge_full
etard_tf64,ridge,reconstruction,gate0_gate2_loso_ridge_full_v1,0,P15,test_-_P15_-_fM_part_1,64,pearson_r,-0.0026920805153379406,852,ridge_alpha_0.001,subject_independent_loso_ridge_full
etard_tf64,ridge,reconstruction,gate0_gate2_loso_ridge_full_v1,0,P15,test_-_P15_-_fM_part_2,64,pearson_r,0.10241454626604815,813,ridge_alpha_0.001,subject_independent_loso_ridge_full
etard_tf64,ridge,reconstruction,gate0_gate2_loso_ridge_full_v1,0,P15,test_-_P15_-_fM_part_3,64,pearson_r,0.052995696170953975,869,ridge_alpha_0.001,subject_independent_loso_ridge_full
etard_tf64,ridge,reconstruction,gate0_gate2_loso_ridge_full_v1,0,P15,test_-_P15_-_fM_part_4,64,pearson_r,0.19143580888445533,953,ridge_alpha_0.001,subject_independent_loso_ridge_full
etard_tf64,ridge,reconstruction,gate0_gate2_loso_ridge_full_v1,0,P15,test_-_P15_-_fW_part_1,64,pearson_r,0.06804864111051076,843,ridge_alpha_0.001,subject_independent_loso_ridge_full
etard_tf64,ridge,reconstruction,gate0_gate2_loso_ridge_full_v1,0,P15,test_-_P15_-_fW_part_2,64,pearson_r,0.1541902610609451,870,ridge_alpha_0.001,subject_independent_loso_ridge_full
etard_tf64,ridge,reconstruction,gate0_gate2_loso_ridge_full_v1,0,P15,test_-_P15_-_fW_part_3,64,pearson_r,0.09205512512063,974,ridge_alpha_0.001,subject_independent_loso_ridge_full
etard_tf64,ridge,reconstruction,gate0_gate2_loso_ridge_full_v1,0,P15,test_-_P15_-_fW_part_4,64,pearson_r,0.05978888268341586,1047,ridge_alpha_0.001,subject_independent_loso_ridge_full
etard_tf64,ridge,reconstruction,gate0_gate2_loso_ridge_full_v1,0,P15,test_-_P15_-_hbDutch_part_1,64,pearson_r,0.036833337384366456,984,ridge_alpha_0.001,subject_independent_loso_ridge_full
etard_tf64,ridge,reconstruction,gate0_gate2_loso_ridge_full_v1,0,P15,test_-_P15_-_hbDutch_part_2,64,pearson_r,-0.06222832243955985,998,ridge_alpha_0.001,subject_independent_loso_ridge_full
etard_tf64,ridge,reconstruction,gate0_gate2_loso_ridge_full_v1,0,P15,test_-_P15_-_hbDutch_part_3,64,pearson_r,-0.007665426940112207,1017,ridge_alpha_0.001,subject_independent_loso_ridge_full
etard_tf64,ridge,reconstruction,gate0_gate2_loso_ridge_full_v1,0,P15,test_-_P15_-_hbDutch_part_4,64,pearson_r,0.06881386016896009,1001,ridge_alpha_0.001,subject_independent_loso_ridge_full
etard_tf64,ridge,reconstruction,gate0_gate2_loso_ridge_full_v1,0,P15,test_-_P15_-_hb_part_1,64,pearson_r,0.05962026254615732,1137,ridge_alpha_0.001,subject_independent_loso_ridge_full
etard_tf64,ridge,reconstruction,gate0_gate2_loso_ridge_full_v1,0,P15,test_-_P15_-_hb_part_2,64,pearson_r,0.04662172589953375,1074,ridge_alpha_0.001,subject_independent_loso_ridge_full
etard_tf64,ridge,reconstruction,gate0_gate2_loso_ridge_full_v1,0,P15,test_-_P15_-_hb_part_3,64,pearson_r,0.014121167493734654,1157,ridge_alpha_0.001,subject_independent_loso_ridge_full
etard_tf64,ridge,reconstruction,gate0_gate2_loso_ridge_full_v1,0,P15,test_-_P15_-_hb_part_4,64,pearson_r,0.13711268965904866,1080,ridge_alpha_0.001,subject_independent_loso_ridge_full
etard_tf64,ridge,reconstruction,gate0_gate2_loso_ridge_full_v1,0,P15,test_-_P15_-_lbDutch_part_1,64,pearson_r,-0.18827890895138083,1001,ridge_alpha_0.001,subject_independent_loso_ridge_full
etard_tf64,ridge,reconstruction,gate0_gate2_loso_ridge_full_v1,0,P15,test_-_P15_-_lbDutch_part_2,64,pearson_r,0.053972991383498405,1026,ridge_alpha_0.001,subject_independent_loso_ridge_full
etard_tf64,ridge,reconstruction,gate0_gate2_loso_ridge_full_v1,0,P15,test_-_P15_-_lbDutch_part_3,64,pearson_r,-0.2510680002527155,991,ridge_alpha_0.001,subject_independent_loso_ridge_full
etard_tf64,ridge,reconstruction,gate0_gate2_loso_ridge_full_v1,0,P15,test_-_P15_-_lbDutch_part_4,64,pearson_r,0.09424546801055642,1011,ridge_alpha_0.001,subject_independent_loso_ridge_full
etard_tf64,ridge,reconstruction,gate0_gate2_loso_ridge_full_v1,0,P15,test_-_P15_-_lb_part_1,64,pearson_r,0.16001866834395434,1396,ridge_alpha_0.001,subject_independent_loso_ridge_full
etard_tf64,ridge,reconstruction,gate0_gate2_loso_ridge_full_v1,0,P15,test_-_P15_-_lb_part_2,64,pearson_r,0.05828746352175087,1433,ridge_alpha_0.001,subject_independent_loso_ridge_full
etard_tf64,ridge,reconstruction,gate0_gate2_loso_ridge_full_v1,0,P15,test_-_P15_-_lb_part_3,64,pearson_r,0.014306021015669725,1365,ridge_alpha_0.001,subject_independent_loso_ridge_full
etard_tf64,ridge,reconstruction,gate0_gate2_loso_ridge_full_v1,0,P15,test_-_P15_-_lb_part_4,64,pearson_r,0.07597974360618963,1501,ridge_alpha_0.001,subject_independent_loso_ridge_full
etard_tf64,ridge,reconstruction,gate0_gate2_loso_ridge_full_v1,0,P15,test_-_P15_-_mbDutch_part_1,64,pearson_r,-0.18162759920609176,1021,ridge_alpha_0.001,subject_independent_loso_ridge_full
etard_tf64,ridge,reconstruction,gate0_gate2_loso_ridge_full_v1,0,P15,test_-_P15_-_mbDutch_part_2,64,pearson_r,-0.10341583593463759,981,ridge_alpha_0.001,subject_independent_loso_ridge_full
etard_tf64,ridge,reconstruction,gate0_gate2_loso_ridge_full_v1,0,P15,test_-_P15_-_mbDutch_part_3,64,pearson_r,0.15545106732561742,995,ridge_alpha_0.001,subject_independent_loso_ridge_full
etard_tf64,ridge,reconstruction,gate0_gate2_loso_ridge_full_v1,0,P15,test_-_P15_-_mbDutch_part_4,64,pearson_r,-0.01770412970410475,1000,ridge_alpha_0.001,subject_independent_loso_ridge_full
etard_tf64,ridge,reconstruction,gate0_gate2_loso_ridge_full_v1,0,P15,test_-_P15_-_mb_part_1,64,pearson_r,-0.08146084345694893,945,ridge_alpha_0.001,subject_independent_loso_ridge_full
etard_tf64,ridge,reconstruction,gate0_gate2_loso_ridge_full_v1,0,P15,test_-_P15_-_mb_part_2,64,pearson_r,-0.04065277097482383,994,ridge_alpha_0.001,subject_independent_loso_ridge_full
etard_tf64,ridge,reconstruction,gate0_gate2_loso_ridge_full_v1,0,P15,test_-_P15_-_mb_part_3,64,pearson_r,-0.02952394316087252,995,ridge_alpha_0.001,subject_independent_loso_ridge_full
etard_tf64,ridge,reconstruction,gate0_gate2_loso_ridge_full_v1,0,P15,test_-_P15_-_mb_part_4,64,pearson_r,0.13217493788132798,1034,ridge_alpha_0.001,subject_independent_loso_ridge_full
etard_tf64,ridge,reconstruction,gate0_gate2_loso_ridge_full_v1,0,P16,test_-_P16_-_cleanDutch_part_1,64,pearson_r,0.04079331486813795,941,ridge_alpha_0.001,subject_independent_loso_ridge_full
etard_tf64,ridge,reconstruction,gate0_gate2_loso_ridge_full_v1,0,P16,test_-_P16_-_cleanDutch_part_2,64,pearson_r,0.07800411419132033,963,ridge_alpha_0.001,subject_independent_loso_ridge_full
etard_tf64,ridge,reconstruction,gate0_gate2_loso_ridge_full_v1,0,P16,test_-_P16_-_cleanDutch_part_3,64,pearson_r,0.04442090228944417,974,ridge_alpha_0.001,subject_independent_loso_ridge_full
etard_tf64,ridge,reconstruction,gate0_gate2_loso_ridge_full_v1,0,P16,test_-_P16_-_cleanDutch_part_4,64,pearson_r,0.1857126767668109,970,ridge_alpha_0.001,subject_independent_loso_ridge_full
etard_tf64,ridge,reconstruction,gate0_gate2_loso_ridge_full_v1,0,P16,test_-_P16_-_clean_part_1,64,pearson_r,0.16037677512240606,940,ridge_alpha_0.001,subject_independent_loso_ridge_full
etard_tf64,ridge,reconstruction,gate0_gate2_loso_ridge_full_v1,0,P16,test_-_P16_-_clean_part_2,64,pearson_r,0.10326987200017454,976,ridge_alpha_0.001,subject_independent_loso_ridge_full
etard_tf64,ridge,reconstruction,gate0_gate2_loso_ridge_full_v1,0,P16,test_-_P16_-_clean_part_3,64,pearson_r,0.18273931547333705,857,ridge_alpha_0.001,subject_independent_loso_ridge_full
etard_tf64,ridge,reconstruction,gate0_gate2_loso_ridge_full_v1,0,P16,test_-_P16_-_clean_part_4,64,pearson_r,0.13108714105668667,938,ridge_alpha_0.001,subject_independent_loso_ridge_full
etard_tf64,ridge,reconstruction,gate0_gate2_loso_ridge_full_v1,0,P16,test_-_P16_-_fM_part_1,64,pearson_r,0.276791775779844,852,ridge_alpha_0.001,subject_independent_loso_ridge_full
etard_tf64,ridge,reconstruction,gate0_gate2_loso_ridge_full_v1,0,P16,test_-_P16_-_fM_part_2,64,pearson_r,0.19776318321632624,813,ridge_alpha_0.001,subject_independent_loso_ridge_full
etard_tf64,ridge,reconstruction,gate0_gate2_loso_ridge_full_v1,0,P16,test_-_P16_-_fM_part_3,64,pearson_r,0.10215510129546801,869,ridge_alpha_0.001,subject_independent_loso_ridge_full
etard_tf64,ridge,reconstruction,gate0_gate2_loso_ridge_full_v1,0,P16,test_-_P16_-_fM_part_4,64,pearson_r,0.25407723930792103,953,ridge_alpha_0.001,subject_independent_loso_ridge_full
etard_tf64,ridge,reconstruction,gate0_gate2_loso_ridge_full_v1,0,P16,test_-_P16_-_fW_part_1,64,pearson_r,0.10032401347396425,843,ridge_alpha_0.001,subject_independent_loso_ridge_full
etard_tf64,ridge,reconstruction,gate0_gate2_loso_ridge_full_v1,0,P16,test_-_P16_-_fW_part_2,64,pearson_r,0.09693851158246374,870,ridge_alpha_0.001,subject_independent_loso_ridge_full
etard_tf64,ridge,reconstruction,gate0_gate2_loso_ridge_full_v1,0,P16,test_-_P16_-_fW_part_3,64,pearson_r,0.007036099823642432,974,ridge_alpha_0.001,subject_independent_loso_ridge_full
etard_tf64,ridge,reconstruction,gate0_gate2_loso_ridge_full_v1,0,P16,test_-_P16_-_fW_part_4,64,pearson_r,0.020750496200163473,1047,ridge_alpha_0.001,subject_independent_loso_ridge_full
etard_tf64,ridge,reconstruction,gate0_gate2_loso_ridge_full_v1,0,P16,test_-_P16_-_hbDutch_part_1,64,pearson_r,0.03384025510936506,984,ridge_alpha_0.001,subject_independent_loso_ridge_full
etard_tf64,ridge,reconstruction,gate0_gate2_loso_ridge_full_v1,0,P16,test_-_P16_-_hbDutch_part_2,64,pearson_r,0.06460227979461493,998,ridge_alpha_0.001,subject_independent_loso_ridge_full
etard_tf64,ridge,reconstruction,gate0_gate2_loso_ridge_full_v1,0,P16,test_-_P16_-_hbDutch_part_3,64,pearson_r,0.06819197143986036,1017,ridge_alpha_0.001,subject_independent_loso_ridge_full
etard_tf64,ridge,reconstruction,gate0_gate2_loso_ridge_full_v1,0,P16,test_-_P16_-_hbDutch_part_4,64,pearson_r,-0.0144574138247112,1001,ridge_alpha_0.001,subject_independent_loso_ridge_full
etard_tf64,ridge,reconstruction,gate0_gate2_loso_ridge_full_v1,0,P16,test_-_P16_-_hb_part_1,64,pearson_r,0.15630559696317392,1137,ridge_alpha_0.001,subject_independent_loso_ridge_full
etard_tf64,ridge,reconstruction,gate0_gate2_loso_ridge_full_v1,0,P16,test_-_P16_-_hb_part_2,64,pearson_r,0.05813935943804451,1074,ridge_alpha_0.001,subject_independent_loso_ridge_full
etard_tf64,ridge,reconstruction,gate0_gate2_loso_ridge_full_v1,0,P16,test_-_P16_-_hb_part_3,64,pearson_r,0.05423388634518949,1157,ridge_alpha_0.001,subject_independent_loso_ridge_full
etard_tf64,ridge,reconstruction,gate0_gate2_loso_ridge_full_v1,0,P16,test_-_P16_-_hb_part_4,64,pearson_r,0.14066453273715532,1080,ridge_alpha_0.001,subject_independent_loso_ridge_full
etard_tf64,ridge,reconstruction,gate0_gate2_loso_ridge_full_v1,0,P16,test_-_P16_-_lbDutch_part_1,64,pearson_r,0.0018155246398877715,1001,ridge_alpha_0.001,subject_independent_loso_ridge_full
etard_tf64,ridge,reconstruction,gate0_gate2_loso_ridge_full_v1,0,P16,test_-_P16_-_lbDutch_part_2,64,pearson_r,0.14449210487338138,1026,ridge_alpha_0.001,subject_independent_loso_ridge_full
etard_tf64,ridge,reconstruction,gate0_gate2_loso_ridge_full_v1,0,P16,test_-_P16_-_lbDutch_part_3,64,pearson_r,0.04211515621170959,991,ridge_alpha_0.001,subject_independent_loso_ridge_full
etard_tf64,ridge,reconstruction,gate0_gate2_loso_ridge_full_v1,0,P16,test_-_P16_-_lbDutch_part_4,64,pearson_r,-0.0029841460358243843,1011,ridge_alpha_0.001,subject_independent_loso_ridge_full
etard_tf64,ridge,reconstruction,gate0_gate2_loso_ridge_full_v1,0,P16,test_-_P16_-_lb_part_1,64,pearson_r,0.07716928404332284,1396,ridge_alpha_0.001,subject_independent_loso_ridge_full
etard_tf64,ridge,reconstruction,gate0_gate2_loso_ridge_full_v1,0,P16,test_-_P16_-_lb_part_2,64,pearson_r,0.11843369297444899,1433,ridge_alpha_0.001,subject_independent_loso_ridge_full
etard_tf64,ridge,reconstruction,gate0_gate2_loso_ridge_full_v1,0,P16,test_-_P16_-_lb_part_3,64,pearson_r,0.060945137863838025,1365,ridge_alpha_0.001,subject_independent_loso_ridge_full
etard_tf64,ridge,reconstruction,gate0_gate2_loso_ridge_full_v1,0,P16,test_-_P16_-_lb_part_4,64,pearson_r,0.11769833219668643,1501,ridge_alpha_0.001,subject_independent_loso_ridge_full
etard_tf64,ridge,reconstruction,gate0_gate2_loso_ridge_full_v1,0,P16,test_-_P16_-_mbDutch_part_1,64,pearson_r,0.07080675406007818,1021,ridge_alpha_0.001,subject_independent_loso_ridge_full
etard_tf64,ridge,reconstruction,gate0_gate2_loso_ridge_full_v1,0,P16,test_-_P16_-_mbDutch_part_2,64,pearson_r,-0.005952735662021489,981,ridge_alpha_0.001,subject_independent_loso_ridge_full
etard_tf64,ridge,reconstruction,gate0_gate2_loso_ridge_full_v1,0,P16,test_-_P16_-_mbDutch_part_3,64,pearson_r,0.06290671424482945,995,ridge_alpha_0.001,subject_independent_loso_ridge_full
etard_tf64,ridge,reconstruction,gate0_gate2_loso_ridge_full_v1,0,P16,test_-_P16_-_mbDutch_part_4,64,pearson_r,-0.10307389981908904,1000,ridge_alpha_0.001,subject_independent_loso_ridge_full
etard_tf64,ridge,reconstruction,gate0_gate2_loso_ridge_full_v1,0,P16,test_-_P16_-_mb_part_1,64,pearson_r,0.1464668754715658,945,ridge_alpha_0.001,subject_independent_loso_ridge_full
etard_tf64,ridge,reconstruction,gate0_gate2_loso_ridge_full_v1,0,P16,test_-_P16_-_mb_part_2,64,pearson_r,0.14044128561996286,994,ridge_alpha_0.001,subject_independent_loso_ridge_full
etard_tf64,ridge,reconstruction,gate0_gate2_loso_ridge_full_v1,0,P16,test_-_P16_-_mb_part_3,64,pearson_r,0.09170802481634581,995,ridge_alpha_0.001,subject_independent_loso_ridge_full
etard_tf64,ridge,reconstruction,gate0_gate2_loso_ridge_full_v1,0,P16,test_-_P16_-_mb_part_4,64,pearson_r,0.03200179551637738,1034,ridge_alpha_0.001,subject_independent_loso_ridge_full
etard_tf64,ridge,reconstruction,gate0_gate2_loso_ridge_full_v1,0,P17,test_-_P17_-_cleanDutch_part_1,64,pearson_r,0.11752096272266035,941,ridge_alpha_0.001,subject_independent_loso_ridge_full
etard_tf64,ridge,reconstruction,gate0_gate2_loso_ridge_full_v1,0,P17,test_-_P17_-_cleanDutch_part_2,64,pearson_r,0.10762637643524761,963,ridge_alpha_0.001,subject_independent_loso_ridge_full
etard_tf64,ridge,reconstruction,gate0_gate2_loso_ridge_full_v1,0,P17,test_-_P17_-_cleanDutch_part_3,64,pearson_r,0.13825403294802424,974,ridge_alpha_0.001,subject_independent_loso_ridge_full
etard_tf64,ridge,reconstruction,gate0_gate2_loso_ridge_full_v1,0,P17,test_-_P17_-_cleanDutch_part_4,64,pearson_r,0.08415651780023245,970,ridge_alpha_0.001,subject_independent_loso_ridge_full
etard_tf64,ridge,reconstruction,gate0_gate2_loso_ridge_full_v1,0,P17,test_-_P17_-_clean_part_1,64,pearson_r,-0.048765190441181216,940,ridge_alpha_0.001,subject_independent_loso_ridge_full
etard_tf64,ridge,reconstruction,gate0_gate2_loso_ridge_full_v1,0,P17,test_-_P17_-_clean_part_2,64,pearson_r,0.1204357170978951,976,ridge_alpha_0.001,subject_independent_loso_ridge_full
etard_tf64,ridge,reconstruction,gate0_gate2_loso_ridge_full_v1,0,P17,test_-_P17_-_clean_part_3,64,pearson_r,0.16508344792032048,857,ridge_alpha_0.001,subject_independent_loso_ridge_full
etard_tf64,ridge,reconstruction,gate0_gate2_loso_ridge_full_v1,0,P17,test_-_P17_-_clean_part_4,64,pearson_r,0.24205629492851424,938,ridge_alpha_0.001,subject_independent_loso_ridge_full
etard_tf64,ridge,reconstruction,gate0_gate2_loso_ridge_full_v1,0,P17,test_-_P17_-_fM_part_1,64,pearson_r,0.10676995040538395,852,ridge_alpha_0.001,subject_independent_loso_ridge_full
etard_tf64,ridge,reconstruction,gate0_gate2_loso_ridge_full_v1,0,P17,test_-_P17_-_fM_part_2,64,pearson_r,-0.010882378430080821,813,ridge_alpha_0.001,subject_independent_loso_ridge_full
etard_tf64,ridge,reconstruction,gate0_gate2_loso_ridge_full_v1,0,P17,test_-_P17_-_fM_part_3,64,pearson_r,0.036702415816830994,869,ridge_alpha_0.001,subject_independent_loso_ridge_full
etard_tf64,ridge,reconstruction,gate0_gate2_loso_ridge_full_v1,0,P17,test_-_P17_-_fM_part_4,64,pearson_r,0.09090478489558493,953,ridge_alpha_0.001,subject_independent_loso_ridge_full
etard_tf64,ridge,reconstruction,gate0_gate2_loso_ridge_full_v1,0,P17,test_-_P17_-_fW_part_1,64,pearson_r,-0.0195429097623692,843,ridge_alpha_0.001,subject_independent_loso_ridge_full
etard_tf64,ridge,reconstruction,gate0_gate2_loso_ridge_full_v1,0,P17,test_-_P17_-_fW_part_2,64,pearson_r,0.09747114211330309,870,ridge_alpha_0.001,subject_independent_loso_ridge_full
etard_tf64,ridge,reconstruction,gate0_gate2_loso_ridge_full_v1,0,P17,test_-_P17_-_fW_part_3,64,pearson_r,0.13074455426248843,974,ridge_alpha_0.001,subject_independent_loso_ridge_full
etard_tf64,ridge,reconstruction,gate0_gate2_loso_ridge_full_v1,0,P17,test_-_P17_-_fW_part_4,64,pearson_r,0.09223276276819867,1047,ridge_alpha_0.001,subject_independent_loso_ridge_full
etard_tf64,ridge,reconstruction,gate0_gate2_loso_ridge_full_v1,0,P17,test_-_P17_-_hbDutch_part_1,64,pearson_r,0.11606426526630303,984,ridge_alpha_0.001,subject_independent_loso_ridge_full
etard_tf64,ridge,reconstruction,gate0_gate2_loso_ridge_full_v1,0,P17,test_-_P17_-_hbDutch_part_2,64,pearson_r,0.04312278888452445,998,ridge_alpha_0.001,subject_independent_loso_ridge_full
etard_tf64,ridge,reconstruction,gate0_gate2_loso_ridge_full_v1,0,P17,test_-_P17_-_hbDutch_part_3,64,pearson_r,0.16394591201061692,1017,ridge_alpha_0.001,subject_independent_loso_ridge_full
etard_tf64,ridge,reconstruction,gate0_gate2_loso_ridge_full_v1,0,P17,test_-_P17_-_hbDutch_part_4,64,pearson_r,0.10396449337700116,1001,ridge_alpha_0.001,subject_independent_loso_ridge_full
etard_tf64,ridge,reconstruction,gate0_gate2_loso_ridge_full_v1,0,P17,test_-_P17_-_hb_part_1,64,pearson_r,0.02338463015933159,1137,ridge_alpha_0.001,subject_independent_loso_ridge_full
etard_tf64,ridge,reconstruction,gate0_gate2_loso_ridge_full_v1,0,P17,test_-_P17_-_hb_part_2,64,pearson_r,0.12050220619876037,1074,ridge_alpha_0.001,subject_independent_loso_ridge_full
etard_tf64,ridge,reconstruction,gate0_gate2_loso_ridge_full_v1,0,P17,test_-_P17_-_hb_part_3,64,pearson_r,0.10188369861262353,1157,ridge_alpha_0.001,subject_independent_loso_ridge_full
etard_tf64,ridge,reconstruction,gate0_gate2_loso_ridge_full_v1,0,P17,test_-_P17_-_hb_part_4,64,pearson_r,0.1541873917562243,1080,ridge_alpha_0.001,subject_independent_loso_ridge_full
etard_tf64,ridge,reconstruction,gate0_gate2_loso_ridge_full_v1,0,P17,test_-_P17_-_lbDutch_part_1,64,pearson_r,-0.04700425662570275,1001,ridge_alpha_0.001,subject_independent_loso_ridge_full
etard_tf64,ridge,reconstruction,gate0_gate2_loso_ridge_full_v1,0,P17,test_-_P17_-_lbDutch_part_2,64,pearson_r,0.1495596348544117,1026,ridge_alpha_0.001,subject_independent_loso_ridge_full
etard_tf64,ridge,reconstruction,gate0_gate2_loso_ridge_full_v1,0,P17,test_-_P17_-_lbDutch_part_3,64,pearson_r,0.05419409326438524,991,ridge_alpha_0.001,subject_independent_loso_ridge_full
etard_tf64,ridge,reconstruction,gate0_gate2_loso_ridge_full_v1,0,P17,test_-_P17_-_lbDutch_part_4,64,pearson_r,0.048729521027272064,1011,ridge_alpha_0.001,subject_independent_loso_ridge_full
etard_tf64,ridge,reconstruction,gate0_gate2_loso_ridge_full_v1,0,P17,test_-_P17_-_lb_part_1,64,pearson_r,0.12249820911746487,1396,ridge_alpha_0.001,subject_independent_loso_ridge_full
etard_tf64,ridge,reconstruction,gate0_gate2_loso_ridge_full_v1,0,P17,test_-_P17_-_lb_part_2,64,pearson_r,-0.01774914175859691,1433,ridge_alpha_0.001,subject_independent_loso_ridge_full
etard_tf64,ridge,reconstruction,gate0_gate2_loso_ridge_full_v1,0,P17,test_-_P17_-_lb_part_3,64,pearson_r,-0.020675953390932537,1365,ridge_alpha_0.001,subject_independent_loso_ridge_full
etard_tf64,ridge,reconstruction,gate0_gate2_loso_ridge_full_v1,0,P17,test_-_P17_-_lb_part_4,64,pearson_r,0.15005759814871014,1501,ridge_alpha_0.001,subject_independent_loso_ridge_full
etard_tf64,ridge,reconstruction,gate0_gate2_loso_ridge_full_v1,0,P17,test_-_P17_-_mbDutch_part_1,64,pearson_r,-0.06384875370755494,1021,ridge_alpha_0.001,subject_independent_loso_ridge_full
etard_tf64,ridge,reconstruction,gate0_gate2_loso_ridge_full_v1,0,P17,test_-_P17_-_mbDutch_part_2,64,pearson_r,-0.11457242807050107,981,ridge_alpha_0.001,subject_independent_loso_ridge_full
etard_tf64,ridge,reconstruction,gate0_gate2_loso_ridge_full_v1,0,P17,test_-_P17_-_mbDutch_part_3,64,pearson_r,0.06250842316545499,995,ridge_alpha_0.001,subject_independent_loso_ridge_full
etard_tf64,ridge,reconstruction,gate0_gate2_loso_ridge_full_v1,0,P17,test_-_P17_-_mbDutch_part_4,64,pearson_r,0.035576360639320105,1000,ridge_alpha_0.001,subject_independent_loso_ridge_full
etard_tf64,ridge,reconstruction,gate0_gate2_loso_ridge_full_v1,0,P17,test_-_P17_-_mb_part_1,64,pearson_r,-0.0286239521236009,945,ridge_alpha_0.001,subject_independent_loso_ridge_full
etard_tf64,ridge,reconstruction,gate0_gate2_loso_ridge_full_v1,0,P17,test_-_P17_-_mb_part_2,64,pearson_r,-0.019347903406524005,994,ridge_alpha_0.001,subject_independent_loso_ridge_full
etard_tf64,ridge,reconstruction,gate0_gate2_loso_ridge_full_v1,0,P17,test_-_P17_-_mb_part_3,64,pearson_r,0.06882106345176973,995,ridge_alpha_0.001,subject_independent_loso_ridge_full
etard_tf64,ridge,reconstruction,gate0_gate2_loso_ridge_full_v1,0,P17,test_-_P17_-_mb_part_4,64,pearson_r,0.10288365323165716,1034,ridge_alpha_0.001,subject_independent_loso_ridge_full
etard_tf64,ridge,reconstruction,gate0_gate2_loso_ridge_full_v1,0,P18,test_-_P18_-_cleanDutch_part_1,64,pearson_r,0.17505685752443767,941,ridge_alpha_0.001,subject_independent_loso_ridge_full
etard_tf64,ridge,reconstruction,gate0_gate2_loso_ridge_full_v1,0,P18,test_-_P18_-_cleanDutch_part_2,64,pearson_r,0.07823806748410107,963,ridge_alpha_0.001,subject_independent_loso_ridge_full
etard_tf64,ridge,reconstruction,gate0_gate2_loso_ridge_full_v1,0,P18,test_-_P18_-_cleanDutch_part_3,64,pearson_r,0.2438649556416393,974,ridge_alpha_0.001,subject_independent_loso_ridge_full
etard_tf64,ridge,reconstruction,gate0_gate2_loso_ridge_full_v1,0,P18,test_-_P18_-_cleanDutch_part_4,64,pearson_r,0.049791544966175945,970,ridge_alpha_0.001,subject_independent_loso_ridge_full
etard_tf64,ridge,reconstruction,gate0_gate2_loso_ridge_full_v1,0,P18,test_-_P18_-_clean_part_1,64,pearson_r,0.08203777249795889,940,ridge_alpha_0.001,subject_independent_loso_ridge_full
etard_tf64,ridge,reconstruction,gate0_gate2_loso_ridge_full_v1,0,P18,test_-_P18_-_clean_part_2,64,pearson_r,0.11109705761593305,976,ridge_alpha_0.001,subject_independent_loso_ridge_full
etard_tf64,ridge,reconstruction,gate0_gate2_loso_ridge_full_v1,0,P18,test_-_P18_-_clean_part_3,64,pearson_r,0.19974187751822667,857,ridge_alpha_0.001,subject_independent_loso_ridge_full
etard_tf64,ridge,reconstruction,gate0_gate2_loso_ridge_full_v1,0,P18,test_-_P18_-_clean_part_4,64,pearson_r,0.27697795853703955,938,ridge_alpha_0.001,subject_independent_loso_ridge_full
etard_tf64,ridge,reconstruction,gate0_gate2_loso_ridge_full_v1,0,P18,test_-_P18_-_fM_part_1,64,pearson_r,0.22380380537468123,852,ridge_alpha_0.001,subject_independent_loso_ridge_full
etard_tf64,ridge,reconstruction,gate0_gate2_loso_ridge_full_v1,0,P18,test_-_P18_-_fM_part_2,64,pearson_r,0.14652272438629702,813,ridge_alpha_0.001,subject_independent_loso_ridge_full
etard_tf64,ridge,reconstruction,gate0_gate2_loso_ridge_full_v1,0,P18,test_-_P18_-_fM_part_3,64,pearson_r,-0.013760369958221918,869,ridge_alpha_0.001,subject_independent_loso_ridge_full
etard_tf64,ridge,reconstruction,gate0_gate2_loso_ridge_full_v1,0,P18,test_-_P18_-_fM_part_4,64,pearson_r,0.09765899273727625,953,ridge_alpha_0.001,subject_independent_loso_ridge_full
etard_tf64,ridge,reconstruction,gate0_gate2_loso_ridge_full_v1,0,P18,test_-_P18_-_fW_part_1,64,pearson_r,0.16015916840944755,843,ridge_alpha_0.001,subject_independent_loso_ridge_full
etard_tf64,ridge,reconstruction,gate0_gate2_loso_ridge_full_v1,0,P18,test_-_P18_-_fW_part_2,64,pearson_r,0.027595012942596125,870,ridge_alpha_0.001,subject_independent_loso_ridge_full
etard_tf64,ridge,reconstruction,gate0_gate2_loso_ridge_full_v1,0,P18,test_-_P18_-_fW_part_3,64,pearson_r,0.042565748314967324,974,ridge_alpha_0.001,subject_independent_loso_ridge_full
etard_tf64,ridge,reconstruction,gate0_gate2_loso_ridge_full_v1,0,P18,test_-_P18_-_fW_part_4,64,pearson_r,0.001823079469224456,1047,ridge_alpha_0.001,subject_independent_loso_ridge_full
etard_tf64,ridge,reconstruction,gate0_gate2_loso_ridge_full_v1,0,P18,test_-_P18_-_hbDutch_part_1,64,pearson_r,0.12554086084828311,984,ridge_alpha_0.001,subject_independent_loso_ridge_full
etard_tf64,ridge,reconstruction,gate0_gate2_loso_ridge_full_v1,0,P18,test_-_P18_-_hbDutch_part_2,64,pearson_r,0.16018251959472088,998,ridge_alpha_0.001,subject_independent_loso_ridge_full
etard_tf64,ridge,reconstruction,gate0_gate2_loso_ridge_full_v1,0,P18,test_-_P18_-_hbDutch_part_3,64,pearson_r,-0.07383601020030933,1017,ridge_alpha_0.001,subject_independent_loso_ridge_full
etard_tf64,ridge,reconstruction,gate0_gate2_loso_ridge_full_v1,0,P18,test_-_P18_-_hbDutch_part_4,64,pearson_r,-0.10098671830243436,1001,ridge_alpha_0.001,subject_independent_loso_ridge_full
etard_tf64,ridge,reconstruction,gate0_gate2_loso_ridge_full_v1,0,P18,test_-_P18_-_hb_part_1,64,pearson_r,-0.024040951638848358,1137,ridge_alpha_0.001,subject_independent_loso_ridge_full
etard_tf64,ridge,reconstruction,gate0_gate2_loso_ridge_full_v1,0,P18,test_-_P18_-_hb_part_2,64,pearson_r,0.20059497062917378,1074,ridge_alpha_0.001,subject_independent_loso_ridge_full
etard_tf64,ridge,reconstruction,gate0_gate2_loso_ridge_full_v1,0,P18,test_-_P18_-_hb_part_3,64,pearson_r,-0.00963859227515715,1157,ridge_alpha_0.001,subject_independent_loso_ridge_full
etard_tf64,ridge,reconstruction,gate0_gate2_loso_ridge_full_v1,0,P18,test_-_P18_-_hb_part_4,64,pearson_r,0.030090593433766136,1080,ridge_alpha_0.001,subject_independent_loso_ridge_full
etard_tf64,ridge,reconstruction,gate0_gate2_loso_ridge_full_v1,0,P18,test_-_P18_-_lbDutch_part_1,64,pearson_r,0.020222608061371855,1001,ridge_alpha_0.001,subject_independent_loso_ridge_full
etard_tf64,ridge,reconstruction,gate0_gate2_loso_ridge_full_v1,0,P18,test_-_P18_-_lbDutch_part_2,64,pearson_r,-0.09027608094934635,1026,ridge_alpha_0.001,subject_independent_loso_ridge_full
etard_tf64,ridge,reconstruction,gate0_gate2_loso_ridge_full_v1,0,P18,test_-_P18_-_lbDutch_part_3,64,pearson_r,0.17984971914946288,991,ridge_alpha_0.001,subject_independent_loso_ridge_full
etard_tf64,ridge,reconstruction,gate0_gate2_loso_ridge_full_v1,0,P18,test_-_P18_-_lbDutch_part_4,64,pearson_r,0.02131181829582444,1011,ridge_alpha_0.001,subject_independent_loso_ridge_full
etard_tf64,ridge,reconstruction,gate0_gate2_loso_ridge_full_v1,0,P18,test_-_P18_-_lb_part_1,64,pearson_r,0.11295291167192313,1396,ridge_alpha_0.001,subject_independent_loso_ridge_full
etard_tf64,ridge,reconstruction,gate0_gate2_loso_ridge_full_v1,0,P18,test_-_P18_-_lb_part_2,64,pearson_r,0.02507836712106686,1433,ridge_alpha_0.001,subject_independent_loso_ridge_full
etard_tf64,ridge,reconstruction,gate0_gate2_loso_ridge_full_v1,0,P18,test_-_P18_-_lb_part_3,64,pearson_r,0.04619379183803506,1365,ridge_alpha_0.001,subject_independent_loso_ridge_full
etard_tf64,ridge,reconstruction,gate0_gate2_loso_ridge_full_v1,0,P18,test_-_P18_-_lb_part_4,64,pearson_r,0.22127544082347936,1501,ridge_alpha_0.001,subject_independent_loso_ridge_full
etard_tf64,ridge,reconstruction,gate0_gate2_loso_ridge_full_v1,0,P18,test_-_P18_-_mbDutch_part_1,64,pearson_r,-0.16643928469049166,1021,ridge_alpha_0.001,subject_independent_loso_ridge_full
etard_tf64,ridge,reconstruction,gate0_gate2_loso_ridge_full_v1,0,P18,test_-_P18_-_mbDutch_part_2,64,pearson_r,-0.006184463511761294,981,ridge_alpha_0.001,subject_independent_loso_ridge_full
etard_tf64,ridge,reconstruction,gate0_gate2_loso_ridge_full_v1,0,P18,test_-_P18_-_mbDutch_part_3,64,pearson_r,0.06142965604812786,995,ridge_alpha_0.001,subject_independent_loso_ridge_full
etard_tf64,ridge,reconstruction,gate0_gate2_loso_ridge_full_v1,0,P18,test_-_P18_-_mbDutch_part_4,64,pearson_r,0.04703445001758413,1000,ridge_alpha_0.001,subject_independent_loso_ridge_full
etard_tf64,ridge,reconstruction,gate0_gate2_loso_ridge_full_v1,0,P18,test_-_P18_-_mb_part_1,64,pearson_r,0.06124104868859402,945,ridge_alpha_0.001,subject_independent_loso_ridge_full
etard_tf64,ridge,reconstruction,gate0_gate2_loso_ridge_full_v1,0,P18,test_-_P18_-_mb_part_2,64,pearson_r,0.2187284378321417,994,ridge_alpha_0.001,subject_independent_loso_ridge_full
etard_tf64,ridge,reconstruction,gate0_gate2_loso_ridge_full_v1,0,P18,test_-_P18_-_mb_part_3,64,pearson_r,-0.018360665326339624,995,ridge_alpha_0.001,subject_independent_loso_ridge_full
etard_tf64,ridge,reconstruction,gate0_gate2_loso_ridge_full_v1,0,P18,test_-_P18_-_mb_part_4,64,pearson_r,-0.06395454144169337,1034,ridge_alpha_0.001,subject_independent_loso_ridge_full
etard_tf64,ridge,reconstruction,gate0_gate2_loso_ridge_full_v1,0,P19,test_-_P19_-_cleanDutch_part_1,64,pearson_r,-0.024658521770182608,941,ridge_alpha_0.001,subject_independent_loso_ridge_full
etard_tf64,ridge,reconstruction,gate0_gate2_loso_ridge_full_v1,0,P19,test_-_P19_-_cleanDutch_part_2,64,pearson_r,0.1784664720838869,963,ridge_alpha_0.001,subject_independent_loso_ridge_full
etard_tf64,ridge,reconstruction,gate0_gate2_loso_ridge_full_v1,0,P19,test_-_P19_-_cleanDutch_part_3,64,pearson_r,0.06360353721488561,974,ridge_alpha_0.001,subject_independent_loso_ridge_full
etard_tf64,ridge,reconstruction,gate0_gate2_loso_ridge_full_v1,0,P19,test_-_P19_-_cleanDutch_part_4,64,pearson_r,0.14195675044302256,970,ridge_alpha_0.001,subject_independent_loso_ridge_full
etard_tf64,ridge,reconstruction,gate0_gate2_loso_ridge_full_v1,0,P19,test_-_P19_-_clean_part_1,64,pearson_r,0.2453993977484597,940,ridge_alpha_0.001,subject_independent_loso_ridge_full
etard_tf64,ridge,reconstruction,gate0_gate2_loso_ridge_full_v1,0,P19,test_-_P19_-_clean_part_2,64,pearson_r,0.07831046884521249,976,ridge_alpha_0.001,subject_independent_loso_ridge_full
etard_tf64,ridge,reconstruction,gate0_gate2_loso_ridge_full_v1,0,P19,test_-_P19_-_clean_part_3,64,pearson_r,0.13220787375964224,857,ridge_alpha_0.001,subject_independent_loso_ridge_full
etard_tf64,ridge,reconstruction,gate0_gate2_loso_ridge_full_v1,0,P19,test_-_P19_-_clean_part_4,64,pearson_r,0.2288527521637269,938,ridge_alpha_0.001,subject_independent_loso_ridge_full
etard_tf64,ridge,reconstruction,gate0_gate2_loso_ridge_full_v1,0,P19,test_-_P19_-_fM_part_1,64,pearson_r,0.09172846155494634,852,ridge_alpha_0.001,subject_independent_loso_ridge_full
etard_tf64,ridge,reconstruction,gate0_gate2_loso_ridge_full_v1,0,P19,test_-_P19_-_fM_part_2,64,pearson_r,0.15037833421730515,813,ridge_alpha_0.001,subject_independent_loso_ridge_full
etard_tf64,ridge,reconstruction,gate0_gate2_loso_ridge_full_v1,0,P19,test_-_P19_-_fM_part_3,64,pearson_r,0.05311462808789859,869,ridge_alpha_0.001,subject_independent_loso_ridge_full
etard_tf64,ridge,reconstruction,gate0_gate2_loso_ridge_full_v1,0,P19,test_-_P19_-_fM_part_4,64,pearson_r,0.2832114137541537,953,ridge_alpha_0.001,subject_independent_loso_ridge_full
etard_tf64,ridge,reconstruction,gate0_gate2_loso_ridge_full_v1,0,P19,test_-_P19_-_fW_part_1,64,pearson_r,0.013874379399642462,843,ridge_alpha_0.001,subject_independent_loso_ridge_full
etard_tf64,ridge,reconstruction,gate0_gate2_loso_ridge_full_v1,0,P19,test_-_P19_-_fW_part_2,64,pearson_r,0.11882510171041077,870,ridge_alpha_0.001,subject_independent_loso_ridge_full
etard_tf64,ridge,reconstruction,gate0_gate2_loso_ridge_full_v1,0,P19,test_-_P19_-_fW_part_3,64,pearson_r,0.19628430521248816,974,ridge_alpha_0.001,subject_independent_loso_ridge_full
etard_tf64,ridge,reconstruction,gate0_gate2_loso_ridge_full_v1,0,P19,test_-_P19_-_fW_part_4,64,pearson_r,0.12694359634858457,1047,ridge_alpha_0.001,subject_independent_loso_ridge_full
etard_tf64,ridge,reconstruction,gate0_gate2_loso_ridge_full_v1,0,P19,test_-_P19_-_hbDutch_part_1,64,pearson_r,-0.07561234431235321,984,ridge_alpha_0.001,subject_independent_loso_ridge_full
etard_tf64,ridge,reconstruction,gate0_gate2_loso_ridge_full_v1,0,P19,test_-_P19_-_hbDutch_part_2,64,pearson_r,-0.11957182126185004,998,ridge_alpha_0.001,subject_independent_loso_ridge_full
etard_tf64,ridge,reconstruction,gate0_gate2_loso_ridge_full_v1,0,P19,test_-_P19_-_hbDutch_part_3,64,pearson_r,0.022635290753039272,1017,ridge_alpha_0.001,subject_independent_loso_ridge_full
etard_tf64,ridge,reconstruction,gate0_gate2_loso_ridge_full_v1,0,P19,test_-_P19_-_hbDutch_part_4,64,pearson_r,0.02362056052808153,1001,ridge_alpha_0.001,subject_independent_loso_ridge_full
etard_tf64,ridge,reconstruction,gate0_gate2_loso_ridge_full_v1,0,P19,test_-_P19_-_hb_part_1,64,pearson_r,0.2781796275341137,1137,ridge_alpha_0.001,subject_independent_loso_ridge_full
etard_tf64,ridge,reconstruction,gate0_gate2_loso_ridge_full_v1,0,P19,test_-_P19_-_hb_part_2,64,pearson_r,0.21839782991706805,1074,ridge_alpha_0.001,subject_independent_loso_ridge_full
etard_tf64,ridge,reconstruction,gate0_gate2_loso_ridge_full_v1,0,P19,test_-_P19_-_hb_part_3,64,pearson_r,0.22007119895088434,1157,ridge_alpha_0.001,subject_independent_loso_ridge_full
etard_tf64,ridge,reconstruction,gate0_gate2_loso_ridge_full_v1,0,P19,test_-_P19_-_hb_part_4,64,pearson_r,0.006789143338631666,1080,ridge_alpha_0.001,subject_independent_loso_ridge_full
etard_tf64,ridge,reconstruction,gate0_gate2_loso_ridge_full_v1,0,P19,test_-_P19_-_lbDutch_part_1,64,pearson_r,0.0859926549182846,1001,ridge_alpha_0.001,subject_independent_loso_ridge_full
etard_tf64,ridge,reconstruction,gate0_gate2_loso_ridge_full_v1,0,P19,test_-_P19_-_lbDutch_part_2,64,pearson_r,0.09767366215168533,1026,ridge_alpha_0.001,subject_independent_loso_ridge_full
etard_tf64,ridge,reconstruction,gate0_gate2_loso_ridge_full_v1,0,P19,test_-_P19_-_lbDutch_part_3,64,pearson_r,0.05318513400721714,991,ridge_alpha_0.001,subject_independent_loso_ridge_full
etard_tf64,ridge,reconstruction,gate0_gate2_loso_ridge_full_v1,0,P19,test_-_P19_-_lbDutch_part_4,64,pearson_r,0.13150917706942378,1011,ridge_alpha_0.001,subject_independent_loso_ridge_full
etard_tf64,ridge,reconstruction,gate0_gate2_loso_ridge_full_v1,0,P19,test_-_P19_-_lb_part_1,64,pearson_r,0.06333934540586193,1396,ridge_alpha_0.001,subject_independent_loso_ridge_full
etard_tf64,ridge,reconstruction,gate0_gate2_loso_ridge_full_v1,0,P19,test_-_P19_-_lb_part_2,64,pearson_r,-0.04216070854820907,1433,ridge_alpha_0.001,subject_independent_loso_ridge_full
etard_tf64,ridge,reconstruction,gate0_gate2_loso_ridge_full_v1,0,P19,test_-_P19_-_lb_part_3,64,pearson_r,0.15107767264294591,1365,ridge_alpha_0.001,subject_independent_loso_ridge_full
etard_tf64,ridge,reconstruction,gate0_gate2_loso_ridge_full_v1,0,P19,test_-_P19_-_lb_part_4,64,pearson_r,0.08937856907881954,1501,ridge_alpha_0.001,subject_independent_loso_ridge_full
etard_tf64,ridge,reconstruction,gate0_gate2_loso_ridge_full_v1,0,P19,test_-_P19_-_mbDutch_part_1,64,pearson_r,0.013095044893613638,1021,ridge_alpha_0.001,subject_independent_loso_ridge_full
etard_tf64,ridge,reconstruction,gate0_gate2_loso_ridge_full_v1,0,P19,test_-_P19_-_mbDutch_part_2,64,pearson_r,0.03314148652207035,981,ridge_alpha_0.001,subject_independent_loso_ridge_full
etard_tf64,ridge,reconstruction,gate0_gate2_loso_ridge_full_v1,0,P19,test_-_P19_-_mbDutch_part_3,64,pearson_r,0.1074711968118054,995,ridge_alpha_0.001,subject_independent_loso_ridge_full
etard_tf64,ridge,reconstruction,gate0_gate2_loso_ridge_full_v1,0,P19,test_-_P19_-_mbDutch_part_4,64,pearson_r,0.11469722367966416,1000,ridge_alpha_0.001,subject_independent_loso_ridge_full
etard_tf64,ridge,reconstruction,gate0_gate2_loso_ridge_full_v1,0,P19,test_-_P19_-_mb_part_1,64,pearson_r,0.04944574744169384,945,ridge_alpha_0.001,subject_independent_loso_ridge_full
etard_tf64,ridge,reconstruction,gate0_gate2_loso_ridge_full_v1,0,P19,test_-_P19_-_mb_part_2,64,pearson_r,0.10535358189997532,994,ridge_alpha_0.001,subject_independent_loso_ridge_full
etard_tf64,ridge,reconstruction,gate0_gate2_loso_ridge_full_v1,0,P19,test_-_P19_-_mb_part_3,64,pearson_r,0.009138421231634133,995,ridge_alpha_0.001,subject_independent_loso_ridge_full
etard_tf64,ridge,reconstruction,gate0_gate2_loso_ridge_full_v1,0,P19,test_-_P19_-_mb_part_4,64,pearson_r,0.04617797472023428,1034,ridge_alpha_0.001,subject_independent_loso_ridge_full
