dataset,model,task,protocol,seed,subject_id,recording_id,sampling_rate,metric_name,metric_value,num_valid_samples,checkpoint_id,artifact_scope
weissbart_tf64,eegnet,reconstruction,gate0_gate2_fixed_split_pooled10_modelset_v1::zero_shot,0,P01,test_-_P01_-_AUNP01,64,pearson_r,0.23145809305430665,990,eegnet_epoch_5,fixed_split_zero_shot_plus_pooled10_finetune_modelset_v1::zero_shot
weissbart_tf64,eegnet,reconstruction,gate0_gate2_fixed_split_pooled10_modelset_v1::zero_shot,0,P01,test_-_P01_-_AUNP02,64,pearson_r,0.2404515468477175,970,eegnet_epoch_5,fixed_split_zero_shot_plus_pooled10_finetune_modelset_v1::zero_shot
weissbart_tf64,eegnet,reconstruction,gate0_gate2_fixed_split_pooled10_modelset_v1::zero_shot,0,P01,test_-_P01_-_AUNP03,64,pearson_r,0.04557548510232044,890,eegnet_epoch_5,fixed_split_zero_shot_plus_pooled10_finetune_modelset_v1::zero_shot
weissbart_tf64,eegnet,reconstruction,gate0_gate2_fixed_split_pooled10_modelset_v1::zero_shot,0,P01,test_-_P01_-_AUNP04,64,pearson_r,0.1066635069100176,870,eegnet_epoch_5,fixed_split_zero_shot_plus_pooled10_finetune_modelset_v1::zero_shot
weissbart_tf64,eegnet,reconstruction,gate0_gate2_fixed_split_pooled10_modelset_v1::zero_shot,0,P01,test_-_P01_-_AUNP05,64,pearson_r,0.10050475327024724,1191,eegnet_epoch_5,fixed_split_zero_shot_plus_pooled10_finetune_modelset_v1::zero_shot
weissbart_tf64,eegnet,reconstruction,gate0_gate2_fixed_split_pooled10_modelset_v1::zero_shot,0,P01,test_-_P01_-_AUNP06,64,pearson_r,0.19580267962873185,894,eegnet_epoch_5,fixed_split_zero_shot_plus_pooled10_finetune_modelset_v1::zero_shot
weissbart_tf64,eegnet,reconstruction,gate0_gate2_fixed_split_pooled10_modelset_v1::zero_shot,0,P01,test_-_P01_-_AUNP07,64,pearson_r,-0.12886138976599937,1134,eegnet_epoch_5,fixed_split_zero_shot_plus_pooled10_finetune_modelset_v1::zero_shot
weissbart_tf64,eegnet,reconstruction,gate0_gate2_fixed_split_pooled10_modelset_v1::zero_shot,0,P01,test_-_P01_-_AUNP08,64,pearson_r,-0.035162931368968565,1104,eegnet_epoch_5,fixed_split_zero_shot_plus_pooled10_finetune_modelset_v1::zero_shot
weissbart_tf64,eegnet,reconstruction,gate0_gate2_fixed_split_pooled10_modelset_v1::zero_shot,0,P01,test_-_P01_-_BROP01,64,pearson_r,-0.012153885686242588,1017,eegnet_epoch_5,fixed_split_zero_shot_plus_pooled10_finetune_modelset_v1::zero_shot
weissbart_tf64,eegnet,reconstruction,gate0_gate2_fixed_split_pooled10_modelset_v1::zero_shot,0,P01,test_-_P01_-_BROP02,64,pearson_r,0.01950318063150949,1120,eegnet_epoch_5,fixed_split_zero_shot_plus_pooled10_finetune_modelset_v1::zero_shot
weissbart_tf64,eegnet,reconstruction,gate0_gate2_fixed_split_pooled10_modelset_v1::zero_shot,0,P01,test_-_P01_-_BROP03,64,pearson_r,0.022103810876928642,1000,eegnet_epoch_5,fixed_split_zero_shot_plus_pooled10_finetune_modelset_v1::zero_shot
weissbart_tf64,eegnet,reconstruction,gate0_gate2_fixed_split_pooled10_modelset_v1::zero_shot,0,P01,test_-_P01_-_FLOP01,64,pearson_r,0.02718496597879702,779,eegnet_epoch_5,fixed_split_zero_shot_plus_pooled10_finetune_modelset_v1::zero_shot
weissbart_tf64,eegnet,reconstruction,gate0_gate2_fixed_split_pooled10_modelset_v1::zero_shot,0,P01,test_-_P01_-_FLOP02,64,pearson_r,0.10977166322002449,699,eegnet_epoch_5,fixed_split_zero_shot_plus_pooled10_finetune_modelset_v1::zero_shot
weissbart_tf64,eegnet,reconstruction,gate0_gate2_fixed_split_pooled10_modelset_v1::zero_shot,0,P01,test_-_P01_-_FLOP03,64,pearson_r,0.07037249146082515,655,eegnet_epoch_5,fixed_split_zero_shot_plus_pooled10_finetune_modelset_v1::zero_shot
weissbart_tf64,eegnet,reconstruction,gate0_gate2_fixed_split_pooled10_modelset_v1::zero_shot,0,P01,test_-_P01_-_FLOP04,64,pearson_r,0.016842372400471078,1213,eegnet_epoch_5,fixed_split_zero_shot_plus_pooled10_finetune_modelset_v1::zero_shot
weissbart_tf64,eegnet,reconstruction,gate0_gate2_fixed_split_pooled10_modelset_v1::zero_shot,0,P05,test_-_P05_-_AUNP01,64,pearson_r,0.08106459432329444,990,eegnet_epoch_5,fixed_split_zero_shot_plus_pooled10_finetune_modelset_v1::zero_shot
weissbart_tf64,eegnet,reconstruction,gate0_gate2_fixed_split_pooled10_modelset_v1::zero_shot,0,P05,test_-_P05_-_AUNP02,64,pearson_r,0.23474417248151103,970,eegnet_epoch_5,fixed_split_zero_shot_plus_pooled10_finetune_modelset_v1::zero_shot
weissbart_tf64,eegnet,reconstruction,gate0_gate2_fixed_split_pooled10_modelset_v1::zero_shot,0,P05,test_-_P05_-_AUNP03,64,pearson_r,-0.04047977350588282,890,eegnet_epoch_5,fixed_split_zero_shot_plus_pooled10_finetune_modelset_v1::zero_shot
weissbart_tf64,eegnet,reconstruction,gate0_gate2_fixed_split_pooled10_modelset_v1::zero_shot,0,P05,test_-_P05_-_AUNP04,64,pearson_r,-0.0006957455320757915,870,eegnet_epoch_5,fixed_split_zero_shot_plus_pooled10_finetune_modelset_v1::zero_shot
weissbart_tf64,eegnet,reconstruction,gate0_gate2_fixed_split_pooled10_modelset_v1::zero_shot,0,P05,test_-_P05_-_AUNP05,64,pearson_r,0.15029982462795394,1191,eegnet_epoch_5,fixed_split_zero_shot_plus_pooled10_finetune_modelset_v1::zero_shot
weissbart_tf64,eegnet,reconstruction,gate0_gate2_fixed_split_pooled10_modelset_v1::zero_shot,0,P05,test_-_P05_-_AUNP06,64,pearson_r,-0.037263903088849075,894,eegnet_epoch_5,fixed_split_zero_shot_plus_pooled10_finetune_modelset_v1::zero_shot
weissbart_tf64,eegnet,reconstruction,gate0_gate2_fixed_split_pooled10_modelset_v1::zero_shot,0,P05,test_-_P05_-_AUNP07,64,pearson_r,0.12464935748107672,1134,eegnet_epoch_5,fixed_split_zero_shot_plus_pooled10_finetune_modelset_v1::zero_shot
weissbart_tf64,eegnet,reconstruction,gate0_gate2_fixed_split_pooled10_modelset_v1::zero_shot,0,P05,test_-_P05_-_AUNP08,64,pearson_r,0.0908248048521542,1104,eegnet_epoch_5,fixed_split_zero_shot_plus_pooled10_finetune_modelset_v1::zero_shot
weissbart_tf64,eegnet,reconstruction,gate0_gate2_fixed_split_pooled10_modelset_v1::zero_shot,0,P05,test_-_P05_-_BROP01,64,pearson_r,0.018636402965182833,1017,eegnet_epoch_5,fixed_split_zero_shot_plus_pooled10_finetune_modelset_v1::zero_shot
weissbart_tf64,eegnet,reconstruction,gate0_gate2_fixed_split_pooled10_modelset_v1::zero_shot,0,P05,test_-_P05_-_BROP02,64,pearson_r,0.1767326747551954,1120,eegnet_epoch_5,fixed_split_zero_shot_plus_pooled10_finetune_modelset_v1::zero_shot
weissbart_tf64,eegnet,reconstruction,gate0_gate2_fixed_split_pooled10_modelset_v1::zero_shot,0,P05,test_-_P05_-_BROP03,64,pearson_r,-0.002281249277780205,1000,eegnet_epoch_5,fixed_split_zero_shot_plus_pooled10_finetune_modelset_v1::zero_shot
weissbart_tf64,eegnet,reconstruction,gate0_gate2_fixed_split_pooled10_modelset_v1::zero_shot,0,P05,test_-_P05_-_FLOP01,64,pearson_r,0.06247935453611212,779,eegnet_epoch_5,fixed_split_zero_shot_plus_pooled10_finetune_modelset_v1::zero_shot
weissbart_tf64,eegnet,reconstruction,gate0_gate2_fixed_split_pooled10_modelset_v1::zero_shot,0,P05,test_-_P05_-_FLOP02,64,pearson_r,-0.07729147343958478,699,eegnet_epoch_5,fixed_split_zero_shot_plus_pooled10_finetune_modelset_v1::zero_shot
weissbart_tf64,eegnet,reconstruction,gate0_gate2_fixed_split_pooled10_modelset_v1::zero_shot,0,P05,test_-_P05_-_FLOP03,64,pearson_r,0.046110634634989336,655,eegnet_epoch_5,fixed_split_zero_shot_plus_pooled10_finetune_modelset_v1::zero_shot
weissbart_tf64,eegnet,reconstruction,gate0_gate2_fixed_split_pooled10_modelset_v1::zero_shot,0,P05,test_-_P05_-_FLOP04,64,pearson_r,-0.09196172632168417,1213,eegnet_epoch_5,fixed_split_zero_shot_plus_pooled10_finetune_modelset_v1::zero_shot
weissbart_tf64,eegnet,reconstruction,gate0_gate2_fixed_split_pooled10_modelset_v1::zero_shot,0,P08,test_-_P08_-_AUNP01,64,pearson_r,0.24570218032172128,990,eegnet_epoch_5,fixed_split_zero_shot_plus_pooled10_finetune_modelset_v1::zero_shot
weissbart_tf64,eegnet,reconstruction,gate0_gate2_fixed_split_pooled10_modelset_v1::zero_shot,0,P08,test_-_P08_-_AUNP02,64,pearson_r,0.2258619907811445,970,eegnet_epoch_5,fixed_split_zero_shot_plus_pooled10_finetune_modelset_v1::zero_shot
weissbart_tf64,eegnet,reconstruction,gate0_gate2_fixed_split_pooled10_modelset_v1::zero_shot,0,P08,test_-_P08_-_AUNP03,64,pearson_r,0.10125084128225612,890,eegnet_epoch_5,fixed_split_zero_shot_plus_pooled10_finetune_modelset_v1::zero_shot
weissbart_tf64,eegnet,reconstruction,gate0_gate2_fixed_split_pooled10_modelset_v1::zero_shot,0,P08,test_-_P08_-_AUNP04,64,pearson_r,0.007579415679649094,870,eegnet_epoch_5,fixed_split_zero_shot_plus_pooled10_finetune_modelset_v1::zero_shot
weissbart_tf64,eegnet,reconstruction,gate0_gate2_fixed_split_pooled10_modelset_v1::zero_shot,0,P08,test_-_P08_-_AUNP05,64,pearson_r,0.22534918598479756,1191,eegnet_epoch_5,fixed_split_zero_shot_plus_pooled10_finetune_modelset_v1::zero_shot
weissbart_tf64,eegnet,reconstruction,gate0_gate2_fixed_split_pooled10_modelset_v1::zero_shot,0,P08,test_-_P08_-_AUNP06,64,pearson_r,0.12040049016649275,894,eegnet_epoch_5,fixed_split_zero_shot_plus_pooled10_finetune_modelset_v1::zero_shot
weissbart_tf64,eegnet,reconstruction,gate0_gate2_fixed_split_pooled10_modelset_v1::zero_shot,0,P08,test_-_P08_-_AUNP07,64,pearson_r,0.006390305342650616,1134,eegnet_epoch_5,fixed_split_zero_shot_plus_pooled10_finetune_modelset_v1::zero_shot
weissbart_tf64,eegnet,reconstruction,gate0_gate2_fixed_split_pooled10_modelset_v1::zero_shot,0,P08,test_-_P08_-_AUNP08,64,pearson_r,0.08623368804060756,1104,eegnet_epoch_5,fixed_split_zero_shot_plus_pooled10_finetune_modelset_v1::zero_shot
weissbart_tf64,eegnet,reconstruction,gate0_gate2_fixed_split_pooled10_modelset_v1::zero_shot,0,P08,test_-_P08_-_BROP01,64,pearson_r,0.16221799941817575,1017,eegnet_epoch_5,fixed_split_zero_shot_plus_pooled10_finetune_modelset_v1::zero_shot
weissbart_tf64,eegnet,reconstruction,gate0_gate2_fixed_split_pooled10_modelset_v1::zero_shot,0,P08,test_-_P08_-_BROP02,64,pearson_r,0.23257376021465873,1120,eegnet_epoch_5,fixed_split_zero_shot_plus_pooled10_finetune_modelset_v1::zero_shot
weissbart_tf64,eegnet,reconstruction,gate0_gate2_fixed_split_pooled10_modelset_v1::zero_shot,0,P08,test_-_P08_-_BROP03,64,pearson_r,0.15753487832864485,1000,eegnet_epoch_5,fixed_split_zero_shot_plus_pooled10_finetune_modelset_v1::zero_shot
weissbart_tf64,eegnet,reconstruction,gate0_gate2_fixed_split_pooled10_modelset_v1::zero_shot,0,P08,test_-_P08_-_FLOP01,64,pearson_r,0.033781444000995815,779,eegnet_epoch_5,fixed_split_zero_shot_plus_pooled10_finetune_modelset_v1::zero_shot
weissbart_tf64,eegnet,reconstruction,gate0_gate2_fixed_split_pooled10_modelset_v1::zero_shot,0,P08,test_-_P08_-_FLOP02,64,pearson_r,0.05527041936464922,699,eegnet_epoch_5,fixed_split_zero_shot_plus_pooled10_finetune_modelset_v1::zero_shot
weissbart_tf64,eegnet,reconstruction,gate0_gate2_fixed_split_pooled10_modelset_v1::zero_shot,0,P08,test_-_P08_-_FLOP03,64,pearson_r,0.13096263082227294,655,eegnet_epoch_5,fixed_split_zero_shot_plus_pooled10_finetune_modelset_v1::zero_shot
weissbart_tf64,eegnet,reconstruction,gate0_gate2_fixed_split_pooled10_modelset_v1::zero_shot,0,P08,test_-_P08_-_FLOP04,64,pearson_r,0.11499967476122125,1213,eegnet_epoch_5,fixed_split_zero_shot_plus_pooled10_finetune_modelset_v1::zero_shot
weissbart_tf64,eegnet,reconstruction,gate0_gate2_fixed_split_pooled10_modelset_v1::pooled10_finetune,0,P01,test_-_P01_-_AUNP01,64,pearson_r,0.20281725765732603,990,eegnet_pooled10_epoch_31,fixed_split_zero_shot_plus_pooled10_finetune_modelset_v1::pooled10_finetune
weissbart_tf64,eegnet,reconstruction,gate0_gate2_fixed_split_pooled10_modelset_v1::pooled10_finetune,0,P01,test_-_P01_-_AUNP02,64,pearson_r,0.14817818835958474,970,eegnet_pooled10_epoch_31,fixed_split_zero_shot_plus_pooled10_finetune_modelset_v1::pooled10_finetune
weissbart_tf64,eegnet,reconstruction,gate0_gate2_fixed_split_pooled10_modelset_v1::pooled10_finetune,0,P01,test_-_P01_-_AUNP03,64,pearson_r,0.06441620666922876,890,eegnet_pooled10_epoch_31,fixed_split_zero_shot_plus_pooled10_finetune_modelset_v1::pooled10_finetune
weissbart_tf64,eegnet,reconstruction,gate0_gate2_fixed_split_pooled10_modelset_v1::pooled10_finetune,0,P01,test_-_P01_-_AUNP04,64,pearson_r,0.3114735617300807,870,eegnet_pooled10_epoch_31,fixed_split_zero_shot_plus_pooled10_finetune_modelset_v1::pooled10_finetune
weissbart_tf64,eegnet,reconstruction,gate0_gate2_fixed_split_pooled10_modelset_v1::pooled10_finetune,0,P01,test_-_P01_-_AUNP05,64,pearson_r,0.117154377573293,1191,eegnet_pooled10_epoch_31,fixed_split_zero_shot_plus_pooled10_finetune_modelset_v1::pooled10_finetune
weissbart_tf64,eegnet,reconstruction,gate0_gate2_fixed_split_pooled10_modelset_v1::pooled10_finetune,0,P01,test_-_P01_-_AUNP06,64,pearson_r,0.19910047595373534,894,eegnet_pooled10_epoch_31,fixed_split_zero_shot_plus_pooled10_finetune_modelset_v1::pooled10_finetune
weissbart_tf64,eegnet,reconstruction,gate0_gate2_fixed_split_pooled10_modelset_v1::pooled10_finetune,0,P01,test_-_P01_-_AUNP07,64,pearson_r,-0.0850202159965504,1134,eegnet_pooled10_epoch_31,fixed_split_zero_shot_plus_pooled10_finetune_modelset_v1::pooled10_finetune
weissbart_tf64,eegnet,reconstruction,gate0_gate2_fixed_split_pooled10_modelset_v1::pooled10_finetune,0,P01,test_-_P01_-_AUNP08,64,pearson_r,-0.05911688734200216,1104,eegnet_pooled10_epoch_31,fixed_split_zero_shot_plus_pooled10_finetune_modelset_v1::pooled10_finetune
weissbart_tf64,eegnet,reconstruction,gate0_gate2_fixed_split_pooled10_modelset_v1::pooled10_finetune,0,P01,test_-_P01_-_BROP01,64,pearson_r,-0.06584554553855561,1017,eegnet_pooled10_epoch_31,fixed_split_zero_shot_plus_pooled10_finetune_modelset_v1::pooled10_finetune
weissbart_tf64,eegnet,reconstruction,gate0_gate2_fixed_split_pooled10_modelset_v1::pooled10_finetune,0,P01,test_-_P01_-_BROP02,64,pearson_r,0.051163631097253755,1120,eegnet_pooled10_epoch_31,fixed_split_zero_shot_plus_pooled10_finetune_modelset_v1::pooled10_finetune
weissbart_tf64,eegnet,reconstruction,gate0_gate2_fixed_split_pooled10_modelset_v1::pooled10_finetune,0,P01,test_-_P01_-_BROP03,64,pearson_r,-0.1260771130355704,1000,eegnet_pooled10_epoch_31,fixed_split_zero_shot_plus_pooled10_finetune_modelset_v1::pooled10_finetune
weissbart_tf64,eegnet,reconstruction,gate0_gate2_fixed_split_pooled10_modelset_v1::pooled10_finetune,0,P01,test_-_P01_-_FLOP01,64,pearson_r,0.04972768399126478,779,eegnet_pooled10_epoch_31,fixed_split_zero_shot_plus_pooled10_finetune_modelset_v1::pooled10_finetune
weissbart_tf64,eegnet,reconstruction,gate0_gate2_fixed_split_pooled10_modelset_v1::pooled10_finetune,0,P01,test_-_P01_-_FLOP02,64,pearson_r,0.15836600245387092,699,eegnet_pooled10_epoch_31,fixed_split_zero_shot_plus_pooled10_finetune_modelset_v1::pooled10_finetune
weissbart_tf64,eegnet,reconstruction,gate0_gate2_fixed_split_pooled10_modelset_v1::pooled10_finetune,0,P01,test_-_P01_-_FLOP03,64,pearson_r,0.12864034966407228,655,eegnet_pooled10_epoch_31,fixed_split_zero_shot_plus_pooled10_finetune_modelset_v1::pooled10_finetune
weissbart_tf64,eegnet,reconstruction,gate0_gate2_fixed_split_pooled10_modelset_v1::pooled10_finetune,0,P01,test_-_P01_-_FLOP04,64,pearson_r,0.21341081742035403,1213,eegnet_pooled10_epoch_31,fixed_split_zero_shot_plus_pooled10_finetune_modelset_v1::pooled10_finetune
weissbart_tf64,eegnet,reconstruction,gate0_gate2_fixed_split_pooled10_modelset_v1::pooled10_finetune,0,P05,test_-_P05_-_AUNP01,64,pearson_r,0.1600634458233515,990,eegnet_pooled10_epoch_31,fixed_split_zero_shot_plus_pooled10_finetune_modelset_v1::pooled10_finetune
weissbart_tf64,eegnet,reconstruction,gate0_gate2_fixed_split_pooled10_modelset_v1::pooled10_finetune,0,P05,test_-_P05_-_AUNP02,64,pearson_r,0.15997957445189928,970,eegnet_pooled10_epoch_31,fixed_split_zero_shot_plus_pooled10_finetune_modelset_v1::pooled10_finetune
weissbart_tf64,eegnet,reconstruction,gate0_gate2_fixed_split_pooled10_modelset_v1::pooled10_finetune,0,P05,test_-_P05_-_AUNP03,64,pearson_r,-0.030843318542009918,890,eegnet_pooled10_epoch_31,fixed_split_zero_shot_plus_pooled10_finetune_modelset_v1::pooled10_finetune
weissbart_tf64,eegnet,reconstruction,gate0_gate2_fixed_split_pooled10_modelset_v1::pooled10_finetune,0,P05,test_-_P05_-_AUNP04,64,pearson_r,-0.05545899667748118,870,eegnet_pooled10_epoch_31,fixed_split_zero_shot_plus_pooled10_finetune_modelset_v1::pooled10_finetune
weissbart_tf64,eegnet,reconstruction,gate0_gate2_fixed_split_pooled10_modelset_v1::pooled10_finetune,0,P05,test_-_P05_-_AUNP05,64,pearson_r,0.17057095148147852,1191,eegnet_pooled10_epoch_31,fixed_split_zero_shot_plus_pooled10_finetune_modelset_v1::pooled10_finetune
weissbart_tf64,eegnet,reconstruction,gate0_gate2_fixed_split_pooled10_modelset_v1::pooled10_finetune,0,P05,test_-_P05_-_AUNP06,64,pearson_r,0.07198725301392572,894,eegnet_pooled10_epoch_31,fixed_split_zero_shot_plus_pooled10_finetune_modelset_v1::pooled10_finetune
weissbart_tf64,eegnet,reconstruction,gate0_gate2_fixed_split_pooled10_modelset_v1::pooled10_finetune,0,P05,test_-_P05_-_AUNP07,64,pearson_r,0.16965733426311472,1134,eegnet_pooled10_epoch_31,fixed_split_zero_shot_plus_pooled10_finetune_modelset_v1::pooled10_finetune
weissbart_tf64,eegnet,reconstruction,gate0_gate2_fixed_split_pooled10_modelset_v1::pooled10_finetune,0,P05,test_-_P05_-_AUNP08,64,pearson_r,0.06526996882799245,1104,eegnet_pooled10_epoch_31,fixed_split_zero_shot_plus_pooled10_finetune_modelset_v1::pooled10_finetune
weissbart_tf64,eegnet,reconstruction,gate0_gate2_fixed_split_pooled10_modelset_v1::pooled10_finetune,0,P05,test_-_P05_-_BROP01,64,pearson_r,0.009539805193176541,1017,eegnet_pooled10_epoch_31,fixed_split_zero_shot_plus_pooled10_finetune_modelset_v1::pooled10_finetune
weissbart_tf64,eegnet,reconstruction,gate0_gate2_fixed_split_pooled10_modelset_v1::pooled10_finetune,0,P05,test_-_P05_-_BROP02,64,pearson_r,0.15592003672794993,1120,eegnet_pooled10_epoch_31,fixed_split_zero_shot_plus_pooled10_finetune_modelset_v1::pooled10_finetune
weissbart_tf64,eegnet,reconstruction,gate0_gate2_fixed_split_pooled10_modelset_v1::pooled10_finetune,0,P05,test_-_P05_-_BROP03,64,pearson_r,0.16547549146596033,1000,eegnet_pooled10_epoch_31,fixed_split_zero_shot_plus_pooled10_finetune_modelset_v1::pooled10_finetune
weissbart_tf64,eegnet,reconstruction,gate0_gate2_fixed_split_pooled10_modelset_v1::pooled10_finetune,0,P05,test_-_P05_-_FLOP01,64,pearson_r,0.1033915932744477,779,eegnet_pooled10_epoch_31,fixed_split_zero_shot_plus_pooled10_finetune_modelset_v1::pooled10_finetune
weissbart_tf64,eegnet,reconstruction,gate0_gate2_fixed_split_pooled10_modelset_v1::pooled10_finetune,0,P05,test_-_P05_-_FLOP02,64,pearson_r,0.15098471904716187,699,eegnet_pooled10_epoch_31,fixed_split_zero_shot_plus_pooled10_finetune_modelset_v1::pooled10_finetune
weissbart_tf64,eegnet,reconstruction,gate0_gate2_fixed_split_pooled10_modelset_v1::pooled10_finetune,0,P05,test_-_P05_-_FLOP03,64,pearson_r,0.16243168863715465,655,eegnet_pooled10_epoch_31,fixed_split_zero_shot_plus_pooled10_finetune_modelset_v1::pooled10_finetune
weissbart_tf64,eegnet,reconstruction,gate0_gate2_fixed_split_pooled10_modelset_v1::pooled10_finetune,0,P05,test_-_P05_-_FLOP04,64,pearson_r,-0.04314180569806686,1213,eegnet_pooled10_epoch_31,fixed_split_zero_shot_plus_pooled10_finetune_modelset_v1::pooled10_finetune
weissbart_tf64,eegnet,reconstruction,gate0_gate2_fixed_split_pooled10_modelset_v1::pooled10_finetune,0,P08,test_-_P08_-_AUNP01,64,pearson_r,0.27829977067061246,990,eegnet_pooled10_epoch_31,fixed_split_zero_shot_plus_pooled10_finetune_modelset_v1::pooled10_finetune
weissbart_tf64,eegnet,reconstruction,gate0_gate2_fixed_split_pooled10_modelset_v1::pooled10_finetune,0,P08,test_-_P08_-_AUNP02,64,pearson_r,0.2661342532885026,970,eegnet_pooled10_epoch_31,fixed_split_zero_shot_plus_pooled10_finetune_modelset_v1::pooled10_finetune
weissbart_tf64,eegnet,reconstruction,gate0_gate2_fixed_split_pooled10_modelset_v1::pooled10_finetune,0,P08,test_-_P08_-_AUNP03,64,pearson_r,-0.010252907229716304,890,eegnet_pooled10_epoch_31,fixed_split_zero_shot_plus_pooled10_finetune_modelset_v1::pooled10_finetune
weissbart_tf64,eegnet,reconstruction,gate0_gate2_fixed_split_pooled10_modelset_v1::pooled10_finetune,0,P08,test_-_P08_-_AUNP04,64,pearson_r,0.05286777217049573,870,eegnet_pooled10_epoch_31,fixed_split_zero_shot_plus_pooled10_finetune_modelset_v1::pooled10_finetune
weissbart_tf64,eegnet,reconstruction,gate0_gate2_fixed_split_pooled10_modelset_v1::pooled10_finetune,0,P08,test_-_P08_-_AUNP05,64,pearson_r,0.21377744617458855,1191,eegnet_pooled10_epoch_31,fixed_split_zero_shot_plus_pooled10_finetune_modelset_v1::pooled10_finetune
weissbart_tf64,eegnet,reconstruction,gate0_gate2_fixed_split_pooled10_modelset_v1::pooled10_finetune,0,P08,test_-_P08_-_AUNP06,64,pearson_r,0.0955349553692656,894,eegnet_pooled10_epoch_31,fixed_split_zero_shot_plus_pooled10_finetune_modelset_v1::pooled10_finetune
weissbart_tf64,eegnet,reconstruction,gate0_gate2_fixed_split_pooled10_modelset_v1::pooled10_finetune,0,P08,test_-_P08_-_AUNP07,64,pearson_r,0.13206652067608926,1134,eegnet_pooled10_epoch_31,fixed_split_zero_shot_plus_pooled10_finetune_modelset_v1::pooled10_finetune
weissbart_tf64,eegnet,reconstruction,gate0_gate2_fixed_split_pooled10_modelset_v1::pooled10_finetune,0,P08,test_-_P08_-_AUNP08,64,pearson_r,0.12618157530214275,1104,eegnet_pooled10_epoch_31,fixed_split_zero_shot_plus_pooled10_finetune_modelset_v1::pooled10_finetune
weissbart_tf64,eegnet,reconstruction,gate0_gate2_fixed_split_pooled10_modelset_v1::pooled10_finetune,0,P08,test_-_P08_-_BROP01,64,pearson_r,-0.012245228878744603,1017,eegnet_pooled10_epoch_31,fixed_split_zero_shot_plus_pooled10_finetune_modelset_v1::pooled10_finetune
weissbart_tf64,eegnet,reconstruction,gate0_gate2_fixed_split_pooled10_modelset_v1::pooled10_finetune,0,P08,test_-_P08_-_BROP02,64,pearson_r,0.1619198871118884,1120,eegnet_pooled10_epoch_31,fixed_split_zero_shot_plus_pooled10_finetune_modelset_v1::pooled10_finetune
weissbart_tf64,eegnet,reconstruction,gate0_gate2_fixed_split_pooled10_modelset_v1::pooled10_finetune,0,P08,test_-_P08_-_BROP03,64,pearson_r,0.20241784501152804,1000,eegnet_pooled10_epoch_31,fixed_split_zero_shot_plus_pooled10_finetune_modelset_v1::pooled10_finetune
weissbart_tf64,eegnet,reconstruction,gate0_gate2_fixed_split_pooled10_modelset_v1::pooled10_finetune,0,P08,test_-_P08_-_FLOP01,64,pearson_r,0.07825539494276722,779,eegnet_pooled10_epoch_31,fixed_split_zero_shot_plus_pooled10_finetune_modelset_v1::pooled10_finetune
weissbart_tf64,eegnet,reconstruction,gate0_gate2_fixed_split_pooled10_modelset_v1::pooled10_finetune,0,P08,test_-_P08_-_FLOP02,64,pearson_r,0.18297497562262519,699,eegnet_pooled10_epoch_31,fixed_split_zero_shot_plus_pooled10_finetune_modelset_v1::pooled10_finetune
weissbart_tf64,eegnet,reconstruction,gate0_gate2_fixed_split_pooled10_modelset_v1::pooled10_finetune,0,P08,test_-_P08_-_FLOP03,64,pearson_r,0.18590399840154456,655,eegnet_pooled10_epoch_31,fixed_split_zero_shot_plus_pooled10_finetune_modelset_v1::pooled10_finetune
weissbart_tf64,eegnet,reconstruction,gate0_gate2_fixed_split_pooled10_modelset_v1::pooled10_finetune,0,P08,test_-_P08_-_FLOP04,64,pearson_r,0.06672918352691572,1213,eegnet_pooled10_epoch_31,fixed_split_zero_shot_plus_pooled10_finetune_modelset_v1::pooled10_finetune
weissbart_tf64,fcnn,reconstruction,gate0_gate2_fixed_split_pooled10_modelset_v1::zero_shot,0,P01,test_-_P01_-_AUNP01,64,pearson_r,0.09818630016343805,990,fcnn_epoch_2,fixed_split_zero_shot_plus_pooled10_finetune_modelset_v1::zero_shot
weissbart_tf64,fcnn,reconstruction,gate0_gate2_fixed_split_pooled10_modelset_v1::zero_shot,0,P01,test_-_P01_-_AUNP02,64,pearson_r,0.05963328530169962,970,fcnn_epoch_2,fixed_split_zero_shot_plus_pooled10_finetune_modelset_v1::zero_shot
weissbart_tf64,fcnn,reconstruction,gate0_gate2_fixed_split_pooled10_modelset_v1::zero_shot,0,P01,test_-_P01_-_AUNP03,64,pearson_r,0.03599574007309656,890,fcnn_epoch_2,fixed_split_zero_shot_plus_pooled10_finetune_modelset_v1::zero_shot
weissbart_tf64,fcnn,reconstruction,gate0_gate2_fixed_split_pooled10_modelset_v1::zero_shot,0,P01,test_-_P01_-_AUNP04,64,pearson_r,0.01678243584395228,870,fcnn_epoch_2,fixed_split_zero_shot_plus_pooled10_finetune_modelset_v1::zero_shot
weissbart_tf64,fcnn,reconstruction,gate0_gate2_fixed_split_pooled10_modelset_v1::zero_shot,0,P01,test_-_P01_-_AUNP05,64,pearson_r,0.12242816469966564,1191,fcnn_epoch_2,fixed_split_zero_shot_plus_pooled10_finetune_modelset_v1::zero_shot
weissbart_tf64,fcnn,reconstruction,gate0_gate2_fixed_split_pooled10_modelset_v1::zero_shot,0,P01,test_-_P01_-_AUNP06,64,pearson_r,0.12096508788106197,894,fcnn_epoch_2,fixed_split_zero_shot_plus_pooled10_finetune_modelset_v1::zero_shot
weissbart_tf64,fcnn,reconstruction,gate0_gate2_fixed_split_pooled10_modelset_v1::zero_shot,0,P01,test_-_P01_-_AUNP07,64,pearson_r,-0.13414508122486926,1134,fcnn_epoch_2,fixed_split_zero_shot_plus_pooled10_finetune_modelset_v1::zero_shot
weissbart_tf64,fcnn,reconstruction,gate0_gate2_fixed_split_pooled10_modelset_v1::zero_shot,0,P01,test_-_P01_-_AUNP08,64,pearson_r,0.04329053498415397,1104,fcnn_epoch_2,fixed_split_zero_shot_plus_pooled10_finetune_modelset_v1::zero_shot
weissbart_tf64,fcnn,reconstruction,gate0_gate2_fixed_split_pooled10_modelset_v1::zero_shot,0,P01,test_-_P01_-_BROP01,64,pearson_r,-0.11338253689696981,1017,fcnn_epoch_2,fixed_split_zero_shot_plus_pooled10_finetune_modelset_v1::zero_shot
weissbart_tf64,fcnn,reconstruction,gate0_gate2_fixed_split_pooled10_modelset_v1::zero_shot,0,P01,test_-_P01_-_BROP02,64,pearson_r,-0.04634193918541894,1120,fcnn_epoch_2,fixed_split_zero_shot_plus_pooled10_finetune_modelset_v1::zero_shot
weissbart_tf64,fcnn,reconstruction,gate0_gate2_fixed_split_pooled10_modelset_v1::zero_shot,0,P01,test_-_P01_-_BROP03,64,pearson_r,0.027082879773054565,1000,fcnn_epoch_2,fixed_split_zero_shot_plus_pooled10_finetune_modelset_v1::zero_shot
weissbart_tf64,fcnn,reconstruction,gate0_gate2_fixed_split_pooled10_modelset_v1::zero_shot,0,P01,test_-_P01_-_FLOP01,64,pearson_r,0.06690954726054321,779,fcnn_epoch_2,fixed_split_zero_shot_plus_pooled10_finetune_modelset_v1::zero_shot
weissbart_tf64,fcnn,reconstruction,gate0_gate2_fixed_split_pooled10_modelset_v1::zero_shot,0,P01,test_-_P01_-_FLOP02,64,pearson_r,0.012532263421883289,699,fcnn_epoch_2,fixed_split_zero_shot_plus_pooled10_finetune_modelset_v1::zero_shot
weissbart_tf64,fcnn,reconstruction,gate0_gate2_fixed_split_pooled10_modelset_v1::zero_shot,0,P01,test_-_P01_-_FLOP03,64,pearson_r,0.14749819982780576,655,fcnn_epoch_2,fixed_split_zero_shot_plus_pooled10_finetune_modelset_v1::zero_shot
weissbart_tf64,fcnn,reconstruction,gate0_gate2_fixed_split_pooled10_modelset_v1::zero_shot,0,P01,test_-_P01_-_FLOP04,64,pearson_r,0.08356092574025836,1213,fcnn_epoch_2,fixed_split_zero_shot_plus_pooled10_finetune_modelset_v1::zero_shot
weissbart_tf64,fcnn,reconstruction,gate0_gate2_fixed_split_pooled10_modelset_v1::zero_shot,0,P05,test_-_P05_-_AUNP01,64,pearson_r,0.13475698485902227,990,fcnn_epoch_2,fixed_split_zero_shot_plus_pooled10_finetune_modelset_v1::zero_shot
weissbart_tf64,fcnn,reconstruction,gate0_gate2_fixed_split_pooled10_modelset_v1::zero_shot,0,P05,test_-_P05_-_AUNP02,64,pearson_r,0.1263617530218896,970,fcnn_epoch_2,fixed_split_zero_shot_plus_pooled10_finetune_modelset_v1::zero_shot
weissbart_tf64,fcnn,reconstruction,gate0_gate2_fixed_split_pooled10_modelset_v1::zero_shot,0,P05,test_-_P05_-_AUNP03,64,pearson_r,0.0531553812021714,890,fcnn_epoch_2,fixed_split_zero_shot_plus_pooled10_finetune_modelset_v1::zero_shot
weissbart_tf64,fcnn,reconstruction,gate0_gate2_fixed_split_pooled10_modelset_v1::zero_shot,0,P05,test_-_P05_-_AUNP04,64,pearson_r,0.08253839375344964,870,fcnn_epoch_2,fixed_split_zero_shot_plus_pooled10_finetune_modelset_v1::zero_shot
weissbart_tf64,fcnn,reconstruction,gate0_gate2_fixed_split_pooled10_modelset_v1::zero_shot,0,P05,test_-_P05_-_AUNP05,64,pearson_r,0.04495552142355957,1191,fcnn_epoch_2,fixed_split_zero_shot_plus_pooled10_finetune_modelset_v1::zero_shot
weissbart_tf64,fcnn,reconstruction,gate0_gate2_fixed_split_pooled10_modelset_v1::zero_shot,0,P05,test_-_P05_-_AUNP06,64,pearson_r,-0.11497425296140779,894,fcnn_epoch_2,fixed_split_zero_shot_plus_pooled10_finetune_modelset_v1::zero_shot
weissbart_tf64,fcnn,reconstruction,gate0_gate2_fixed_split_pooled10_modelset_v1::zero_shot,0,P05,test_-_P05_-_AUNP07,64,pearson_r,0.060171743165377316,1134,fcnn_epoch_2,fixed_split_zero_shot_plus_pooled10_finetune_modelset_v1::zero_shot
weissbart_tf64,fcnn,reconstruction,gate0_gate2_fixed_split_pooled10_modelset_v1::zero_shot,0,P05,test_-_P05_-_AUNP08,64,pearson_r,0.06585366081297704,1104,fcnn_epoch_2,fixed_split_zero_shot_plus_pooled10_finetune_modelset_v1::zero_shot
weissbart_tf64,fcnn,reconstruction,gate0_gate2_fixed_split_pooled10_modelset_v1::zero_shot,0,P05,test_-_P05_-_BROP01,64,pearson_r,-0.001977293069475386,1017,fcnn_epoch_2,fixed_split_zero_shot_plus_pooled10_finetune_modelset_v1::zero_shot
weissbart_tf64,fcnn,reconstruction,gate0_gate2_fixed_split_pooled10_modelset_v1::zero_shot,0,P05,test_-_P05_-_BROP02,64,pearson_r,0.06434366073781617,1120,fcnn_epoch_2,fixed_split_zero_shot_plus_pooled10_finetune_modelset_v1::zero_shot
weissbart_tf64,fcnn,reconstruction,gate0_gate2_fixed_split_pooled10_modelset_v1::zero_shot,0,P05,test_-_P05_-_BROP03,64,pearson_r,0.1314085792590671,1000,fcnn_epoch_2,fixed_split_zero_shot_plus_pooled10_finetune_modelset_v1::zero_shot
weissbart_tf64,fcnn,reconstruction,gate0_gate2_fixed_split_pooled10_modelset_v1::zero_shot,0,P05,test_-_P05_-_FLOP01,64,pearson_r,-0.003458821358206222,779,fcnn_epoch_2,fixed_split_zero_shot_plus_pooled10_finetune_modelset_v1::zero_shot
weissbart_tf64,fcnn,reconstruction,gate0_gate2_fixed_split_pooled10_modelset_v1::zero_shot,0,P05,test_-_P05_-_FLOP02,64,pearson_r,0.1554694835697922,699,fcnn_epoch_2,fixed_split_zero_shot_plus_pooled10_finetune_modelset_v1::zero_shot
weissbart_tf64,fcnn,reconstruction,gate0_gate2_fixed_split_pooled10_modelset_v1::zero_shot,0,P05,test_-_P05_-_FLOP03,64,pearson_r,0.21458382786653543,655,fcnn_epoch_2,fixed_split_zero_shot_plus_pooled10_finetune_modelset_v1::zero_shot
weissbart_tf64,fcnn,reconstruction,gate0_gate2_fixed_split_pooled10_modelset_v1::zero_shot,0,P05,test_-_P05_-_FLOP04,64,pearson_r,-0.057224774914417124,1213,fcnn_epoch_2,fixed_split_zero_shot_plus_pooled10_finetune_modelset_v1::zero_shot
weissbart_tf64,fcnn,reconstruction,gate0_gate2_fixed_split_pooled10_modelset_v1::zero_shot,0,P08,test_-_P08_-_AUNP01,64,pearson_r,0.21348511962824399,990,fcnn_epoch_2,fixed_split_zero_shot_plus_pooled10_finetune_modelset_v1::zero_shot
weissbart_tf64,fcnn,reconstruction,gate0_gate2_fixed_split_pooled10_modelset_v1::zero_shot,0,P08,test_-_P08_-_AUNP02,64,pearson_r,0.2317280968451552,970,fcnn_epoch_2,fixed_split_zero_shot_plus_pooled10_finetune_modelset_v1::zero_shot
weissbart_tf64,fcnn,reconstruction,gate0_gate2_fixed_split_pooled10_modelset_v1::zero_shot,0,P08,test_-_P08_-_AUNP03,64,pearson_r,0.14941523837147874,890,fcnn_epoch_2,fixed_split_zero_shot_plus_pooled10_finetune_modelset_v1::zero_shot
weissbart_tf64,fcnn,reconstruction,gate0_gate2_fixed_split_pooled10_modelset_v1::zero_shot,0,P08,test_-_P08_-_AUNP04,64,pearson_r,-0.01613868268249362,870,fcnn_epoch_2,fixed_split_zero_shot_plus_pooled10_finetune_modelset_v1::zero_shot
weissbart_tf64,fcnn,reconstruction,gate0_gate2_fixed_split_pooled10_modelset_v1::zero_shot,0,P08,test_-_P08_-_AUNP05,64,pearson_r,0.1182750813660588,1191,fcnn_epoch_2,fixed_split_zero_shot_plus_pooled10_finetune_modelset_v1::zero_shot
weissbart_tf64,fcnn,reconstruction,gate0_gate2_fixed_split_pooled10_modelset_v1::zero_shot,0,P08,test_-_P08_-_AUNP06,64,pearson_r,0.08912279460181625,894,fcnn_epoch_2,fixed_split_zero_shot_plus_pooled10_finetune_modelset_v1::zero_shot
weissbart_tf64,fcnn,reconstruction,gate0_gate2_fixed_split_pooled10_modelset_v1::zero_shot,0,P08,test_-_P08_-_AUNP07,64,pearson_r,-0.04582550173960103,1134,fcnn_epoch_2,fixed_split_zero_shot_plus_pooled10_finetune_modelset_v1::zero_shot
weissbart_tf64,fcnn,reconstruction,gate0_gate2_fixed_split_pooled10_modelset_v1::zero_shot,0,P08,test_-_P08_-_AUNP08,64,pearson_r,0.05682759896915869,1104,fcnn_epoch_2,fixed_split_zero_shot_plus_pooled10_finetune_modelset_v1::zero_shot
weissbart_tf64,fcnn,reconstruction,gate0_gate2_fixed_split_pooled10_modelset_v1::zero_shot,0,P08,test_-_P08_-_BROP01,64,pearson_r,0.15818301812794283,1017,fcnn_epoch_2,fixed_split_zero_shot_plus_pooled10_finetune_modelset_v1::zero_shot
weissbart_tf64,fcnn,reconstruction,gate0_gate2_fixed_split_pooled10_modelset_v1::zero_shot,0,P08,test_-_P08_-_BROP02,64,pearson_r,0.10125102153853166,1120,fcnn_epoch_2,fixed_split_zero_shot_plus_pooled10_finetune_modelset_v1::zero_shot
weissbart_tf64,fcnn,reconstruction,gate0_gate2_fixed_split_pooled10_modelset_v1::zero_shot,0,P08,test_-_P08_-_BROP03,64,pearson_r,0.027323781022039726,1000,fcnn_epoch_2,fixed_split_zero_shot_plus_pooled10_finetune_modelset_v1::zero_shot
weissbart_tf64,fcnn,reconstruction,gate0_gate2_fixed_split_pooled10_modelset_v1::zero_shot,0,P08,test_-_P08_-_FLOP01,64,pearson_r,-0.016531220328278678,779,fcnn_epoch_2,fixed_split_zero_shot_plus_pooled10_finetune_modelset_v1::zero_shot
weissbart_tf64,fcnn,reconstruction,gate0_gate2_fixed_split_pooled10_modelset_v1::zero_shot,0,P08,test_-_P08_-_FLOP02,64,pearson_r,0.06122030683257197,699,fcnn_epoch_2,fixed_split_zero_shot_plus_pooled10_finetune_modelset_v1::zero_shot
weissbart_tf64,fcnn,reconstruction,gate0_gate2_fixed_split_pooled10_modelset_v1::zero_shot,0,P08,test_-_P08_-_FLOP03,64,pearson_r,-0.0867840428324495,655,fcnn_epoch_2,fixed_split_zero_shot_plus_pooled10_finetune_modelset_v1::zero_shot
weissbart_tf64,fcnn,reconstruction,gate0_gate2_fixed_split_pooled10_modelset_v1::zero_shot,0,P08,test_-_P08_-_FLOP04,64,pearson_r,0.033245954726610044,1213,fcnn_epoch_2,fixed_split_zero_shot_plus_pooled10_finetune_modelset_v1::zero_shot
weissbart_tf64,fcnn,reconstruction,gate0_gate2_fixed_split_pooled10_modelset_v1::pooled10_finetune,0,P01,test_-_P01_-_AUNP01,64,pearson_r,0.13850077363683488,990,fcnn_pooled10_epoch_11,fixed_split_zero_shot_plus_pooled10_finetune_modelset_v1::pooled10_finetune
weissbart_tf64,fcnn,reconstruction,gate0_gate2_fixed_split_pooled10_modelset_v1::pooled10_finetune,0,P01,test_-_P01_-_AUNP02,64,pearson_r,0.05510365407515406,970,fcnn_pooled10_epoch_11,fixed_split_zero_shot_plus_pooled10_finetune_modelset_v1::pooled10_finetune
weissbart_tf64,fcnn,reconstruction,gate0_gate2_fixed_split_pooled10_modelset_v1::pooled10_finetune,0,P01,test_-_P01_-_AUNP03,64,pearson_r,-0.033234324601611374,890,fcnn_pooled10_epoch_11,fixed_split_zero_shot_plus_pooled10_finetune_modelset_v1::pooled10_finetune
weissbart_tf64,fcnn,reconstruction,gate0_gate2_fixed_split_pooled10_modelset_v1::pooled10_finetune,0,P01,test_-_P01_-_AUNP04,64,pearson_r,0.10755424526644325,870,fcnn_pooled10_epoch_11,fixed_split_zero_shot_plus_pooled10_finetune_modelset_v1::pooled10_finetune
weissbart_tf64,fcnn,reconstruction,gate0_gate2_fixed_split_pooled10_modelset_v1::pooled10_finetune,0,P01,test_-_P01_-_AUNP05,64,pearson_r,0.05216746346443507,1191,fcnn_pooled10_epoch_11,fixed_split_zero_shot_plus_pooled10_finetune_modelset_v1::pooled10_finetune
weissbart_tf64,fcnn,reconstruction,gate0_gate2_fixed_split_pooled10_modelset_v1::pooled10_finetune,0,P01,test_-_P01_-_AUNP06,64,pearson_r,0.13947809160600042,894,fcnn_pooled10_epoch_11,fixed_split_zero_shot_plus_pooled10_finetune_modelset_v1::pooled10_finetune
weissbart_tf64,fcnn,reconstruction,gate0_gate2_fixed_split_pooled10_modelset_v1::pooled10_finetune,0,P01,test_-_P01_-_AUNP07,64,pearson_r,-0.17093075228832091,1134,fcnn_pooled10_epoch_11,fixed_split_zero_shot_plus_pooled10_finetune_modelset_v1::pooled10_finetune
weissbart_tf64,fcnn,reconstruction,gate0_gate2_fixed_split_pooled10_modelset_v1::pooled10_finetune,0,P01,test_-_P01_-_AUNP08,64,pearson_r,0.04379438216737443,1104,fcnn_pooled10_epoch_11,fixed_split_zero_shot_plus_pooled10_finetune_modelset_v1::pooled10_finetune
weissbart_tf64,fcnn,reconstruction,gate0_gate2_fixed_split_pooled10_modelset_v1::pooled10_finetune,0,P01,test_-_P01_-_BROP01,64,pearson_r,-0.09081972690010456,1017,fcnn_pooled10_epoch_11,fixed_split_zero_shot_plus_pooled10_finetune_modelset_v1::pooled10_finetune
weissbart_tf64,fcnn,reconstruction,gate0_gate2_fixed_split_pooled10_modelset_v1::pooled10_finetune,0,P01,test_-_P01_-_BROP02,64,pearson_r,0.017821365221383306,1120,fcnn_pooled10_epoch_11,fixed_split_zero_shot_plus_pooled10_finetune_modelset_v1::pooled10_finetune
weissbart_tf64,fcnn,reconstruction,gate0_gate2_fixed_split_pooled10_modelset_v1::pooled10_finetune,0,P01,test_-_P01_-_BROP03,64,pearson_r,0.038652679671862686,1000,fcnn_pooled10_epoch_11,fixed_split_zero_shot_plus_pooled10_finetune_modelset_v1::pooled10_finetune
weissbart_tf64,fcnn,reconstruction,gate0_gate2_fixed_split_pooled10_modelset_v1::pooled10_finetune,0,P01,test_-_P01_-_FLOP01,64,pearson_r,0.025908610123877476,779,fcnn_pooled10_epoch_11,fixed_split_zero_shot_plus_pooled10_finetune_modelset_v1::pooled10_finetune
weissbart_tf64,fcnn,reconstruction,gate0_gate2_fixed_split_pooled10_modelset_v1::pooled10_finetune,0,P01,test_-_P01_-_FLOP02,64,pearson_r,0.0629683976435676,699,fcnn_pooled10_epoch_11,fixed_split_zero_shot_plus_pooled10_finetune_modelset_v1::pooled10_finetune
weissbart_tf64,fcnn,reconstruction,gate0_gate2_fixed_split_pooled10_modelset_v1::pooled10_finetune,0,P01,test_-_P01_-_FLOP03,64,pearson_r,0.15592781376054402,655,fcnn_pooled10_epoch_11,fixed_split_zero_shot_plus_pooled10_finetune_modelset_v1::pooled10_finetune
weissbart_tf64,fcnn,reconstruction,gate0_gate2_fixed_split_pooled10_modelset_v1::pooled10_finetune,0,P01,test_-_P01_-_FLOP04,64,pearson_r,0.16863163171122134,1213,fcnn_pooled10_epoch_11,fixed_split_zero_shot_plus_pooled10_finetune_modelset_v1::pooled10_finetune
weissbart_tf64,fcnn,reconstruction,gate0_gate2_fixed_split_pooled10_modelset_v1::pooled10_finetune,0,P05,test_-_P05_-_AUNP01,64,pearson_r,-0.03590763937087341,990,fcnn_pooled10_epoch_11,fixed_split_zero_shot_plus_pooled10_finetune_modelset_v1::pooled10_finetune
weissbart_tf64,fcnn,reconstruction,gate0_gate2_fixed_split_pooled10_modelset_v1::pooled10_finetune,0,P05,test_-_P05_-_AUNP02,64,pearson_r,0.18188884278772902,970,fcnn_pooled10_epoch_11,fixed_split_zero_shot_plus_pooled10_finetune_modelset_v1::pooled10_finetune
weissbart_tf64,fcnn,reconstruction,gate0_gate2_fixed_split_pooled10_modelset_v1::pooled10_finetune,0,P05,test_-_P05_-_AUNP03,64,pearson_r,-0.005612251774350479,890,fcnn_pooled10_epoch_11,fixed_split_zero_shot_plus_pooled10_finetune_modelset_v1::pooled10_finetune
weissbart_tf64,fcnn,reconstruction,gate0_gate2_fixed_split_pooled10_modelset_v1::pooled10_finetune,0,P05,test_-_P05_-_AUNP04,64,pearson_r,0.0957748727163868,870,fcnn_pooled10_epoch_11,fixed_split_zero_shot_plus_pooled10_finetune_modelset_v1::pooled10_finetune
weissbart_tf64,fcnn,reconstruction,gate0_gate2_fixed_split_pooled10_modelset_v1::pooled10_finetune,0,P05,test_-_P05_-_AUNP05,64,pearson_r,0.16377664150831536,1191,fcnn_pooled10_epoch_11,fixed_split_zero_shot_plus_pooled10_finetune_modelset_v1::pooled10_finetune
weissbart_tf64,fcnn,reconstruction,gate0_gate2_fixed_split_pooled10_modelset_v1::pooled10_finetune,0,P05,test_-_P05_-_AUNP06,64,pearson_r,0.0949176989099848,894,fcnn_pooled10_epoch_11,fixed_split_zero_shot_plus_pooled10_finetune_modelset_v1::pooled10_finetune
weissbart_tf64,fcnn,reconstruction,gate0_gate2_fixed_split_pooled10_modelset_v1::pooled10_finetune,0,P05,test_-_P05_-_AUNP07,64,pearson_r,0.08280895233045507,1134,fcnn_pooled10_epoch_11,fixed_split_zero_shot_plus_pooled10_finetune_modelset_v1::pooled10_finetune
weissbart_tf64,fcnn,reconstruction,gate0_gate2_fixed_split_pooled10_modelset_v1::pooled10_finetune,0,P05,test_-_P05_-_AUNP08,64,pearson_r,0.050344083104832286,1104,fcnn_pooled10_epoch_11,fixed_split_zero_shot_plus_pooled10_finetune_modelset_v1::pooled10_finetune
weissbart_tf64,fcnn,reconstruction,gate0_gate2_fixed_split_pooled10_modelset_v1::pooled10_finetune,0,P05,test_-_P05_-_BROP01,64,pearson_r,-0.09557112179170442,1017,fcnn_pooled10_epoch_11,fixed_split_zero_shot_plus_pooled10_finetune_modelset_v1::pooled10_finetune
weissbart_tf64,fcnn,reconstruction,gate0_gate2_fixed_split_pooled10_modelset_v1::pooled10_finetune,0,P05,test_-_P05_-_BROP02,64,pearson_r,-0.000645986041061312,1120,fcnn_pooled10_epoch_11,fixed_split_zero_shot_plus_pooled10_finetune_modelset_v1::pooled10_finetune
weissbart_tf64,fcnn,reconstruction,gate0_gate2_fixed_split_pooled10_modelset_v1::pooled10_finetune,0,P05,test_-_P05_-_BROP03,64,pearson_r,0.12426095978216152,1000,fcnn_pooled10_epoch_11,fixed_split_zero_shot_plus_pooled10_finetune_modelset_v1::pooled10_finetune
weissbart_tf64,fcnn,reconstruction,gate0_gate2_fixed_split_pooled10_modelset_v1::pooled10_finetune,0,P05,test_-_P05_-_FLOP01,64,pearson_r,0.016788867036917274,779,fcnn_pooled10_epoch_11,fixed_split_zero_shot_plus_pooled10_finetune_modelset_v1::pooled10_finetune
weissbart_tf64,fcnn,reconstruction,gate0_gate2_fixed_split_pooled10_modelset_v1::pooled10_finetune,0,P05,test_-_P05_-_FLOP02,64,pearson_r,0.035132418002787796,699,fcnn_pooled10_epoch_11,fixed_split_zero_shot_plus_pooled10_finetune_modelset_v1::pooled10_finetune
weissbart_tf64,fcnn,reconstruction,gate0_gate2_fixed_split_pooled10_modelset_v1::pooled10_finetune,0,P05,test_-_P05_-_FLOP03,64,pearson_r,0.27361939333942853,655,fcnn_pooled10_epoch_11,fixed_split_zero_shot_plus_pooled10_finetune_modelset_v1::pooled10_finetune
weissbart_tf64,fcnn,reconstruction,gate0_gate2_fixed_split_pooled10_modelset_v1::pooled10_finetune,0,P05,test_-_P05_-_FLOP04,64,pearson_r,-0.05701827404788646,1213,fcnn_pooled10_epoch_11,fixed_split_zero_shot_plus_pooled10_finetune_modelset_v1::pooled10_finetune
weissbart_tf64,fcnn,reconstruction,gate0_gate2_fixed_split_pooled10_modelset_v1::pooled10_finetune,0,P08,test_-_P08_-_AUNP01,64,pearson_r,0.1513511199004927,990,fcnn_pooled10_epoch_11,fixed_split_zero_shot_plus_pooled10_finetune_modelset_v1::pooled10_finetune
weissbart_tf64,fcnn,reconstruction,gate0_gate2_fixed_split_pooled10_modelset_v1::pooled10_finetune,0,P08,test_-_P08_-_AUNP02,64,pearson_r,0.2237316997596537,970,fcnn_pooled10_epoch_11,fixed_split_zero_shot_plus_pooled10_finetune_modelset_v1::pooled10_finetune
weissbart_tf64,fcnn,reconstruction,gate0_gate2_fixed_split_pooled10_modelset_v1::pooled10_finetune,0,P08,test_-_P08_-_AUNP03,64,pearson_r,0.17520825397610368,890,fcnn_pooled10_epoch_11,fixed_split_zero_shot_plus_pooled10_finetune_modelset_v1::pooled10_finetune
weissbart_tf64,fcnn,reconstruction,gate0_gate2_fixed_split_pooled10_modelset_v1::pooled10_finetune,0,P08,test_-_P08_-_AUNP04,64,pearson_r,0.12190390252446795,870,fcnn_pooled10_epoch_11,fixed_split_zero_shot_plus_pooled10_finetune_modelset_v1::pooled10_finetune
weissbart_tf64,fcnn,reconstruction,gate0_gate2_fixed_split_pooled10_modelset_v1::pooled10_finetune,0,P08,test_-_P08_-_AUNP05,64,pearson_r,0.16936101856375713,1191,fcnn_pooled10_epoch_11,fixed_split_zero_shot_plus_pooled10_finetune_modelset_v1::pooled10_finetune
weissbart_tf64,fcnn,reconstruction,gate0_gate2_fixed_split_pooled10_modelset_v1::pooled10_finetune,0,P08,test_-_P08_-_AUNP06,64,pearson_r,0.08584074994368547,894,fcnn_pooled10_epoch_11,fixed_split_zero_shot_plus_pooled10_finetune_modelset_v1::pooled10_finetune
weissbart_tf64,fcnn,reconstruction,gate0_gate2_fixed_split_pooled10_modelset_v1::pooled10_finetune,0,P08,test_-_P08_-_AUNP07,64,pearson_r,0.06963689294158007,1134,fcnn_pooled10_epoch_11,fixed_split_zero_shot_plus_pooled10_finetune_modelset_v1::pooled10_finetune
weissbart_tf64,fcnn,reconstruction,gate0_gate2_fixed_split_pooled10_modelset_v1::pooled10_finetune,0,P08,test_-_P08_-_AUNP08,64,pearson_r,0.08816688786084362,1104,fcnn_pooled10_epoch_11,fixed_split_zero_shot_plus_pooled10_finetune_modelset_v1::pooled10_finetune
weissbart_tf64,fcnn,reconstruction,gate0_gate2_fixed_split_pooled10_modelset_v1::pooled10_finetune,0,P08,test_-_P08_-_BROP01,64,pearson_r,0.1444671683281451,1017,fcnn_pooled10_epoch_11,fixed_split_zero_shot_plus_pooled10_finetune_modelset_v1::pooled10_finetune
weissbart_tf64,fcnn,reconstruction,gate0_gate2_fixed_split_pooled10_modelset_v1::pooled10_finetune,0,P08,test_-_P08_-_BROP02,64,pearson_r,0.1302323167591964,1120,fcnn_pooled10_epoch_11,fixed_split_zero_shot_plus_pooled10_finetune_modelset_v1::pooled10_finetune
weissbart_tf64,fcnn,reconstruction,gate0_gate2_fixed_split_pooled10_modelset_v1::pooled10_finetune,0,P08,test_-_P08_-_BROP03,64,pearson_r,0.06224997754945379,1000,fcnn_pooled10_epoch_11,fixed_split_zero_shot_plus_pooled10_finetune_modelset_v1::pooled10_finetune
weissbart_tf64,fcnn,reconstruction,gate0_gate2_fixed_split_pooled10_modelset_v1::pooled10_finetune,0,P08,test_-_P08_-_FLOP01,64,pearson_r,-0.10627007911636982,779,fcnn_pooled10_epoch_11,fixed_split_zero_shot_plus_pooled10_finetune_modelset_v1::pooled10_finetune
weissbart_tf64,fcnn,reconstruction,gate0_gate2_fixed_split_pooled10_modelset_v1::pooled10_finetune,0,P08,test_-_P08_-_FLOP02,64,pearson_r,0.11823829275513818,699,fcnn_pooled10_epoch_11,fixed_split_zero_shot_plus_pooled10_finetune_modelset_v1::pooled10_finetune
weissbart_tf64,fcnn,reconstruction,gate0_gate2_fixed_split_pooled10_modelset_v1::pooled10_finetune,0,P08,test_-_P08_-_FLOP03,64,pearson_r,0.0287153405127952,655,fcnn_pooled10_epoch_11,fixed_split_zero_shot_plus_pooled10_finetune_modelset_v1::pooled10_finetune
weissbart_tf64,fcnn,reconstruction,gate0_gate2_fixed_split_pooled10_modelset_v1::pooled10_finetune,0,P08,test_-_P08_-_FLOP04,64,pearson_r,0.08310777123539727,1213,fcnn_pooled10_epoch_11,fixed_split_zero_shot_plus_pooled10_finetune_modelset_v1::pooled10_finetune
weissbart_tf64,adt,reconstruction,gate0_gate2_fixed_split_pooled10_modelset_v1::zero_shot,0,P01,test_-_P01_-_AUNP01,64,pearson_r,0.021727547011311545,1024,adt_epoch_2,fixed_split_zero_shot_plus_pooled10_finetune_modelset_v1::zero_shot
weissbart_tf64,adt,reconstruction,gate0_gate2_fixed_split_pooled10_modelset_v1::zero_shot,0,P01,test_-_P01_-_AUNP02,64,pearson_r,-0.0002852748122073152,960,adt_epoch_2,fixed_split_zero_shot_plus_pooled10_finetune_modelset_v1::zero_shot
weissbart_tf64,adt,reconstruction,gate0_gate2_fixed_split_pooled10_modelset_v1::zero_shot,0,P01,test_-_P01_-_AUNP03,64,pearson_r,0.0329716313544522,896,adt_epoch_2,fixed_split_zero_shot_plus_pooled10_finetune_modelset_v1::zero_shot
weissbart_tf64,adt,reconstruction,gate0_gate2_fixed_split_pooled10_modelset_v1::zero_shot,0,P01,test_-_P01_-_AUNP04,64,pearson_r,0.02056788750213503,896,adt_epoch_2,fixed_split_zero_shot_plus_pooled10_finetune_modelset_v1::zero_shot
weissbart_tf64,adt,reconstruction,gate0_gate2_fixed_split_pooled10_modelset_v1::zero_shot,0,P01,test_-_P01_-_AUNP05,64,pearson_r,-0.029018815280138246,1216,adt_epoch_2,fixed_split_zero_shot_plus_pooled10_finetune_modelset_v1::zero_shot
weissbart_tf64,adt,reconstruction,gate0_gate2_fixed_split_pooled10_modelset_v1::zero_shot,0,P01,test_-_P01_-_AUNP06,64,pearson_r,0.14131981489284942,896,adt_epoch_2,fixed_split_zero_shot_plus_pooled10_finetune_modelset_v1::zero_shot
weissbart_tf64,adt,reconstruction,gate0_gate2_fixed_split_pooled10_modelset_v1::zero_shot,0,P01,test_-_P01_-_AUNP07,64,pearson_r,-0.032661709568465716,1152,adt_epoch_2,fixed_split_zero_shot_plus_pooled10_finetune_modelset_v1::zero_shot
weissbart_tf64,adt,reconstruction,gate0_gate2_fixed_split_pooled10_modelset_v1::zero_shot,0,P01,test_-_P01_-_AUNP08,64,pearson_r,0.0754599623381032,1152,adt_epoch_2,fixed_split_zero_shot_plus_pooled10_finetune_modelset_v1::zero_shot
weissbart_tf64,adt,reconstruction,gate0_gate2_fixed_split_pooled10_modelset_v1::zero_shot,0,P01,test_-_P01_-_BROP01,64,pearson_r,0.179321007978978,1024,adt_epoch_2,fixed_split_zero_shot_plus_pooled10_finetune_modelset_v1::zero_shot
weissbart_tf64,adt,reconstruction,gate0_gate2_fixed_split_pooled10_modelset_v1::zero_shot,0,P01,test_-_P01_-_BROP02,64,pearson_r,0.05927941215095379,1152,adt_epoch_2,fixed_split_zero_shot_plus_pooled10_finetune_modelset_v1::zero_shot
weissbart_tf64,adt,reconstruction,gate0_gate2_fixed_split_pooled10_modelset_v1::zero_shot,0,P01,test_-_P01_-_BROP03,64,pearson_r,0.05596730574969091,1024,adt_epoch_2,fixed_split_zero_shot_plus_pooled10_finetune_modelset_v1::zero_shot
weissbart_tf64,adt,reconstruction,gate0_gate2_fixed_split_pooled10_modelset_v1::zero_shot,0,P01,test_-_P01_-_FLOP01,64,pearson_r,-0.053512096939654905,768,adt_epoch_2,fixed_split_zero_shot_plus_pooled10_finetune_modelset_v1::zero_shot
weissbart_tf64,adt,reconstruction,gate0_gate2_fixed_split_pooled10_modelset_v1::zero_shot,0,P01,test_-_P01_-_FLOP02,64,pearson_r,-0.2114368131823669,704,adt_epoch_2,fixed_split_zero_shot_plus_pooled10_finetune_modelset_v1::zero_shot
weissbart_tf64,adt,reconstruction,gate0_gate2_fixed_split_pooled10_modelset_v1::zero_shot,0,P01,test_-_P01_-_FLOP03,64,pearson_r,0.20186777024388095,704,adt_epoch_2,fixed_split_zero_shot_plus_pooled10_finetune_modelset_v1::zero_shot
weissbart_tf64,adt,reconstruction,gate0_gate2_fixed_split_pooled10_modelset_v1::zero_shot,0,P01,test_-_P01_-_FLOP04,64,pearson_r,0.12102979756407553,1216,adt_epoch_2,fixed_split_zero_shot_plus_pooled10_finetune_modelset_v1::zero_shot
weissbart_tf64,adt,reconstruction,gate0_gate2_fixed_split_pooled10_modelset_v1::zero_shot,0,P05,test_-_P05_-_AUNP01,64,pearson_r,0.13352254308723563,1024,adt_epoch_2,fixed_split_zero_shot_plus_pooled10_finetune_modelset_v1::zero_shot
weissbart_tf64,adt,reconstruction,gate0_gate2_fixed_split_pooled10_modelset_v1::zero_shot,0,P05,test_-_P05_-_AUNP02,64,pearson_r,-0.021569270565156458,960,adt_epoch_2,fixed_split_zero_shot_plus_pooled10_finetune_modelset_v1::zero_shot
weissbart_tf64,adt,reconstruction,gate0_gate2_fixed_split_pooled10_modelset_v1::zero_shot,0,P05,test_-_P05_-_AUNP03,64,pearson_r,0.19872067215669617,896,adt_epoch_2,fixed_split_zero_shot_plus_pooled10_finetune_modelset_v1::zero_shot
weissbart_tf64,adt,reconstruction,gate0_gate2_fixed_split_pooled10_modelset_v1::zero_shot,0,P05,test_-_P05_-_AUNP04,64,pearson_r,0.15252049940397214,896,adt_epoch_2,fixed_split_zero_shot_plus_pooled10_finetune_modelset_v1::zero_shot
weissbart_tf64,adt,reconstruction,gate0_gate2_fixed_split_pooled10_modelset_v1::zero_shot,0,P05,test_-_P05_-_AUNP05,64,pearson_r,0.02808231693174739,1216,adt_epoch_2,fixed_split_zero_shot_plus_pooled10_finetune_modelset_v1::zero_shot
weissbart_tf64,adt,reconstruction,gate0_gate2_fixed_split_pooled10_modelset_v1::zero_shot,0,P05,test_-_P05_-_AUNP06,64,pearson_r,-0.07582224673248422,896,adt_epoch_2,fixed_split_zero_shot_plus_pooled10_finetune_modelset_v1::zero_shot
weissbart_tf64,adt,reconstruction,gate0_gate2_fixed_split_pooled10_modelset_v1::zero_shot,0,P05,test_-_P05_-_AUNP07,64,pearson_r,0.0977022885357217,1152,adt_epoch_2,fixed_split_zero_shot_plus_pooled10_finetune_modelset_v1::zero_shot
weissbart_tf64,adt,reconstruction,gate0_gate2_fixed_split_pooled10_modelset_v1::zero_shot,0,P05,test_-_P05_-_AUNP08,64,pearson_r,0.2950888074154522,1152,adt_epoch_2,fixed_split_zero_shot_plus_pooled10_finetune_modelset_v1::zero_shot
weissbart_tf64,adt,reconstruction,gate0_gate2_fixed_split_pooled10_modelset_v1::zero_shot,0,P05,test_-_P05_-_BROP01,64,pearson_r,0.04778150562923927,1024,adt_epoch_2,fixed_split_zero_shot_plus_pooled10_finetune_modelset_v1::zero_shot
weissbart_tf64,adt,reconstruction,gate0_gate2_fixed_split_pooled10_modelset_v1::zero_shot,0,P05,test_-_P05_-_BROP02,64,pearson_r,0.07514412525124795,1152,adt_epoch_2,fixed_split_zero_shot_plus_pooled10_finetune_modelset_v1::zero_shot
weissbart_tf64,adt,reconstruction,gate0_gate2_fixed_split_pooled10_modelset_v1::zero_shot,0,P05,test_-_P05_-_BROP03,64,pearson_r,0.137305433307671,1024,adt_epoch_2,fixed_split_zero_shot_plus_pooled10_finetune_modelset_v1::zero_shot
weissbart_tf64,adt,reconstruction,gate0_gate2_fixed_split_pooled10_modelset_v1::zero_shot,0,P05,test_-_P05_-_FLOP01,64,pearson_r,-0.004238303785445553,768,adt_epoch_2,fixed_split_zero_shot_plus_pooled10_finetune_modelset_v1::zero_shot
weissbart_tf64,adt,reconstruction,gate0_gate2_fixed_split_pooled10_modelset_v1::zero_shot,0,P05,test_-_P05_-_FLOP02,64,pearson_r,0.18725042044102386,704,adt_epoch_2,fixed_split_zero_shot_plus_pooled10_finetune_modelset_v1::zero_shot
weissbart_tf64,adt,reconstruction,gate0_gate2_fixed_split_pooled10_modelset_v1::zero_shot,0,P05,test_-_P05_-_FLOP03,64,pearson_r,-0.005457033528444146,704,adt_epoch_2,fixed_split_zero_shot_plus_pooled10_finetune_modelset_v1::zero_shot
weissbart_tf64,adt,reconstruction,gate0_gate2_fixed_split_pooled10_modelset_v1::zero_shot,0,P05,test_-_P05_-_FLOP04,64,pearson_r,0.0058258703781271575,1216,adt_epoch_2,fixed_split_zero_shot_plus_pooled10_finetune_modelset_v1::zero_shot
weissbart_tf64,adt,reconstruction,gate0_gate2_fixed_split_pooled10_modelset_v1::zero_shot,0,P08,test_-_P08_-_AUNP01,64,pearson_r,0.12575656895836135,1024,adt_epoch_2,fixed_split_zero_shot_plus_pooled10_finetune_modelset_v1::zero_shot
weissbart_tf64,adt,reconstruction,gate0_gate2_fixed_split_pooled10_modelset_v1::zero_shot,0,P08,test_-_P08_-_AUNP02,64,pearson_r,0.2694815857227927,960,adt_epoch_2,fixed_split_zero_shot_plus_pooled10_finetune_modelset_v1::zero_shot
weissbart_tf64,adt,reconstruction,gate0_gate2_fixed_split_pooled10_modelset_v1::zero_shot,0,P08,test_-_P08_-_AUNP03,64,pearson_r,0.15331025810184074,896,adt_epoch_2,fixed_split_zero_shot_plus_pooled10_finetune_modelset_v1::zero_shot
weissbart_tf64,adt,reconstruction,gate0_gate2_fixed_split_pooled10_modelset_v1::zero_shot,0,P08,test_-_P08_-_AUNP04,64,pearson_r,0.23182032987617796,896,adt_epoch_2,fixed_split_zero_shot_plus_pooled10_finetune_modelset_v1::zero_shot
weissbart_tf64,adt,reconstruction,gate0_gate2_fixed_split_pooled10_modelset_v1::zero_shot,0,P08,test_-_P08_-_AUNP05,64,pearson_r,-0.07462178659401587,1216,adt_epoch_2,fixed_split_zero_shot_plus_pooled10_finetune_modelset_v1::zero_shot
weissbart_tf64,adt,reconstruction,gate0_gate2_fixed_split_pooled10_modelset_v1::zero_shot,0,P08,test_-_P08_-_AUNP06,64,pearson_r,-0.003934836493416631,896,adt_epoch_2,fixed_split_zero_shot_plus_pooled10_finetune_modelset_v1::zero_shot
weissbart_tf64,adt,reconstruction,gate0_gate2_fixed_split_pooled10_modelset_v1::zero_shot,0,P08,test_-_P08_-_AUNP07,64,pearson_r,0.056273414682105206,1152,adt_epoch_2,fixed_split_zero_shot_plus_pooled10_finetune_modelset_v1::zero_shot
weissbart_tf64,adt,reconstruction,gate0_gate2_fixed_split_pooled10_modelset_v1::zero_shot,0,P08,test_-_P08_-_AUNP08,64,pearson_r,0.06690053713035364,1152,adt_epoch_2,fixed_split_zero_shot_plus_pooled10_finetune_modelset_v1::zero_shot
weissbart_tf64,adt,reconstruction,gate0_gate2_fixed_split_pooled10_modelset_v1::zero_shot,0,P08,test_-_P08_-_BROP01,64,pearson_r,0.12990118404925147,1024,adt_epoch_2,fixed_split_zero_shot_plus_pooled10_finetune_modelset_v1::zero_shot
weissbart_tf64,adt,reconstruction,gate0_gate2_fixed_split_pooled10_modelset_v1::zero_shot,0,P08,test_-_P08_-_BROP02,64,pearson_r,0.030358414394543887,1152,adt_epoch_2,fixed_split_zero_shot_plus_pooled10_finetune_modelset_v1::zero_shot
weissbart_tf64,adt,reconstruction,gate0_gate2_fixed_split_pooled10_modelset_v1::zero_shot,0,P08,test_-_P08_-_BROP03,64,pearson_r,-0.023004989677466166,1024,adt_epoch_2,fixed_split_zero_shot_plus_pooled10_finetune_modelset_v1::zero_shot
weissbart_tf64,adt,reconstruction,gate0_gate2_fixed_split_pooled10_modelset_v1::zero_shot,0,P08,test_-_P08_-_FLOP01,64,pearson_r,0.0832754409520741,768,adt_epoch_2,fixed_split_zero_shot_plus_pooled10_finetune_modelset_v1::zero_shot
weissbart_tf64,adt,reconstruction,gate0_gate2_fixed_split_pooled10_modelset_v1::zero_shot,0,P08,test_-_P08_-_FLOP02,64,pearson_r,-0.005140091148748198,704,adt_epoch_2,fixed_split_zero_shot_plus_pooled10_finetune_modelset_v1::zero_shot
weissbart_tf64,adt,reconstruction,gate0_gate2_fixed_split_pooled10_modelset_v1::zero_shot,0,P08,test_-_P08_-_FLOP03,64,pearson_r,0.1345425419241357,704,adt_epoch_2,fixed_split_zero_shot_plus_pooled10_finetune_modelset_v1::zero_shot
weissbart_tf64,adt,reconstruction,gate0_gate2_fixed_split_pooled10_modelset_v1::zero_shot,0,P08,test_-_P08_-_FLOP04,64,pearson_r,0.041529906640349605,1216,adt_epoch_2,fixed_split_zero_shot_plus_pooled10_finetune_modelset_v1::zero_shot
weissbart_tf64,adt,reconstruction,gate0_gate2_fixed_split_pooled10_modelset_v1::pooled10_finetune,0,P01,test_-_P01_-_AUNP01,64,pearson_r,-0.003633553602680167,1024,adt_pooled10_epoch_1,fixed_split_zero_shot_plus_pooled10_finetune_modelset_v1::pooled10_finetune
weissbart_tf64,adt,reconstruction,gate0_gate2_fixed_split_pooled10_modelset_v1::pooled10_finetune,0,P01,test_-_P01_-_AUNP02,64,pearson_r,0.026520937863572812,960,adt_pooled10_epoch_1,fixed_split_zero_shot_plus_pooled10_finetune_modelset_v1::pooled10_finetune
weissbart_tf64,adt,reconstruction,gate0_gate2_fixed_split_pooled10_modelset_v1::pooled10_finetune,0,P01,test_-_P01_-_AUNP03,64,pearson_r,-0.021085749960092763,896,adt_pooled10_epoch_1,fixed_split_zero_shot_plus_pooled10_finetune_modelset_v1::pooled10_finetune
weissbart_tf64,adt,reconstruction,gate0_gate2_fixed_split_pooled10_modelset_v1::pooled10_finetune,0,P01,test_-_P01_-_AUNP04,64,pearson_r,0.024766761092264934,896,adt_pooled10_epoch_1,fixed_split_zero_shot_plus_pooled10_finetune_modelset_v1::pooled10_finetune
weissbart_tf64,adt,reconstruction,gate0_gate2_fixed_split_pooled10_modelset_v1::pooled10_finetune,0,P01,test_-_P01_-_AUNP05,64,pearson_r,-0.024813704768393046,1216,adt_pooled10_epoch_1,fixed_split_zero_shot_plus_pooled10_finetune_modelset_v1::pooled10_finetune
weissbart_tf64,adt,reconstruction,gate0_gate2_fixed_split_pooled10_modelset_v1::pooled10_finetune,0,P01,test_-_P01_-_AUNP06,64,pearson_r,0.18760040735572264,896,adt_pooled10_epoch_1,fixed_split_zero_shot_plus_pooled10_finetune_modelset_v1::pooled10_finetune
weissbart_tf64,adt,reconstruction,gate0_gate2_fixed_split_pooled10_modelset_v1::pooled10_finetune,0,P01,test_-_P01_-_AUNP07,64,pearson_r,0.02010169311126876,1152,adt_pooled10_epoch_1,fixed_split_zero_shot_plus_pooled10_finetune_modelset_v1::pooled10_finetune
weissbart_tf64,adt,reconstruction,gate0_gate2_fixed_split_pooled10_modelset_v1::pooled10_finetune,0,P01,test_-_P01_-_AUNP08,64,pearson_r,0.05632056429525629,1152,adt_pooled10_epoch_1,fixed_split_zero_shot_plus_pooled10_finetune_modelset_v1::pooled10_finetune
weissbart_tf64,adt,reconstruction,gate0_gate2_fixed_split_pooled10_modelset_v1::pooled10_finetune,0,P01,test_-_P01_-_BROP01,64,pearson_r,0.12439195276603927,1024,adt_pooled10_epoch_1,fixed_split_zero_shot_plus_pooled10_finetune_modelset_v1::pooled10_finetune
weissbart_tf64,adt,reconstruction,gate0_gate2_fixed_split_pooled10_modelset_v1::pooled10_finetune,0,P01,test_-_P01_-_BROP02,64,pearson_r,0.029609301119436857,1152,adt_pooled10_epoch_1,fixed_split_zero_shot_plus_pooled10_finetune_modelset_v1::pooled10_finetune
weissbart_tf64,adt,reconstruction,gate0_gate2_fixed_split_pooled10_modelset_v1::pooled10_finetune,0,P01,test_-_P01_-_BROP03,64,pearson_r,0.06660564746035812,1024,adt_pooled10_epoch_1,fixed_split_zero_shot_plus_pooled10_finetune_modelset_v1::pooled10_finetune
weissbart_tf64,adt,reconstruction,gate0_gate2_fixed_split_pooled10_modelset_v1::pooled10_finetune,0,P01,test_-_P01_-_FLOP01,64,pearson_r,-0.01656509945165404,768,adt_pooled10_epoch_1,fixed_split_zero_shot_plus_pooled10_finetune_modelset_v1::pooled10_finetune
weissbart_tf64,adt,reconstruction,gate0_gate2_fixed_split_pooled10_modelset_v1::pooled10_finetune,0,P01,test_-_P01_-_FLOP02,64,pearson_r,-0.16246130812338339,704,adt_pooled10_epoch_1,fixed_split_zero_shot_plus_pooled10_finetune_modelset_v1::pooled10_finetune
weissbart_tf64,adt,reconstruction,gate0_gate2_fixed_split_pooled10_modelset_v1::pooled10_finetune,0,P01,test_-_P01_-_FLOP03,64,pearson_r,0.16467904077883364,704,adt_pooled10_epoch_1,fixed_split_zero_shot_plus_pooled10_finetune_modelset_v1::pooled10_finetune
weissbart_tf64,adt,reconstruction,gate0_gate2_fixed_split_pooled10_modelset_v1::pooled10_finetune,0,P01,test_-_P01_-_FLOP04,64,pearson_r,0.1477160430610372,1216,adt_pooled10_epoch_1,fixed_split_zero_shot_plus_pooled10_finetune_modelset_v1::pooled10_finetune
weissbart_tf64,adt,reconstruction,gate0_gate2_fixed_split_pooled10_modelset_v1::pooled10_finetune,0,P05,test_-_P05_-_AUNP01,64,pearson_r,0.0049414280165067425,1024,adt_pooled10_epoch_1,fixed_split_zero_shot_plus_pooled10_finetune_modelset_v1::pooled10_finetune
weissbart_tf64,adt,reconstruction,gate0_gate2_fixed_split_pooled10_modelset_v1::pooled10_finetune,0,P05,test_-_P05_-_AUNP02,64,pearson_r,0.01106617585974741,960,adt_pooled10_epoch_1,fixed_split_zero_shot_plus_pooled10_finetune_modelset_v1::pooled10_finetune
weissbart_tf64,adt,reconstruction,gate0_gate2_fixed_split_pooled10_modelset_v1::pooled10_finetune,0,P05,test_-_P05_-_AUNP03,64,pearson_r,0.21474810812777415,896,adt_pooled10_epoch_1,fixed_split_zero_shot_plus_pooled10_finetune_modelset_v1::pooled10_finetune
weissbart_tf64,adt,reconstruction,gate0_gate2_fixed_split_pooled10_modelset_v1::pooled10_finetune,0,P05,test_-_P05_-_AUNP04,64,pearson_r,0.16627492109026634,896,adt_pooled10_epoch_1,fixed_split_zero_shot_plus_pooled10_finetune_modelset_v1::pooled10_finetune
weissbart_tf64,adt,reconstruction,gate0_gate2_fixed_split_pooled10_modelset_v1::pooled10_finetune,0,P05,test_-_P05_-_AUNP05,64,pearson_r,0.05019061300536124,1216,adt_pooled10_epoch_1,fixed_split_zero_shot_plus_pooled10_finetune_modelset_v1::pooled10_finetune
weissbart_tf64,adt,reconstruction,gate0_gate2_fixed_split_pooled10_modelset_v1::pooled10_finetune,0,P05,test_-_P05_-_AUNP06,64,pearson_r,-0.07837974787808513,896,adt_pooled10_epoch_1,fixed_split_zero_shot_plus_pooled10_finetune_modelset_v1::pooled10_finetune
weissbart_tf64,adt,reconstruction,gate0_gate2_fixed_split_pooled10_modelset_v1::pooled10_finetune,0,P05,test_-_P05_-_AUNP07,64,pearson_r,0.1150182336077602,1152,adt_pooled10_epoch_1,fixed_split_zero_shot_plus_pooled10_finetune_modelset_v1::pooled10_finetune
weissbart_tf64,adt,reconstruction,gate0_gate2_fixed_split_pooled10_modelset_v1::pooled10_finetune,0,P05,test_-_P05_-_AUNP08,64,pearson_r,0.2131449647026529,1152,adt_pooled10_epoch_1,fixed_split_zero_shot_plus_pooled10_finetune_modelset_v1::pooled10_finetune
weissbart_tf64,adt,reconstruction,gate0_gate2_fixed_split_pooled10_modelset_v1::pooled10_finetune,0,P05,test_-_P05_-_BROP01,64,pearson_r,-0.06423246673002635,1024,adt_pooled10_epoch_1,fixed_split_zero_shot_plus_pooled10_finetune_modelset_v1::pooled10_finetune
weissbart_tf64,adt,reconstruction,gate0_gate2_fixed_split_pooled10_modelset_v1::pooled10_finetune,0,P05,test_-_P05_-_BROP02,64,pearson_r,0.09904367851795623,1152,adt_pooled10_epoch_1,fixed_split_zero_shot_plus_pooled10_finetune_modelset_v1::pooled10_finetune
weissbart_tf64,adt,reconstruction,gate0_gate2_fixed_split_pooled10_modelset_v1::pooled10_finetune,0,P05,test_-_P05_-_BROP03,64,pearson_r,0.16355794279796826,1024,adt_pooled10_epoch_1,fixed_split_zero_shot_plus_pooled10_finetune_modelset_v1::pooled10_finetune
weissbart_tf64,adt,reconstruction,gate0_gate2_fixed_split_pooled10_modelset_v1::pooled10_finetune,0,P05,test_-_P05_-_FLOP01,64,pearson_r,-0.00498559773357868,768,adt_pooled10_epoch_1,fixed_split_zero_shot_plus_pooled10_finetune_modelset_v1::pooled10_finetune
weissbart_tf64,adt,reconstruction,gate0_gate2_fixed_split_pooled10_modelset_v1::pooled10_finetune,0,P05,test_-_P05_-_FLOP02,64,pearson_r,0.07501671622419485,704,adt_pooled10_epoch_1,fixed_split_zero_shot_plus_pooled10_finetune_modelset_v1::pooled10_finetune
weissbart_tf64,adt,reconstruction,gate0_gate2_fixed_split_pooled10_modelset_v1::pooled10_finetune,0,P05,test_-_P05_-_FLOP03,64,pearson_r,-0.011825072597779162,704,adt_pooled10_epoch_1,fixed_split_zero_shot_plus_pooled10_finetune_modelset_v1::pooled10_finetune
weissbart_tf64,adt,reconstruction,gate0_gate2_fixed_split_pooled10_modelset_v1::pooled10_finetune,0,P05,test_-_P05_-_FLOP04,64,pearson_r,0.017054132893882044,1216,adt_pooled10_epoch_1,fixed_split_zero_shot_plus_pooled10_finetune_modelset_v1::pooled10_finetune
weissbart_tf64,adt,reconstruction,gate0_gate2_fixed_split_pooled10_modelset_v1::pooled10_finetune,0,P08,test_-_P08_-_AUNP01,64,pearson_r,0.18738388219529048,1024,adt_pooled10_epoch_1,fixed_split_zero_shot_plus_pooled10_finetune_modelset_v1::pooled10_finetune
weissbart_tf64,adt,reconstruction,gate0_gate2_fixed_split_pooled10_modelset_v1::pooled10_finetune,0,P08,test_-_P08_-_AUNP02,64,pearson_r,0.2679540834505598,960,adt_pooled10_epoch_1,fixed_split_zero_shot_plus_pooled10_finetune_modelset_v1::pooled10_finetune
weissbart_tf64,adt,reconstruction,gate0_gate2_fixed_split_pooled10_modelset_v1::pooled10_finetune,0,P08,test_-_P08_-_AUNP03,64,pearson_r,0.16661130828221873,896,adt_pooled10_epoch_1,fixed_split_zero_shot_plus_pooled10_finetune_modelset_v1::pooled10_finetune
weissbart_tf64,adt,reconstruction,gate0_gate2_fixed_split_pooled10_modelset_v1::pooled10_finetune,0,P08,test_-_P08_-_AUNP04,64,pearson_r,0.306917188328863,896,adt_pooled10_epoch_1,fixed_split_zero_shot_plus_pooled10_finetune_modelset_v1::pooled10_finetune
weissbart_tf64,adt,reconstruction,gate0_gate2_fixed_split_pooled10_modelset_v1::pooled10_finetune,0,P08,test_-_P08_-_AUNP05,64,pearson_r,-0.04582412578150971,1216,adt_pooled10_epoch_1,fixed_split_zero_shot_plus_pooled10_finetune_modelset_v1::pooled10_finetune
weissbart_tf64,adt,reconstruction,gate0_gate2_fixed_split_pooled10_modelset_v1::pooled10_finetune,0,P08,test_-_P08_-_AUNP06,64,pearson_r,-0.021909625641565577,896,adt_pooled10_epoch_1,fixed_split_zero_shot_plus_pooled10_finetune_modelset_v1::pooled10_finetune
weissbart_tf64,adt,reconstruction,gate0_gate2_fixed_split_pooled10_modelset_v1::pooled10_finetune,0,P08,test_-_P08_-_AUNP07,64,pearson_r,0.024709852564411616,1152,adt_pooled10_epoch_1,fixed_split_zero_shot_plus_pooled10_finetune_modelset_v1::pooled10_finetune
weissbart_tf64,adt,reconstruction,gate0_gate2_fixed_split_pooled10_modelset_v1::pooled10_finetune,0,P08,test_-_P08_-_AUNP08,64,pearson_r,0.10230912819061708,1152,adt_pooled10_epoch_1,fixed_split_zero_shot_plus_pooled10_finetune_modelset_v1::pooled10_finetune
weissbart_tf64,adt,reconstruction,gate0_gate2_fixed_split_pooled10_modelset_v1::pooled10_finetune,0,P08,test_-_P08_-_BROP01,64,pearson_r,0.1198700406684639,1024,adt_pooled10_epoch_1,fixed_split_zero_shot_plus_pooled10_finetune_modelset_v1::pooled10_finetune
weissbart_tf64,adt,reconstruction,gate0_gate2_fixed_split_pooled10_modelset_v1::pooled10_finetune,0,P08,test_-_P08_-_BROP02,64,pearson_r,0.13318248769235244,1152,adt_pooled10_epoch_1,fixed_split_zero_shot_plus_pooled10_finetune_modelset_v1::pooled10_finetune
weissbart_tf64,adt,reconstruction,gate0_gate2_fixed_split_pooled10_modelset_v1::pooled10_finetune,0,P08,test_-_P08_-_BROP03,64,pearson_r,0.0217348133220425,1024,adt_pooled10_epoch_1,fixed_split_zero_shot_plus_pooled10_finetune_modelset_v1::pooled10_finetune
weissbart_tf64,adt,reconstruction,gate0_gate2_fixed_split_pooled10_modelset_v1::pooled10_finetune,0,P08,test_-_P08_-_FLOP01,64,pearson_r,0.10062314678773449,768,adt_pooled10_epoch_1,fixed_split_zero_shot_plus_pooled10_finetune_modelset_v1::pooled10_finetune
weissbart_tf64,adt,reconstruction,gate0_gate2_fixed_split_pooled10_modelset_v1::pooled10_finetune,0,P08,test_-_P08_-_FLOP02,64,pearson_r,0.04364841435527276,704,adt_pooled10_epoch_1,fixed_split_zero_shot_plus_pooled10_finetune_modelset_v1::pooled10_finetune
weissbart_tf64,adt,reconstruction,gate0_gate2_fixed_split_pooled10_modelset_v1::pooled10_finetune,0,P08,test_-_P08_-_FLOP03,64,pearson_r,0.14141476930315583,704,adt_pooled10_epoch_1,fixed_split_zero_shot_plus_pooled10_finetune_modelset_v1::pooled10_finetune
weissbart_tf64,adt,reconstruction,gate0_gate2_fixed_split_pooled10_modelset_v1::pooled10_finetune,0,P08,test_-_P08_-_FLOP04,64,pearson_r,0.1005277032772291,1216,adt_pooled10_epoch_1,fixed_split_zero_shot_plus_pooled10_finetune_modelset_v1::pooled10_finetune
etard_tf64,eegnet,reconstruction,gate0_gate2_fixed_split_pooled10_modelset_v1::zero_shot,0,P03,test_-_P03_-_clean_part_1,64,pearson_r,-0.11002671015966814,940,eegnet_epoch_8,fixed_split_zero_shot_plus_pooled10_finetune_modelset_v1::zero_shot
etard_tf64,eegnet,reconstruction,gate0_gate2_fixed_split_pooled10_modelset_v1::zero_shot,0,P03,test_-_P03_-_clean_part_2,64,pearson_r,0.13483993616643752,976,eegnet_epoch_8,fixed_split_zero_shot_plus_pooled10_finetune_modelset_v1::zero_shot
etard_tf64,eegnet,reconstruction,gate0_gate2_fixed_split_pooled10_modelset_v1::zero_shot,0,P03,test_-_P03_-_clean_part_3,64,pearson_r,0.2804478455294826,857,eegnet_epoch_8,fixed_split_zero_shot_plus_pooled10_finetune_modelset_v1::zero_shot
etard_tf64,eegnet,reconstruction,gate0_gate2_fixed_split_pooled10_modelset_v1::zero_shot,0,P03,test_-_P03_-_clean_part_4,64,pearson_r,0.15836399982462857,938,eegnet_epoch_8,fixed_split_zero_shot_plus_pooled10_finetune_modelset_v1::zero_shot
etard_tf64,eegnet,reconstruction,gate0_gate2_fixed_split_pooled10_modelset_v1::zero_shot,0,P03,test_-_P03_-_fM_part_1,64,pearson_r,0.19639738088960967,852,eegnet_epoch_8,fixed_split_zero_shot_plus_pooled10_finetune_modelset_v1::zero_shot
etard_tf64,eegnet,reconstruction,gate0_gate2_fixed_split_pooled10_modelset_v1::zero_shot,0,P03,test_-_P03_-_fM_part_2,64,pearson_r,0.06185302328223946,813,eegnet_epoch_8,fixed_split_zero_shot_plus_pooled10_finetune_modelset_v1::zero_shot
etard_tf64,eegnet,reconstruction,gate0_gate2_fixed_split_pooled10_modelset_v1::zero_shot,0,P03,test_-_P03_-_fM_part_3,64,pearson_r,-0.020867964506809767,869,eegnet_epoch_8,fixed_split_zero_shot_plus_pooled10_finetune_modelset_v1::zero_shot
etard_tf64,eegnet,reconstruction,gate0_gate2_fixed_split_pooled10_modelset_v1::zero_shot,0,P03,test_-_P03_-_fM_part_4,64,pearson_r,0.15228916084984534,953,eegnet_epoch_8,fixed_split_zero_shot_plus_pooled10_finetune_modelset_v1::zero_shot
etard_tf64,eegnet,reconstruction,gate0_gate2_fixed_split_pooled10_modelset_v1::zero_shot,0,P03,test_-_P03_-_fW_part_1,64,pearson_r,0.10031805424887033,843,eegnet_epoch_8,fixed_split_zero_shot_plus_pooled10_finetune_modelset_v1::zero_shot
etard_tf64,eegnet,reconstruction,gate0_gate2_fixed_split_pooled10_modelset_v1::zero_shot,0,P03,test_-_P03_-_fW_part_2,64,pearson_r,0.1544474276374018,870,eegnet_epoch_8,fixed_split_zero_shot_plus_pooled10_finetune_modelset_v1::zero_shot
etard_tf64,eegnet,reconstruction,gate0_gate2_fixed_split_pooled10_modelset_v1::zero_shot,0,P03,test_-_P03_-_fW_part_3,64,pearson_r,0.0572934188321801,974,eegnet_epoch_8,fixed_split_zero_shot_plus_pooled10_finetune_modelset_v1::zero_shot
etard_tf64,eegnet,reconstruction,gate0_gate2_fixed_split_pooled10_modelset_v1::zero_shot,0,P03,test_-_P03_-_fW_part_4,64,pearson_r,0.029561476857775337,1047,eegnet_epoch_8,fixed_split_zero_shot_plus_pooled10_finetune_modelset_v1::zero_shot
etard_tf64,eegnet,reconstruction,gate0_gate2_fixed_split_pooled10_modelset_v1::zero_shot,0,P03,test_-_P03_-_hb_part_1,64,pearson_r,-0.07393930922996883,1137,eegnet_epoch_8,fixed_split_zero_shot_plus_pooled10_finetune_modelset_v1::zero_shot
etard_tf64,eegnet,reconstruction,gate0_gate2_fixed_split_pooled10_modelset_v1::zero_shot,0,P03,test_-_P03_-_hb_part_2,64,pearson_r,-0.1256280442493055,1074,eegnet_epoch_8,fixed_split_zero_shot_plus_pooled10_finetune_modelset_v1::zero_shot
etard_tf64,eegnet,reconstruction,gate0_gate2_fixed_split_pooled10_modelset_v1::zero_shot,0,P03,test_-_P03_-_hb_part_3,64,pearson_r,-0.010437944327167098,1157,eegnet_epoch_8,fixed_split_zero_shot_plus_pooled10_finetune_modelset_v1::zero_shot
etard_tf64,eegnet,reconstruction,gate0_gate2_fixed_split_pooled10_modelset_v1::zero_shot,0,P03,test_-_P03_-_hb_part_4,64,pearson_r,0.028405695417824492,1080,eegnet_epoch_8,fixed_split_zero_shot_plus_pooled10_finetune_modelset_v1::zero_shot
etard_tf64,eegnet,reconstruction,gate0_gate2_fixed_split_pooled10_modelset_v1::zero_shot,0,P03,test_-_P03_-_lb_part_1,64,pearson_r,0.07613179328610838,1396,eegnet_epoch_8,fixed_split_zero_shot_plus_pooled10_finetune_modelset_v1::zero_shot
etard_tf64,eegnet,reconstruction,gate0_gate2_fixed_split_pooled10_modelset_v1::zero_shot,0,P03,test_-_P03_-_lb_part_2,64,pearson_r,-0.0019775087232589707,1433,eegnet_epoch_8,fixed_split_zero_shot_plus_pooled10_finetune_modelset_v1::zero_shot
etard_tf64,eegnet,reconstruction,gate0_gate2_fixed_split_pooled10_modelset_v1::zero_shot,0,P03,test_-_P03_-_lb_part_3,64,pearson_r,0.10213522128420913,1365,eegnet_epoch_8,fixed_split_zero_shot_plus_pooled10_finetune_modelset_v1::zero_shot
etard_tf64,eegnet,reconstruction,gate0_gate2_fixed_split_pooled10_modelset_v1::zero_shot,0,P03,test_-_P03_-_lb_part_4,64,pearson_r,-0.21794844083590123,1501,eegnet_epoch_8,fixed_split_zero_shot_plus_pooled10_finetune_modelset_v1::zero_shot
etard_tf64,eegnet,reconstruction,gate0_gate2_fixed_split_pooled10_modelset_v1::zero_shot,0,P03,test_-_P03_-_mb_part_1,64,pearson_r,-0.15347063925448332,945,eegnet_epoch_8,fixed_split_zero_shot_plus_pooled10_finetune_modelset_v1::zero_shot
etard_tf64,eegnet,reconstruction,gate0_gate2_fixed_split_pooled10_modelset_v1::zero_shot,0,P03,test_-_P03_-_mb_part_2,64,pearson_r,-0.022653899410885248,994,eegnet_epoch_8,fixed_split_zero_shot_plus_pooled10_finetune_modelset_v1::zero_shot
etard_tf64,eegnet,reconstruction,gate0_gate2_fixed_split_pooled10_modelset_v1::zero_shot,0,P03,test_-_P03_-_mb_part_3,64,pearson_r,0.043839926278631834,995,eegnet_epoch_8,fixed_split_zero_shot_plus_pooled10_finetune_modelset_v1::zero_shot
etard_tf64,eegnet,reconstruction,gate0_gate2_fixed_split_pooled10_modelset_v1::zero_shot,0,P03,test_-_P03_-_mb_part_4,64,pearson_r,0.02985635095429772,1034,eegnet_epoch_8,fixed_split_zero_shot_plus_pooled10_finetune_modelset_v1::zero_shot
etard_tf64,eegnet,reconstruction,gate0_gate2_fixed_split_pooled10_modelset_v1::zero_shot,0,P10,test_-_P10_-_cleanDutch_part_1,64,pearson_r,-0.14669809113705035,941,eegnet_epoch_8,fixed_split_zero_shot_plus_pooled10_finetune_modelset_v1::zero_shot
etard_tf64,eegnet,reconstruction,gate0_gate2_fixed_split_pooled10_modelset_v1::zero_shot,0,P10,test_-_P10_-_cleanDutch_part_2,64,pearson_r,0.08566703751508885,963,eegnet_epoch_8,fixed_split_zero_shot_plus_pooled10_finetune_modelset_v1::zero_shot
etard_tf64,eegnet,reconstruction,gate0_gate2_fixed_split_pooled10_modelset_v1::zero_shot,0,P10,test_-_P10_-_cleanDutch_part_3,64,pearson_r,0.249447190408701,974,eegnet_epoch_8,fixed_split_zero_shot_plus_pooled10_finetune_modelset_v1::zero_shot
etard_tf64,eegnet,reconstruction,gate0_gate2_fixed_split_pooled10_modelset_v1::zero_shot,0,P10,test_-_P10_-_cleanDutch_part_4,64,pearson_r,0.1823049634069226,970,eegnet_epoch_8,fixed_split_zero_shot_plus_pooled10_finetune_modelset_v1::zero_shot
etard_tf64,eegnet,reconstruction,gate0_gate2_fixed_split_pooled10_modelset_v1::zero_shot,0,P10,test_-_P10_-_clean_part_1,64,pearson_r,0.08045265005587138,940,eegnet_epoch_8,fixed_split_zero_shot_plus_pooled10_finetune_modelset_v1::zero_shot
etard_tf64,eegnet,reconstruction,gate0_gate2_fixed_split_pooled10_modelset_v1::zero_shot,0,P10,test_-_P10_-_clean_part_2,64,pearson_r,0.2590135902523153,976,eegnet_epoch_8,fixed_split_zero_shot_plus_pooled10_finetune_modelset_v1::zero_shot
etard_tf64,eegnet,reconstruction,gate0_gate2_fixed_split_pooled10_modelset_v1::zero_shot,0,P10,test_-_P10_-_clean_part_3,64,pearson_r,0.06533280939041232,857,eegnet_epoch_8,fixed_split_zero_shot_plus_pooled10_finetune_modelset_v1::zero_shot
etard_tf64,eegnet,reconstruction,gate0_gate2_fixed_split_pooled10_modelset_v1::zero_shot,0,P10,test_-_P10_-_clean_part_4,64,pearson_r,0.2459970301416444,938,eegnet_epoch_8,fixed_split_zero_shot_plus_pooled10_finetune_modelset_v1::zero_shot
etard_tf64,eegnet,reconstruction,gate0_gate2_fixed_split_pooled10_modelset_v1::zero_shot,0,P10,test_-_P10_-_fM_part_1,64,pearson_r,0.18693334167182943,852,eegnet_epoch_8,fixed_split_zero_shot_plus_pooled10_finetune_modelset_v1::zero_shot
etard_tf64,eegnet,reconstruction,gate0_gate2_fixed_split_pooled10_modelset_v1::zero_shot,0,P10,test_-_P10_-_fM_part_2,64,pearson_r,0.22467716402753907,813,eegnet_epoch_8,fixed_split_zero_shot_plus_pooled10_finetune_modelset_v1::zero_shot
etard_tf64,eegnet,reconstruction,gate0_gate2_fixed_split_pooled10_modelset_v1::zero_shot,0,P10,test_-_P10_-_fM_part_3,64,pearson_r,0.035747296329217984,869,eegnet_epoch_8,fixed_split_zero_shot_plus_pooled10_finetune_modelset_v1::zero_shot
etard_tf64,eegnet,reconstruction,gate0_gate2_fixed_split_pooled10_modelset_v1::zero_shot,0,P10,test_-_P10_-_fM_part_4,64,pearson_r,0.3105417133065901,953,eegnet_epoch_8,fixed_split_zero_shot_plus_pooled10_finetune_modelset_v1::zero_shot
etard_tf64,eegnet,reconstruction,gate0_gate2_fixed_split_pooled10_modelset_v1::zero_shot,0,P10,test_-_P10_-_fW_part_1,64,pearson_r,0.22934790415612533,843,eegnet_epoch_8,fixed_split_zero_shot_plus_pooled10_finetune_modelset_v1::zero_shot
etard_tf64,eegnet,reconstruction,gate0_gate2_fixed_split_pooled10_modelset_v1::zero_shot,0,P10,test_-_P10_-_fW_part_2,64,pearson_r,0.18289834598286472,870,eegnet_epoch_8,fixed_split_zero_shot_plus_pooled10_finetune_modelset_v1::zero_shot
etard_tf64,eegnet,reconstruction,gate0_gate2_fixed_split_pooled10_modelset_v1::zero_shot,0,P10,test_-_P10_-_fW_part_3,64,pearson_r,0.1297116275647186,974,eegnet_epoch_8,fixed_split_zero_shot_plus_pooled10_finetune_modelset_v1::zero_shot
etard_tf64,eegnet,reconstruction,gate0_gate2_fixed_split_pooled10_modelset_v1::zero_shot,0,P10,test_-_P10_-_fW_part_4,64,pearson_r,0.19764414093221605,1047,eegnet_epoch_8,fixed_split_zero_shot_plus_pooled10_finetune_modelset_v1::zero_shot
etard_tf64,eegnet,reconstruction,gate0_gate2_fixed_split_pooled10_modelset_v1::zero_shot,0,P10,test_-_P10_-_hbDutch_part_1,64,pearson_r,0.1351018000632863,984,eegnet_epoch_8,fixed_split_zero_shot_plus_pooled10_finetune_modelset_v1::zero_shot
etard_tf64,eegnet,reconstruction,gate0_gate2_fixed_split_pooled10_modelset_v1::zero_shot,0,P10,test_-_P10_-_hbDutch_part_2,64,pearson_r,0.08019804000050626,998,eegnet_epoch_8,fixed_split_zero_shot_plus_pooled10_finetune_modelset_v1::zero_shot
etard_tf64,eegnet,reconstruction,gate0_gate2_fixed_split_pooled10_modelset_v1::zero_shot,0,P10,test_-_P10_-_hbDutch_part_3,64,pearson_r,0.11890162059717616,1017,eegnet_epoch_8,fixed_split_zero_shot_plus_pooled10_finetune_modelset_v1::zero_shot
etard_tf64,eegnet,reconstruction,gate0_gate2_fixed_split_pooled10_modelset_v1::zero_shot,0,P10,test_-_P10_-_hbDutch_part_4,64,pearson_r,0.1694873918659493,1001,eegnet_epoch_8,fixed_split_zero_shot_plus_pooled10_finetune_modelset_v1::zero_shot
etard_tf64,eegnet,reconstruction,gate0_gate2_fixed_split_pooled10_modelset_v1::zero_shot,0,P10,test_-_P10_-_hb_part_1,64,pearson_r,0.18622873755141497,1137,eegnet_epoch_8,fixed_split_zero_shot_plus_pooled10_finetune_modelset_v1::zero_shot
etard_tf64,eegnet,reconstruction,gate0_gate2_fixed_split_pooled10_modelset_v1::zero_shot,0,P10,test_-_P10_-_hb_part_2,64,pearson_r,0.032320228975657346,1074,eegnet_epoch_8,fixed_split_zero_shot_plus_pooled10_finetune_modelset_v1::zero_shot
etard_tf64,eegnet,reconstruction,gate0_gate2_fixed_split_pooled10_modelset_v1::zero_shot,0,P10,test_-_P10_-_hb_part_3,64,pearson_r,0.15150294213073254,1157,eegnet_epoch_8,fixed_split_zero_shot_plus_pooled10_finetune_modelset_v1::zero_shot
etard_tf64,eegnet,reconstruction,gate0_gate2_fixed_split_pooled10_modelset_v1::zero_shot,0,P10,test_-_P10_-_hb_part_4,64,pearson_r,0.12626321067155932,1080,eegnet_epoch_8,fixed_split_zero_shot_plus_pooled10_finetune_modelset_v1::zero_shot
etard_tf64,eegnet,reconstruction,gate0_gate2_fixed_split_pooled10_modelset_v1::zero_shot,0,P10,test_-_P10_-_lbDutch_part_1,64,pearson_r,0.011845926281043601,1001,eegnet_epoch_8,fixed_split_zero_shot_plus_pooled10_finetune_modelset_v1::zero_shot
etard_tf64,eegnet,reconstruction,gate0_gate2_fixed_split_pooled10_modelset_v1::zero_shot,0,P10,test_-_P10_-_lbDutch_part_2,64,pearson_r,0.09028729057781507,1026,eegnet_epoch_8,fixed_split_zero_shot_plus_pooled10_finetune_modelset_v1::zero_shot
etard_tf64,eegnet,reconstruction,gate0_gate2_fixed_split_pooled10_modelset_v1::zero_shot,0,P10,test_-_P10_-_lbDutch_part_3,64,pearson_r,0.03082470127004264,991,eegnet_epoch_8,fixed_split_zero_shot_plus_pooled10_finetune_modelset_v1::zero_shot
etard_tf64,eegnet,reconstruction,gate0_gate2_fixed_split_pooled10_modelset_v1::zero_shot,0,P10,test_-_P10_-_lbDutch_part_4,64,pearson_r,0.028215140197826928,1011,eegnet_epoch_8,fixed_split_zero_shot_plus_pooled10_finetune_modelset_v1::zero_shot
etard_tf64,eegnet,reconstruction,gate0_gate2_fixed_split_pooled10_modelset_v1::zero_shot,0,P10,test_-_P10_-_lb_part_1,64,pearson_r,0.06399527942361379,1396,eegnet_epoch_8,fixed_split_zero_shot_plus_pooled10_finetune_modelset_v1::zero_shot
etard_tf64,eegnet,reconstruction,gate0_gate2_fixed_split_pooled10_modelset_v1::zero_shot,0,P10,test_-_P10_-_lb_part_2,64,pearson_r,0.023108407685203503,1433,eegnet_epoch_8,fixed_split_zero_shot_plus_pooled10_finetune_modelset_v1::zero_shot
etard_tf64,eegnet,reconstruction,gate0_gate2_fixed_split_pooled10_modelset_v1::zero_shot,0,P10,test_-_P10_-_lb_part_3,64,pearson_r,0.10837983719652765,1365,eegnet_epoch_8,fixed_split_zero_shot_plus_pooled10_finetune_modelset_v1::zero_shot
etard_tf64,eegnet,reconstruction,gate0_gate2_fixed_split_pooled10_modelset_v1::zero_shot,0,P10,test_-_P10_-_lb_part_4,64,pearson_r,0.022654762753776616,1501,eegnet_epoch_8,fixed_split_zero_shot_plus_pooled10_finetune_modelset_v1::zero_shot
etard_tf64,eegnet,reconstruction,gate0_gate2_fixed_split_pooled10_modelset_v1::zero_shot,0,P10,test_-_P10_-_mbDutch_part_1,64,pearson_r,0.09645986526828394,1021,eegnet_epoch_8,fixed_split_zero_shot_plus_pooled10_finetune_modelset_v1::zero_shot
etard_tf64,eegnet,reconstruction,gate0_gate2_fixed_split_pooled10_modelset_v1::zero_shot,0,P10,test_-_P10_-_mbDutch_part_2,64,pearson_r,0.021043369394515662,981,eegnet_epoch_8,fixed_split_zero_shot_plus_pooled10_finetune_modelset_v1::zero_shot
etard_tf64,eegnet,reconstruction,gate0_gate2_fixed_split_pooled10_modelset_v1::zero_shot,0,P10,test_-_P10_-_mbDutch_part_3,64,pearson_r,0.10080547773177097,995,eegnet_epoch_8,fixed_split_zero_shot_plus_pooled10_finetune_modelset_v1::zero_shot
etard_tf64,eegnet,reconstruction,gate0_gate2_fixed_split_pooled10_modelset_v1::zero_shot,0,P10,test_-_P10_-_mbDutch_part_4,64,pearson_r,0.05019022258755951,1000,eegnet_epoch_8,fixed_split_zero_shot_plus_pooled10_finetune_modelset_v1::zero_shot
etard_tf64,eegnet,reconstruction,gate0_gate2_fixed_split_pooled10_modelset_v1::zero_shot,0,P10,test_-_P10_-_mb_part_1,64,pearson_r,0.15331722715430218,945,eegnet_epoch_8,fixed_split_zero_shot_plus_pooled10_finetune_modelset_v1::zero_shot
etard_tf64,eegnet,reconstruction,gate0_gate2_fixed_split_pooled10_modelset_v1::zero_shot,0,P10,test_-_P10_-_mb_part_2,64,pearson_r,-0.05265847986502467,994,eegnet_epoch_8,fixed_split_zero_shot_plus_pooled10_finetune_modelset_v1::zero_shot
etard_tf64,eegnet,reconstruction,gate0_gate2_fixed_split_pooled10_modelset_v1::zero_shot,0,P10,test_-_P10_-_mb_part_3,64,pearson_r,0.08534886086847791,995,eegnet_epoch_8,fixed_split_zero_shot_plus_pooled10_finetune_modelset_v1::zero_shot
etard_tf64,eegnet,reconstruction,gate0_gate2_fixed_split_pooled10_modelset_v1::zero_shot,0,P10,test_-_P10_-_mb_part_4,64,pearson_r,-0.06364098500051653,1034,eegnet_epoch_8,fixed_split_zero_shot_plus_pooled10_finetune_modelset_v1::zero_shot
etard_tf64,eegnet,reconstruction,gate0_gate2_fixed_split_pooled10_modelset_v1::zero_shot,0,P16,test_-_P16_-_cleanDutch_part_1,64,pearson_r,0.12687953304750257,941,eegnet_epoch_8,fixed_split_zero_shot_plus_pooled10_finetune_modelset_v1::zero_shot
etard_tf64,eegnet,reconstruction,gate0_gate2_fixed_split_pooled10_modelset_v1::zero_shot,0,P16,test_-_P16_-_cleanDutch_part_2,64,pearson_r,-0.03442575158114284,963,eegnet_epoch_8,fixed_split_zero_shot_plus_pooled10_finetune_modelset_v1::zero_shot
etard_tf64,eegnet,reconstruction,gate0_gate2_fixed_split_pooled10_modelset_v1::zero_shot,0,P16,test_-_P16_-_cleanDutch_part_3,64,pearson_r,0.0810954648731439,974,eegnet_epoch_8,fixed_split_zero_shot_plus_pooled10_finetune_modelset_v1::zero_shot
etard_tf64,eegnet,reconstruction,gate0_gate2_fixed_split_pooled10_modelset_v1::zero_shot,0,P16,test_-_P16_-_cleanDutch_part_4,64,pearson_r,0.14452313980372458,970,eegnet_epoch_8,fixed_split_zero_shot_plus_pooled10_finetune_modelset_v1::zero_shot
etard_tf64,eegnet,reconstruction,gate0_gate2_fixed_split_pooled10_modelset_v1::zero_shot,0,P16,test_-_P16_-_clean_part_1,64,pearson_r,0.04847309024417231,940,eegnet_epoch_8,fixed_split_zero_shot_plus_pooled10_finetune_modelset_v1::zero_shot
etard_tf64,eegnet,reconstruction,gate0_gate2_fixed_split_pooled10_modelset_v1::zero_shot,0,P16,test_-_P16_-_clean_part_2,64,pearson_r,0.0382453501390961,976,eegnet_epoch_8,fixed_split_zero_shot_plus_pooled10_finetune_modelset_v1::zero_shot
etard_tf64,eegnet,reconstruction,gate0_gate2_fixed_split_pooled10_modelset_v1::zero_shot,0,P16,test_-_P16_-_clean_part_3,64,pearson_r,0.04696062113825636,857,eegnet_epoch_8,fixed_split_zero_shot_plus_pooled10_finetune_modelset_v1::zero_shot
etard_tf64,eegnet,reconstruction,gate0_gate2_fixed_split_pooled10_modelset_v1::zero_shot,0,P16,test_-_P16_-_clean_part_4,64,pearson_r,0.09342721737633257,938,eegnet_epoch_8,fixed_split_zero_shot_plus_pooled10_finetune_modelset_v1::zero_shot
etard_tf64,eegnet,reconstruction,gate0_gate2_fixed_split_pooled10_modelset_v1::zero_shot,0,P16,test_-_P16_-_fM_part_1,64,pearson_r,0.19275286921940263,852,eegnet_epoch_8,fixed_split_zero_shot_plus_pooled10_finetune_modelset_v1::zero_shot
etard_tf64,eegnet,reconstruction,gate0_gate2_fixed_split_pooled10_modelset_v1::zero_shot,0,P16,test_-_P16_-_fM_part_2,64,pearson_r,0.03998009634620358,813,eegnet_epoch_8,fixed_split_zero_shot_plus_pooled10_finetune_modelset_v1::zero_shot
etard_tf64,eegnet,reconstruction,gate0_gate2_fixed_split_pooled10_modelset_v1::zero_shot,0,P16,test_-_P16_-_fM_part_3,64,pearson_r,0.1631647829483466,869,eegnet_epoch_8,fixed_split_zero_shot_plus_pooled10_finetune_modelset_v1::zero_shot
etard_tf64,eegnet,reconstruction,gate0_gate2_fixed_split_pooled10_modelset_v1::zero_shot,0,P16,test_-_P16_-_fM_part_4,64,pearson_r,0.32110344373536714,953,eegnet_epoch_8,fixed_split_zero_shot_plus_pooled10_finetune_modelset_v1::zero_shot
etard_tf64,eegnet,reconstruction,gate0_gate2_fixed_split_pooled10_modelset_v1::zero_shot,0,P16,test_-_P16_-_fW_part_1,64,pearson_r,0.1422160613615172,843,eegnet_epoch_8,fixed_split_zero_shot_plus_pooled10_finetune_modelset_v1::zero_shot
etard_tf64,eegnet,reconstruction,gate0_gate2_fixed_split_pooled10_modelset_v1::zero_shot,0,P16,test_-_P16_-_fW_part_2,64,pearson_r,0.15140619653582163,870,eegnet_epoch_8,fixed_split_zero_shot_plus_pooled10_finetune_modelset_v1::zero_shot
etard_tf64,eegnet,reconstruction,gate0_gate2_fixed_split_pooled10_modelset_v1::zero_shot,0,P16,test_-_P16_-_fW_part_3,64,pearson_r,0.007543143475920858,974,eegnet_epoch_8,fixed_split_zero_shot_plus_pooled10_finetune_modelset_v1::zero_shot
etard_tf64,eegnet,reconstruction,gate0_gate2_fixed_split_pooled10_modelset_v1::zero_shot,0,P16,test_-_P16_-_fW_part_4,64,pearson_r,-0.020914446048066603,1047,eegnet_epoch_8,fixed_split_zero_shot_plus_pooled10_finetune_modelset_v1::zero_shot
etard_tf64,eegnet,reconstruction,gate0_gate2_fixed_split_pooled10_modelset_v1::zero_shot,0,P16,test_-_P16_-_hbDutch_part_1,64,pearson_r,0.07772974743166322,984,eegnet_epoch_8,fixed_split_zero_shot_plus_pooled10_finetune_modelset_v1::zero_shot
etard_tf64,eegnet,reconstruction,gate0_gate2_fixed_split_pooled10_modelset_v1::zero_shot,0,P16,test_-_P16_-_hbDutch_part_2,64,pearson_r,0.03334523011197743,998,eegnet_epoch_8,fixed_split_zero_shot_plus_pooled10_finetune_modelset_v1::zero_shot
etard_tf64,eegnet,reconstruction,gate0_gate2_fixed_split_pooled10_modelset_v1::zero_shot,0,P16,test_-_P16_-_hbDutch_part_3,64,pearson_r,0.10881679627940903,1017,eegnet_epoch_8,fixed_split_zero_shot_plus_pooled10_finetune_modelset_v1::zero_shot
etard_tf64,eegnet,reconstruction,gate0_gate2_fixed_split_pooled10_modelset_v1::zero_shot,0,P16,test_-_P16_-_hbDutch_part_4,64,pearson_r,-0.005407156402980901,1001,eegnet_epoch_8,fixed_split_zero_shot_plus_pooled10_finetune_modelset_v1::zero_shot
etard_tf64,eegnet,reconstruction,gate0_gate2_fixed_split_pooled10_modelset_v1::zero_shot,0,P16,test_-_P16_-_hb_part_1,64,pearson_r,0.04606966496726934,1137,eegnet_epoch_8,fixed_split_zero_shot_plus_pooled10_finetune_modelset_v1::zero_shot
etard_tf64,eegnet,reconstruction,gate0_gate2_fixed_split_pooled10_modelset_v1::zero_shot,0,P16,test_-_P16_-_hb_part_2,64,pearson_r,0.08305269649752707,1074,eegnet_epoch_8,fixed_split_zero_shot_plus_pooled10_finetune_modelset_v1::zero_shot
etard_tf64,eegnet,reconstruction,gate0_gate2_fixed_split_pooled10_modelset_v1::zero_shot,0,P16,test_-_P16_-_hb_part_3,64,pearson_r,0.15409849713320548,1157,eegnet_epoch_8,fixed_split_zero_shot_plus_pooled10_finetune_modelset_v1::zero_shot
etard_tf64,eegnet,reconstruction,gate0_gate2_fixed_split_pooled10_modelset_v1::zero_shot,0,P16,test_-_P16_-_hb_part_4,64,pearson_r,0.08644741530091395,1080,eegnet_epoch_8,fixed_split_zero_shot_plus_pooled10_finetune_modelset_v1::zero_shot
etard_tf64,eegnet,reconstruction,gate0_gate2_fixed_split_pooled10_modelset_v1::zero_shot,0,P16,test_-_P16_-_lbDutch_part_1,64,pearson_r,0.08953383785344877,1001,eegnet_epoch_8,fixed_split_zero_shot_plus_pooled10_finetune_modelset_v1::zero_shot
etard_tf64,eegnet,reconstruction,gate0_gate2_fixed_split_pooled10_modelset_v1::zero_shot,0,P16,test_-_P16_-_lbDutch_part_2,64,pearson_r,0.0518913277514152,1026,eegnet_epoch_8,fixed_split_zero_shot_plus_pooled10_finetune_modelset_v1::zero_shot
etard_tf64,eegnet,reconstruction,gate0_gate2_fixed_split_pooled10_modelset_v1::zero_shot,0,P16,test_-_P16_-_lbDutch_part_3,64,pearson_r,0.0443092734363226,991,eegnet_epoch_8,fixed_split_zero_shot_plus_pooled10_finetune_modelset_v1::zero_shot
etard_tf64,eegnet,reconstruction,gate0_gate2_fixed_split_pooled10_modelset_v1::zero_shot,0,P16,test_-_P16_-_lbDutch_part_4,64,pearson_r,0.029966234710685418,1011,eegnet_epoch_8,fixed_split_zero_shot_plus_pooled10_finetune_modelset_v1::zero_shot
etard_tf64,eegnet,reconstruction,gate0_gate2_fixed_split_pooled10_modelset_v1::zero_shot,0,P16,test_-_P16_-_lb_part_1,64,pearson_r,0.06444337344332503,1396,eegnet_epoch_8,fixed_split_zero_shot_plus_pooled10_finetune_modelset_v1::zero_shot
etard_tf64,eegnet,reconstruction,gate0_gate2_fixed_split_pooled10_modelset_v1::zero_shot,0,P16,test_-_P16_-_lb_part_2,64,pearson_r,0.10117296346238772,1433,eegnet_epoch_8,fixed_split_zero_shot_plus_pooled10_finetune_modelset_v1::zero_shot
etard_tf64,eegnet,reconstruction,gate0_gate2_fixed_split_pooled10_modelset_v1::zero_shot,0,P16,test_-_P16_-_lb_part_3,64,pearson_r,0.09236767771973346,1365,eegnet_epoch_8,fixed_split_zero_shot_plus_pooled10_finetune_modelset_v1::zero_shot
etard_tf64,eegnet,reconstruction,gate0_gate2_fixed_split_pooled10_modelset_v1::zero_shot,0,P16,test_-_P16_-_lb_part_4,64,pearson_r,0.16870755518241734,1501,eegnet_epoch_8,fixed_split_zero_shot_plus_pooled10_finetune_modelset_v1::zero_shot
etard_tf64,eegnet,reconstruction,gate0_gate2_fixed_split_pooled10_modelset_v1::zero_shot,0,P16,test_-_P16_-_mbDutch_part_1,64,pearson_r,0.13040177026549984,1021,eegnet_epoch_8,fixed_split_zero_shot_plus_pooled10_finetune_modelset_v1::zero_shot
etard_tf64,eegnet,reconstruction,gate0_gate2_fixed_split_pooled10_modelset_v1::zero_shot,0,P16,test_-_P16_-_mbDutch_part_2,64,pearson_r,-0.015611451653434973,981,eegnet_epoch_8,fixed_split_zero_shot_plus_pooled10_finetune_modelset_v1::zero_shot
etard_tf64,eegnet,reconstruction,gate0_gate2_fixed_split_pooled10_modelset_v1::zero_shot,0,P16,test_-_P16_-_mbDutch_part_3,64,pearson_r,0.09459801295891773,995,eegnet_epoch_8,fixed_split_zero_shot_plus_pooled10_finetune_modelset_v1::zero_shot
etard_tf64,eegnet,reconstruction,gate0_gate2_fixed_split_pooled10_modelset_v1::zero_shot,0,P16,test_-_P16_-_mbDutch_part_4,64,pearson_r,-0.25494887187206566,1000,eegnet_epoch_8,fixed_split_zero_shot_plus_pooled10_finetune_modelset_v1::zero_shot
etard_tf64,eegnet,reconstruction,gate0_gate2_fixed_split_pooled10_modelset_v1::zero_shot,0,P16,test_-_P16_-_mb_part_1,64,pearson_r,0.07017042598231585,945,eegnet_epoch_8,fixed_split_zero_shot_plus_pooled10_finetune_modelset_v1::zero_shot
etard_tf64,eegnet,reconstruction,gate0_gate2_fixed_split_pooled10_modelset_v1::zero_shot,0,P16,test_-_P16_-_mb_part_2,64,pearson_r,-0.014506211339381028,994,eegnet_epoch_8,fixed_split_zero_shot_plus_pooled10_finetune_modelset_v1::zero_shot
etard_tf64,eegnet,reconstruction,gate0_gate2_fixed_split_pooled10_modelset_v1::zero_shot,0,P16,test_-_P16_-_mb_part_3,64,pearson_r,0.08946851453313548,995,eegnet_epoch_8,fixed_split_zero_shot_plus_pooled10_finetune_modelset_v1::zero_shot
etard_tf64,eegnet,reconstruction,gate0_gate2_fixed_split_pooled10_modelset_v1::zero_shot,0,P16,test_-_P16_-_mb_part_4,64,pearson_r,0.005637913053469843,1034,eegnet_epoch_8,fixed_split_zero_shot_plus_pooled10_finetune_modelset_v1::zero_shot
etard_tf64,eegnet,reconstruction,gate0_gate2_fixed_split_pooled10_modelset_v1::zero_shot,0,P17,test_-_P17_-_cleanDutch_part_1,64,pearson_r,0.04758536835922562,941,eegnet_epoch_8,fixed_split_zero_shot_plus_pooled10_finetune_modelset_v1::zero_shot
etard_tf64,eegnet,reconstruction,gate0_gate2_fixed_split_pooled10_modelset_v1::zero_shot,0,P17,test_-_P17_-_cleanDutch_part_2,64,pearson_r,0.14702695109884897,963,eegnet_epoch_8,fixed_split_zero_shot_plus_pooled10_finetune_modelset_v1::zero_shot
etard_tf64,eegnet,reconstruction,gate0_gate2_fixed_split_pooled10_modelset_v1::zero_shot,0,P17,test_-_P17_-_cleanDutch_part_3,64,pearson_r,0.17654978483884656,974,eegnet_epoch_8,fixed_split_zero_shot_plus_pooled10_finetune_modelset_v1::zero_shot
etard_tf64,eegnet,reconstruction,gate0_gate2_fixed_split_pooled10_modelset_v1::zero_shot,0,P17,test_-_P17_-_cleanDutch_part_4,64,pearson_r,0.10558509298843403,970,eegnet_epoch_8,fixed_split_zero_shot_plus_pooled10_finetune_modelset_v1::zero_shot
etard_tf64,eegnet,reconstruction,gate0_gate2_fixed_split_pooled10_modelset_v1::zero_shot,0,P17,test_-_P17_-_clean_part_1,64,pearson_r,-0.09739939618515421,940,eegnet_epoch_8,fixed_split_zero_shot_plus_pooled10_finetune_modelset_v1::zero_shot
etard_tf64,eegnet,reconstruction,gate0_gate2_fixed_split_pooled10_modelset_v1::zero_shot,0,P17,test_-_P17_-_clean_part_2,64,pearson_r,0.15145818940955885,976,eegnet_epoch_8,fixed_split_zero_shot_plus_pooled10_finetune_modelset_v1::zero_shot
etard_tf64,eegnet,reconstruction,gate0_gate2_fixed_split_pooled10_modelset_v1::zero_shot,0,P17,test_-_P17_-_clean_part_3,64,pearson_r,0.23759068226255156,857,eegnet_epoch_8,fixed_split_zero_shot_plus_pooled10_finetune_modelset_v1::zero_shot
etard_tf64,eegnet,reconstruction,gate0_gate2_fixed_split_pooled10_modelset_v1::zero_shot,0,P17,test_-_P17_-_clean_part_4,64,pearson_r,0.21099677749063972,938,eegnet_epoch_8,fixed_split_zero_shot_plus_pooled10_finetune_modelset_v1::zero_shot
etard_tf64,eegnet,reconstruction,gate0_gate2_fixed_split_pooled10_modelset_v1::zero_shot,0,P17,test_-_P17_-_fM_part_1,64,pearson_r,0.10713366107804582,852,eegnet_epoch_8,fixed_split_zero_shot_plus_pooled10_finetune_modelset_v1::zero_shot
etard_tf64,eegnet,reconstruction,gate0_gate2_fixed_split_pooled10_modelset_v1::zero_shot,0,P17,test_-_P17_-_fM_part_2,64,pearson_r,-0.03365480578771337,813,eegnet_epoch_8,fixed_split_zero_shot_plus_pooled10_finetune_modelset_v1::zero_shot
etard_tf64,eegnet,reconstruction,gate0_gate2_fixed_split_pooled10_modelset_v1::zero_shot,0,P17,test_-_P17_-_fM_part_3,64,pearson_r,-0.05275390122720532,869,eegnet_epoch_8,fixed_split_zero_shot_plus_pooled10_finetune_modelset_v1::zero_shot
etard_tf64,eegnet,reconstruction,gate0_gate2_fixed_split_pooled10_modelset_v1::zero_shot,0,P17,test_-_P17_-_fM_part_4,64,pearson_r,0.12049084502277489,953,eegnet_epoch_8,fixed_split_zero_shot_plus_pooled10_finetune_modelset_v1::zero_shot
etard_tf64,eegnet,reconstruction,gate0_gate2_fixed_split_pooled10_modelset_v1::zero_shot,0,P17,test_-_P17_-_fW_part_1,64,pearson_r,0.022081160738245138,843,eegnet_epoch_8,fixed_split_zero_shot_plus_pooled10_finetune_modelset_v1::zero_shot
etard_tf64,eegnet,reconstruction,gate0_gate2_fixed_split_pooled10_modelset_v1::zero_shot,0,P17,test_-_P17_-_fW_part_2,64,pearson_r,0.027643886333921373,870,eegnet_epoch_8,fixed_split_zero_shot_plus_pooled10_finetune_modelset_v1::zero_shot
etard_tf64,eegnet,reconstruction,gate0_gate2_fixed_split_pooled10_modelset_v1::zero_shot,0,P17,test_-_P17_-_fW_part_3,64,pearson_r,0.16341378897903366,974,eegnet_epoch_8,fixed_split_zero_shot_plus_pooled10_finetune_modelset_v1::zero_shot
etard_tf64,eegnet,reconstruction,gate0_gate2_fixed_split_pooled10_modelset_v1::zero_shot,0,P17,test_-_P17_-_fW_part_4,64,pearson_r,0.11739761064726335,1047,eegnet_epoch_8,fixed_split_zero_shot_plus_pooled10_finetune_modelset_v1::zero_shot
etard_tf64,eegnet,reconstruction,gate0_gate2_fixed_split_pooled10_modelset_v1::zero_shot,0,P17,test_-_P17_-_hbDutch_part_1,64,pearson_r,0.10025503987871005,984,eegnet_epoch_8,fixed_split_zero_shot_plus_pooled10_finetune_modelset_v1::zero_shot
etard_tf64,eegnet,reconstruction,gate0_gate2_fixed_split_pooled10_modelset_v1::zero_shot,0,P17,test_-_P17_-_hbDutch_part_2,64,pearson_r,-0.03888662413154594,998,eegnet_epoch_8,fixed_split_zero_shot_plus_pooled10_finetune_modelset_v1::zero_shot
etard_tf64,eegnet,reconstruction,gate0_gate2_fixed_split_pooled10_modelset_v1::zero_shot,0,P17,test_-_P17_-_hbDutch_part_3,64,pearson_r,0.07558655572269267,1017,eegnet_epoch_8,fixed_split_zero_shot_plus_pooled10_finetune_modelset_v1::zero_shot
etard_tf64,eegnet,reconstruction,gate0_gate2_fixed_split_pooled10_modelset_v1::zero_shot,0,P17,test_-_P17_-_hbDutch_part_4,64,pearson_r,0.12186127000473367,1001,eegnet_epoch_8,fixed_split_zero_shot_plus_pooled10_finetune_modelset_v1::zero_shot
etard_tf64,eegnet,reconstruction,gate0_gate2_fixed_split_pooled10_modelset_v1::zero_shot,0,P17,test_-_P17_-_hb_part_1,64,pearson_r,-0.032698032215939934,1137,eegnet_epoch_8,fixed_split_zero_shot_plus_pooled10_finetune_modelset_v1::zero_shot
etard_tf64,eegnet,reconstruction,gate0_gate2_fixed_split_pooled10_modelset_v1::zero_shot,0,P17,test_-_P17_-_hb_part_2,64,pearson_r,0.059852169639245556,1074,eegnet_epoch_8,fixed_split_zero_shot_plus_pooled10_finetune_modelset_v1::zero_shot
etard_tf64,eegnet,reconstruction,gate0_gate2_fixed_split_pooled10_modelset_v1::zero_shot,0,P17,test_-_P17_-_hb_part_3,64,pearson_r,0.08053229440100594,1157,eegnet_epoch_8,fixed_split_zero_shot_plus_pooled10_finetune_modelset_v1::zero_shot
etard_tf64,eegnet,reconstruction,gate0_gate2_fixed_split_pooled10_modelset_v1::zero_shot,0,P17,test_-_P17_-_hb_part_4,64,pearson_r,0.12278415309375675,1080,eegnet_epoch_8,fixed_split_zero_shot_plus_pooled10_finetune_modelset_v1::zero_shot
etard_tf64,eegnet,reconstruction,gate0_gate2_fixed_split_pooled10_modelset_v1::zero_shot,0,P17,test_-_P17_-_lbDutch_part_1,64,pearson_r,-0.15057456094114247,1001,eegnet_epoch_8,fixed_split_zero_shot_plus_pooled10_finetune_modelset_v1::zero_shot
etard_tf64,eegnet,reconstruction,gate0_gate2_fixed_split_pooled10_modelset_v1::zero_shot,0,P17,test_-_P17_-_lbDutch_part_2,64,pearson_r,0.08700846019733538,1026,eegnet_epoch_8,fixed_split_zero_shot_plus_pooled10_finetune_modelset_v1::zero_shot
etard_tf64,eegnet,reconstruction,gate0_gate2_fixed_split_pooled10_modelset_v1::zero_shot,0,P17,test_-_P17_-_lbDutch_part_3,64,pearson_r,-0.027715545300063312,991,eegnet_epoch_8,fixed_split_zero_shot_plus_pooled10_finetune_modelset_v1::zero_shot
etard_tf64,eegnet,reconstruction,gate0_gate2_fixed_split_pooled10_modelset_v1::zero_shot,0,P17,test_-_P17_-_lbDutch_part_4,64,pearson_r,0.04853163464030405,1011,eegnet_epoch_8,fixed_split_zero_shot_plus_pooled10_finetune_modelset_v1::zero_shot
etard_tf64,eegnet,reconstruction,gate0_gate2_fixed_split_pooled10_modelset_v1::zero_shot,0,P17,test_-_P17_-_lb_part_1,64,pearson_r,0.1142647660056742,1396,eegnet_epoch_8,fixed_split_zero_shot_plus_pooled10_finetune_modelset_v1::zero_shot
etard_tf64,eegnet,reconstruction,gate0_gate2_fixed_split_pooled10_modelset_v1::zero_shot,0,P17,test_-_P17_-_lb_part_2,64,pearson_r,-0.018913901089462882,1433,eegnet_epoch_8,fixed_split_zero_shot_plus_pooled10_finetune_modelset_v1::zero_shot
etard_tf64,eegnet,reconstruction,gate0_gate2_fixed_split_pooled10_modelset_v1::zero_shot,0,P17,test_-_P17_-_lb_part_3,64,pearson_r,0.09545720627493948,1365,eegnet_epoch_8,fixed_split_zero_shot_plus_pooled10_finetune_modelset_v1::zero_shot
etard_tf64,eegnet,reconstruction,gate0_gate2_fixed_split_pooled10_modelset_v1::zero_shot,0,P17,test_-_P17_-_lb_part_4,64,pearson_r,0.11499001290062763,1501,eegnet_epoch_8,fixed_split_zero_shot_plus_pooled10_finetune_modelset_v1::zero_shot
etard_tf64,eegnet,reconstruction,gate0_gate2_fixed_split_pooled10_modelset_v1::zero_shot,0,P17,test_-_P17_-_mbDutch_part_1,64,pearson_r,-0.12772543390394725,1021,eegnet_epoch_8,fixed_split_zero_shot_plus_pooled10_finetune_modelset_v1::zero_shot
etard_tf64,eegnet,reconstruction,gate0_gate2_fixed_split_pooled10_modelset_v1::zero_shot,0,P17,test_-_P17_-_mbDutch_part_2,64,pearson_r,-0.1120260898069346,981,eegnet_epoch_8,fixed_split_zero_shot_plus_pooled10_finetune_modelset_v1::zero_shot
etard_tf64,eegnet,reconstruction,gate0_gate2_fixed_split_pooled10_modelset_v1::zero_shot,0,P17,test_-_P17_-_mbDutch_part_3,64,pearson_r,0.03892303687269796,995,eegnet_epoch_8,fixed_split_zero_shot_plus_pooled10_finetune_modelset_v1::zero_shot
etard_tf64,eegnet,reconstruction,gate0_gate2_fixed_split_pooled10_modelset_v1::zero_shot,0,P17,test_-_P17_-_mbDutch_part_4,64,pearson_r,-0.04600460624974214,1000,eegnet_epoch_8,fixed_split_zero_shot_plus_pooled10_finetune_modelset_v1::zero_shot
etard_tf64,eegnet,reconstruction,gate0_gate2_fixed_split_pooled10_modelset_v1::zero_shot,0,P17,test_-_P17_-_mb_part_1,64,pearson_r,-0.11779455711298902,945,eegnet_epoch_8,fixed_split_zero_shot_plus_pooled10_finetune_modelset_v1::zero_shot
etard_tf64,eegnet,reconstruction,gate0_gate2_fixed_split_pooled10_modelset_v1::zero_shot,0,P17,test_-_P17_-_mb_part_2,64,pearson_r,-0.06979022888904411,994,eegnet_epoch_8,fixed_split_zero_shot_plus_pooled10_finetune_modelset_v1::zero_shot
etard_tf64,eegnet,reconstruction,gate0_gate2_fixed_split_pooled10_modelset_v1::zero_shot,0,P17,test_-_P17_-_mb_part_3,64,pearson_r,0.09656882307445162,995,eegnet_epoch_8,fixed_split_zero_shot_plus_pooled10_finetune_modelset_v1::zero_shot
etard_tf64,eegnet,reconstruction,gate0_gate2_fixed_split_pooled10_modelset_v1::zero_shot,0,P17,test_-_P17_-_mb_part_4,64,pearson_r,0.15870959333740248,1034,eegnet_epoch_8,fixed_split_zero_shot_plus_pooled10_finetune_modelset_v1::zero_shot
etard_tf64,eegnet,reconstruction,gate0_gate2_fixed_split_pooled10_modelset_v1::pooled10_finetune,0,P03,test_-_P03_-_clean_part_1,64,pearson_r,0.03883873848360996,940,eegnet_pooled10_epoch_48,fixed_split_zero_shot_plus_pooled10_finetune_modelset_v1::pooled10_finetune
etard_tf64,eegnet,reconstruction,gate0_gate2_fixed_split_pooled10_modelset_v1::pooled10_finetune,0,P03,test_-_P03_-_clean_part_2,64,pearson_r,0.27358144895022407,976,eegnet_pooled10_epoch_48,fixed_split_zero_shot_plus_pooled10_finetune_modelset_v1::pooled10_finetune
etard_tf64,eegnet,reconstruction,gate0_gate2_fixed_split_pooled10_modelset_v1::pooled10_finetune,0,P03,test_-_P03_-_clean_part_3,64,pearson_r,0.2617488331047537,857,eegnet_pooled10_epoch_48,fixed_split_zero_shot_plus_pooled10_finetune_modelset_v1::pooled10_finetune
etard_tf64,eegnet,reconstruction,gate0_gate2_fixed_split_pooled10_modelset_v1::pooled10_finetune,0,P03,test_-_P03_-_clean_part_4,64,pearson_r,0.288312839585808,938,eegnet_pooled10_epoch_48,fixed_split_zero_shot_plus_pooled10_finetune_modelset_v1::pooled10_finetune
etard_tf64,eegnet,reconstruction,gate0_gate2_fixed_split_pooled10_modelset_v1::pooled10_finetune,0,P03,test_-_P03_-_fM_part_1,64,pearson_r,0.007159743150279455,852,eegnet_pooled10_epoch_48,fixed_split_zero_shot_plus_pooled10_finetune_modelset_v1::pooled10_finetune
etard_tf64,eegnet,reconstruction,gate0_gate2_fixed_split_pooled10_modelset_v1::pooled10_finetune,0,P03,test_-_P03_-_fM_part_2,64,pearson_r,0.03450384278876299,813,eegnet_pooled10_epoch_48,fixed_split_zero_shot_plus_pooled10_finetune_modelset_v1::pooled10_finetune
etard_tf64,eegnet,reconstruction,gate0_gate2_fixed_split_pooled10_modelset_v1::pooled10_finetune,0,P03,test_-_P03_-_fM_part_3,64,pearson_r,-0.032617867144447726,869,eegnet_pooled10_epoch_48,fixed_split_zero_shot_plus_pooled10_finetune_modelset_v1::pooled10_finetune
etard_tf64,eegnet,reconstruction,gate0_gate2_fixed_split_pooled10_modelset_v1::pooled10_finetune,0,P03,test_-_P03_-_fM_part_4,64,pearson_r,0.17831138029936774,953,eegnet_pooled10_epoch_48,fixed_split_zero_shot_plus_pooled10_finetune_modelset_v1::pooled10_finetune
etard_tf64,eegnet,reconstruction,gate0_gate2_fixed_split_pooled10_modelset_v1::pooled10_finetune,0,P03,test_-_P03_-_fW_part_1,64,pearson_r,-0.010950623946091097,843,eegnet_pooled10_epoch_48,fixed_split_zero_shot_plus_pooled10_finetune_modelset_v1::pooled10_finetune
etard_tf64,eegnet,reconstruction,gate0_gate2_fixed_split_pooled10_modelset_v1::pooled10_finetune,0,P03,test_-_P03_-_fW_part_2,64,pearson_r,0.1704183512693905,870,eegnet_pooled10_epoch_48,fixed_split_zero_shot_plus_pooled10_finetune_modelset_v1::pooled10_finetune
etard_tf64,eegnet,reconstruction,gate0_gate2_fixed_split_pooled10_modelset_v1::pooled10_finetune,0,P03,test_-_P03_-_fW_part_3,64,pearson_r,0.13470997082082073,974,eegnet_pooled10_epoch_48,fixed_split_zero_shot_plus_pooled10_finetune_modelset_v1::pooled10_finetune
etard_tf64,eegnet,reconstruction,gate0_gate2_fixed_split_pooled10_modelset_v1::pooled10_finetune,0,P03,test_-_P03_-_fW_part_4,64,pearson_r,0.24099115054677922,1047,eegnet_pooled10_epoch_48,fixed_split_zero_shot_plus_pooled10_finetune_modelset_v1::pooled10_finetune
etard_tf64,eegnet,reconstruction,gate0_gate2_fixed_split_pooled10_modelset_v1::pooled10_finetune,0,P03,test_-_P03_-_hb_part_1,64,pearson_r,-0.04091258674106061,1137,eegnet_pooled10_epoch_48,fixed_split_zero_shot_plus_pooled10_finetune_modelset_v1::pooled10_finetune
etard_tf64,eegnet,reconstruction,gate0_gate2_fixed_split_pooled10_modelset_v1::pooled10_finetune,0,P03,test_-_P03_-_hb_part_2,64,pearson_r,-0.019236946848987295,1074,eegnet_pooled10_epoch_48,fixed_split_zero_shot_plus_pooled10_finetune_modelset_v1::pooled10_finetune
etard_tf64,eegnet,reconstruction,gate0_gate2_fixed_split_pooled10_modelset_v1::pooled10_finetune,0,P03,test_-_P03_-_hb_part_3,64,pearson_r,0.008271844976494986,1157,eegnet_pooled10_epoch_48,fixed_split_zero_shot_plus_pooled10_finetune_modelset_v1::pooled10_finetune
etard_tf64,eegnet,reconstruction,gate0_gate2_fixed_split_pooled10_modelset_v1::pooled10_finetune,0,P03,test_-_P03_-_hb_part_4,64,pearson_r,0.01778310836515672,1080,eegnet_pooled10_epoch_48,fixed_split_zero_shot_plus_pooled10_finetune_modelset_v1::pooled10_finetune
etard_tf64,eegnet,reconstruction,gate0_gate2_fixed_split_pooled10_modelset_v1::pooled10_finetune,0,P03,test_-_P03_-_lb_part_1,64,pearson_r,0.049286198805582514,1396,eegnet_pooled10_epoch_48,fixed_split_zero_shot_plus_pooled10_finetune_modelset_v1::pooled10_finetune
etard_tf64,eegnet,reconstruction,gate0_gate2_fixed_split_pooled10_modelset_v1::pooled10_finetune,0,P03,test_-_P03_-_lb_part_2,64,pearson_r,0.026407815559807375,1433,eegnet_pooled10_epoch_48,fixed_split_zero_shot_plus_pooled10_finetune_modelset_v1::pooled10_finetune
etard_tf64,eegnet,reconstruction,gate0_gate2_fixed_split_pooled10_modelset_v1::pooled10_finetune,0,P03,test_-_P03_-_lb_part_3,64,pearson_r,0.11389138164879298,1365,eegnet_pooled10_epoch_48,fixed_split_zero_shot_plus_pooled10_finetune_modelset_v1::pooled10_finetune
etard_tf64,eegnet,reconstruction,gate0_gate2_fixed_split_pooled10_modelset_v1::pooled10_finetune,0,P03,test_-_P03_-_lb_part_4,64,pearson_r,-0.10199009226669857,1501,eegnet_pooled10_epoch_48,fixed_split_zero_shot_plus_pooled10_finetune_modelset_v1::pooled10_finetune
etard_tf64,eegnet,reconstruction,gate0_gate2_fixed_split_pooled10_modelset_v1::pooled10_finetune,0,P03,test_-_P03_-_mb_part_1,64,pearson_r,-0.06428424267338885,945,eegnet_pooled10_epoch_48,fixed_split_zero_shot_plus_pooled10_finetune_modelset_v1::pooled10_finetune
etard_tf64,eegnet,reconstruction,gate0_gate2_fixed_split_pooled10_modelset_v1::pooled10_finetune,0,P03,test_-_P03_-_mb_part_2,64,pearson_r,0.06986703134571166,994,eegnet_pooled10_epoch_48,fixed_split_zero_shot_plus_pooled10_finetune_modelset_v1::pooled10_finetune
etard_tf64,eegnet,reconstruction,gate0_gate2_fixed_split_pooled10_modelset_v1::pooled10_finetune,0,P03,test_-_P03_-_mb_part_3,64,pearson_r,0.10712124540953509,995,eegnet_pooled10_epoch_48,fixed_split_zero_shot_plus_pooled10_finetune_modelset_v1::pooled10_finetune
etard_tf64,eegnet,reconstruction,gate0_gate2_fixed_split_pooled10_modelset_v1::pooled10_finetune,0,P03,test_-_P03_-_mb_part_4,64,pearson_r,0.0401896328746582,1034,eegnet_pooled10_epoch_48,fixed_split_zero_shot_plus_pooled10_finetune_modelset_v1::pooled10_finetune
etard_tf64,eegnet,reconstruction,gate0_gate2_fixed_split_pooled10_modelset_v1::pooled10_finetune,0,P10,test_-_P10_-_cleanDutch_part_1,64,pearson_r,0.02411204014496994,941,eegnet_pooled10_epoch_48,fixed_split_zero_shot_plus_pooled10_finetune_modelset_v1::pooled10_finetune
etard_tf64,eegnet,reconstruction,gate0_gate2_fixed_split_pooled10_modelset_v1::pooled10_finetune,0,P10,test_-_P10_-_cleanDutch_part_2,64,pearson_r,-0.07289133632320675,963,eegnet_pooled10_epoch_48,fixed_split_zero_shot_plus_pooled10_finetune_modelset_v1::pooled10_finetune
etard_tf64,eegnet,reconstruction,gate0_gate2_fixed_split_pooled10_modelset_v1::pooled10_finetune,0,P10,test_-_P10_-_cleanDutch_part_3,64,pearson_r,0.26144212213359086,974,eegnet_pooled10_epoch_48,fixed_split_zero_shot_plus_pooled10_finetune_modelset_v1::pooled10_finetune
etard_tf64,eegnet,reconstruction,gate0_gate2_fixed_split_pooled10_modelset_v1::pooled10_finetune,0,P10,test_-_P10_-_cleanDutch_part_4,64,pearson_r,0.19278767349877599,970,eegnet_pooled10_epoch_48,fixed_split_zero_shot_plus_pooled10_finetune_modelset_v1::pooled10_finetune
etard_tf64,eegnet,reconstruction,gate0_gate2_fixed_split_pooled10_modelset_v1::pooled10_finetune,0,P10,test_-_P10_-_clean_part_1,64,pearson_r,0.252967467364283,940,eegnet_pooled10_epoch_48,fixed_split_zero_shot_plus_pooled10_finetune_modelset_v1::pooled10_finetune
etard_tf64,eegnet,reconstruction,gate0_gate2_fixed_split_pooled10_modelset_v1::pooled10_finetune,0,P10,test_-_P10_-_clean_part_2,64,pearson_r,0.2579399219343472,976,eegnet_pooled10_epoch_48,fixed_split_zero_shot_plus_pooled10_finetune_modelset_v1::pooled10_finetune
etard_tf64,eegnet,reconstruction,gate0_gate2_fixed_split_pooled10_modelset_v1::pooled10_finetune,0,P10,test_-_P10_-_clean_part_3,64,pearson_r,0.25546572853384075,857,eegnet_pooled10_epoch_48,fixed_split_zero_shot_plus_pooled10_finetune_modelset_v1::pooled10_finetune
etard_tf64,eegnet,reconstruction,gate0_gate2_fixed_split_pooled10_modelset_v1::pooled10_finetune,0,P10,test_-_P10_-_clean_part_4,64,pearson_r,0.4155597617102994,938,eegnet_pooled10_epoch_48,fixed_split_zero_shot_plus_pooled10_finetune_modelset_v1::pooled10_finetune
etard_tf64,eegnet,reconstruction,gate0_gate2_fixed_split_pooled10_modelset_v1::pooled10_finetune,0,P10,test_-_P10_-_fM_part_1,64,pearson_r,0.13979766605631855,852,eegnet_pooled10_epoch_48,fixed_split_zero_shot_plus_pooled10_finetune_modelset_v1::pooled10_finetune
etard_tf64,eegnet,reconstruction,gate0_gate2_fixed_split_pooled10_modelset_v1::pooled10_finetune,0,P10,test_-_P10_-_fM_part_2,64,pearson_r,0.2550523426655973,813,eegnet_pooled10_epoch_48,fixed_split_zero_shot_plus_pooled10_finetune_modelset_v1::pooled10_finetune
etard_tf64,eegnet,reconstruction,gate0_gate2_fixed_split_pooled10_modelset_v1::pooled10_finetune,0,P10,test_-_P10_-_fM_part_3,64,pearson_r,0.1056570789246704,869,eegnet_pooled10_epoch_48,fixed_split_zero_shot_plus_pooled10_finetune_modelset_v1::pooled10_finetune
etard_tf64,eegnet,reconstruction,gate0_gate2_fixed_split_pooled10_modelset_v1::pooled10_finetune,0,P10,test_-_P10_-_fM_part_4,64,pearson_r,0.319218598822241,953,eegnet_pooled10_epoch_48,fixed_split_zero_shot_plus_pooled10_finetune_modelset_v1::pooled10_finetune
etard_tf64,eegnet,reconstruction,gate0_gate2_fixed_split_pooled10_modelset_v1::pooled10_finetune,0,P10,test_-_P10_-_fW_part_1,64,pearson_r,0.19538510675824444,843,eegnet_pooled10_epoch_48,fixed_split_zero_shot_plus_pooled10_finetune_modelset_v1::pooled10_finetune
etard_tf64,eegnet,reconstruction,gate0_gate2_fixed_split_pooled10_modelset_v1::pooled10_finetune,0,P10,test_-_P10_-_fW_part_2,64,pearson_r,0.2780460739568332,870,eegnet_pooled10_epoch_48,fixed_split_zero_shot_plus_pooled10_finetune_modelset_v1::pooled10_finetune
etard_tf64,eegnet,reconstruction,gate0_gate2_fixed_split_pooled10_modelset_v1::pooled10_finetune,0,P10,test_-_P10_-_fW_part_3,64,pearson_r,0.21184519375377117,974,eegnet_pooled10_epoch_48,fixed_split_zero_shot_plus_pooled10_finetune_modelset_v1::pooled10_finetune
etard_tf64,eegnet,reconstruction,gate0_gate2_fixed_split_pooled10_modelset_v1::pooled10_finetune,0,P10,test_-_P10_-_fW_part_4,64,pearson_r,0.2526842974314637,1047,eegnet_pooled10_epoch_48,fixed_split_zero_shot_plus_pooled10_finetune_modelset_v1::pooled10_finetune
etard_tf64,eegnet,reconstruction,gate0_gate2_fixed_split_pooled10_modelset_v1::pooled10_finetune,0,P10,test_-_P10_-_hbDutch_part_1,64,pearson_r,0.1979165547185767,984,eegnet_pooled10_epoch_48,fixed_split_zero_shot_plus_pooled10_finetune_modelset_v1::pooled10_finetune
etard_tf64,eegnet,reconstruction,gate0_gate2_fixed_split_pooled10_modelset_v1::pooled10_finetune,0,P10,test_-_P10_-_hbDutch_part_2,64,pearson_r,0.09656397444454252,998,eegnet_pooled10_epoch_48,fixed_split_zero_shot_plus_pooled10_finetune_modelset_v1::pooled10_finetune
etard_tf64,eegnet,reconstruction,gate0_gate2_fixed_split_pooled10_modelset_v1::pooled10_finetune,0,P10,test_-_P10_-_hbDutch_part_3,64,pearson_r,0.018337198040421963,1017,eegnet_pooled10_epoch_48,fixed_split_zero_shot_plus_pooled10_finetune_modelset_v1::pooled10_finetune
etard_tf64,eegnet,reconstruction,gate0_gate2_fixed_split_pooled10_modelset_v1::pooled10_finetune,0,P10,test_-_P10_-_hbDutch_part_4,64,pearson_r,-0.005660255801600218,1001,eegnet_pooled10_epoch_48,fixed_split_zero_shot_plus_pooled10_finetune_modelset_v1::pooled10_finetune
etard_tf64,eegnet,reconstruction,gate0_gate2_fixed_split_pooled10_modelset_v1::pooled10_finetune,0,P10,test_-_P10_-_hb_part_1,64,pearson_r,0.10385524733933844,1137,eegnet_pooled10_epoch_48,fixed_split_zero_shot_plus_pooled10_finetune_modelset_v1::pooled10_finetune
etard_tf64,eegnet,reconstruction,gate0_gate2_fixed_split_pooled10_modelset_v1::pooled10_finetune,0,P10,test_-_P10_-_hb_part_2,64,pearson_r,0.0647531483643612,1074,eegnet_pooled10_epoch_48,fixed_split_zero_shot_plus_pooled10_finetune_modelset_v1::pooled10_finetune
etard_tf64,eegnet,reconstruction,gate0_gate2_fixed_split_pooled10_modelset_v1::pooled10_finetune,0,P10,test_-_P10_-_hb_part_3,64,pearson_r,-0.010898567134791403,1157,eegnet_pooled10_epoch_48,fixed_split_zero_shot_plus_pooled10_finetune_modelset_v1::pooled10_finetune
etard_tf64,eegnet,reconstruction,gate0_gate2_fixed_split_pooled10_modelset_v1::pooled10_finetune,0,P10,test_-_P10_-_hb_part_4,64,pearson_r,-0.015400517999373415,1080,eegnet_pooled10_epoch_48,fixed_split_zero_shot_plus_pooled10_finetune_modelset_v1::pooled10_finetune
etard_tf64,eegnet,reconstruction,gate0_gate2_fixed_split_pooled10_modelset_v1::pooled10_finetune,0,P10,test_-_P10_-_lbDutch_part_1,64,pearson_r,0.1131099705398117,1001,eegnet_pooled10_epoch_48,fixed_split_zero_shot_plus_pooled10_finetune_modelset_v1::pooled10_finetune
etard_tf64,eegnet,reconstruction,gate0_gate2_fixed_split_pooled10_modelset_v1::pooled10_finetune,0,P10,test_-_P10_-_lbDutch_part_2,64,pearson_r,0.11439133539681567,1026,eegnet_pooled10_epoch_48,fixed_split_zero_shot_plus_pooled10_finetune_modelset_v1::pooled10_finetune
etard_tf64,eegnet,reconstruction,gate0_gate2_fixed_split_pooled10_modelset_v1::pooled10_finetune,0,P10,test_-_P10_-_lbDutch_part_3,64,pearson_r,-0.011778832316670967,991,eegnet_pooled10_epoch_48,fixed_split_zero_shot_plus_pooled10_finetune_modelset_v1::pooled10_finetune
etard_tf64,eegnet,reconstruction,gate0_gate2_fixed_split_pooled10_modelset_v1::pooled10_finetune,0,P10,test_-_P10_-_lbDutch_part_4,64,pearson_r,0.05748658561784096,1011,eegnet_pooled10_epoch_48,fixed_split_zero_shot_plus_pooled10_finetune_modelset_v1::pooled10_finetune
etard_tf64,eegnet,reconstruction,gate0_gate2_fixed_split_pooled10_modelset_v1::pooled10_finetune,0,P10,test_-_P10_-_lb_part_1,64,pearson_r,0.06780902468362295,1396,eegnet_pooled10_epoch_48,fixed_split_zero_shot_plus_pooled10_finetune_modelset_v1::pooled10_finetune
etard_tf64,eegnet,reconstruction,gate0_gate2_fixed_split_pooled10_modelset_v1::pooled10_finetune,0,P10,test_-_P10_-_lb_part_2,64,pearson_r,0.012679464498013828,1433,eegnet_pooled10_epoch_48,fixed_split_zero_shot_plus_pooled10_finetune_modelset_v1::pooled10_finetune
etard_tf64,eegnet,reconstruction,gate0_gate2_fixed_split_pooled10_modelset_v1::pooled10_finetune,0,P10,test_-_P10_-_lb_part_3,64,pearson_r,0.020737983566424634,1365,eegnet_pooled10_epoch_48,fixed_split_zero_shot_plus_pooled10_finetune_modelset_v1::pooled10_finetune
etard_tf64,eegnet,reconstruction,gate0_gate2_fixed_split_pooled10_modelset_v1::pooled10_finetune,0,P10,test_-_P10_-_lb_part_4,64,pearson_r,-0.03373651251455726,1501,eegnet_pooled10_epoch_48,fixed_split_zero_shot_plus_pooled10_finetune_modelset_v1::pooled10_finetune
etard_tf64,eegnet,reconstruction,gate0_gate2_fixed_split_pooled10_modelset_v1::pooled10_finetune,0,P10,test_-_P10_-_mbDutch_part_1,64,pearson_r,0.022988961128577935,1021,eegnet_pooled10_epoch_48,fixed_split_zero_shot_plus_pooled10_finetune_modelset_v1::pooled10_finetune
etard_tf64,eegnet,reconstruction,gate0_gate2_fixed_split_pooled10_modelset_v1::pooled10_finetune,0,P10,test_-_P10_-_mbDutch_part_2,64,pearson_r,0.06536740877775346,981,eegnet_pooled10_epoch_48,fixed_split_zero_shot_plus_pooled10_finetune_modelset_v1::pooled10_finetune
etard_tf64,eegnet,reconstruction,gate0_gate2_fixed_split_pooled10_modelset_v1::pooled10_finetune,0,P10,test_-_P10_-_mbDutch_part_3,64,pearson_r,0.1521423900006601,995,eegnet_pooled10_epoch_48,fixed_split_zero_shot_plus_pooled10_finetune_modelset_v1::pooled10_finetune
etard_tf64,eegnet,reconstruction,gate0_gate2_fixed_split_pooled10_modelset_v1::pooled10_finetune,0,P10,test_-_P10_-_mbDutch_part_4,64,pearson_r,-0.025872823874788512,1000,eegnet_pooled10_epoch_48,fixed_split_zero_shot_plus_pooled10_finetune_modelset_v1::pooled10_finetune
etard_tf64,eegnet,reconstruction,gate0_gate2_fixed_split_pooled10_modelset_v1::pooled10_finetune,0,P10,test_-_P10_-_mb_part_1,64,pearson_r,0.1387208279438034,945,eegnet_pooled10_epoch_48,fixed_split_zero_shot_plus_pooled10_finetune_modelset_v1::pooled10_finetune
etard_tf64,eegnet,reconstruction,gate0_gate2_fixed_split_pooled10_modelset_v1::pooled10_finetune,0,P10,test_-_P10_-_mb_part_2,64,pearson_r,0.03764509342615326,994,eegnet_pooled10_epoch_48,fixed_split_zero_shot_plus_pooled10_finetune_modelset_v1::pooled10_finetune
etard_tf64,eegnet,reconstruction,gate0_gate2_fixed_split_pooled10_modelset_v1::pooled10_finetune,0,P10,test_-_P10_-_mb_part_3,64,pearson_r,0.09271468323640993,995,eegnet_pooled10_epoch_48,fixed_split_zero_shot_plus_pooled10_finetune_modelset_v1::pooled10_finetune
etard_tf64,eegnet,reconstruction,gate0_gate2_fixed_split_pooled10_modelset_v1::pooled10_finetune,0,P10,test_-_P10_-_mb_part_4,64,pearson_r,-0.10812747118632532,1034,eegnet_pooled10_epoch_48,fixed_split_zero_shot_plus_pooled10_finetune_modelset_v1::pooled10_finetune
etard_tf64,eegnet,reconstruction,gate0_gate2_fixed_split_pooled10_modelset_v1::pooled10_finetune,0,P16,test_-_P16_-_cleanDutch_part_1,64,pearson_r,0.031256461075026214,941,eegnet_pooled10_epoch_48,fixed_split_zero_shot_plus_pooled10_finetune_modelset_v1::pooled10_finetune
etard_tf64,eegnet,reconstruction,gate0_gate2_fixed_split_pooled10_modelset_v1::pooled10_finetune,0,P16,test_-_P16_-_cleanDutch_part_2,64,pearson_r,0.02383561192852253,963,eegnet_pooled10_epoch_48,fixed_split_zero_shot_plus_pooled10_finetune_modelset_v1::pooled10_finetune
etard_tf64,eegnet,reconstruction,gate0_gate2_fixed_split_pooled10_modelset_v1::pooled10_finetune,0,P16,test_-_P16_-_cleanDutch_part_3,64,pearson_r,0.08872982571160908,974,eegnet_pooled10_epoch_48,fixed_split_zero_shot_plus_pooled10_finetune_modelset_v1::pooled10_finetune
etard_tf64,eegnet,reconstruction,gate0_gate2_fixed_split_pooled10_modelset_v1::pooled10_finetune,0,P16,test_-_P16_-_cleanDutch_part_4,64,pearson_r,0.06113366648444491,970,eegnet_pooled10_epoch_48,fixed_split_zero_shot_plus_pooled10_finetune_modelset_v1::pooled10_finetune
etard_tf64,eegnet,reconstruction,gate0_gate2_fixed_split_pooled10_modelset_v1::pooled10_finetune,0,P16,test_-_P16_-_clean_part_1,64,pearson_r,0.1606011952729245,940,eegnet_pooled10_epoch_48,fixed_split_zero_shot_plus_pooled10_finetune_modelset_v1::pooled10_finetune
etard_tf64,eegnet,reconstruction,gate0_gate2_fixed_split_pooled10_modelset_v1::pooled10_finetune,0,P16,test_-_P16_-_clean_part_2,64,pearson_r,0.10254950850423465,976,eegnet_pooled10_epoch_48,fixed_split_zero_shot_plus_pooled10_finetune_modelset_v1::pooled10_finetune
etard_tf64,eegnet,reconstruction,gate0_gate2_fixed_split_pooled10_modelset_v1::pooled10_finetune,0,P16,test_-_P16_-_clean_part_3,64,pearson_r,0.28687770570661636,857,eegnet_pooled10_epoch_48,fixed_split_zero_shot_plus_pooled10_finetune_modelset_v1::pooled10_finetune
etard_tf64,eegnet,reconstruction,gate0_gate2_fixed_split_pooled10_modelset_v1::pooled10_finetune,0,P16,test_-_P16_-_clean_part_4,64,pearson_r,0.21993288088099328,938,eegnet_pooled10_epoch_48,fixed_split_zero_shot_plus_pooled10_finetune_modelset_v1::pooled10_finetune
etard_tf64,eegnet,reconstruction,gate0_gate2_fixed_split_pooled10_modelset_v1::pooled10_finetune,0,P16,test_-_P16_-_fM_part_1,64,pearson_r,0.06514545848762959,852,eegnet_pooled10_epoch_48,fixed_split_zero_shot_plus_pooled10_finetune_modelset_v1::pooled10_finetune
etard_tf64,eegnet,reconstruction,gate0_gate2_fixed_split_pooled10_modelset_v1::pooled10_finetune,0,P16,test_-_P16_-_fM_part_2,64,pearson_r,0.322958233031468,813,eegnet_pooled10_epoch_48,fixed_split_zero_shot_plus_pooled10_finetune_modelset_v1::pooled10_finetune
etard_tf64,eegnet,reconstruction,gate0_gate2_fixed_split_pooled10_modelset_v1::pooled10_finetune,0,P16,test_-_P16_-_fM_part_3,64,pearson_r,0.21556504497393594,869,eegnet_pooled10_epoch_48,fixed_split_zero_shot_plus_pooled10_finetune_modelset_v1::pooled10_finetune
etard_tf64,eegnet,reconstruction,gate0_gate2_fixed_split_pooled10_modelset_v1::pooled10_finetune,0,P16,test_-_P16_-_fM_part_4,64,pearson_r,0.2286130115755965,953,eegnet_pooled10_epoch_48,fixed_split_zero_shot_plus_pooled10_finetune_modelset_v1::pooled10_finetune
etard_tf64,eegnet,reconstruction,gate0_gate2_fixed_split_pooled10_modelset_v1::pooled10_finetune,0,P16,test_-_P16_-_fW_part_1,64,pearson_r,-0.02950964287942092,843,eegnet_pooled10_epoch_48,fixed_split_zero_shot_plus_pooled10_finetune_modelset_v1::pooled10_finetune
etard_tf64,eegnet,reconstruction,gate0_gate2_fixed_split_pooled10_modelset_v1::pooled10_finetune,0,P16,test_-_P16_-_fW_part_2,64,pearson_r,0.0005178694132934679,870,eegnet_pooled10_epoch_48,fixed_split_zero_shot_plus_pooled10_finetune_modelset_v1::pooled10_finetune
etard_tf64,eegnet,reconstruction,gate0_gate2_fixed_split_pooled10_modelset_v1::pooled10_finetune,0,P16,test_-_P16_-_fW_part_3,64,pearson_r,0.08862074442871237,974,eegnet_pooled10_epoch_48,fixed_split_zero_shot_plus_pooled10_finetune_modelset_v1::pooled10_finetune
etard_tf64,eegnet,reconstruction,gate0_gate2_fixed_split_pooled10_modelset_v1::pooled10_finetune,0,P16,test_-_P16_-_fW_part_4,64,pearson_r,0.20082528615238684,1047,eegnet_pooled10_epoch_48,fixed_split_zero_shot_plus_pooled10_finetune_modelset_v1::pooled10_finetune
etard_tf64,eegnet,reconstruction,gate0_gate2_fixed_split_pooled10_modelset_v1::pooled10_finetune,0,P16,test_-_P16_-_hbDutch_part_1,64,pearson_r,-0.029898309087774556,984,eegnet_pooled10_epoch_48,fixed_split_zero_shot_plus_pooled10_finetune_modelset_v1::pooled10_finetune
etard_tf64,eegnet,reconstruction,gate0_gate2_fixed_split_pooled10_modelset_v1::pooled10_finetune,0,P16,test_-_P16_-_hbDutch_part_2,64,pearson_r,0.13713350890561823,998,eegnet_pooled10_epoch_48,fixed_split_zero_shot_plus_pooled10_finetune_modelset_v1::pooled10_finetune
etard_tf64,eegnet,reconstruction,gate0_gate2_fixed_split_pooled10_modelset_v1::pooled10_finetune,0,P16,test_-_P16_-_hbDutch_part_3,64,pearson_r,0.10307405566003658,1017,eegnet_pooled10_epoch_48,fixed_split_zero_shot_plus_pooled10_finetune_modelset_v1::pooled10_finetune
etard_tf64,eegnet,reconstruction,gate0_gate2_fixed_split_pooled10_modelset_v1::pooled10_finetune,0,P16,test_-_P16_-_hbDutch_part_4,64,pearson_r,0.01105456452420723,1001,eegnet_pooled10_epoch_48,fixed_split_zero_shot_plus_pooled10_finetune_modelset_v1::pooled10_finetune
etard_tf64,eegnet,reconstruction,gate0_gate2_fixed_split_pooled10_modelset_v1::pooled10_finetune,0,P16,test_-_P16_-_hb_part_1,64,pearson_r,0.019246393709526997,1137,eegnet_pooled10_epoch_48,fixed_split_zero_shot_plus_pooled10_finetune_modelset_v1::pooled10_finetune
etard_tf64,eegnet,reconstruction,gate0_gate2_fixed_split_pooled10_modelset_v1::pooled10_finetune,0,P16,test_-_P16_-_hb_part_2,64,pearson_r,0.142929632666341,1074,eegnet_pooled10_epoch_48,fixed_split_zero_shot_plus_pooled10_finetune_modelset_v1::pooled10_finetune
etard_tf64,eegnet,reconstruction,gate0_gate2_fixed_split_pooled10_modelset_v1::pooled10_finetune,0,P16,test_-_P16_-_hb_part_3,64,pearson_r,0.12287044996287788,1157,eegnet_pooled10_epoch_48,fixed_split_zero_shot_plus_pooled10_finetune_modelset_v1::pooled10_finetune
etard_tf64,eegnet,reconstruction,gate0_gate2_fixed_split_pooled10_modelset_v1::pooled10_finetune,0,P16,test_-_P16_-_hb_part_4,64,pearson_r,0.06872751234989519,1080,eegnet_pooled10_epoch_48,fixed_split_zero_shot_plus_pooled10_finetune_modelset_v1::pooled10_finetune
etard_tf64,eegnet,reconstruction,gate0_gate2_fixed_split_pooled10_modelset_v1::pooled10_finetune,0,P16,test_-_P16_-_lbDutch_part_1,64,pearson_r,0.10580523542394275,1001,eegnet_pooled10_epoch_48,fixed_split_zero_shot_plus_pooled10_finetune_modelset_v1::pooled10_finetune
etard_tf64,eegnet,reconstruction,gate0_gate2_fixed_split_pooled10_modelset_v1::pooled10_finetune,0,P16,test_-_P16_-_lbDutch_part_2,64,pearson_r,0.07094780992530408,1026,eegnet_pooled10_epoch_48,fixed_split_zero_shot_plus_pooled10_finetune_modelset_v1::pooled10_finetune
etard_tf64,eegnet,reconstruction,gate0_gate2_fixed_split_pooled10_modelset_v1::pooled10_finetune,0,P16,test_-_P16_-_lbDutch_part_3,64,pearson_r,-0.011080685739062832,991,eegnet_pooled10_epoch_48,fixed_split_zero_shot_plus_pooled10_finetune_modelset_v1::pooled10_finetune
etard_tf64,eegnet,reconstruction,gate0_gate2_fixed_split_pooled10_modelset_v1::pooled10_finetune,0,P16,test_-_P16_-_lbDutch_part_4,64,pearson_r,0.06945679358074242,1011,eegnet_pooled10_epoch_48,fixed_split_zero_shot_plus_pooled10_finetune_modelset_v1::pooled10_finetune
etard_tf64,eegnet,reconstruction,gate0_gate2_fixed_split_pooled10_modelset_v1::pooled10_finetune,0,P16,test_-_P16_-_lb_part_1,64,pearson_r,0.06154391726352884,1396,eegnet_pooled10_epoch_48,fixed_split_zero_shot_plus_pooled10_finetune_modelset_v1::pooled10_finetune
etard_tf64,eegnet,reconstruction,gate0_gate2_fixed_split_pooled10_modelset_v1::pooled10_finetune,0,P16,test_-_P16_-_lb_part_2,64,pearson_r,0.06895166114739382,1433,eegnet_pooled10_epoch_48,fixed_split_zero_shot_plus_pooled10_finetune_modelset_v1::pooled10_finetune
etard_tf64,eegnet,reconstruction,gate0_gate2_fixed_split_pooled10_modelset_v1::pooled10_finetune,0,P16,test_-_P16_-_lb_part_3,64,pearson_r,0.006482888945473922,1365,eegnet_pooled10_epoch_48,fixed_split_zero_shot_plus_pooled10_finetune_modelset_v1::pooled10_finetune
etard_tf64,eegnet,reconstruction,gate0_gate2_fixed_split_pooled10_modelset_v1::pooled10_finetune,0,P16,test_-_P16_-_lb_part_4,64,pearson_r,0.05098402969556619,1501,eegnet_pooled10_epoch_48,fixed_split_zero_shot_plus_pooled10_finetune_modelset_v1::pooled10_finetune
etard_tf64,eegnet,reconstruction,gate0_gate2_fixed_split_pooled10_modelset_v1::pooled10_finetune,0,P16,test_-_P16_-_mbDutch_part_1,64,pearson_r,0.11832659857590258,1021,eegnet_pooled10_epoch_48,fixed_split_zero_shot_plus_pooled10_finetune_modelset_v1::pooled10_finetune
etard_tf64,eegnet,reconstruction,gate0_gate2_fixed_split_pooled10_modelset_v1::pooled10_finetune,0,P16,test_-_P16_-_mbDutch_part_2,64,pearson_r,0.07016909913927152,981,eegnet_pooled10_epoch_48,fixed_split_zero_shot_plus_pooled10_finetune_modelset_v1::pooled10_finetune
etard_tf64,eegnet,reconstruction,gate0_gate2_fixed_split_pooled10_modelset_v1::pooled10_finetune,0,P16,test_-_P16_-_mbDutch_part_3,64,pearson_r,0.02712113435435472,995,eegnet_pooled10_epoch_48,fixed_split_zero_shot_plus_pooled10_finetune_modelset_v1::pooled10_finetune
etard_tf64,eegnet,reconstruction,gate0_gate2_fixed_split_pooled10_modelset_v1::pooled10_finetune,0,P16,test_-_P16_-_mbDutch_part_4,64,pearson_r,0.053382048688065196,1000,eegnet_pooled10_epoch_48,fixed_split_zero_shot_plus_pooled10_finetune_modelset_v1::pooled10_finetune
etard_tf64,eegnet,reconstruction,gate0_gate2_fixed_split_pooled10_modelset_v1::pooled10_finetune,0,P16,test_-_P16_-_mb_part_1,64,pearson_r,0.13775889687993165,945,eegnet_pooled10_epoch_48,fixed_split_zero_shot_plus_pooled10_finetune_modelset_v1::pooled10_finetune
etard_tf64,eegnet,reconstruction,gate0_gate2_fixed_split_pooled10_modelset_v1::pooled10_finetune,0,P16,test_-_P16_-_mb_part_2,64,pearson_r,0.2960533290714867,994,eegnet_pooled10_epoch_48,fixed_split_zero_shot_plus_pooled10_finetune_modelset_v1::pooled10_finetune
etard_tf64,eegnet,reconstruction,gate0_gate2_fixed_split_pooled10_modelset_v1::pooled10_finetune,0,P16,test_-_P16_-_mb_part_3,64,pearson_r,0.1149524656353383,995,eegnet_pooled10_epoch_48,fixed_split_zero_shot_plus_pooled10_finetune_modelset_v1::pooled10_finetune
etard_tf64,eegnet,reconstruction,gate0_gate2_fixed_split_pooled10_modelset_v1::pooled10_finetune,0,P16,test_-_P16_-_mb_part_4,64,pearson_r,0.04540006334718373,1034,eegnet_pooled10_epoch_48,fixed_split_zero_shot_plus_pooled10_finetune_modelset_v1::pooled10_finetune
etard_tf64,eegnet,reconstruction,gate0_gate2_fixed_split_pooled10_modelset_v1::pooled10_finetune,0,P17,test_-_P17_-_cleanDutch_part_1,64,pearson_r,0.14735876530836794,941,eegnet_pooled10_epoch_48,fixed_split_zero_shot_plus_pooled10_finetune_modelset_v1::pooled10_finetune
etard_tf64,eegnet,reconstruction,gate0_gate2_fixed_split_pooled10_modelset_v1::pooled10_finetune,0,P17,test_-_P17_-_cleanDutch_part_2,64,pearson_r,0.27510256626656854,963,eegnet_pooled10_epoch_48,fixed_split_zero_shot_plus_pooled10_finetune_modelset_v1::pooled10_finetune
etard_tf64,eegnet,reconstruction,gate0_gate2_fixed_split_pooled10_modelset_v1::pooled10_finetune,0,P17,test_-_P17_-_cleanDutch_part_3,64,pearson_r,0.17419818762499648,974,eegnet_pooled10_epoch_48,fixed_split_zero_shot_plus_pooled10_finetune_modelset_v1::pooled10_finetune
etard_tf64,eegnet,reconstruction,gate0_gate2_fixed_split_pooled10_modelset_v1::pooled10_finetune,0,P17,test_-_P17_-_cleanDutch_part_4,64,pearson_r,0.02585276332335597,970,eegnet_pooled10_epoch_48,fixed_split_zero_shot_plus_pooled10_finetune_modelset_v1::pooled10_finetune
etard_tf64,eegnet,reconstruction,gate0_gate2_fixed_split_pooled10_modelset_v1::pooled10_finetune,0,P17,test_-_P17_-_clean_part_1,64,pearson_r,0.0699216097684599,940,eegnet_pooled10_epoch_48,fixed_split_zero_shot_plus_pooled10_finetune_modelset_v1::pooled10_finetune
etard_tf64,eegnet,reconstruction,gate0_gate2_fixed_split_pooled10_modelset_v1::pooled10_finetune,0,P17,test_-_P17_-_clean_part_2,64,pearson_r,0.1640440433824299,976,eegnet_pooled10_epoch_48,fixed_split_zero_shot_plus_pooled10_finetune_modelset_v1::pooled10_finetune
etard_tf64,eegnet,reconstruction,gate0_gate2_fixed_split_pooled10_modelset_v1::pooled10_finetune,0,P17,test_-_P17_-_clean_part_3,64,pearson_r,0.17504876474146316,857,eegnet_pooled10_epoch_48,fixed_split_zero_shot_plus_pooled10_finetune_modelset_v1::pooled10_finetune
etard_tf64,eegnet,reconstruction,gate0_gate2_fixed_split_pooled10_modelset_v1::pooled10_finetune,0,P17,test_-_P17_-_clean_part_4,64,pearson_r,0.2915708344843838,938,eegnet_pooled10_epoch_48,fixed_split_zero_shot_plus_pooled10_finetune_modelset_v1::pooled10_finetune
etard_tf64,eegnet,reconstruction,gate0_gate2_fixed_split_pooled10_modelset_v1::pooled10_finetune,0,P17,test_-_P17_-_fM_part_1,64,pearson_r,0.20093307202800548,852,eegnet_pooled10_epoch_48,fixed_split_zero_shot_plus_pooled10_finetune_modelset_v1::pooled10_finetune
etard_tf64,eegnet,reconstruction,gate0_gate2_fixed_split_pooled10_modelset_v1::pooled10_finetune,0,P17,test_-_P17_-_fM_part_2,64,pearson_r,-0.0003221416352395887,813,eegnet_pooled10_epoch_48,fixed_split_zero_shot_plus_pooled10_finetune_modelset_v1::pooled10_finetune
etard_tf64,eegnet,reconstruction,gate0_gate2_fixed_split_pooled10_modelset_v1::pooled10_finetune,0,P17,test_-_P17_-_fM_part_3,64,pearson_r,-0.014658931375127268,869,eegnet_pooled10_epoch_48,fixed_split_zero_shot_plus_pooled10_finetune_modelset_v1::pooled10_finetune
etard_tf64,eegnet,reconstruction,gate0_gate2_fixed_split_pooled10_modelset_v1::pooled10_finetune,0,P17,test_-_P17_-_fM_part_4,64,pearson_r,0.12175738722268852,953,eegnet_pooled10_epoch_48,fixed_split_zero_shot_plus_pooled10_finetune_modelset_v1::pooled10_finetune
etard_tf64,eegnet,reconstruction,gate0_gate2_fixed_split_pooled10_modelset_v1::pooled10_finetune,0,P17,test_-_P17_-_fW_part_1,64,pearson_r,0.10300405802033939,843,eegnet_pooled10_epoch_48,fixed_split_zero_shot_plus_pooled10_finetune_modelset_v1::pooled10_finetune
etard_tf64,eegnet,reconstruction,gate0_gate2_fixed_split_pooled10_modelset_v1::pooled10_finetune,0,P17,test_-_P17_-_fW_part_2,64,pearson_r,0.1633947614014133,870,eegnet_pooled10_epoch_48,fixed_split_zero_shot_plus_pooled10_finetune_modelset_v1::pooled10_finetune
etard_tf64,eegnet,reconstruction,gate0_gate2_fixed_split_pooled10_modelset_v1::pooled10_finetune,0,P17,test_-_P17_-_fW_part_3,64,pearson_r,0.0830277761466157,974,eegnet_pooled10_epoch_48,fixed_split_zero_shot_plus_pooled10_finetune_modelset_v1::pooled10_finetune
etard_tf64,eegnet,reconstruction,gate0_gate2_fixed_split_pooled10_modelset_v1::pooled10_finetune,0,P17,test_-_P17_-_fW_part_4,64,pearson_r,0.17182427596070282,1047,eegnet_pooled10_epoch_48,fixed_split_zero_shot_plus_pooled10_finetune_modelset_v1::pooled10_finetune
etard_tf64,eegnet,reconstruction,gate0_gate2_fixed_split_pooled10_modelset_v1::pooled10_finetune,0,P17,test_-_P17_-_hbDutch_part_1,64,pearson_r,0.18396488919563675,984,eegnet_pooled10_epoch_48,fixed_split_zero_shot_plus_pooled10_finetune_modelset_v1::pooled10_finetune
etard_tf64,eegnet,reconstruction,gate0_gate2_fixed_split_pooled10_modelset_v1::pooled10_finetune,0,P17,test_-_P17_-_hbDutch_part_2,64,pearson_r,-0.007680678723960601,998,eegnet_pooled10_epoch_48,fixed_split_zero_shot_plus_pooled10_finetune_modelset_v1::pooled10_finetune
etard_tf64,eegnet,reconstruction,gate0_gate2_fixed_split_pooled10_modelset_v1::pooled10_finetune,0,P17,test_-_P17_-_hbDutch_part_3,64,pearson_r,0.12809788609089126,1017,eegnet_pooled10_epoch_48,fixed_split_zero_shot_plus_pooled10_finetune_modelset_v1::pooled10_finetune
etard_tf64,eegnet,reconstruction,gate0_gate2_fixed_split_pooled10_modelset_v1::pooled10_finetune,0,P17,test_-_P17_-_hbDutch_part_4,64,pearson_r,0.11747788862507579,1001,eegnet_pooled10_epoch_48,fixed_split_zero_shot_plus_pooled10_finetune_modelset_v1::pooled10_finetune
etard_tf64,eegnet,reconstruction,gate0_gate2_fixed_split_pooled10_modelset_v1::pooled10_finetune,0,P17,test_-_P17_-_hb_part_1,64,pearson_r,0.13634007689701275,1137,eegnet_pooled10_epoch_48,fixed_split_zero_shot_plus_pooled10_finetune_modelset_v1::pooled10_finetune
etard_tf64,eegnet,reconstruction,gate0_gate2_fixed_split_pooled10_modelset_v1::pooled10_finetune,0,P17,test_-_P17_-_hb_part_2,64,pearson_r,0.07071443243200298,1074,eegnet_pooled10_epoch_48,fixed_split_zero_shot_plus_pooled10_finetune_modelset_v1::pooled10_finetune
etard_tf64,eegnet,reconstruction,gate0_gate2_fixed_split_pooled10_modelset_v1::pooled10_finetune,0,P17,test_-_P17_-_hb_part_3,64,pearson_r,0.1938945725558256,1157,eegnet_pooled10_epoch_48,fixed_split_zero_shot_plus_pooled10_finetune_modelset_v1::pooled10_finetune
etard_tf64,eegnet,reconstruction,gate0_gate2_fixed_split_pooled10_modelset_v1::pooled10_finetune,0,P17,test_-_P17_-_hb_part_4,64,pearson_r,0.11703662829838662,1080,eegnet_pooled10_epoch_48,fixed_split_zero_shot_plus_pooled10_finetune_modelset_v1::pooled10_finetune
etard_tf64,eegnet,reconstruction,gate0_gate2_fixed_split_pooled10_modelset_v1::pooled10_finetune,0,P17,test_-_P17_-_lbDutch_part_1,64,pearson_r,0.06387141809218425,1001,eegnet_pooled10_epoch_48,fixed_split_zero_shot_plus_pooled10_finetune_modelset_v1::pooled10_finetune
etard_tf64,eegnet,reconstruction,gate0_gate2_fixed_split_pooled10_modelset_v1::pooled10_finetune,0,P17,test_-_P17_-_lbDutch_part_2,64,pearson_r,0.08149544979423351,1026,eegnet_pooled10_epoch_48,fixed_split_zero_shot_plus_pooled10_finetune_modelset_v1::pooled10_finetune
etard_tf64,eegnet,reconstruction,gate0_gate2_fixed_split_pooled10_modelset_v1::pooled10_finetune,0,P17,test_-_P17_-_lbDutch_part_3,64,pearson_r,0.06076382371091471,991,eegnet_pooled10_epoch_48,fixed_split_zero_shot_plus_pooled10_finetune_modelset_v1::pooled10_finetune
etard_tf64,eegnet,reconstruction,gate0_gate2_fixed_split_pooled10_modelset_v1::pooled10_finetune,0,P17,test_-_P17_-_lbDutch_part_4,64,pearson_r,0.054591356483560186,1011,eegnet_pooled10_epoch_48,fixed_split_zero_shot_plus_pooled10_finetune_modelset_v1::pooled10_finetune
etard_tf64,eegnet,reconstruction,gate0_gate2_fixed_split_pooled10_modelset_v1::pooled10_finetune,0,P17,test_-_P17_-_lb_part_1,64,pearson_r,0.13744319915132383,1396,eegnet_pooled10_epoch_48,fixed_split_zero_shot_plus_pooled10_finetune_modelset_v1::pooled10_finetune
etard_tf64,eegnet,reconstruction,gate0_gate2_fixed_split_pooled10_modelset_v1::pooled10_finetune,0,P17,test_-_P17_-_lb_part_2,64,pearson_r,0.027132464293938726,1433,eegnet_pooled10_epoch_48,fixed_split_zero_shot_plus_pooled10_finetune_modelset_v1::pooled10_finetune
etard_tf64,eegnet,reconstruction,gate0_gate2_fixed_split_pooled10_modelset_v1::pooled10_finetune,0,P17,test_-_P17_-_lb_part_3,64,pearson_r,0.20180562915787845,1365,eegnet_pooled10_epoch_48,fixed_split_zero_shot_plus_pooled10_finetune_modelset_v1::pooled10_finetune
etard_tf64,eegnet,reconstruction,gate0_gate2_fixed_split_pooled10_modelset_v1::pooled10_finetune,0,P17,test_-_P17_-_lb_part_4,64,pearson_r,0.08443784650607963,1501,eegnet_pooled10_epoch_48,fixed_split_zero_shot_plus_pooled10_finetune_modelset_v1::pooled10_finetune
etard_tf64,eegnet,reconstruction,gate0_gate2_fixed_split_pooled10_modelset_v1::pooled10_finetune,0,P17,test_-_P17_-_mbDutch_part_1,64,pearson_r,-0.047932189574268244,1021,eegnet_pooled10_epoch_48,fixed_split_zero_shot_plus_pooled10_finetune_modelset_v1::pooled10_finetune
etard_tf64,eegnet,reconstruction,gate0_gate2_fixed_split_pooled10_modelset_v1::pooled10_finetune,0,P17,test_-_P17_-_mbDutch_part_2,64,pearson_r,-0.12376003160265608,981,eegnet_pooled10_epoch_48,fixed_split_zero_shot_plus_pooled10_finetune_modelset_v1::pooled10_finetune
etard_tf64,eegnet,reconstruction,gate0_gate2_fixed_split_pooled10_modelset_v1::pooled10_finetune,0,P17,test_-_P17_-_mbDutch_part_3,64,pearson_r,0.13164706712736018,995,eegnet_pooled10_epoch_48,fixed_split_zero_shot_plus_pooled10_finetune_modelset_v1::pooled10_finetune
etard_tf64,eegnet,reconstruction,gate0_gate2_fixed_split_pooled10_modelset_v1::pooled10_finetune,0,P17,test_-_P17_-_mbDutch_part_4,64,pearson_r,0.010945551166252367,1000,eegnet_pooled10_epoch_48,fixed_split_zero_shot_plus_pooled10_finetune_modelset_v1::pooled10_finetune
etard_tf64,eegnet,reconstruction,gate0_gate2_fixed_split_pooled10_modelset_v1::pooled10_finetune,0,P17,test_-_P17_-_mb_part_1,64,pearson_r,0.018805033514524425,945,eegnet_pooled10_epoch_48,fixed_split_zero_shot_plus_pooled10_finetune_modelset_v1::pooled10_finetune
etard_tf64,eegnet,reconstruction,gate0_gate2_fixed_split_pooled10_modelset_v1::pooled10_finetune,0,P17,test_-_P17_-_mb_part_2,64,pearson_r,-0.028061842438580422,994,eegnet_pooled10_epoch_48,fixed_split_zero_shot_plus_pooled10_finetune_modelset_v1::pooled10_finetune
etard_tf64,eegnet,reconstruction,gate0_gate2_fixed_split_pooled10_modelset_v1::pooled10_finetune,0,P17,test_-_P17_-_mb_part_3,64,pearson_r,0.11626867395457105,995,eegnet_pooled10_epoch_48,fixed_split_zero_shot_plus_pooled10_finetune_modelset_v1::pooled10_finetune
etard_tf64,eegnet,reconstruction,gate0_gate2_fixed_split_pooled10_modelset_v1::pooled10_finetune,0,P17,test_-_P17_-_mb_part_4,64,pearson_r,0.2123103099603545,1034,eegnet_pooled10_epoch_48,fixed_split_zero_shot_plus_pooled10_finetune_modelset_v1::pooled10_finetune
etard_tf64,fcnn,reconstruction,gate0_gate2_fixed_split_pooled10_modelset_v1::zero_shot,0,P03,test_-_P03_-_clean_part_1,64,pearson_r,-0.07163813679637661,940,fcnn_epoch_6,fixed_split_zero_shot_plus_pooled10_finetune_modelset_v1::zero_shot
etard_tf64,fcnn,reconstruction,gate0_gate2_fixed_split_pooled10_modelset_v1::zero_shot,0,P03,test_-_P03_-_clean_part_2,64,pearson_r,0.05466497190358352,976,fcnn_epoch_6,fixed_split_zero_shot_plus_pooled10_finetune_modelset_v1::zero_shot
etard_tf64,fcnn,reconstruction,gate0_gate2_fixed_split_pooled10_modelset_v1::zero_shot,0,P03,test_-_P03_-_clean_part_3,64,pearson_r,0.1652609340363178,857,fcnn_epoch_6,fixed_split_zero_shot_plus_pooled10_finetune_modelset_v1::zero_shot
etard_tf64,fcnn,reconstruction,gate0_gate2_fixed_split_pooled10_modelset_v1::zero_shot,0,P03,test_-_P03_-_clean_part_4,64,pearson_r,0.07268355832824942,938,fcnn_epoch_6,fixed_split_zero_shot_plus_pooled10_finetune_modelset_v1::zero_shot
etard_tf64,fcnn,reconstruction,gate0_gate2_fixed_split_pooled10_modelset_v1::zero_shot,0,P03,test_-_P03_-_fM_part_1,64,pearson_r,0.17393958938997206,852,fcnn_epoch_6,fixed_split_zero_shot_plus_pooled10_finetune_modelset_v1::zero_shot
etard_tf64,fcnn,reconstruction,gate0_gate2_fixed_split_pooled10_modelset_v1::zero_shot,0,P03,test_-_P03_-_fM_part_2,64,pearson_r,-0.049558316717461394,813,fcnn_epoch_6,fixed_split_zero_shot_plus_pooled10_finetune_modelset_v1::zero_shot
etard_tf64,fcnn,reconstruction,gate0_gate2_fixed_split_pooled10_modelset_v1::zero_shot,0,P03,test_-_P03_-_fM_part_3,64,pearson_r,0.08098579059779859,869,fcnn_epoch_6,fixed_split_zero_shot_plus_pooled10_finetune_modelset_v1::zero_shot
etard_tf64,fcnn,reconstruction,gate0_gate2_fixed_split_pooled10_modelset_v1::zero_shot,0,P03,test_-_P03_-_fM_part_4,64,pearson_r,0.12819918284259682,953,fcnn_epoch_6,fixed_split_zero_shot_plus_pooled10_finetune_modelset_v1::zero_shot
etard_tf64,fcnn,reconstruction,gate0_gate2_fixed_split_pooled10_modelset_v1::zero_shot,0,P03,test_-_P03_-_fW_part_1,64,pearson_r,0.06904916581166845,843,fcnn_epoch_6,fixed_split_zero_shot_plus_pooled10_finetune_modelset_v1::zero_shot
etard_tf64,fcnn,reconstruction,gate0_gate2_fixed_split_pooled10_modelset_v1::zero_shot,0,P03,test_-_P03_-_fW_part_2,64,pearson_r,0.18489919544316144,870,fcnn_epoch_6,fixed_split_zero_shot_plus_pooled10_finetune_modelset_v1::zero_shot
etard_tf64,fcnn,reconstruction,gate0_gate2_fixed_split_pooled10_modelset_v1::zero_shot,0,P03,test_-_P03_-_fW_part_3,64,pearson_r,0.11300039274736338,974,fcnn_epoch_6,fixed_split_zero_shot_plus_pooled10_finetune_modelset_v1::zero_shot
etard_tf64,fcnn,reconstruction,gate0_gate2_fixed_split_pooled10_modelset_v1::zero_shot,0,P03,test_-_P03_-_fW_part_4,64,pearson_r,-0.05895145289747101,1047,fcnn_epoch_6,fixed_split_zero_shot_plus_pooled10_finetune_modelset_v1::zero_shot
etard_tf64,fcnn,reconstruction,gate0_gate2_fixed_split_pooled10_modelset_v1::zero_shot,0,P03,test_-_P03_-_hb_part_1,64,pearson_r,-0.08482430915690152,1137,fcnn_epoch_6,fixed_split_zero_shot_plus_pooled10_finetune_modelset_v1::zero_shot
etard_tf64,fcnn,reconstruction,gate0_gate2_fixed_split_pooled10_modelset_v1::zero_shot,0,P03,test_-_P03_-_hb_part_2,64,pearson_r,0.020092274177164804,1074,fcnn_epoch_6,fixed_split_zero_shot_plus_pooled10_finetune_modelset_v1::zero_shot
etard_tf64,fcnn,reconstruction,gate0_gate2_fixed_split_pooled10_modelset_v1::zero_shot,0,P03,test_-_P03_-_hb_part_3,64,pearson_r,0.007902979671678606,1157,fcnn_epoch_6,fixed_split_zero_shot_plus_pooled10_finetune_modelset_v1::zero_shot
etard_tf64,fcnn,reconstruction,gate0_gate2_fixed_split_pooled10_modelset_v1::zero_shot,0,P03,test_-_P03_-_hb_part_4,64,pearson_r,0.023033185915793442,1080,fcnn_epoch_6,fixed_split_zero_shot_plus_pooled10_finetune_modelset_v1::zero_shot
etard_tf64,fcnn,reconstruction,gate0_gate2_fixed_split_pooled10_modelset_v1::zero_shot,0,P03,test_-_P03_-_lb_part_1,64,pearson_r,0.10625268602307987,1396,fcnn_epoch_6,fixed_split_zero_shot_plus_pooled10_finetune_modelset_v1::zero_shot
etard_tf64,fcnn,reconstruction,gate0_gate2_fixed_split_pooled10_modelset_v1::zero_shot,0,P03,test_-_P03_-_lb_part_2,64,pearson_r,-0.017993577793567757,1433,fcnn_epoch_6,fixed_split_zero_shot_plus_pooled10_finetune_modelset_v1::zero_shot
etard_tf64,fcnn,reconstruction,gate0_gate2_fixed_split_pooled10_modelset_v1::zero_shot,0,P03,test_-_P03_-_lb_part_3,64,pearson_r,0.05583178333954496,1365,fcnn_epoch_6,fixed_split_zero_shot_plus_pooled10_finetune_modelset_v1::zero_shot
etard_tf64,fcnn,reconstruction,gate0_gate2_fixed_split_pooled10_modelset_v1::zero_shot,0,P03,test_-_P03_-_lb_part_4,64,pearson_r,-0.06764026809697389,1501,fcnn_epoch_6,fixed_split_zero_shot_plus_pooled10_finetune_modelset_v1::zero_shot
etard_tf64,fcnn,reconstruction,gate0_gate2_fixed_split_pooled10_modelset_v1::zero_shot,0,P03,test_-_P03_-_mb_part_1,64,pearson_r,-0.14614214612798052,945,fcnn_epoch_6,fixed_split_zero_shot_plus_pooled10_finetune_modelset_v1::zero_shot
etard_tf64,fcnn,reconstruction,gate0_gate2_fixed_split_pooled10_modelset_v1::zero_shot,0,P03,test_-_P03_-_mb_part_2,64,pearson_r,0.01649525335259308,994,fcnn_epoch_6,fixed_split_zero_shot_plus_pooled10_finetune_modelset_v1::zero_shot
etard_tf64,fcnn,reconstruction,gate0_gate2_fixed_split_pooled10_modelset_v1::zero_shot,0,P03,test_-_P03_-_mb_part_3,64,pearson_r,0.05348042630090531,995,fcnn_epoch_6,fixed_split_zero_shot_plus_pooled10_finetune_modelset_v1::zero_shot
etard_tf64,fcnn,reconstruction,gate0_gate2_fixed_split_pooled10_modelset_v1::zero_shot,0,P03,test_-_P03_-_mb_part_4,64,pearson_r,0.09941563774671329,1034,fcnn_epoch_6,fixed_split_zero_shot_plus_pooled10_finetune_modelset_v1::zero_shot
etard_tf64,fcnn,reconstruction,gate0_gate2_fixed_split_pooled10_modelset_v1::zero_shot,0,P10,test_-_P10_-_cleanDutch_part_1,64,pearson_r,-0.12052938155802072,941,fcnn_epoch_6,fixed_split_zero_shot_plus_pooled10_finetune_modelset_v1::zero_shot
etard_tf64,fcnn,reconstruction,gate0_gate2_fixed_split_pooled10_modelset_v1::zero_shot,0,P10,test_-_P10_-_cleanDutch_part_2,64,pearson_r,0.048993048325116396,963,fcnn_epoch_6,fixed_split_zero_shot_plus_pooled10_finetune_modelset_v1::zero_shot
etard_tf64,fcnn,reconstruction,gate0_gate2_fixed_split_pooled10_modelset_v1::zero_shot,0,P10,test_-_P10_-_cleanDutch_part_3,64,pearson_r,0.17508918036710847,974,fcnn_epoch_6,fixed_split_zero_shot_plus_pooled10_finetune_modelset_v1::zero_shot
etard_tf64,fcnn,reconstruction,gate0_gate2_fixed_split_pooled10_modelset_v1::zero_shot,0,P10,test_-_P10_-_cleanDutch_part_4,64,pearson_r,0.04230027658240974,970,fcnn_epoch_6,fixed_split_zero_shot_plus_pooled10_finetune_modelset_v1::zero_shot
etard_tf64,fcnn,reconstruction,gate0_gate2_fixed_split_pooled10_modelset_v1::zero_shot,0,P10,test_-_P10_-_clean_part_1,64,pearson_r,0.0025071800207100213,940,fcnn_epoch_6,fixed_split_zero_shot_plus_pooled10_finetune_modelset_v1::zero_shot
etard_tf64,fcnn,reconstruction,gate0_gate2_fixed_split_pooled10_modelset_v1::zero_shot,0,P10,test_-_P10_-_clean_part_2,64,pearson_r,0.1444096367638528,976,fcnn_epoch_6,fixed_split_zero_shot_plus_pooled10_finetune_modelset_v1::zero_shot
etard_tf64,fcnn,reconstruction,gate0_gate2_fixed_split_pooled10_modelset_v1::zero_shot,0,P10,test_-_P10_-_clean_part_3,64,pearson_r,0.0488159511731036,857,fcnn_epoch_6,fixed_split_zero_shot_plus_pooled10_finetune_modelset_v1::zero_shot
etard_tf64,fcnn,reconstruction,gate0_gate2_fixed_split_pooled10_modelset_v1::zero_shot,0,P10,test_-_P10_-_clean_part_4,64,pearson_r,0.224245220993911,938,fcnn_epoch_6,fixed_split_zero_shot_plus_pooled10_finetune_modelset_v1::zero_shot
etard_tf64,fcnn,reconstruction,gate0_gate2_fixed_split_pooled10_modelset_v1::zero_shot,0,P10,test_-_P10_-_fM_part_1,64,pearson_r,0.17495232476535397,852,fcnn_epoch_6,fixed_split_zero_shot_plus_pooled10_finetune_modelset_v1::zero_shot
etard_tf64,fcnn,reconstruction,gate0_gate2_fixed_split_pooled10_modelset_v1::zero_shot,0,P10,test_-_P10_-_fM_part_2,64,pearson_r,0.12207799765398317,813,fcnn_epoch_6,fixed_split_zero_shot_plus_pooled10_finetune_modelset_v1::zero_shot
etard_tf64,fcnn,reconstruction,gate0_gate2_fixed_split_pooled10_modelset_v1::zero_shot,0,P10,test_-_P10_-_fM_part_3,64,pearson_r,0.06629940642998952,869,fcnn_epoch_6,fixed_split_zero_shot_plus_pooled10_finetune_modelset_v1::zero_shot
etard_tf64,fcnn,reconstruction,gate0_gate2_fixed_split_pooled10_modelset_v1::zero_shot,0,P10,test_-_P10_-_fM_part_4,64,pearson_r,0.1367219252222519,953,fcnn_epoch_6,fixed_split_zero_shot_plus_pooled10_finetune_modelset_v1::zero_shot
etard_tf64,fcnn,reconstruction,gate0_gate2_fixed_split_pooled10_modelset_v1::zero_shot,0,P10,test_-_P10_-_fW_part_1,64,pearson_r,0.19879284728260974,843,fcnn_epoch_6,fixed_split_zero_shot_plus_pooled10_finetune_modelset_v1::zero_shot
etard_tf64,fcnn,reconstruction,gate0_gate2_fixed_split_pooled10_modelset_v1::zero_shot,0,P10,test_-_P10_-_fW_part_2,64,pearson_r,-0.011276343323505461,870,fcnn_epoch_6,fixed_split_zero_shot_plus_pooled10_finetune_modelset_v1::zero_shot
etard_tf64,fcnn,reconstruction,gate0_gate2_fixed_split_pooled10_modelset_v1::zero_shot,0,P10,test_-_P10_-_fW_part_3,64,pearson_r,0.03548770680831535,974,fcnn_epoch_6,fixed_split_zero_shot_plus_pooled10_finetune_modelset_v1::zero_shot
etard_tf64,fcnn,reconstruction,gate0_gate2_fixed_split_pooled10_modelset_v1::zero_shot,0,P10,test_-_P10_-_fW_part_4,64,pearson_r,0.11094292680449741,1047,fcnn_epoch_6,fixed_split_zero_shot_plus_pooled10_finetune_modelset_v1::zero_shot
etard_tf64,fcnn,reconstruction,gate0_gate2_fixed_split_pooled10_modelset_v1::zero_shot,0,P10,test_-_P10_-_hbDutch_part_1,64,pearson_r,0.11324314441420158,984,fcnn_epoch_6,fixed_split_zero_shot_plus_pooled10_finetune_modelset_v1::zero_shot
etard_tf64,fcnn,reconstruction,gate0_gate2_fixed_split_pooled10_modelset_v1::zero_shot,0,P10,test_-_P10_-_hbDutch_part_2,64,pearson_r,0.1417283128838139,998,fcnn_epoch_6,fixed_split_zero_shot_plus_pooled10_finetune_modelset_v1::zero_shot
etard_tf64,fcnn,reconstruction,gate0_gate2_fixed_split_pooled10_modelset_v1::zero_shot,0,P10,test_-_P10_-_hbDutch_part_3,64,pearson_r,0.17722503558694458,1017,fcnn_epoch_6,fixed_split_zero_shot_plus_pooled10_finetune_modelset_v1::zero_shot
etard_tf64,fcnn,reconstruction,gate0_gate2_fixed_split_pooled10_modelset_v1::zero_shot,0,P10,test_-_P10_-_hbDutch_part_4,64,pearson_r,0.1831913822194101,1001,fcnn_epoch_6,fixed_split_zero_shot_plus_pooled10_finetune_modelset_v1::zero_shot
etard_tf64,fcnn,reconstruction,gate0_gate2_fixed_split_pooled10_modelset_v1::zero_shot,0,P10,test_-_P10_-_hb_part_1,64,pearson_r,0.1990536212838138,1137,fcnn_epoch_6,fixed_split_zero_shot_plus_pooled10_finetune_modelset_v1::zero_shot
etard_tf64,fcnn,reconstruction,gate0_gate2_fixed_split_pooled10_modelset_v1::zero_shot,0,P10,test_-_P10_-_hb_part_2,64,pearson_r,-0.01879668334718011,1074,fcnn_epoch_6,fixed_split_zero_shot_plus_pooled10_finetune_modelset_v1::zero_shot
etard_tf64,fcnn,reconstruction,gate0_gate2_fixed_split_pooled10_modelset_v1::zero_shot,0,P10,test_-_P10_-_hb_part_3,64,pearson_r,0.022560007609675397,1157,fcnn_epoch_6,fixed_split_zero_shot_plus_pooled10_finetune_modelset_v1::zero_shot
etard_tf64,fcnn,reconstruction,gate0_gate2_fixed_split_pooled10_modelset_v1::zero_shot,0,P10,test_-_P10_-_hb_part_4,64,pearson_r,-0.01620365050668121,1080,fcnn_epoch_6,fixed_split_zero_shot_plus_pooled10_finetune_modelset_v1::zero_shot
etard_tf64,fcnn,reconstruction,gate0_gate2_fixed_split_pooled10_modelset_v1::zero_shot,0,P10,test_-_P10_-_lbDutch_part_1,64,pearson_r,-0.08689640039851755,1001,fcnn_epoch_6,fixed_split_zero_shot_plus_pooled10_finetune_modelset_v1::zero_shot
etard_tf64,fcnn,reconstruction,gate0_gate2_fixed_split_pooled10_modelset_v1::zero_shot,0,P10,test_-_P10_-_lbDutch_part_2,64,pearson_r,0.03175742184440843,1026,fcnn_epoch_6,fixed_split_zero_shot_plus_pooled10_finetune_modelset_v1::zero_shot
etard_tf64,fcnn,reconstruction,gate0_gate2_fixed_split_pooled10_modelset_v1::zero_shot,0,P10,test_-_P10_-_lbDutch_part_3,64,pearson_r,0.050417582677567706,991,fcnn_epoch_6,fixed_split_zero_shot_plus_pooled10_finetune_modelset_v1::zero_shot
etard_tf64,fcnn,reconstruction,gate0_gate2_fixed_split_pooled10_modelset_v1::zero_shot,0,P10,test_-_P10_-_lbDutch_part_4,64,pearson_r,0.019790504663449858,1011,fcnn_epoch_6,fixed_split_zero_shot_plus_pooled10_finetune_modelset_v1::zero_shot
etard_tf64,fcnn,reconstruction,gate0_gate2_fixed_split_pooled10_modelset_v1::zero_shot,0,P10,test_-_P10_-_lb_part_1,64,pearson_r,0.038656493285214685,1396,fcnn_epoch_6,fixed_split_zero_shot_plus_pooled10_finetune_modelset_v1::zero_shot
etard_tf64,fcnn,reconstruction,gate0_gate2_fixed_split_pooled10_modelset_v1::zero_shot,0,P10,test_-_P10_-_lb_part_2,64,pearson_r,0.17102871517259155,1433,fcnn_epoch_6,fixed_split_zero_shot_plus_pooled10_finetune_modelset_v1::zero_shot
etard_tf64,fcnn,reconstruction,gate0_gate2_fixed_split_pooled10_modelset_v1::zero_shot,0,P10,test_-_P10_-_lb_part_3,64,pearson_r,0.03269509530165911,1365,fcnn_epoch_6,fixed_split_zero_shot_plus_pooled10_finetune_modelset_v1::zero_shot
etard_tf64,fcnn,reconstruction,gate0_gate2_fixed_split_pooled10_modelset_v1::zero_shot,0,P10,test_-_P10_-_lb_part_4,64,pearson_r,0.0772797082146283,1501,fcnn_epoch_6,fixed_split_zero_shot_plus_pooled10_finetune_modelset_v1::zero_shot
etard_tf64,fcnn,reconstruction,gate0_gate2_fixed_split_pooled10_modelset_v1::zero_shot,0,P10,test_-_P10_-_mbDutch_part_1,64,pearson_r,0.02621089950325858,1021,fcnn_epoch_6,fixed_split_zero_shot_plus_pooled10_finetune_modelset_v1::zero_shot
etard_tf64,fcnn,reconstruction,gate0_gate2_fixed_split_pooled10_modelset_v1::zero_shot,0,P10,test_-_P10_-_mbDutch_part_2,64,pearson_r,0.09370636077238113,981,fcnn_epoch_6,fixed_split_zero_shot_plus_pooled10_finetune_modelset_v1::zero_shot
etard_tf64,fcnn,reconstruction,gate0_gate2_fixed_split_pooled10_modelset_v1::zero_shot,0,P10,test_-_P10_-_mbDutch_part_3,64,pearson_r,0.09926669896799382,995,fcnn_epoch_6,fixed_split_zero_shot_plus_pooled10_finetune_modelset_v1::zero_shot
etard_tf64,fcnn,reconstruction,gate0_gate2_fixed_split_pooled10_modelset_v1::zero_shot,0,P10,test_-_P10_-_mbDutch_part_4,64,pearson_r,0.07401879569730133,1000,fcnn_epoch_6,fixed_split_zero_shot_plus_pooled10_finetune_modelset_v1::zero_shot
etard_tf64,fcnn,reconstruction,gate0_gate2_fixed_split_pooled10_modelset_v1::zero_shot,0,P10,test_-_P10_-_mb_part_1,64,pearson_r,0.0679676740647682,945,fcnn_epoch_6,fixed_split_zero_shot_plus_pooled10_finetune_modelset_v1::zero_shot
etard_tf64,fcnn,reconstruction,gate0_gate2_fixed_split_pooled10_modelset_v1::zero_shot,0,P10,test_-_P10_-_mb_part_2,64,pearson_r,-0.11410392502481453,994,fcnn_epoch_6,fixed_split_zero_shot_plus_pooled10_finetune_modelset_v1::zero_shot
etard_tf64,fcnn,reconstruction,gate0_gate2_fixed_split_pooled10_modelset_v1::zero_shot,0,P10,test_-_P10_-_mb_part_3,64,pearson_r,0.15072515077198545,995,fcnn_epoch_6,fixed_split_zero_shot_plus_pooled10_finetune_modelset_v1::zero_shot
etard_tf64,fcnn,reconstruction,gate0_gate2_fixed_split_pooled10_modelset_v1::zero_shot,0,P10,test_-_P10_-_mb_part_4,64,pearson_r,0.005208995410900547,1034,fcnn_epoch_6,fixed_split_zero_shot_plus_pooled10_finetune_modelset_v1::zero_shot
etard_tf64,fcnn,reconstruction,gate0_gate2_fixed_split_pooled10_modelset_v1::zero_shot,0,P16,test_-_P16_-_cleanDutch_part_1,64,pearson_r,0.030673192009947954,941,fcnn_epoch_6,fixed_split_zero_shot_plus_pooled10_finetune_modelset_v1::zero_shot
etard_tf64,fcnn,reconstruction,gate0_gate2_fixed_split_pooled10_modelset_v1::zero_shot,0,P16,test_-_P16_-_cleanDutch_part_2,64,pearson_r,0.09598745887111461,963,fcnn_epoch_6,fixed_split_zero_shot_plus_pooled10_finetune_modelset_v1::zero_shot
etard_tf64,fcnn,reconstruction,gate0_gate2_fixed_split_pooled10_modelset_v1::zero_shot,0,P16,test_-_P16_-_cleanDutch_part_3,64,pearson_r,0.1754130919451659,974,fcnn_epoch_6,fixed_split_zero_shot_plus_pooled10_finetune_modelset_v1::zero_shot
etard_tf64,fcnn,reconstruction,gate0_gate2_fixed_split_pooled10_modelset_v1::zero_shot,0,P16,test_-_P16_-_cleanDutch_part_4,64,pearson_r,0.1279780052431728,970,fcnn_epoch_6,fixed_split_zero_shot_plus_pooled10_finetune_modelset_v1::zero_shot
etard_tf64,fcnn,reconstruction,gate0_gate2_fixed_split_pooled10_modelset_v1::zero_shot,0,P16,test_-_P16_-_clean_part_1,64,pearson_r,0.12098502594419856,940,fcnn_epoch_6,fixed_split_zero_shot_plus_pooled10_finetune_modelset_v1::zero_shot
etard_tf64,fcnn,reconstruction,gate0_gate2_fixed_split_pooled10_modelset_v1::zero_shot,0,P16,test_-_P16_-_clean_part_2,64,pearson_r,-0.030266531548521932,976,fcnn_epoch_6,fixed_split_zero_shot_plus_pooled10_finetune_modelset_v1::zero_shot
etard_tf64,fcnn,reconstruction,gate0_gate2_fixed_split_pooled10_modelset_v1::zero_shot,0,P16,test_-_P16_-_clean_part_3,64,pearson_r,0.019680588996942222,857,fcnn_epoch_6,fixed_split_zero_shot_plus_pooled10_finetune_modelset_v1::zero_shot
etard_tf64,fcnn,reconstruction,gate0_gate2_fixed_split_pooled10_modelset_v1::zero_shot,0,P16,test_-_P16_-_clean_part_4,64,pearson_r,0.09230924422329545,938,fcnn_epoch_6,fixed_split_zero_shot_plus_pooled10_finetune_modelset_v1::zero_shot
etard_tf64,fcnn,reconstruction,gate0_gate2_fixed_split_pooled10_modelset_v1::zero_shot,0,P16,test_-_P16_-_fM_part_1,64,pearson_r,0.11408994227545233,852,fcnn_epoch_6,fixed_split_zero_shot_plus_pooled10_finetune_modelset_v1::zero_shot
etard_tf64,fcnn,reconstruction,gate0_gate2_fixed_split_pooled10_modelset_v1::zero_shot,0,P16,test_-_P16_-_fM_part_2,64,pearson_r,0.18720600612342175,813,fcnn_epoch_6,fixed_split_zero_shot_plus_pooled10_finetune_modelset_v1::zero_shot
etard_tf64,fcnn,reconstruction,gate0_gate2_fixed_split_pooled10_modelset_v1::zero_shot,0,P16,test_-_P16_-_fM_part_3,64,pearson_r,0.11887548106539413,869,fcnn_epoch_6,fixed_split_zero_shot_plus_pooled10_finetune_modelset_v1::zero_shot
etard_tf64,fcnn,reconstruction,gate0_gate2_fixed_split_pooled10_modelset_v1::zero_shot,0,P16,test_-_P16_-_fM_part_4,64,pearson_r,0.19316098837967924,953,fcnn_epoch_6,fixed_split_zero_shot_plus_pooled10_finetune_modelset_v1::zero_shot
etard_tf64,fcnn,reconstruction,gate0_gate2_fixed_split_pooled10_modelset_v1::zero_shot,0,P16,test_-_P16_-_fW_part_1,64,pearson_r,0.04571980313964396,843,fcnn_epoch_6,fixed_split_zero_shot_plus_pooled10_finetune_modelset_v1::zero_shot
etard_tf64,fcnn,reconstruction,gate0_gate2_fixed_split_pooled10_modelset_v1::zero_shot,0,P16,test_-_P16_-_fW_part_2,64,pearson_r,0.014412799621342188,870,fcnn_epoch_6,fixed_split_zero_shot_plus_pooled10_finetune_modelset_v1::zero_shot
etard_tf64,fcnn,reconstruction,gate0_gate2_fixed_split_pooled10_modelset_v1::zero_shot,0,P16,test_-_P16_-_fW_part_3,64,pearson_r,0.051747063055465704,974,fcnn_epoch_6,fixed_split_zero_shot_plus_pooled10_finetune_modelset_v1::zero_shot
etard_tf64,fcnn,reconstruction,gate0_gate2_fixed_split_pooled10_modelset_v1::zero_shot,0,P16,test_-_P16_-_fW_part_4,64,pearson_r,-0.032602932351579066,1047,fcnn_epoch_6,fixed_split_zero_shot_plus_pooled10_finetune_modelset_v1::zero_shot
etard_tf64,fcnn,reconstruction,gate0_gate2_fixed_split_pooled10_modelset_v1::zero_shot,0,P16,test_-_P16_-_hbDutch_part_1,64,pearson_r,0.040501732629736144,984,fcnn_epoch_6,fixed_split_zero_shot_plus_pooled10_finetune_modelset_v1::zero_shot
etard_tf64,fcnn,reconstruction,gate0_gate2_fixed_split_pooled10_modelset_v1::zero_shot,0,P16,test_-_P16_-_hbDutch_part_2,64,pearson_r,-0.0010377875466108276,998,fcnn_epoch_6,fixed_split_zero_shot_plus_pooled10_finetune_modelset_v1::zero_shot
etard_tf64,fcnn,reconstruction,gate0_gate2_fixed_split_pooled10_modelset_v1::zero_shot,0,P16,test_-_P16_-_hbDutch_part_3,64,pearson_r,0.1181549439814469,1017,fcnn_epoch_6,fixed_split_zero_shot_plus_pooled10_finetune_modelset_v1::zero_shot
etard_tf64,fcnn,reconstruction,gate0_gate2_fixed_split_pooled10_modelset_v1::zero_shot,0,P16,test_-_P16_-_hbDutch_part_4,64,pearson_r,-0.016543886027401505,1001,fcnn_epoch_6,fixed_split_zero_shot_plus_pooled10_finetune_modelset_v1::zero_shot
etard_tf64,fcnn,reconstruction,gate0_gate2_fixed_split_pooled10_modelset_v1::zero_shot,0,P16,test_-_P16_-_hb_part_1,64,pearson_r,0.11400453893714861,1137,fcnn_epoch_6,fixed_split_zero_shot_plus_pooled10_finetune_modelset_v1::zero_shot
etard_tf64,fcnn,reconstruction,gate0_gate2_fixed_split_pooled10_modelset_v1::zero_shot,0,P16,test_-_P16_-_hb_part_2,64,pearson_r,-0.13334489438728564,1074,fcnn_epoch_6,fixed_split_zero_shot_plus_pooled10_finetune_modelset_v1::zero_shot
etard_tf64,fcnn,reconstruction,gate0_gate2_fixed_split_pooled10_modelset_v1::zero_shot,0,P16,test_-_P16_-_hb_part_3,64,pearson_r,0.0681720718030221,1157,fcnn_epoch_6,fixed_split_zero_shot_plus_pooled10_finetune_modelset_v1::zero_shot
etard_tf64,fcnn,reconstruction,gate0_gate2_fixed_split_pooled10_modelset_v1::zero_shot,0,P16,test_-_P16_-_hb_part_4,64,pearson_r,0.05968566505528388,1080,fcnn_epoch_6,fixed_split_zero_shot_plus_pooled10_finetune_modelset_v1::zero_shot
etard_tf64,fcnn,reconstruction,gate0_gate2_fixed_split_pooled10_modelset_v1::zero_shot,0,P16,test_-_P16_-_lbDutch_part_1,64,pearson_r,0.004367254975251009,1001,fcnn_epoch_6,fixed_split_zero_shot_plus_pooled10_finetune_modelset_v1::zero_shot
etard_tf64,fcnn,reconstruction,gate0_gate2_fixed_split_pooled10_modelset_v1::zero_shot,0,P16,test_-_P16_-_lbDutch_part_2,64,pearson_r,0.11265412015459493,1026,fcnn_epoch_6,fixed_split_zero_shot_plus_pooled10_finetune_modelset_v1::zero_shot
etard_tf64,fcnn,reconstruction,gate0_gate2_fixed_split_pooled10_modelset_v1::zero_shot,0,P16,test_-_P16_-_lbDutch_part_3,64,pearson_r,-0.018728934540431102,991,fcnn_epoch_6,fixed_split_zero_shot_plus_pooled10_finetune_modelset_v1::zero_shot
etard_tf64,fcnn,reconstruction,gate0_gate2_fixed_split_pooled10_modelset_v1::zero_shot,0,P16,test_-_P16_-_lbDutch_part_4,64,pearson_r,-0.07161587630018842,1011,fcnn_epoch_6,fixed_split_zero_shot_plus_pooled10_finetune_modelset_v1::zero_shot
etard_tf64,fcnn,reconstruction,gate0_gate2_fixed_split_pooled10_modelset_v1::zero_shot,0,P16,test_-_P16_-_lb_part_1,64,pearson_r,-0.0059857100589192965,1396,fcnn_epoch_6,fixed_split_zero_shot_plus_pooled10_finetune_modelset_v1::zero_shot
etard_tf64,fcnn,reconstruction,gate0_gate2_fixed_split_pooled10_modelset_v1::zero_shot,0,P16,test_-_P16_-_lb_part_2,64,pearson_r,0.0482777367325786,1433,fcnn_epoch_6,fixed_split_zero_shot_plus_pooled10_finetune_modelset_v1::zero_shot
etard_tf64,fcnn,reconstruction,gate0_gate2_fixed_split_pooled10_modelset_v1::zero_shot,0,P16,test_-_P16_-_lb_part_3,64,pearson_r,0.06786210818659823,1365,fcnn_epoch_6,fixed_split_zero_shot_plus_pooled10_finetune_modelset_v1::zero_shot
etard_tf64,fcnn,reconstruction,gate0_gate2_fixed_split_pooled10_modelset_v1::zero_shot,0,P16,test_-_P16_-_lb_part_4,64,pearson_r,0.17281083790222176,1501,fcnn_epoch_6,fixed_split_zero_shot_plus_pooled10_finetune_modelset_v1::zero_shot
etard_tf64,fcnn,reconstruction,gate0_gate2_fixed_split_pooled10_modelset_v1::zero_shot,0,P16,test_-_P16_-_mbDutch_part_1,64,pearson_r,0.11605439873833917,1021,fcnn_epoch_6,fixed_split_zero_shot_plus_pooled10_finetune_modelset_v1::zero_shot
etard_tf64,fcnn,reconstruction,gate0_gate2_fixed_split_pooled10_modelset_v1::zero_shot,0,P16,test_-_P16_-_mbDutch_part_2,64,pearson_r,-0.0508087474818913,981,fcnn_epoch_6,fixed_split_zero_shot_plus_pooled10_finetune_modelset_v1::zero_shot
etard_tf64,fcnn,reconstruction,gate0_gate2_fixed_split_pooled10_modelset_v1::zero_shot,0,P16,test_-_P16_-_mbDutch_part_3,64,pearson_r,-0.011296605157568659,995,fcnn_epoch_6,fixed_split_zero_shot_plus_pooled10_finetune_modelset_v1::zero_shot
etard_tf64,fcnn,reconstruction,gate0_gate2_fixed_split_pooled10_modelset_v1::zero_shot,0,P16,test_-_P16_-_mbDutch_part_4,64,pearson_r,-0.10773869495042941,1000,fcnn_epoch_6,fixed_split_zero_shot_plus_pooled10_finetune_modelset_v1::zero_shot
etard_tf64,fcnn,reconstruction,gate0_gate2_fixed_split_pooled10_modelset_v1::zero_shot,0,P16,test_-_P16_-_mb_part_1,64,pearson_r,0.08909616925076262,945,fcnn_epoch_6,fixed_split_zero_shot_plus_pooled10_finetune_modelset_v1::zero_shot
etard_tf64,fcnn,reconstruction,gate0_gate2_fixed_split_pooled10_modelset_v1::zero_shot,0,P16,test_-_P16_-_mb_part_2,64,pearson_r,-0.055573529459177005,994,fcnn_epoch_6,fixed_split_zero_shot_plus_pooled10_finetune_modelset_v1::zero_shot
etard_tf64,fcnn,reconstruction,gate0_gate2_fixed_split_pooled10_modelset_v1::zero_shot,0,P16,test_-_P16_-_mb_part_3,64,pearson_r,0.08757112065517254,995,fcnn_epoch_6,fixed_split_zero_shot_plus_pooled10_finetune_modelset_v1::zero_shot
etard_tf64,fcnn,reconstruction,gate0_gate2_fixed_split_pooled10_modelset_v1::zero_shot,0,P16,test_-_P16_-_mb_part_4,64,pearson_r,0.04299551770916066,1034,fcnn_epoch_6,fixed_split_zero_shot_plus_pooled10_finetune_modelset_v1::zero_shot
etard_tf64,fcnn,reconstruction,gate0_gate2_fixed_split_pooled10_modelset_v1::zero_shot,0,P17,test_-_P17_-_cleanDutch_part_1,64,pearson_r,0.07125166576119608,941,fcnn_epoch_6,fixed_split_zero_shot_plus_pooled10_finetune_modelset_v1::zero_shot
etard_tf64,fcnn,reconstruction,gate0_gate2_fixed_split_pooled10_modelset_v1::zero_shot,0,P17,test_-_P17_-_cleanDutch_part_2,64,pearson_r,0.058487474854688415,963,fcnn_epoch_6,fixed_split_zero_shot_plus_pooled10_finetune_modelset_v1::zero_shot
etard_tf64,fcnn,reconstruction,gate0_gate2_fixed_split_pooled10_modelset_v1::zero_shot,0,P17,test_-_P17_-_cleanDutch_part_3,64,pearson_r,0.16290273905540623,974,fcnn_epoch_6,fixed_split_zero_shot_plus_pooled10_finetune_modelset_v1::zero_shot
etard_tf64,fcnn,reconstruction,gate0_gate2_fixed_split_pooled10_modelset_v1::zero_shot,0,P17,test_-_P17_-_cleanDutch_part_4,64,pearson_r,0.1861733692899365,970,fcnn_epoch_6,fixed_split_zero_shot_plus_pooled10_finetune_modelset_v1::zero_shot
etard_tf64,fcnn,reconstruction,gate0_gate2_fixed_split_pooled10_modelset_v1::zero_shot,0,P17,test_-_P17_-_clean_part_1,64,pearson_r,-0.05096155500127315,940,fcnn_epoch_6,fixed_split_zero_shot_plus_pooled10_finetune_modelset_v1::zero_shot
etard_tf64,fcnn,reconstruction,gate0_gate2_fixed_split_pooled10_modelset_v1::zero_shot,0,P17,test_-_P17_-_clean_part_2,64,pearson_r,0.19747605112035488,976,fcnn_epoch_6,fixed_split_zero_shot_plus_pooled10_finetune_modelset_v1::zero_shot
etard_tf64,fcnn,reconstruction,gate0_gate2_fixed_split_pooled10_modelset_v1::zero_shot,0,P17,test_-_P17_-_clean_part_3,64,pearson_r,0.16187414456731578,857,fcnn_epoch_6,fixed_split_zero_shot_plus_pooled10_finetune_modelset_v1::zero_shot
etard_tf64,fcnn,reconstruction,gate0_gate2_fixed_split_pooled10_modelset_v1::zero_shot,0,P17,test_-_P17_-_clean_part_4,64,pearson_r,0.2971190950316196,938,fcnn_epoch_6,fixed_split_zero_shot_plus_pooled10_finetune_modelset_v1::zero_shot
etard_tf64,fcnn,reconstruction,gate0_gate2_fixed_split_pooled10_modelset_v1::zero_shot,0,P17,test_-_P17_-_fM_part_1,64,pearson_r,0.10633897379440325,852,fcnn_epoch_6,fixed_split_zero_shot_plus_pooled10_finetune_modelset_v1::zero_shot
etard_tf64,fcnn,reconstruction,gate0_gate2_fixed_split_pooled10_modelset_v1::zero_shot,0,P17,test_-_P17_-_fM_part_2,64,pearson_r,-0.02739478452922546,813,fcnn_epoch_6,fixed_split_zero_shot_plus_pooled10_finetune_modelset_v1::zero_shot
etard_tf64,fcnn,reconstruction,gate0_gate2_fixed_split_pooled10_modelset_v1::zero_shot,0,P17,test_-_P17_-_fM_part_3,64,pearson_r,-0.14741755740732207,869,fcnn_epoch_6,fixed_split_zero_shot_plus_pooled10_finetune_modelset_v1::zero_shot
etard_tf64,fcnn,reconstruction,gate0_gate2_fixed_split_pooled10_modelset_v1::zero_shot,0,P17,test_-_P17_-_fM_part_4,64,pearson_r,0.09905983125481853,953,fcnn_epoch_6,fixed_split_zero_shot_plus_pooled10_finetune_modelset_v1::zero_shot
etard_tf64,fcnn,reconstruction,gate0_gate2_fixed_split_pooled10_modelset_v1::zero_shot,0,P17,test_-_P17_-_fW_part_1,64,pearson_r,-0.055649993717234274,843,fcnn_epoch_6,fixed_split_zero_shot_plus_pooled10_finetune_modelset_v1::zero_shot
etard_tf64,fcnn,reconstruction,gate0_gate2_fixed_split_pooled10_modelset_v1::zero_shot,0,P17,test_-_P17_-_fW_part_2,64,pearson_r,0.07131171986969277,870,fcnn_epoch_6,fixed_split_zero_shot_plus_pooled10_finetune_modelset_v1::zero_shot
etard_tf64,fcnn,reconstruction,gate0_gate2_fixed_split_pooled10_modelset_v1::zero_shot,0,P17,test_-_P17_-_fW_part_3,64,pearson_r,0.13321242433693015,974,fcnn_epoch_6,fixed_split_zero_shot_plus_pooled10_finetune_modelset_v1::zero_shot
etard_tf64,fcnn,reconstruction,gate0_gate2_fixed_split_pooled10_modelset_v1::zero_shot,0,P17,test_-_P17_-_fW_part_4,64,pearson_r,0.07808691036501694,1047,fcnn_epoch_6,fixed_split_zero_shot_plus_pooled10_finetune_modelset_v1::zero_shot
etard_tf64,fcnn,reconstruction,gate0_gate2_fixed_split_pooled10_modelset_v1::zero_shot,0,P17,test_-_P17_-_hbDutch_part_1,64,pearson_r,0.1459583837906604,984,fcnn_epoch_6,fixed_split_zero_shot_plus_pooled10_finetune_modelset_v1::zero_shot
etard_tf64,fcnn,reconstruction,gate0_gate2_fixed_split_pooled10_modelset_v1::zero_shot,0,P17,test_-_P17_-_hbDutch_part_2,64,pearson_r,0.018868318589693428,998,fcnn_epoch_6,fixed_split_zero_shot_plus_pooled10_finetune_modelset_v1::zero_shot
etard_tf64,fcnn,reconstruction,gate0_gate2_fixed_split_pooled10_modelset_v1::zero_shot,0,P17,test_-_P17_-_hbDutch_part_3,64,pearson_r,0.2081913097179983,1017,fcnn_epoch_6,fixed_split_zero_shot_plus_pooled10_finetune_modelset_v1::zero_shot
etard_tf64,fcnn,reconstruction,gate0_gate2_fixed_split_pooled10_modelset_v1::zero_shot,0,P17,test_-_P17_-_hbDutch_part_4,64,pearson_r,-0.014117674791544703,1001,fcnn_epoch_6,fixed_split_zero_shot_plus_pooled10_finetune_modelset_v1::zero_shot
etard_tf64,fcnn,reconstruction,gate0_gate2_fixed_split_pooled10_modelset_v1::zero_shot,0,P17,test_-_P17_-_hb_part_1,64,pearson_r,-0.0841561577035116,1137,fcnn_epoch_6,fixed_split_zero_shot_plus_pooled10_finetune_modelset_v1::zero_shot
etard_tf64,fcnn,reconstruction,gate0_gate2_fixed_split_pooled10_modelset_v1::zero_shot,0,P17,test_-_P17_-_hb_part_2,64,pearson_r,0.10332763795666614,1074,fcnn_epoch_6,fixed_split_zero_shot_plus_pooled10_finetune_modelset_v1::zero_shot
etard_tf64,fcnn,reconstruction,gate0_gate2_fixed_split_pooled10_modelset_v1::zero_shot,0,P17,test_-_P17_-_hb_part_3,64,pearson_r,0.1750816967828859,1157,fcnn_epoch_6,fixed_split_zero_shot_plus_pooled10_finetune_modelset_v1::zero_shot
etard_tf64,fcnn,reconstruction,gate0_gate2_fixed_split_pooled10_modelset_v1::zero_shot,0,P17,test_-_P17_-_hb_part_4,64,pearson_r,0.014957436624807639,1080,fcnn_epoch_6,fixed_split_zero_shot_plus_pooled10_finetune_modelset_v1::zero_shot
etard_tf64,fcnn,reconstruction,gate0_gate2_fixed_split_pooled10_modelset_v1::zero_shot,0,P17,test_-_P17_-_lbDutch_part_1,64,pearson_r,-0.17433721734831933,1001,fcnn_epoch_6,fixed_split_zero_shot_plus_pooled10_finetune_modelset_v1::zero_shot
etard_tf64,fcnn,reconstruction,gate0_gate2_fixed_split_pooled10_modelset_v1::zero_shot,0,P17,test_-_P17_-_lbDutch_part_2,64,pearson_r,0.02909086321416009,1026,fcnn_epoch_6,fixed_split_zero_shot_plus_pooled10_finetune_modelset_v1::zero_shot
etard_tf64,fcnn,reconstruction,gate0_gate2_fixed_split_pooled10_modelset_v1::zero_shot,0,P17,test_-_P17_-_lbDutch_part_3,64,pearson_r,-0.01182298533328308,991,fcnn_epoch_6,fixed_split_zero_shot_plus_pooled10_finetune_modelset_v1::zero_shot
etard_tf64,fcnn,reconstruction,gate0_gate2_fixed_split_pooled10_modelset_v1::zero_shot,0,P17,test_-_P17_-_lbDutch_part_4,64,pearson_r,0.09402723243347696,1011,fcnn_epoch_6,fixed_split_zero_shot_plus_pooled10_finetune_modelset_v1::zero_shot
etard_tf64,fcnn,reconstruction,gate0_gate2_fixed_split_pooled10_modelset_v1::zero_shot,0,P17,test_-_P17_-_lb_part_1,64,pearson_r,0.06484412700837078,1396,fcnn_epoch_6,fixed_split_zero_shot_plus_pooled10_finetune_modelset_v1::zero_shot
etard_tf64,fcnn,reconstruction,gate0_gate2_fixed_split_pooled10_modelset_v1::zero_shot,0,P17,test_-_P17_-_lb_part_2,64,pearson_r,0.03288160470793693,1433,fcnn_epoch_6,fixed_split_zero_shot_plus_pooled10_finetune_modelset_v1::zero_shot
etard_tf64,fcnn,reconstruction,gate0_gate2_fixed_split_pooled10_modelset_v1::zero_shot,0,P17,test_-_P17_-_lb_part_3,64,pearson_r,0.0318156803901126,1365,fcnn_epoch_6,fixed_split_zero_shot_plus_pooled10_finetune_modelset_v1::zero_shot
etard_tf64,fcnn,reconstruction,gate0_gate2_fixed_split_pooled10_modelset_v1::zero_shot,0,P17,test_-_P17_-_lb_part_4,64,pearson_r,0.10799613579236766,1501,fcnn_epoch_6,fixed_split_zero_shot_plus_pooled10_finetune_modelset_v1::zero_shot
etard_tf64,fcnn,reconstruction,gate0_gate2_fixed_split_pooled10_modelset_v1::zero_shot,0,P17,test_-_P17_-_mbDutch_part_1,64,pearson_r,-0.15620102301312588,1021,fcnn_epoch_6,fixed_split_zero_shot_plus_pooled10_finetune_modelset_v1::zero_shot
etard_tf64,fcnn,reconstruction,gate0_gate2_fixed_split_pooled10_modelset_v1::zero_shot,0,P17,test_-_P17_-_mbDutch_part_2,64,pearson_r,-0.09797836677880087,981,fcnn_epoch_6,fixed_split_zero_shot_plus_pooled10_finetune_modelset_v1::zero_shot
etard_tf64,fcnn,reconstruction,gate0_gate2_fixed_split_pooled10_modelset_v1::zero_shot,0,P17,test_-_P17_-_mbDutch_part_3,64,pearson_r,-0.05833896013326211,995,fcnn_epoch_6,fixed_split_zero_shot_plus_pooled10_finetune_modelset_v1::zero_shot
etard_tf64,fcnn,reconstruction,gate0_gate2_fixed_split_pooled10_modelset_v1::zero_shot,0,P17,test_-_P17_-_mbDutch_part_4,64,pearson_r,-0.02469510996445582,1000,fcnn_epoch_6,fixed_split_zero_shot_plus_pooled10_finetune_modelset_v1::zero_shot
etard_tf64,fcnn,reconstruction,gate0_gate2_fixed_split_pooled10_modelset_v1::zero_shot,0,P17,test_-_P17_-_mb_part_1,64,pearson_r,-0.08813431401373222,945,fcnn_epoch_6,fixed_split_zero_shot_plus_pooled10_finetune_modelset_v1::zero_shot
etard_tf64,fcnn,reconstruction,gate0_gate2_fixed_split_pooled10_modelset_v1::zero_shot,0,P17,test_-_P17_-_mb_part_2,64,pearson_r,-0.0468478442890299,994,fcnn_epoch_6,fixed_split_zero_shot_plus_pooled10_finetune_modelset_v1::zero_shot
etard_tf64,fcnn,reconstruction,gate0_gate2_fixed_split_pooled10_modelset_v1::zero_shot,0,P17,test_-_P17_-_mb_part_3,64,pearson_r,0.12653556751776673,995,fcnn_epoch_6,fixed_split_zero_shot_plus_pooled10_finetune_modelset_v1::zero_shot
etard_tf64,fcnn,reconstruction,gate0_gate2_fixed_split_pooled10_modelset_v1::zero_shot,0,P17,test_-_P17_-_mb_part_4,64,pearson_r,0.16118441354390117,1034,fcnn_epoch_6,fixed_split_zero_shot_plus_pooled10_finetune_modelset_v1::zero_shot
etard_tf64,fcnn,reconstruction,gate0_gate2_fixed_split_pooled10_modelset_v1::pooled10_finetune,0,P03,test_-_P03_-_clean_part_1,64,pearson_r,0.0018890505244541775,940,fcnn_pooled10_epoch_9,fixed_split_zero_shot_plus_pooled10_finetune_modelset_v1::pooled10_finetune
etard_tf64,fcnn,reconstruction,gate0_gate2_fixed_split_pooled10_modelset_v1::pooled10_finetune,0,P03,test_-_P03_-_clean_part_2,64,pearson_r,0.007973625416985056,976,fcnn_pooled10_epoch_9,fixed_split_zero_shot_plus_pooled10_finetune_modelset_v1::pooled10_finetune
etard_tf64,fcnn,reconstruction,gate0_gate2_fixed_split_pooled10_modelset_v1::pooled10_finetune,0,P03,test_-_P03_-_clean_part_3,64,pearson_r,0.18162019991692738,857,fcnn_pooled10_epoch_9,fixed_split_zero_shot_plus_pooled10_finetune_modelset_v1::pooled10_finetune
etard_tf64,fcnn,reconstruction,gate0_gate2_fixed_split_pooled10_modelset_v1::pooled10_finetune,0,P03,test_-_P03_-_clean_part_4,64,pearson_r,0.17869507746560148,938,fcnn_pooled10_epoch_9,fixed_split_zero_shot_plus_pooled10_finetune_modelset_v1::pooled10_finetune
etard_tf64,fcnn,reconstruction,gate0_gate2_fixed_split_pooled10_modelset_v1::pooled10_finetune,0,P03,test_-_P03_-_fM_part_1,64,pearson_r,0.17439093527098487,852,fcnn_pooled10_epoch_9,fixed_split_zero_shot_plus_pooled10_finetune_modelset_v1::pooled10_finetune
etard_tf64,fcnn,reconstruction,gate0_gate2_fixed_split_pooled10_modelset_v1::pooled10_finetune,0,P03,test_-_P03_-_fM_part_2,64,pearson_r,0.023813997735775895,813,fcnn_pooled10_epoch_9,fixed_split_zero_shot_plus_pooled10_finetune_modelset_v1::pooled10_finetune
etard_tf64,fcnn,reconstruction,gate0_gate2_fixed_split_pooled10_modelset_v1::pooled10_finetune,0,P03,test_-_P03_-_fM_part_3,64,pearson_r,-0.0748490506338303,869,fcnn_pooled10_epoch_9,fixed_split_zero_shot_plus_pooled10_finetune_modelset_v1::pooled10_finetune
etard_tf64,fcnn,reconstruction,gate0_gate2_fixed_split_pooled10_modelset_v1::pooled10_finetune,0,P03,test_-_P03_-_fM_part_4,64,pearson_r,0.03299389666260566,953,fcnn_pooled10_epoch_9,fixed_split_zero_shot_plus_pooled10_finetune_modelset_v1::pooled10_finetune
etard_tf64,fcnn,reconstruction,gate0_gate2_fixed_split_pooled10_modelset_v1::pooled10_finetune,0,P03,test_-_P03_-_fW_part_1,64,pearson_r,0.13019015737968306,843,fcnn_pooled10_epoch_9,fixed_split_zero_shot_plus_pooled10_finetune_modelset_v1::pooled10_finetune
etard_tf64,fcnn,reconstruction,gate0_gate2_fixed_split_pooled10_modelset_v1::pooled10_finetune,0,P03,test_-_P03_-_fW_part_2,64,pearson_r,0.16404618881817473,870,fcnn_pooled10_epoch_9,fixed_split_zero_shot_plus_pooled10_finetune_modelset_v1::pooled10_finetune
etard_tf64,fcnn,reconstruction,gate0_gate2_fixed_split_pooled10_modelset_v1::pooled10_finetune,0,P03,test_-_P03_-_fW_part_3,64,pearson_r,-0.0026210600267932344,974,fcnn_pooled10_epoch_9,fixed_split_zero_shot_plus_pooled10_finetune_modelset_v1::pooled10_finetune
etard_tf64,fcnn,reconstruction,gate0_gate2_fixed_split_pooled10_modelset_v1::pooled10_finetune,0,P03,test_-_P03_-_fW_part_4,64,pearson_r,0.20768418859629234,1047,fcnn_pooled10_epoch_9,fixed_split_zero_shot_plus_pooled10_finetune_modelset_v1::pooled10_finetune
etard_tf64,fcnn,reconstruction,gate0_gate2_fixed_split_pooled10_modelset_v1::pooled10_finetune,0,P03,test_-_P03_-_hb_part_1,64,pearson_r,-0.00820162202043327,1137,fcnn_pooled10_epoch_9,fixed_split_zero_shot_plus_pooled10_finetune_modelset_v1::pooled10_finetune
etard_tf64,fcnn,reconstruction,gate0_gate2_fixed_split_pooled10_modelset_v1::pooled10_finetune,0,P03,test_-_P03_-_hb_part_2,64,pearson_r,0.010055368291479627,1074,fcnn_pooled10_epoch_9,fixed_split_zero_shot_plus_pooled10_finetune_modelset_v1::pooled10_finetune
etard_tf64,fcnn,reconstruction,gate0_gate2_fixed_split_pooled10_modelset_v1::pooled10_finetune,0,P03,test_-_P03_-_hb_part_3,64,pearson_r,-0.003580248440297857,1157,fcnn_pooled10_epoch_9,fixed_split_zero_shot_plus_pooled10_finetune_modelset_v1::pooled10_finetune
etard_tf64,fcnn,reconstruction,gate0_gate2_fixed_split_pooled10_modelset_v1::pooled10_finetune,0,P03,test_-_P03_-_hb_part_4,64,pearson_r,0.07344686280142544,1080,fcnn_pooled10_epoch_9,fixed_split_zero_shot_plus_pooled10_finetune_modelset_v1::pooled10_finetune
etard_tf64,fcnn,reconstruction,gate0_gate2_fixed_split_pooled10_modelset_v1::pooled10_finetune,0,P03,test_-_P03_-_lb_part_1,64,pearson_r,-0.004231836340524421,1396,fcnn_pooled10_epoch_9,fixed_split_zero_shot_plus_pooled10_finetune_modelset_v1::pooled10_finetune
etard_tf64,fcnn,reconstruction,gate0_gate2_fixed_split_pooled10_modelset_v1::pooled10_finetune,0,P03,test_-_P03_-_lb_part_2,64,pearson_r,0.09388338674282348,1433,fcnn_pooled10_epoch_9,fixed_split_zero_shot_plus_pooled10_finetune_modelset_v1::pooled10_finetune
etard_tf64,fcnn,reconstruction,gate0_gate2_fixed_split_pooled10_modelset_v1::pooled10_finetune,0,P03,test_-_P03_-_lb_part_3,64,pearson_r,0.008042979748349444,1365,fcnn_pooled10_epoch_9,fixed_split_zero_shot_plus_pooled10_finetune_modelset_v1::pooled10_finetune
etard_tf64,fcnn,reconstruction,gate0_gate2_fixed_split_pooled10_modelset_v1::pooled10_finetune,0,P03,test_-_P03_-_lb_part_4,64,pearson_r,-0.02651847293049813,1501,fcnn_pooled10_epoch_9,fixed_split_zero_shot_plus_pooled10_finetune_modelset_v1::pooled10_finetune
etard_tf64,fcnn,reconstruction,gate0_gate2_fixed_split_pooled10_modelset_v1::pooled10_finetune,0,P03,test_-_P03_-_mb_part_1,64,pearson_r,-0.15934580192722891,945,fcnn_pooled10_epoch_9,fixed_split_zero_shot_plus_pooled10_finetune_modelset_v1::pooled10_finetune
etard_tf64,fcnn,reconstruction,gate0_gate2_fixed_split_pooled10_modelset_v1::pooled10_finetune,0,P03,test_-_P03_-_mb_part_2,64,pearson_r,0.1313486675985826,994,fcnn_pooled10_epoch_9,fixed_split_zero_shot_plus_pooled10_finetune_modelset_v1::pooled10_finetune
etard_tf64,fcnn,reconstruction,gate0_gate2_fixed_split_pooled10_modelset_v1::pooled10_finetune,0,P03,test_-_P03_-_mb_part_3,64,pearson_r,0.026410298327128382,995,fcnn_pooled10_epoch_9,fixed_split_zero_shot_plus_pooled10_finetune_modelset_v1::pooled10_finetune
etard_tf64,fcnn,reconstruction,gate0_gate2_fixed_split_pooled10_modelset_v1::pooled10_finetune,0,P03,test_-_P03_-_mb_part_4,64,pearson_r,0.011327431858558317,1034,fcnn_pooled10_epoch_9,fixed_split_zero_shot_plus_pooled10_finetune_modelset_v1::pooled10_finetune
etard_tf64,fcnn,reconstruction,gate0_gate2_fixed_split_pooled10_modelset_v1::pooled10_finetune,0,P10,test_-_P10_-_cleanDutch_part_1,64,pearson_r,-0.009200483382395111,941,fcnn_pooled10_epoch_9,fixed_split_zero_shot_plus_pooled10_finetune_modelset_v1::pooled10_finetune
etard_tf64,fcnn,reconstruction,gate0_gate2_fixed_split_pooled10_modelset_v1::pooled10_finetune,0,P10,test_-_P10_-_cleanDutch_part_2,64,pearson_r,-0.01932506823647975,963,fcnn_pooled10_epoch_9,fixed_split_zero_shot_plus_pooled10_finetune_modelset_v1::pooled10_finetune
etard_tf64,fcnn,reconstruction,gate0_gate2_fixed_split_pooled10_modelset_v1::pooled10_finetune,0,P10,test_-_P10_-_cleanDutch_part_3,64,pearson_r,0.1764866540197998,974,fcnn_pooled10_epoch_9,fixed_split_zero_shot_plus_pooled10_finetune_modelset_v1::pooled10_finetune
etard_tf64,fcnn,reconstruction,gate0_gate2_fixed_split_pooled10_modelset_v1::pooled10_finetune,0,P10,test_-_P10_-_cleanDutch_part_4,64,pearson_r,0.0855326715403767,970,fcnn_pooled10_epoch_9,fixed_split_zero_shot_plus_pooled10_finetune_modelset_v1::pooled10_finetune
etard_tf64,fcnn,reconstruction,gate0_gate2_fixed_split_pooled10_modelset_v1::pooled10_finetune,0,P10,test_-_P10_-_clean_part_1,64,pearson_r,0.0897365677935902,940,fcnn_pooled10_epoch_9,fixed_split_zero_shot_plus_pooled10_finetune_modelset_v1::pooled10_finetune
etard_tf64,fcnn,reconstruction,gate0_gate2_fixed_split_pooled10_modelset_v1::pooled10_finetune,0,P10,test_-_P10_-_clean_part_2,64,pearson_r,0.19039135428306014,976,fcnn_pooled10_epoch_9,fixed_split_zero_shot_plus_pooled10_finetune_modelset_v1::pooled10_finetune
etard_tf64,fcnn,reconstruction,gate0_gate2_fixed_split_pooled10_modelset_v1::pooled10_finetune,0,P10,test_-_P10_-_clean_part_3,64,pearson_r,0.15851908578832688,857,fcnn_pooled10_epoch_9,fixed_split_zero_shot_plus_pooled10_finetune_modelset_v1::pooled10_finetune
etard_tf64,fcnn,reconstruction,gate0_gate2_fixed_split_pooled10_modelset_v1::pooled10_finetune,0,P10,test_-_P10_-_clean_part_4,64,pearson_r,0.29126110622646234,938,fcnn_pooled10_epoch_9,fixed_split_zero_shot_plus_pooled10_finetune_modelset_v1::pooled10_finetune
etard_tf64,fcnn,reconstruction,gate0_gate2_fixed_split_pooled10_modelset_v1::pooled10_finetune,0,P10,test_-_P10_-_fM_part_1,64,pearson_r,0.0949323345336822,852,fcnn_pooled10_epoch_9,fixed_split_zero_shot_plus_pooled10_finetune_modelset_v1::pooled10_finetune
etard_tf64,fcnn,reconstruction,gate0_gate2_fixed_split_pooled10_modelset_v1::pooled10_finetune,0,P10,test_-_P10_-_fM_part_2,64,pearson_r,0.16584196523236336,813,fcnn_pooled10_epoch_9,fixed_split_zero_shot_plus_pooled10_finetune_modelset_v1::pooled10_finetune
etard_tf64,fcnn,reconstruction,gate0_gate2_fixed_split_pooled10_modelset_v1::pooled10_finetune,0,P10,test_-_P10_-_fM_part_3,64,pearson_r,0.06180016117429077,869,fcnn_pooled10_epoch_9,fixed_split_zero_shot_plus_pooled10_finetune_modelset_v1::pooled10_finetune
etard_tf64,fcnn,reconstruction,gate0_gate2_fixed_split_pooled10_modelset_v1::pooled10_finetune,0,P10,test_-_P10_-_fM_part_4,64,pearson_r,0.17355351583184814,953,fcnn_pooled10_epoch_9,fixed_split_zero_shot_plus_pooled10_finetune_modelset_v1::pooled10_finetune
etard_tf64,fcnn,reconstruction,gate0_gate2_fixed_split_pooled10_modelset_v1::pooled10_finetune,0,P10,test_-_P10_-_fW_part_1,64,pearson_r,0.2688182274770621,843,fcnn_pooled10_epoch_9,fixed_split_zero_shot_plus_pooled10_finetune_modelset_v1::pooled10_finetune
etard_tf64,fcnn,reconstruction,gate0_gate2_fixed_split_pooled10_modelset_v1::pooled10_finetune,0,P10,test_-_P10_-_fW_part_2,64,pearson_r,0.17470709876815352,870,fcnn_pooled10_epoch_9,fixed_split_zero_shot_plus_pooled10_finetune_modelset_v1::pooled10_finetune
etard_tf64,fcnn,reconstruction,gate0_gate2_fixed_split_pooled10_modelset_v1::pooled10_finetune,0,P10,test_-_P10_-_fW_part_3,64,pearson_r,0.04158992539704407,974,fcnn_pooled10_epoch_9,fixed_split_zero_shot_plus_pooled10_finetune_modelset_v1::pooled10_finetune
etard_tf64,fcnn,reconstruction,gate0_gate2_fixed_split_pooled10_modelset_v1::pooled10_finetune,0,P10,test_-_P10_-_fW_part_4,64,pearson_r,0.19970404681382756,1047,fcnn_pooled10_epoch_9,fixed_split_zero_shot_plus_pooled10_finetune_modelset_v1::pooled10_finetune
etard_tf64,fcnn,reconstruction,gate0_gate2_fixed_split_pooled10_modelset_v1::pooled10_finetune,0,P10,test_-_P10_-_hbDutch_part_1,64,pearson_r,0.18831313695781599,984,fcnn_pooled10_epoch_9,fixed_split_zero_shot_plus_pooled10_finetune_modelset_v1::pooled10_finetune
etard_tf64,fcnn,reconstruction,gate0_gate2_fixed_split_pooled10_modelset_v1::pooled10_finetune,0,P10,test_-_P10_-_hbDutch_part_2,64,pearson_r,0.15082401030621606,998,fcnn_pooled10_epoch_9,fixed_split_zero_shot_plus_pooled10_finetune_modelset_v1::pooled10_finetune
etard_tf64,fcnn,reconstruction,gate0_gate2_fixed_split_pooled10_modelset_v1::pooled10_finetune,0,P10,test_-_P10_-_hbDutch_part_3,64,pearson_r,0.21270209122318579,1017,fcnn_pooled10_epoch_9,fixed_split_zero_shot_plus_pooled10_finetune_modelset_v1::pooled10_finetune
etard_tf64,fcnn,reconstruction,gate0_gate2_fixed_split_pooled10_modelset_v1::pooled10_finetune,0,P10,test_-_P10_-_hbDutch_part_4,64,pearson_r,0.08487497917828282,1001,fcnn_pooled10_epoch_9,fixed_split_zero_shot_plus_pooled10_finetune_modelset_v1::pooled10_finetune
etard_tf64,fcnn,reconstruction,gate0_gate2_fixed_split_pooled10_modelset_v1::pooled10_finetune,0,P10,test_-_P10_-_hb_part_1,64,pearson_r,0.18052957880422732,1137,fcnn_pooled10_epoch_9,fixed_split_zero_shot_plus_pooled10_finetune_modelset_v1::pooled10_finetune
etard_tf64,fcnn,reconstruction,gate0_gate2_fixed_split_pooled10_modelset_v1::pooled10_finetune,0,P10,test_-_P10_-_hb_part_2,64,pearson_r,0.028249894969447867,1074,fcnn_pooled10_epoch_9,fixed_split_zero_shot_plus_pooled10_finetune_modelset_v1::pooled10_finetune
etard_tf64,fcnn,reconstruction,gate0_gate2_fixed_split_pooled10_modelset_v1::pooled10_finetune,0,P10,test_-_P10_-_hb_part_3,64,pearson_r,-0.04810251996356787,1157,fcnn_pooled10_epoch_9,fixed_split_zero_shot_plus_pooled10_finetune_modelset_v1::pooled10_finetune
etard_tf64,fcnn,reconstruction,gate0_gate2_fixed_split_pooled10_modelset_v1::pooled10_finetune,0,P10,test_-_P10_-_hb_part_4,64,pearson_r,0.06538017812815261,1080,fcnn_pooled10_epoch_9,fixed_split_zero_shot_plus_pooled10_finetune_modelset_v1::pooled10_finetune
etard_tf64,fcnn,reconstruction,gate0_gate2_fixed_split_pooled10_modelset_v1::pooled10_finetune,0,P10,test_-_P10_-_lbDutch_part_1,64,pearson_r,0.03857400614287581,1001,fcnn_pooled10_epoch_9,fixed_split_zero_shot_plus_pooled10_finetune_modelset_v1::pooled10_finetune
etard_tf64,fcnn,reconstruction,gate0_gate2_fixed_split_pooled10_modelset_v1::pooled10_finetune,0,P10,test_-_P10_-_lbDutch_part_2,64,pearson_r,0.08260273589950116,1026,fcnn_pooled10_epoch_9,fixed_split_zero_shot_plus_pooled10_finetune_modelset_v1::pooled10_finetune
etard_tf64,fcnn,reconstruction,gate0_gate2_fixed_split_pooled10_modelset_v1::pooled10_finetune,0,P10,test_-_P10_-_lbDutch_part_3,64,pearson_r,0.06306621508852231,991,fcnn_pooled10_epoch_9,fixed_split_zero_shot_plus_pooled10_finetune_modelset_v1::pooled10_finetune
etard_tf64,fcnn,reconstruction,gate0_gate2_fixed_split_pooled10_modelset_v1::pooled10_finetune,0,P10,test_-_P10_-_lbDutch_part_4,64,pearson_r,0.02897462543325271,1011,fcnn_pooled10_epoch_9,fixed_split_zero_shot_plus_pooled10_finetune_modelset_v1::pooled10_finetune
etard_tf64,fcnn,reconstruction,gate0_gate2_fixed_split_pooled10_modelset_v1::pooled10_finetune,0,P10,test_-_P10_-_lb_part_1,64,pearson_r,0.07176570095648596,1396,fcnn_pooled10_epoch_9,fixed_split_zero_shot_plus_pooled10_finetune_modelset_v1::pooled10_finetune
etard_tf64,fcnn,reconstruction,gate0_gate2_fixed_split_pooled10_modelset_v1::pooled10_finetune,0,P10,test_-_P10_-_lb_part_2,64,pearson_r,0.021653912059336682,1433,fcnn_pooled10_epoch_9,fixed_split_zero_shot_plus_pooled10_finetune_modelset_v1::pooled10_finetune
etard_tf64,fcnn,reconstruction,gate0_gate2_fixed_split_pooled10_modelset_v1::pooled10_finetune,0,P10,test_-_P10_-_lb_part_3,64,pearson_r,0.07989841811277658,1365,fcnn_pooled10_epoch_9,fixed_split_zero_shot_plus_pooled10_finetune_modelset_v1::pooled10_finetune
etard_tf64,fcnn,reconstruction,gate0_gate2_fixed_split_pooled10_modelset_v1::pooled10_finetune,0,P10,test_-_P10_-_lb_part_4,64,pearson_r,0.06495842718177415,1501,fcnn_pooled10_epoch_9,fixed_split_zero_shot_plus_pooled10_finetune_modelset_v1::pooled10_finetune
etard_tf64,fcnn,reconstruction,gate0_gate2_fixed_split_pooled10_modelset_v1::pooled10_finetune,0,P10,test_-_P10_-_mbDutch_part_1,64,pearson_r,0.03804863071895996,1021,fcnn_pooled10_epoch_9,fixed_split_zero_shot_plus_pooled10_finetune_modelset_v1::pooled10_finetune
etard_tf64,fcnn,reconstruction,gate0_gate2_fixed_split_pooled10_modelset_v1::pooled10_finetune,0,P10,test_-_P10_-_mbDutch_part_2,64,pearson_r,0.0691877418931861,981,fcnn_pooled10_epoch_9,fixed_split_zero_shot_plus_pooled10_finetune_modelset_v1::pooled10_finetune
etard_tf64,fcnn,reconstruction,gate0_gate2_fixed_split_pooled10_modelset_v1::pooled10_finetune,0,P10,test_-_P10_-_mbDutch_part_3,64,pearson_r,-0.03825526252090648,995,fcnn_pooled10_epoch_9,fixed_split_zero_shot_plus_pooled10_finetune_modelset_v1::pooled10_finetune
etard_tf64,fcnn,reconstruction,gate0_gate2_fixed_split_pooled10_modelset_v1::pooled10_finetune,0,P10,test_-_P10_-_mbDutch_part_4,64,pearson_r,0.04897256426682451,1000,fcnn_pooled10_epoch_9,fixed_split_zero_shot_plus_pooled10_finetune_modelset_v1::pooled10_finetune
etard_tf64,fcnn,reconstruction,gate0_gate2_fixed_split_pooled10_modelset_v1::pooled10_finetune,0,P10,test_-_P10_-_mb_part_1,64,pearson_r,-0.025145009043975187,945,fcnn_pooled10_epoch_9,fixed_split_zero_shot_plus_pooled10_finetune_modelset_v1::pooled10_finetune
etard_tf64,fcnn,reconstruction,gate0_gate2_fixed_split_pooled10_modelset_v1::pooled10_finetune,0,P10,test_-_P10_-_mb_part_2,64,pearson_r,0.04937116341872493,994,fcnn_pooled10_epoch_9,fixed_split_zero_shot_plus_pooled10_finetune_modelset_v1::pooled10_finetune
etard_tf64,fcnn,reconstruction,gate0_gate2_fixed_split_pooled10_modelset_v1::pooled10_finetune,0,P10,test_-_P10_-_mb_part_3,64,pearson_r,0.08157100095943058,995,fcnn_pooled10_epoch_9,fixed_split_zero_shot_plus_pooled10_finetune_modelset_v1::pooled10_finetune
etard_tf64,fcnn,reconstruction,gate0_gate2_fixed_split_pooled10_modelset_v1::pooled10_finetune,0,P10,test_-_P10_-_mb_part_4,64,pearson_r,0.012790250228212709,1034,fcnn_pooled10_epoch_9,fixed_split_zero_shot_plus_pooled10_finetune_modelset_v1::pooled10_finetune
etard_tf64,fcnn,reconstruction,gate0_gate2_fixed_split_pooled10_modelset_v1::pooled10_finetune,0,P16,test_-_P16_-_cleanDutch_part_1,64,pearson_r,0.021589959628853773,941,fcnn_pooled10_epoch_9,fixed_split_zero_shot_plus_pooled10_finetune_modelset_v1::pooled10_finetune
etard_tf64,fcnn,reconstruction,gate0_gate2_fixed_split_pooled10_modelset_v1::pooled10_finetune,0,P16,test_-_P16_-_cleanDutch_part_2,64,pearson_r,-0.015092860254816496,963,fcnn_pooled10_epoch_9,fixed_split_zero_shot_plus_pooled10_finetune_modelset_v1::pooled10_finetune
etard_tf64,fcnn,reconstruction,gate0_gate2_fixed_split_pooled10_modelset_v1::pooled10_finetune,0,P16,test_-_P16_-_cleanDutch_part_3,64,pearson_r,0.1590516728832381,974,fcnn_pooled10_epoch_9,fixed_split_zero_shot_plus_pooled10_finetune_modelset_v1::pooled10_finetune
etard_tf64,fcnn,reconstruction,gate0_gate2_fixed_split_pooled10_modelset_v1::pooled10_finetune,0,P16,test_-_P16_-_cleanDutch_part_4,64,pearson_r,0.12863267757009295,970,fcnn_pooled10_epoch_9,fixed_split_zero_shot_plus_pooled10_finetune_modelset_v1::pooled10_finetune
etard_tf64,fcnn,reconstruction,gate0_gate2_fixed_split_pooled10_modelset_v1::pooled10_finetune,0,P16,test_-_P16_-_clean_part_1,64,pearson_r,0.13239197197378194,940,fcnn_pooled10_epoch_9,fixed_split_zero_shot_plus_pooled10_finetune_modelset_v1::pooled10_finetune
etard_tf64,fcnn,reconstruction,gate0_gate2_fixed_split_pooled10_modelset_v1::pooled10_finetune,0,P16,test_-_P16_-_clean_part_2,64,pearson_r,0.12320471415000943,976,fcnn_pooled10_epoch_9,fixed_split_zero_shot_plus_pooled10_finetune_modelset_v1::pooled10_finetune
etard_tf64,fcnn,reconstruction,gate0_gate2_fixed_split_pooled10_modelset_v1::pooled10_finetune,0,P16,test_-_P16_-_clean_part_3,64,pearson_r,0.21427579433912955,857,fcnn_pooled10_epoch_9,fixed_split_zero_shot_plus_pooled10_finetune_modelset_v1::pooled10_finetune
etard_tf64,fcnn,reconstruction,gate0_gate2_fixed_split_pooled10_modelset_v1::pooled10_finetune,0,P16,test_-_P16_-_clean_part_4,64,pearson_r,0.19039706517606153,938,fcnn_pooled10_epoch_9,fixed_split_zero_shot_plus_pooled10_finetune_modelset_v1::pooled10_finetune
etard_tf64,fcnn,reconstruction,gate0_gate2_fixed_split_pooled10_modelset_v1::pooled10_finetune,0,P16,test_-_P16_-_fM_part_1,64,pearson_r,0.08038240451136079,852,fcnn_pooled10_epoch_9,fixed_split_zero_shot_plus_pooled10_finetune_modelset_v1::pooled10_finetune
etard_tf64,fcnn,reconstruction,gate0_gate2_fixed_split_pooled10_modelset_v1::pooled10_finetune,0,P16,test_-_P16_-_fM_part_2,64,pearson_r,0.2235421510466495,813,fcnn_pooled10_epoch_9,fixed_split_zero_shot_plus_pooled10_finetune_modelset_v1::pooled10_finetune
etard_tf64,fcnn,reconstruction,gate0_gate2_fixed_split_pooled10_modelset_v1::pooled10_finetune,0,P16,test_-_P16_-_fM_part_3,64,pearson_r,0.008644767250472071,869,fcnn_pooled10_epoch_9,fixed_split_zero_shot_plus_pooled10_finetune_modelset_v1::pooled10_finetune
etard_tf64,fcnn,reconstruction,gate0_gate2_fixed_split_pooled10_modelset_v1::pooled10_finetune,0,P16,test_-_P16_-_fM_part_4,64,pearson_r,0.28835068723497387,953,fcnn_pooled10_epoch_9,fixed_split_zero_shot_plus_pooled10_finetune_modelset_v1::pooled10_finetune
etard_tf64,fcnn,reconstruction,gate0_gate2_fixed_split_pooled10_modelset_v1::pooled10_finetune,0,P16,test_-_P16_-_fW_part_1,64,pearson_r,0.08976808439807539,843,fcnn_pooled10_epoch_9,fixed_split_zero_shot_plus_pooled10_finetune_modelset_v1::pooled10_finetune
etard_tf64,fcnn,reconstruction,gate0_gate2_fixed_split_pooled10_modelset_v1::pooled10_finetune,0,P16,test_-_P16_-_fW_part_2,64,pearson_r,-0.07500031340752267,870,fcnn_pooled10_epoch_9,fixed_split_zero_shot_plus_pooled10_finetune_modelset_v1::pooled10_finetune
etard_tf64,fcnn,reconstruction,gate0_gate2_fixed_split_pooled10_modelset_v1::pooled10_finetune,0,P16,test_-_P16_-_fW_part_3,64,pearson_r,0.030794497505245162,974,fcnn_pooled10_epoch_9,fixed_split_zero_shot_plus_pooled10_finetune_modelset_v1::pooled10_finetune
etard_tf64,fcnn,reconstruction,gate0_gate2_fixed_split_pooled10_modelset_v1::pooled10_finetune,0,P16,test_-_P16_-_fW_part_4,64,pearson_r,0.14118353165036923,1047,fcnn_pooled10_epoch_9,fixed_split_zero_shot_plus_pooled10_finetune_modelset_v1::pooled10_finetune
etard_tf64,fcnn,reconstruction,gate0_gate2_fixed_split_pooled10_modelset_v1::pooled10_finetune,0,P16,test_-_P16_-_hbDutch_part_1,64,pearson_r,0.06282637815337737,984,fcnn_pooled10_epoch_9,fixed_split_zero_shot_plus_pooled10_finetune_modelset_v1::pooled10_finetune
etard_tf64,fcnn,reconstruction,gate0_gate2_fixed_split_pooled10_modelset_v1::pooled10_finetune,0,P16,test_-_P16_-_hbDutch_part_2,64,pearson_r,0.04693439045048558,998,fcnn_pooled10_epoch_9,fixed_split_zero_shot_plus_pooled10_finetune_modelset_v1::pooled10_finetune
etard_tf64,fcnn,reconstruction,gate0_gate2_fixed_split_pooled10_modelset_v1::pooled10_finetune,0,P16,test_-_P16_-_hbDutch_part_3,64,pearson_r,0.09278270283492378,1017,fcnn_pooled10_epoch_9,fixed_split_zero_shot_plus_pooled10_finetune_modelset_v1::pooled10_finetune
etard_tf64,fcnn,reconstruction,gate0_gate2_fixed_split_pooled10_modelset_v1::pooled10_finetune,0,P16,test_-_P16_-_hbDutch_part_4,64,pearson_r,0.010659341829024371,1001,fcnn_pooled10_epoch_9,fixed_split_zero_shot_plus_pooled10_finetune_modelset_v1::pooled10_finetune
etard_tf64,fcnn,reconstruction,gate0_gate2_fixed_split_pooled10_modelset_v1::pooled10_finetune,0,P16,test_-_P16_-_hb_part_1,64,pearson_r,0.018026898152739695,1137,fcnn_pooled10_epoch_9,fixed_split_zero_shot_plus_pooled10_finetune_modelset_v1::pooled10_finetune
etard_tf64,fcnn,reconstruction,gate0_gate2_fixed_split_pooled10_modelset_v1::pooled10_finetune,0,P16,test_-_P16_-_hb_part_2,64,pearson_r,-0.05959125475367151,1074,fcnn_pooled10_epoch_9,fixed_split_zero_shot_plus_pooled10_finetune_modelset_v1::pooled10_finetune
etard_tf64,fcnn,reconstruction,gate0_gate2_fixed_split_pooled10_modelset_v1::pooled10_finetune,0,P16,test_-_P16_-_hb_part_3,64,pearson_r,-0.05412166515329167,1157,fcnn_pooled10_epoch_9,fixed_split_zero_shot_plus_pooled10_finetune_modelset_v1::pooled10_finetune
etard_tf64,fcnn,reconstruction,gate0_gate2_fixed_split_pooled10_modelset_v1::pooled10_finetune,0,P16,test_-_P16_-_hb_part_4,64,pearson_r,0.042883128791836485,1080,fcnn_pooled10_epoch_9,fixed_split_zero_shot_plus_pooled10_finetune_modelset_v1::pooled10_finetune
etard_tf64,fcnn,reconstruction,gate0_gate2_fixed_split_pooled10_modelset_v1::pooled10_finetune,0,P16,test_-_P16_-_lbDutch_part_1,64,pearson_r,0.061616163228679764,1001,fcnn_pooled10_epoch_9,fixed_split_zero_shot_plus_pooled10_finetune_modelset_v1::pooled10_finetune
etard_tf64,fcnn,reconstruction,gate0_gate2_fixed_split_pooled10_modelset_v1::pooled10_finetune,0,P16,test_-_P16_-_lbDutch_part_2,64,pearson_r,0.15306125663399234,1026,fcnn_pooled10_epoch_9,fixed_split_zero_shot_plus_pooled10_finetune_modelset_v1::pooled10_finetune
etard_tf64,fcnn,reconstruction,gate0_gate2_fixed_split_pooled10_modelset_v1::pooled10_finetune,0,P16,test_-_P16_-_lbDutch_part_3,64,pearson_r,0.07108530512516513,991,fcnn_pooled10_epoch_9,fixed_split_zero_shot_plus_pooled10_finetune_modelset_v1::pooled10_finetune
etard_tf64,fcnn,reconstruction,gate0_gate2_fixed_split_pooled10_modelset_v1::pooled10_finetune,0,P16,test_-_P16_-_lbDutch_part_4,64,pearson_r,0.12396989740171357,1011,fcnn_pooled10_epoch_9,fixed_split_zero_shot_plus_pooled10_finetune_modelset_v1::pooled10_finetune
etard_tf64,fcnn,reconstruction,gate0_gate2_fixed_split_pooled10_modelset_v1::pooled10_finetune,0,P16,test_-_P16_-_lb_part_1,64,pearson_r,0.04142921102569344,1396,fcnn_pooled10_epoch_9,fixed_split_zero_shot_plus_pooled10_finetune_modelset_v1::pooled10_finetune
etard_tf64,fcnn,reconstruction,gate0_gate2_fixed_split_pooled10_modelset_v1::pooled10_finetune,0,P16,test_-_P16_-_lb_part_2,64,pearson_r,0.05948867845312412,1433,fcnn_pooled10_epoch_9,fixed_split_zero_shot_plus_pooled10_finetune_modelset_v1::pooled10_finetune
etard_tf64,fcnn,reconstruction,gate0_gate2_fixed_split_pooled10_modelset_v1::pooled10_finetune,0,P16,test_-_P16_-_lb_part_3,64,pearson_r,0.06936904560113047,1365,fcnn_pooled10_epoch_9,fixed_split_zero_shot_plus_pooled10_finetune_modelset_v1::pooled10_finetune
etard_tf64,fcnn,reconstruction,gate0_gate2_fixed_split_pooled10_modelset_v1::pooled10_finetune,0,P16,test_-_P16_-_lb_part_4,64,pearson_r,0.151979813746927,1501,fcnn_pooled10_epoch_9,fixed_split_zero_shot_plus_pooled10_finetune_modelset_v1::pooled10_finetune
etard_tf64,fcnn,reconstruction,gate0_gate2_fixed_split_pooled10_modelset_v1::pooled10_finetune,0,P16,test_-_P16_-_mbDutch_part_1,64,pearson_r,0.17426462681162463,1021,fcnn_pooled10_epoch_9,fixed_split_zero_shot_plus_pooled10_finetune_modelset_v1::pooled10_finetune
etard_tf64,fcnn,reconstruction,gate0_gate2_fixed_split_pooled10_modelset_v1::pooled10_finetune,0,P16,test_-_P16_-_mbDutch_part_2,64,pearson_r,0.0032351773113132518,981,fcnn_pooled10_epoch_9,fixed_split_zero_shot_plus_pooled10_finetune_modelset_v1::pooled10_finetune
etard_tf64,fcnn,reconstruction,gate0_gate2_fixed_split_pooled10_modelset_v1::pooled10_finetune,0,P16,test_-_P16_-_mbDutch_part_3,64,pearson_r,-0.11297948281634379,995,fcnn_pooled10_epoch_9,fixed_split_zero_shot_plus_pooled10_finetune_modelset_v1::pooled10_finetune
etard_tf64,fcnn,reconstruction,gate0_gate2_fixed_split_pooled10_modelset_v1::pooled10_finetune,0,P16,test_-_P16_-_mbDutch_part_4,64,pearson_r,-0.08886829360909662,1000,fcnn_pooled10_epoch_9,fixed_split_zero_shot_plus_pooled10_finetune_modelset_v1::pooled10_finetune
etard_tf64,fcnn,reconstruction,gate0_gate2_fixed_split_pooled10_modelset_v1::pooled10_finetune,0,P16,test_-_P16_-_mb_part_1,64,pearson_r,0.04686333610586921,945,fcnn_pooled10_epoch_9,fixed_split_zero_shot_plus_pooled10_finetune_modelset_v1::pooled10_finetune
etard_tf64,fcnn,reconstruction,gate0_gate2_fixed_split_pooled10_modelset_v1::pooled10_finetune,0,P16,test_-_P16_-_mb_part_2,64,pearson_r,0.08472479480380467,994,fcnn_pooled10_epoch_9,fixed_split_zero_shot_plus_pooled10_finetune_modelset_v1::pooled10_finetune
etard_tf64,fcnn,reconstruction,gate0_gate2_fixed_split_pooled10_modelset_v1::pooled10_finetune,0,P16,test_-_P16_-_mb_part_3,64,pearson_r,0.014721831264451892,995,fcnn_pooled10_epoch_9,fixed_split_zero_shot_plus_pooled10_finetune_modelset_v1::pooled10_finetune
etard_tf64,fcnn,reconstruction,gate0_gate2_fixed_split_pooled10_modelset_v1::pooled10_finetune,0,P16,test_-_P16_-_mb_part_4,64,pearson_r,-0.0005221500650142518,1034,fcnn_pooled10_epoch_9,fixed_split_zero_shot_plus_pooled10_finetune_modelset_v1::pooled10_finetune
etard_tf64,fcnn,reconstruction,gate0_gate2_fixed_split_pooled10_modelset_v1::pooled10_finetune,0,P17,test_-_P17_-_cleanDutch_part_1,64,pearson_r,0.161975497345666,941,fcnn_pooled10_epoch_9,fixed_split_zero_shot_plus_pooled10_finetune_modelset_v1::pooled10_finetune
etard_tf64,fcnn,reconstruction,gate0_gate2_fixed_split_pooled10_modelset_v1::pooled10_finetune,0,P17,test_-_P17_-_cleanDutch_part_2,64,pearson_r,0.25223024714683917,963,fcnn_pooled10_epoch_9,fixed_split_zero_shot_plus_pooled10_finetune_modelset_v1::pooled10_finetune
etard_tf64,fcnn,reconstruction,gate0_gate2_fixed_split_pooled10_modelset_v1::pooled10_finetune,0,P17,test_-_P17_-_cleanDutch_part_3,64,pearson_r,0.23061964412476652,974,fcnn_pooled10_epoch_9,fixed_split_zero_shot_plus_pooled10_finetune_modelset_v1::pooled10_finetune
etard_tf64,fcnn,reconstruction,gate0_gate2_fixed_split_pooled10_modelset_v1::pooled10_finetune,0,P17,test_-_P17_-_cleanDutch_part_4,64,pearson_r,0.18138404957773352,970,fcnn_pooled10_epoch_9,fixed_split_zero_shot_plus_pooled10_finetune_modelset_v1::pooled10_finetune
etard_tf64,fcnn,reconstruction,gate0_gate2_fixed_split_pooled10_modelset_v1::pooled10_finetune,0,P17,test_-_P17_-_clean_part_1,64,pearson_r,-0.037312013687098584,940,fcnn_pooled10_epoch_9,fixed_split_zero_shot_plus_pooled10_finetune_modelset_v1::pooled10_finetune
etard_tf64,fcnn,reconstruction,gate0_gate2_fixed_split_pooled10_modelset_v1::pooled10_finetune,0,P17,test_-_P17_-_clean_part_2,64,pearson_r,0.20141870798646022,976,fcnn_pooled10_epoch_9,fixed_split_zero_shot_plus_pooled10_finetune_modelset_v1::pooled10_finetune
etard_tf64,fcnn,reconstruction,gate0_gate2_fixed_split_pooled10_modelset_v1::pooled10_finetune,0,P17,test_-_P17_-_clean_part_3,64,pearson_r,0.20893694511501754,857,fcnn_pooled10_epoch_9,fixed_split_zero_shot_plus_pooled10_finetune_modelset_v1::pooled10_finetune
etard_tf64,fcnn,reconstruction,gate0_gate2_fixed_split_pooled10_modelset_v1::pooled10_finetune,0,P17,test_-_P17_-_clean_part_4,64,pearson_r,0.3096759198281835,938,fcnn_pooled10_epoch_9,fixed_split_zero_shot_plus_pooled10_finetune_modelset_v1::pooled10_finetune
etard_tf64,fcnn,reconstruction,gate0_gate2_fixed_split_pooled10_modelset_v1::pooled10_finetune,0,P17,test_-_P17_-_fM_part_1,64,pearson_r,0.14691849368634866,852,fcnn_pooled10_epoch_9,fixed_split_zero_shot_plus_pooled10_finetune_modelset_v1::pooled10_finetune
etard_tf64,fcnn,reconstruction,gate0_gate2_fixed_split_pooled10_modelset_v1::pooled10_finetune,0,P17,test_-_P17_-_fM_part_2,64,pearson_r,-0.016260854382118918,813,fcnn_pooled10_epoch_9,fixed_split_zero_shot_plus_pooled10_finetune_modelset_v1::pooled10_finetune
etard_tf64,fcnn,reconstruction,gate0_gate2_fixed_split_pooled10_modelset_v1::pooled10_finetune,0,P17,test_-_P17_-_fM_part_3,64,pearson_r,-0.17650258734834978,869,fcnn_pooled10_epoch_9,fixed_split_zero_shot_plus_pooled10_finetune_modelset_v1::pooled10_finetune
etard_tf64,fcnn,reconstruction,gate0_gate2_fixed_split_pooled10_modelset_v1::pooled10_finetune,0,P17,test_-_P17_-_fM_part_4,64,pearson_r,0.09858617933591873,953,fcnn_pooled10_epoch_9,fixed_split_zero_shot_plus_pooled10_finetune_modelset_v1::pooled10_finetune
etard_tf64,fcnn,reconstruction,gate0_gate2_fixed_split_pooled10_modelset_v1::pooled10_finetune,0,P17,test_-_P17_-_fW_part_1,64,pearson_r,0.06696025075045677,843,fcnn_pooled10_epoch_9,fixed_split_zero_shot_plus_pooled10_finetune_modelset_v1::pooled10_finetune
etard_tf64,fcnn,reconstruction,gate0_gate2_fixed_split_pooled10_modelset_v1::pooled10_finetune,0,P17,test_-_P17_-_fW_part_2,64,pearson_r,0.10838869002928744,870,fcnn_pooled10_epoch_9,fixed_split_zero_shot_plus_pooled10_finetune_modelset_v1::pooled10_finetune
etard_tf64,fcnn,reconstruction,gate0_gate2_fixed_split_pooled10_modelset_v1::pooled10_finetune,0,P17,test_-_P17_-_fW_part_3,64,pearson_r,0.09486767621733387,974,fcnn_pooled10_epoch_9,fixed_split_zero_shot_plus_pooled10_finetune_modelset_v1::pooled10_finetune
etard_tf64,fcnn,reconstruction,gate0_gate2_fixed_split_pooled10_modelset_v1::pooled10_finetune,0,P17,test_-_P17_-_fW_part_4,64,pearson_r,0.06345802030907152,1047,fcnn_pooled10_epoch_9,fixed_split_zero_shot_plus_pooled10_finetune_modelset_v1::pooled10_finetune
etard_tf64,fcnn,reconstruction,gate0_gate2_fixed_split_pooled10_modelset_v1::pooled10_finetune,0,P17,test_-_P17_-_hbDutch_part_1,64,pearson_r,0.17801388630948017,984,fcnn_pooled10_epoch_9,fixed_split_zero_shot_plus_pooled10_finetune_modelset_v1::pooled10_finetune
etard_tf64,fcnn,reconstruction,gate0_gate2_fixed_split_pooled10_modelset_v1::pooled10_finetune,0,P17,test_-_P17_-_hbDutch_part_2,64,pearson_r,0.025471011688677943,998,fcnn_pooled10_epoch_9,fixed_split_zero_shot_plus_pooled10_finetune_modelset_v1::pooled10_finetune
etard_tf64,fcnn,reconstruction,gate0_gate2_fixed_split_pooled10_modelset_v1::pooled10_finetune,0,P17,test_-_P17_-_hbDutch_part_3,64,pearson_r,0.10599212338889721,1017,fcnn_pooled10_epoch_9,fixed_split_zero_shot_plus_pooled10_finetune_modelset_v1::pooled10_finetune
etard_tf64,fcnn,reconstruction,gate0_gate2_fixed_split_pooled10_modelset_v1::pooled10_finetune,0,P17,test_-_P17_-_hbDutch_part_4,64,pearson_r,0.02154883912910578,1001,fcnn_pooled10_epoch_9,fixed_split_zero_shot_plus_pooled10_finetune_modelset_v1::pooled10_finetune
etard_tf64,fcnn,reconstruction,gate0_gate2_fixed_split_pooled10_modelset_v1::pooled10_finetune,0,P17,test_-_P17_-_hb_part_1,64,pearson_r,-0.0034663345357673096,1137,fcnn_pooled10_epoch_9,fixed_split_zero_shot_plus_pooled10_finetune_modelset_v1::pooled10_finetune
etard_tf64,fcnn,reconstruction,gate0_gate2_fixed_split_pooled10_modelset_v1::pooled10_finetune,0,P17,test_-_P17_-_hb_part_2,64,pearson_r,0.030412416464771618,1074,fcnn_pooled10_epoch_9,fixed_split_zero_shot_plus_pooled10_finetune_modelset_v1::pooled10_finetune
etard_tf64,fcnn,reconstruction,gate0_gate2_fixed_split_pooled10_modelset_v1::pooled10_finetune,0,P17,test_-_P17_-_hb_part_3,64,pearson_r,0.13616063766284092,1157,fcnn_pooled10_epoch_9,fixed_split_zero_shot_plus_pooled10_finetune_modelset_v1::pooled10_finetune
etard_tf64,fcnn,reconstruction,gate0_gate2_fixed_split_pooled10_modelset_v1::pooled10_finetune,0,P17,test_-_P17_-_hb_part_4,64,pearson_r,0.04083062988224517,1080,fcnn_pooled10_epoch_9,fixed_split_zero_shot_plus_pooled10_finetune_modelset_v1::pooled10_finetune
etard_tf64,fcnn,reconstruction,gate0_gate2_fixed_split_pooled10_modelset_v1::pooled10_finetune,0,P17,test_-_P17_-_lbDutch_part_1,64,pearson_r,-0.04945976498631334,1001,fcnn_pooled10_epoch_9,fixed_split_zero_shot_plus_pooled10_finetune_modelset_v1::pooled10_finetune
etard_tf64,fcnn,reconstruction,gate0_gate2_fixed_split_pooled10_modelset_v1::pooled10_finetune,0,P17,test_-_P17_-_lbDutch_part_2,64,pearson_r,0.00023992634330766732,1026,fcnn_pooled10_epoch_9,fixed_split_zero_shot_plus_pooled10_finetune_modelset_v1::pooled10_finetune
etard_tf64,fcnn,reconstruction,gate0_gate2_fixed_split_pooled10_modelset_v1::pooled10_finetune,0,P17,test_-_P17_-_lbDutch_part_3,64,pearson_r,0.0847424815576594,991,fcnn_pooled10_epoch_9,fixed_split_zero_shot_plus_pooled10_finetune_modelset_v1::pooled10_finetune
etard_tf64,fcnn,reconstruction,gate0_gate2_fixed_split_pooled10_modelset_v1::pooled10_finetune,0,P17,test_-_P17_-_lbDutch_part_4,64,pearson_r,0.04350814479898434,1011,fcnn_pooled10_epoch_9,fixed_split_zero_shot_plus_pooled10_finetune_modelset_v1::pooled10_finetune
etard_tf64,fcnn,reconstruction,gate0_gate2_fixed_split_pooled10_modelset_v1::pooled10_finetune,0,P17,test_-_P17_-_lb_part_1,64,pearson_r,0.013949212912699818,1396,fcnn_pooled10_epoch_9,fixed_split_zero_shot_plus_pooled10_finetune_modelset_v1::pooled10_finetune
etard_tf64,fcnn,reconstruction,gate0_gate2_fixed_split_pooled10_modelset_v1::pooled10_finetune,0,P17,test_-_P17_-_lb_part_2,64,pearson_r,0.006082529532057231,1433,fcnn_pooled10_epoch_9,fixed_split_zero_shot_plus_pooled10_finetune_modelset_v1::pooled10_finetune
etard_tf64,fcnn,reconstruction,gate0_gate2_fixed_split_pooled10_modelset_v1::pooled10_finetune,0,P17,test_-_P17_-_lb_part_3,64,pearson_r,0.13802102492484222,1365,fcnn_pooled10_epoch_9,fixed_split_zero_shot_plus_pooled10_finetune_modelset_v1::pooled10_finetune
etard_tf64,fcnn,reconstruction,gate0_gate2_fixed_split_pooled10_modelset_v1::pooled10_finetune,0,P17,test_-_P17_-_lb_part_4,64,pearson_r,0.10788017151377195,1501,fcnn_pooled10_epoch_9,fixed_split_zero_shot_plus_pooled10_finetune_modelset_v1::pooled10_finetune
etard_tf64,fcnn,reconstruction,gate0_gate2_fixed_split_pooled10_modelset_v1::pooled10_finetune,0,P17,test_-_P17_-_mbDutch_part_1,64,pearson_r,-0.046969954304373916,1021,fcnn_pooled10_epoch_9,fixed_split_zero_shot_plus_pooled10_finetune_modelset_v1::pooled10_finetune
etard_tf64,fcnn,reconstruction,gate0_gate2_fixed_split_pooled10_modelset_v1::pooled10_finetune,0,P17,test_-_P17_-_mbDutch_part_2,64,pearson_r,0.030612052059538424,981,fcnn_pooled10_epoch_9,fixed_split_zero_shot_plus_pooled10_finetune_modelset_v1::pooled10_finetune
etard_tf64,fcnn,reconstruction,gate0_gate2_fixed_split_pooled10_modelset_v1::pooled10_finetune,0,P17,test_-_P17_-_mbDutch_part_3,64,pearson_r,0.059742231841618525,995,fcnn_pooled10_epoch_9,fixed_split_zero_shot_plus_pooled10_finetune_modelset_v1::pooled10_finetune
etard_tf64,fcnn,reconstruction,gate0_gate2_fixed_split_pooled10_modelset_v1::pooled10_finetune,0,P17,test_-_P17_-_mbDutch_part_4,64,pearson_r,0.040036048466271436,1000,fcnn_pooled10_epoch_9,fixed_split_zero_shot_plus_pooled10_finetune_modelset_v1::pooled10_finetune
etard_tf64,fcnn,reconstruction,gate0_gate2_fixed_split_pooled10_modelset_v1::pooled10_finetune,0,P17,test_-_P17_-_mb_part_1,64,pearson_r,-0.03799810135269406,945,fcnn_pooled10_epoch_9,fixed_split_zero_shot_plus_pooled10_finetune_modelset_v1::pooled10_finetune
etard_tf64,fcnn,reconstruction,gate0_gate2_fixed_split_pooled10_modelset_v1::pooled10_finetune,0,P17,test_-_P17_-_mb_part_2,64,pearson_r,0.03276749273015952,994,fcnn_pooled10_epoch_9,fixed_split_zero_shot_plus_pooled10_finetune_modelset_v1::pooled10_finetune
etard_tf64,fcnn,reconstruction,gate0_gate2_fixed_split_pooled10_modelset_v1::pooled10_finetune,0,P17,test_-_P17_-_mb_part_3,64,pearson_r,0.05892520475275157,995,fcnn_pooled10_epoch_9,fixed_split_zero_shot_plus_pooled10_finetune_modelset_v1::pooled10_finetune
etard_tf64,fcnn,reconstruction,gate0_gate2_fixed_split_pooled10_modelset_v1::pooled10_finetune,0,P17,test_-_P17_-_mb_part_4,64,pearson_r,0.24261822741317174,1034,fcnn_pooled10_epoch_9,fixed_split_zero_shot_plus_pooled10_finetune_modelset_v1::pooled10_finetune
etard_tf64,adt,reconstruction,gate0_gate2_fixed_split_pooled10_modelset_v1::zero_shot,0,P03,test_-_P03_-_clean_part_1,64,pearson_r,-0.027644858922382984,960,adt_epoch_7,fixed_split_zero_shot_plus_pooled10_finetune_modelset_v1::zero_shot
etard_tf64,adt,reconstruction,gate0_gate2_fixed_split_pooled10_modelset_v1::zero_shot,0,P03,test_-_P03_-_clean_part_2,64,pearson_r,-0.10383189473462977,1024,adt_epoch_7,fixed_split_zero_shot_plus_pooled10_finetune_modelset_v1::zero_shot
etard_tf64,adt,reconstruction,gate0_gate2_fixed_split_pooled10_modelset_v1::zero_shot,0,P03,test_-_P03_-_clean_part_3,64,pearson_r,0.14223632674047973,896,adt_epoch_7,fixed_split_zero_shot_plus_pooled10_finetune_modelset_v1::zero_shot
etard_tf64,adt,reconstruction,gate0_gate2_fixed_split_pooled10_modelset_v1::zero_shot,0,P03,test_-_P03_-_clean_part_4,64,pearson_r,0.15452268845530204,960,adt_epoch_7,fixed_split_zero_shot_plus_pooled10_finetune_modelset_v1::zero_shot
etard_tf64,adt,reconstruction,gate0_gate2_fixed_split_pooled10_modelset_v1::zero_shot,0,P03,test_-_P03_-_fM_part_1,64,pearson_r,0.1763866971754402,896,adt_epoch_7,fixed_split_zero_shot_plus_pooled10_finetune_modelset_v1::zero_shot
etard_tf64,adt,reconstruction,gate0_gate2_fixed_split_pooled10_modelset_v1::zero_shot,0,P03,test_-_P03_-_fM_part_2,64,pearson_r,0.003884281737417141,832,adt_epoch_7,fixed_split_zero_shot_plus_pooled10_finetune_modelset_v1::zero_shot
etard_tf64,adt,reconstruction,gate0_gate2_fixed_split_pooled10_modelset_v1::zero_shot,0,P03,test_-_P03_-_fM_part_3,64,pearson_r,0.14607687790184407,896,adt_epoch_7,fixed_split_zero_shot_plus_pooled10_finetune_modelset_v1::zero_shot
etard_tf64,adt,reconstruction,gate0_gate2_fixed_split_pooled10_modelset_v1::zero_shot,0,P03,test_-_P03_-_fM_part_4,64,pearson_r,0.03740415924893486,960,adt_epoch_7,fixed_split_zero_shot_plus_pooled10_finetune_modelset_v1::zero_shot
etard_tf64,adt,reconstruction,gate0_gate2_fixed_split_pooled10_modelset_v1::zero_shot,0,P03,test_-_P03_-_fW_part_1,64,pearson_r,0.04421625363678023,832,adt_epoch_7,fixed_split_zero_shot_plus_pooled10_finetune_modelset_v1::zero_shot
etard_tf64,adt,reconstruction,gate0_gate2_fixed_split_pooled10_modelset_v1::zero_shot,0,P03,test_-_P03_-_fW_part_2,64,pearson_r,-0.10610968267520693,896,adt_epoch_7,fixed_split_zero_shot_plus_pooled10_finetune_modelset_v1::zero_shot
etard_tf64,adt,reconstruction,gate0_gate2_fixed_split_pooled10_modelset_v1::zero_shot,0,P03,test_-_P03_-_fW_part_3,64,pearson_r,0.156709766447841,960,adt_epoch_7,fixed_split_zero_shot_plus_pooled10_finetune_modelset_v1::zero_shot
etard_tf64,adt,reconstruction,gate0_gate2_fixed_split_pooled10_modelset_v1::zero_shot,0,P03,test_-_P03_-_fW_part_4,64,pearson_r,0.03901908105039863,1088,adt_epoch_7,fixed_split_zero_shot_plus_pooled10_finetune_modelset_v1::zero_shot
etard_tf64,adt,reconstruction,gate0_gate2_fixed_split_pooled10_modelset_v1::zero_shot,0,P03,test_-_P03_-_hb_part_1,64,pearson_r,-0.14070398857690167,1152,adt_epoch_7,fixed_split_zero_shot_plus_pooled10_finetune_modelset_v1::zero_shot
etard_tf64,adt,reconstruction,gate0_gate2_fixed_split_pooled10_modelset_v1::zero_shot,0,P03,test_-_P03_-_hb_part_2,64,pearson_r,0.06739038754169141,1088,adt_epoch_7,fixed_split_zero_shot_plus_pooled10_finetune_modelset_v1::zero_shot
etard_tf64,adt,reconstruction,gate0_gate2_fixed_split_pooled10_modelset_v1::zero_shot,0,P03,test_-_P03_-_hb_part_3,64,pearson_r,0.04144457141449093,1152,adt_epoch_7,fixed_split_zero_shot_plus_pooled10_finetune_modelset_v1::zero_shot
etard_tf64,adt,reconstruction,gate0_gate2_fixed_split_pooled10_modelset_v1::zero_shot,0,P03,test_-_P03_-_hb_part_4,64,pearson_r,0.18327345634459513,1088,adt_epoch_7,fixed_split_zero_shot_plus_pooled10_finetune_modelset_v1::zero_shot
etard_tf64,adt,reconstruction,gate0_gate2_fixed_split_pooled10_modelset_v1::zero_shot,0,P03,test_-_P03_-_lb_part_1,64,pearson_r,0.1704082558270586,1408,adt_epoch_7,fixed_split_zero_shot_plus_pooled10_finetune_modelset_v1::zero_shot
etard_tf64,adt,reconstruction,gate0_gate2_fixed_split_pooled10_modelset_v1::zero_shot,0,P03,test_-_P03_-_lb_part_2,64,pearson_r,0.09656059213538534,1472,adt_epoch_7,fixed_split_zero_shot_plus_pooled10_finetune_modelset_v1::zero_shot
etard_tf64,adt,reconstruction,gate0_gate2_fixed_split_pooled10_modelset_v1::zero_shot,0,P03,test_-_P03_-_lb_part_3,64,pearson_r,0.06614507016810971,1408,adt_epoch_7,fixed_split_zero_shot_plus_pooled10_finetune_modelset_v1::zero_shot
etard_tf64,adt,reconstruction,gate0_gate2_fixed_split_pooled10_modelset_v1::zero_shot,0,P03,test_-_P03_-_lb_part_4,64,pearson_r,0.12485556183141573,1536,adt_epoch_7,fixed_split_zero_shot_plus_pooled10_finetune_modelset_v1::zero_shot
etard_tf64,adt,reconstruction,gate0_gate2_fixed_split_pooled10_modelset_v1::zero_shot,0,P03,test_-_P03_-_mb_part_1,64,pearson_r,-0.08967052336683103,960,adt_epoch_7,fixed_split_zero_shot_plus_pooled10_finetune_modelset_v1::zero_shot
etard_tf64,adt,reconstruction,gate0_gate2_fixed_split_pooled10_modelset_v1::zero_shot,0,P03,test_-_P03_-_mb_part_2,64,pearson_r,-0.0037264315055489826,1024,adt_epoch_7,fixed_split_zero_shot_plus_pooled10_finetune_modelset_v1::zero_shot
etard_tf64,adt,reconstruction,gate0_gate2_fixed_split_pooled10_modelset_v1::zero_shot,0,P03,test_-_P03_-_mb_part_3,64,pearson_r,0.011996118099956973,1024,adt_epoch_7,fixed_split_zero_shot_plus_pooled10_finetune_modelset_v1::zero_shot
etard_tf64,adt,reconstruction,gate0_gate2_fixed_split_pooled10_modelset_v1::zero_shot,0,P03,test_-_P03_-_mb_part_4,64,pearson_r,0.10986320797995695,1024,adt_epoch_7,fixed_split_zero_shot_plus_pooled10_finetune_modelset_v1::zero_shot
etard_tf64,adt,reconstruction,gate0_gate2_fixed_split_pooled10_modelset_v1::zero_shot,0,P10,test_-_P10_-_cleanDutch_part_1,64,pearson_r,-0.08108870597843708,960,adt_epoch_7,fixed_split_zero_shot_plus_pooled10_finetune_modelset_v1::zero_shot
etard_tf64,adt,reconstruction,gate0_gate2_fixed_split_pooled10_modelset_v1::zero_shot,0,P10,test_-_P10_-_cleanDutch_part_2,64,pearson_r,0.07586220056114285,960,adt_epoch_7,fixed_split_zero_shot_plus_pooled10_finetune_modelset_v1::zero_shot
etard_tf64,adt,reconstruction,gate0_gate2_fixed_split_pooled10_modelset_v1::zero_shot,0,P10,test_-_P10_-_cleanDutch_part_3,64,pearson_r,0.16796797415629933,960,adt_epoch_7,fixed_split_zero_shot_plus_pooled10_finetune_modelset_v1::zero_shot
etard_tf64,adt,reconstruction,gate0_gate2_fixed_split_pooled10_modelset_v1::zero_shot,0,P10,test_-_P10_-_cleanDutch_part_4,64,pearson_r,0.1314039355749625,960,adt_epoch_7,fixed_split_zero_shot_plus_pooled10_finetune_modelset_v1::zero_shot
etard_tf64,adt,reconstruction,gate0_gate2_fixed_split_pooled10_modelset_v1::zero_shot,0,P10,test_-_P10_-_clean_part_1,64,pearson_r,0.16494299692980427,960,adt_epoch_7,fixed_split_zero_shot_plus_pooled10_finetune_modelset_v1::zero_shot
etard_tf64,adt,reconstruction,gate0_gate2_fixed_split_pooled10_modelset_v1::zero_shot,0,P10,test_-_P10_-_clean_part_2,64,pearson_r,0.26278174616507005,1024,adt_epoch_7,fixed_split_zero_shot_plus_pooled10_finetune_modelset_v1::zero_shot
etard_tf64,adt,reconstruction,gate0_gate2_fixed_split_pooled10_modelset_v1::zero_shot,0,P10,test_-_P10_-_clean_part_3,64,pearson_r,0.3458891761361817,896,adt_epoch_7,fixed_split_zero_shot_plus_pooled10_finetune_modelset_v1::zero_shot
etard_tf64,adt,reconstruction,gate0_gate2_fixed_split_pooled10_modelset_v1::zero_shot,0,P10,test_-_P10_-_clean_part_4,64,pearson_r,0.2338964418824038,960,adt_epoch_7,fixed_split_zero_shot_plus_pooled10_finetune_modelset_v1::zero_shot
etard_tf64,adt,reconstruction,gate0_gate2_fixed_split_pooled10_modelset_v1::zero_shot,0,P10,test_-_P10_-_fM_part_1,64,pearson_r,0.02082211908648738,896,adt_epoch_7,fixed_split_zero_shot_plus_pooled10_finetune_modelset_v1::zero_shot
etard_tf64,adt,reconstruction,gate0_gate2_fixed_split_pooled10_modelset_v1::zero_shot,0,P10,test_-_P10_-_fM_part_2,64,pearson_r,0.2119169697731881,832,adt_epoch_7,fixed_split_zero_shot_plus_pooled10_finetune_modelset_v1::zero_shot
etard_tf64,adt,reconstruction,gate0_gate2_fixed_split_pooled10_modelset_v1::zero_shot,0,P10,test_-_P10_-_fM_part_3,64,pearson_r,0.05723026485380889,896,adt_epoch_7,fixed_split_zero_shot_plus_pooled10_finetune_modelset_v1::zero_shot
etard_tf64,adt,reconstruction,gate0_gate2_fixed_split_pooled10_modelset_v1::zero_shot,0,P10,test_-_P10_-_fM_part_4,64,pearson_r,0.15841767305662063,960,adt_epoch_7,fixed_split_zero_shot_plus_pooled10_finetune_modelset_v1::zero_shot
etard_tf64,adt,reconstruction,gate0_gate2_fixed_split_pooled10_modelset_v1::zero_shot,0,P10,test_-_P10_-_fW_part_1,64,pearson_r,0.1724184910336777,832,adt_epoch_7,fixed_split_zero_shot_plus_pooled10_finetune_modelset_v1::zero_shot
etard_tf64,adt,reconstruction,gate0_gate2_fixed_split_pooled10_modelset_v1::zero_shot,0,P10,test_-_P10_-_fW_part_2,64,pearson_r,0.12252131974004352,896,adt_epoch_7,fixed_split_zero_shot_plus_pooled10_finetune_modelset_v1::zero_shot
etard_tf64,adt,reconstruction,gate0_gate2_fixed_split_pooled10_modelset_v1::zero_shot,0,P10,test_-_P10_-_fW_part_3,64,pearson_r,0.03904894080481757,960,adt_epoch_7,fixed_split_zero_shot_plus_pooled10_finetune_modelset_v1::zero_shot
etard_tf64,adt,reconstruction,gate0_gate2_fixed_split_pooled10_modelset_v1::zero_shot,0,P10,test_-_P10_-_fW_part_4,64,pearson_r,0.28694871225570556,1088,adt_epoch_7,fixed_split_zero_shot_plus_pooled10_finetune_modelset_v1::zero_shot
etard_tf64,adt,reconstruction,gate0_gate2_fixed_split_pooled10_modelset_v1::zero_shot,0,P10,test_-_P10_-_hbDutch_part_1,64,pearson_r,0.016768484064365197,1024,adt_epoch_7,fixed_split_zero_shot_plus_pooled10_finetune_modelset_v1::zero_shot
etard_tf64,adt,reconstruction,gate0_gate2_fixed_split_pooled10_modelset_v1::zero_shot,0,P10,test_-_P10_-_hbDutch_part_2,64,pearson_r,0.05696046109897405,1024,adt_epoch_7,fixed_split_zero_shot_plus_pooled10_finetune_modelset_v1::zero_shot
etard_tf64,adt,reconstruction,gate0_gate2_fixed_split_pooled10_modelset_v1::zero_shot,0,P10,test_-_P10_-_hbDutch_part_3,64,pearson_r,0.006837905236135367,1024,adt_epoch_7,fixed_split_zero_shot_plus_pooled10_finetune_modelset_v1::zero_shot
etard_tf64,adt,reconstruction,gate0_gate2_fixed_split_pooled10_modelset_v1::zero_shot,0,P10,test_-_P10_-_hbDutch_part_4,64,pearson_r,0.1271911292921034,1024,adt_epoch_7,fixed_split_zero_shot_plus_pooled10_finetune_modelset_v1::zero_shot
etard_tf64,adt,reconstruction,gate0_gate2_fixed_split_pooled10_modelset_v1::zero_shot,0,P10,test_-_P10_-_hb_part_1,64,pearson_r,0.11491539652195462,1152,adt_epoch_7,fixed_split_zero_shot_plus_pooled10_finetune_modelset_v1::zero_shot
etard_tf64,adt,reconstruction,gate0_gate2_fixed_split_pooled10_modelset_v1::zero_shot,0,P10,test_-_P10_-_hb_part_2,64,pearson_r,0.21002963514503065,1088,adt_epoch_7,fixed_split_zero_shot_plus_pooled10_finetune_modelset_v1::zero_shot
etard_tf64,adt,reconstruction,gate0_gate2_fixed_split_pooled10_modelset_v1::zero_shot,0,P10,test_-_P10_-_hb_part_3,64,pearson_r,0.2504301113972407,1152,adt_epoch_7,fixed_split_zero_shot_plus_pooled10_finetune_modelset_v1::zero_shot
etard_tf64,adt,reconstruction,gate0_gate2_fixed_split_pooled10_modelset_v1::zero_shot,0,P10,test_-_P10_-_hb_part_4,64,pearson_r,0.13980297393032592,1088,adt_epoch_7,fixed_split_zero_shot_plus_pooled10_finetune_modelset_v1::zero_shot
etard_tf64,adt,reconstruction,gate0_gate2_fixed_split_pooled10_modelset_v1::zero_shot,0,P10,test_-_P10_-_lbDutch_part_1,64,pearson_r,0.03567140442517773,1024,adt_epoch_7,fixed_split_zero_shot_plus_pooled10_finetune_modelset_v1::zero_shot
etard_tf64,adt,reconstruction,gate0_gate2_fixed_split_pooled10_modelset_v1::zero_shot,0,P10,test_-_P10_-_lbDutch_part_2,64,pearson_r,0.09700859176153682,1024,adt_epoch_7,fixed_split_zero_shot_plus_pooled10_finetune_modelset_v1::zero_shot
etard_tf64,adt,reconstruction,gate0_gate2_fixed_split_pooled10_modelset_v1::zero_shot,0,P10,test_-_P10_-_lbDutch_part_3,64,pearson_r,0.004264459750822177,1024,adt_epoch_7,fixed_split_zero_shot_plus_pooled10_finetune_modelset_v1::zero_shot
etard_tf64,adt,reconstruction,gate0_gate2_fixed_split_pooled10_modelset_v1::zero_shot,0,P10,test_-_P10_-_lbDutch_part_4,64,pearson_r,-0.03308555393909171,1024,adt_epoch_7,fixed_split_zero_shot_plus_pooled10_finetune_modelset_v1::zero_shot
etard_tf64,adt,reconstruction,gate0_gate2_fixed_split_pooled10_modelset_v1::zero_shot,0,P10,test_-_P10_-_lb_part_1,64,pearson_r,-0.04565661975900925,1408,adt_epoch_7,fixed_split_zero_shot_plus_pooled10_finetune_modelset_v1::zero_shot
etard_tf64,adt,reconstruction,gate0_gate2_fixed_split_pooled10_modelset_v1::zero_shot,0,P10,test_-_P10_-_lb_part_2,64,pearson_r,0.13123786897202813,1472,adt_epoch_7,fixed_split_zero_shot_plus_pooled10_finetune_modelset_v1::zero_shot
etard_tf64,adt,reconstruction,gate0_gate2_fixed_split_pooled10_modelset_v1::zero_shot,0,P10,test_-_P10_-_lb_part_3,64,pearson_r,0.11835840814840223,1408,adt_epoch_7,fixed_split_zero_shot_plus_pooled10_finetune_modelset_v1::zero_shot
etard_tf64,adt,reconstruction,gate0_gate2_fixed_split_pooled10_modelset_v1::zero_shot,0,P10,test_-_P10_-_lb_part_4,64,pearson_r,0.09863848465252581,1536,adt_epoch_7,fixed_split_zero_shot_plus_pooled10_finetune_modelset_v1::zero_shot
etard_tf64,adt,reconstruction,gate0_gate2_fixed_split_pooled10_modelset_v1::zero_shot,0,P10,test_-_P10_-_mbDutch_part_1,64,pearson_r,0.01263084128010515,1024,adt_epoch_7,fixed_split_zero_shot_plus_pooled10_finetune_modelset_v1::zero_shot
etard_tf64,adt,reconstruction,gate0_gate2_fixed_split_pooled10_modelset_v1::zero_shot,0,P10,test_-_P10_-_mbDutch_part_2,64,pearson_r,0.06534958743350765,1024,adt_epoch_7,fixed_split_zero_shot_plus_pooled10_finetune_modelset_v1::zero_shot
etard_tf64,adt,reconstruction,gate0_gate2_fixed_split_pooled10_modelset_v1::zero_shot,0,P10,test_-_P10_-_mbDutch_part_3,64,pearson_r,-0.06570241039830209,1024,adt_epoch_7,fixed_split_zero_shot_plus_pooled10_finetune_modelset_v1::zero_shot
etard_tf64,adt,reconstruction,gate0_gate2_fixed_split_pooled10_modelset_v1::zero_shot,0,P10,test_-_P10_-_mbDutch_part_4,64,pearson_r,-0.08921650196413644,1024,adt_epoch_7,fixed_split_zero_shot_plus_pooled10_finetune_modelset_v1::zero_shot
etard_tf64,adt,reconstruction,gate0_gate2_fixed_split_pooled10_modelset_v1::zero_shot,0,P10,test_-_P10_-_mb_part_1,64,pearson_r,0.27287060490366777,960,adt_epoch_7,fixed_split_zero_shot_plus_pooled10_finetune_modelset_v1::zero_shot
etard_tf64,adt,reconstruction,gate0_gate2_fixed_split_pooled10_modelset_v1::zero_shot,0,P10,test_-_P10_-_mb_part_2,64,pearson_r,0.09204649368748763,1024,adt_epoch_7,fixed_split_zero_shot_plus_pooled10_finetune_modelset_v1::zero_shot
etard_tf64,adt,reconstruction,gate0_gate2_fixed_split_pooled10_modelset_v1::zero_shot,0,P10,test_-_P10_-_mb_part_3,64,pearson_r,0.0884363076835941,1024,adt_epoch_7,fixed_split_zero_shot_plus_pooled10_finetune_modelset_v1::zero_shot
etard_tf64,adt,reconstruction,gate0_gate2_fixed_split_pooled10_modelset_v1::zero_shot,0,P10,test_-_P10_-_mb_part_4,64,pearson_r,0.1814809268262578,1024,adt_epoch_7,fixed_split_zero_shot_plus_pooled10_finetune_modelset_v1::zero_shot
etard_tf64,adt,reconstruction,gate0_gate2_fixed_split_pooled10_modelset_v1::zero_shot,0,P16,test_-_P16_-_cleanDutch_part_1,64,pearson_r,0.0898488177830792,960,adt_epoch_7,fixed_split_zero_shot_plus_pooled10_finetune_modelset_v1::zero_shot
etard_tf64,adt,reconstruction,gate0_gate2_fixed_split_pooled10_modelset_v1::zero_shot,0,P16,test_-_P16_-_cleanDutch_part_2,64,pearson_r,0.05191670409980916,960,adt_epoch_7,fixed_split_zero_shot_plus_pooled10_finetune_modelset_v1::zero_shot
etard_tf64,adt,reconstruction,gate0_gate2_fixed_split_pooled10_modelset_v1::zero_shot,0,P16,test_-_P16_-_cleanDutch_part_3,64,pearson_r,-0.015561262593547976,960,adt_epoch_7,fixed_split_zero_shot_plus_pooled10_finetune_modelset_v1::zero_shot
etard_tf64,adt,reconstruction,gate0_gate2_fixed_split_pooled10_modelset_v1::zero_shot,0,P16,test_-_P16_-_cleanDutch_part_4,64,pearson_r,0.21929241097488042,960,adt_epoch_7,fixed_split_zero_shot_plus_pooled10_finetune_modelset_v1::zero_shot
etard_tf64,adt,reconstruction,gate0_gate2_fixed_split_pooled10_modelset_v1::zero_shot,0,P16,test_-_P16_-_clean_part_1,64,pearson_r,0.006995229307767861,960,adt_epoch_7,fixed_split_zero_shot_plus_pooled10_finetune_modelset_v1::zero_shot
etard_tf64,adt,reconstruction,gate0_gate2_fixed_split_pooled10_modelset_v1::zero_shot,0,P16,test_-_P16_-_clean_part_2,64,pearson_r,0.12268904653002388,1024,adt_epoch_7,fixed_split_zero_shot_plus_pooled10_finetune_modelset_v1::zero_shot
etard_tf64,adt,reconstruction,gate0_gate2_fixed_split_pooled10_modelset_v1::zero_shot,0,P16,test_-_P16_-_clean_part_3,64,pearson_r,-0.059198730616402476,896,adt_epoch_7,fixed_split_zero_shot_plus_pooled10_finetune_modelset_v1::zero_shot
etard_tf64,adt,reconstruction,gate0_gate2_fixed_split_pooled10_modelset_v1::zero_shot,0,P16,test_-_P16_-_clean_part_4,64,pearson_r,0.016673552932472312,960,adt_epoch_7,fixed_split_zero_shot_plus_pooled10_finetune_modelset_v1::zero_shot
etard_tf64,adt,reconstruction,gate0_gate2_fixed_split_pooled10_modelset_v1::zero_shot,0,P16,test_-_P16_-_fM_part_1,64,pearson_r,0.12745775469213227,896,adt_epoch_7,fixed_split_zero_shot_plus_pooled10_finetune_modelset_v1::zero_shot
etard_tf64,adt,reconstruction,gate0_gate2_fixed_split_pooled10_modelset_v1::zero_shot,0,P16,test_-_P16_-_fM_part_2,64,pearson_r,0.11113899159411281,832,adt_epoch_7,fixed_split_zero_shot_plus_pooled10_finetune_modelset_v1::zero_shot
etard_tf64,adt,reconstruction,gate0_gate2_fixed_split_pooled10_modelset_v1::zero_shot,0,P16,test_-_P16_-_fM_part_3,64,pearson_r,0.22436052652183294,896,adt_epoch_7,fixed_split_zero_shot_plus_pooled10_finetune_modelset_v1::zero_shot
etard_tf64,adt,reconstruction,gate0_gate2_fixed_split_pooled10_modelset_v1::zero_shot,0,P16,test_-_P16_-_fM_part_4,64,pearson_r,0.09771223417017534,960,adt_epoch_7,fixed_split_zero_shot_plus_pooled10_finetune_modelset_v1::zero_shot
etard_tf64,adt,reconstruction,gate0_gate2_fixed_split_pooled10_modelset_v1::zero_shot,0,P16,test_-_P16_-_fW_part_1,64,pearson_r,0.02711699527415175,832,adt_epoch_7,fixed_split_zero_shot_plus_pooled10_finetune_modelset_v1::zero_shot
etard_tf64,adt,reconstruction,gate0_gate2_fixed_split_pooled10_modelset_v1::zero_shot,0,P16,test_-_P16_-_fW_part_2,64,pearson_r,0.11961803925551756,896,adt_epoch_7,fixed_split_zero_shot_plus_pooled10_finetune_modelset_v1::zero_shot
etard_tf64,adt,reconstruction,gate0_gate2_fixed_split_pooled10_modelset_v1::zero_shot,0,P16,test_-_P16_-_fW_part_3,64,pearson_r,-0.0403772912033251,960,adt_epoch_7,fixed_split_zero_shot_plus_pooled10_finetune_modelset_v1::zero_shot
etard_tf64,adt,reconstruction,gate0_gate2_fixed_split_pooled10_modelset_v1::zero_shot,0,P16,test_-_P16_-_fW_part_4,64,pearson_r,0.08360384286826798,1088,adt_epoch_7,fixed_split_zero_shot_plus_pooled10_finetune_modelset_v1::zero_shot
etard_tf64,adt,reconstruction,gate0_gate2_fixed_split_pooled10_modelset_v1::zero_shot,0,P16,test_-_P16_-_hbDutch_part_1,64,pearson_r,0.045003673483705986,1024,adt_epoch_7,fixed_split_zero_shot_plus_pooled10_finetune_modelset_v1::zero_shot
etard_tf64,adt,reconstruction,gate0_gate2_fixed_split_pooled10_modelset_v1::zero_shot,0,P16,test_-_P16_-_hbDutch_part_2,64,pearson_r,-0.010534290218870784,1024,adt_epoch_7,fixed_split_zero_shot_plus_pooled10_finetune_modelset_v1::zero_shot
etard_tf64,adt,reconstruction,gate0_gate2_fixed_split_pooled10_modelset_v1::zero_shot,0,P16,test_-_P16_-_hbDutch_part_3,64,pearson_r,0.045254698466017255,1024,adt_epoch_7,fixed_split_zero_shot_plus_pooled10_finetune_modelset_v1::zero_shot
etard_tf64,adt,reconstruction,gate0_gate2_fixed_split_pooled10_modelset_v1::zero_shot,0,P16,test_-_P16_-_hbDutch_part_4,64,pearson_r,-0.10365831265394819,1024,adt_epoch_7,fixed_split_zero_shot_plus_pooled10_finetune_modelset_v1::zero_shot
etard_tf64,adt,reconstruction,gate0_gate2_fixed_split_pooled10_modelset_v1::zero_shot,0,P16,test_-_P16_-_hb_part_1,64,pearson_r,0.021835879242851717,1152,adt_epoch_7,fixed_split_zero_shot_plus_pooled10_finetune_modelset_v1::zero_shot
etard_tf64,adt,reconstruction,gate0_gate2_fixed_split_pooled10_modelset_v1::zero_shot,0,P16,test_-_P16_-_hb_part_2,64,pearson_r,0.21222473549633578,1088,adt_epoch_7,fixed_split_zero_shot_plus_pooled10_finetune_modelset_v1::zero_shot
etard_tf64,adt,reconstruction,gate0_gate2_fixed_split_pooled10_modelset_v1::zero_shot,0,P16,test_-_P16_-_hb_part_3,64,pearson_r,0.18431626844633345,1152,adt_epoch_7,fixed_split_zero_shot_plus_pooled10_finetune_modelset_v1::zero_shot
etard_tf64,adt,reconstruction,gate0_gate2_fixed_split_pooled10_modelset_v1::zero_shot,0,P16,test_-_P16_-_hb_part_4,64,pearson_r,0.08016607505050814,1088,adt_epoch_7,fixed_split_zero_shot_plus_pooled10_finetune_modelset_v1::zero_shot
etard_tf64,adt,reconstruction,gate0_gate2_fixed_split_pooled10_modelset_v1::zero_shot,0,P16,test_-_P16_-_lbDutch_part_1,64,pearson_r,0.02841301047981451,1024,adt_epoch_7,fixed_split_zero_shot_plus_pooled10_finetune_modelset_v1::zero_shot
etard_tf64,adt,reconstruction,gate0_gate2_fixed_split_pooled10_modelset_v1::zero_shot,0,P16,test_-_P16_-_lbDutch_part_2,64,pearson_r,-0.0207045081346183,1024,adt_epoch_7,fixed_split_zero_shot_plus_pooled10_finetune_modelset_v1::zero_shot
etard_tf64,adt,reconstruction,gate0_gate2_fixed_split_pooled10_modelset_v1::zero_shot,0,P16,test_-_P16_-_lbDutch_part_3,64,pearson_r,0.038180846875965534,1024,adt_epoch_7,fixed_split_zero_shot_plus_pooled10_finetune_modelset_v1::zero_shot
etard_tf64,adt,reconstruction,gate0_gate2_fixed_split_pooled10_modelset_v1::zero_shot,0,P16,test_-_P16_-_lbDutch_part_4,64,pearson_r,-0.05446962530632484,1024,adt_epoch_7,fixed_split_zero_shot_plus_pooled10_finetune_modelset_v1::zero_shot
etard_tf64,adt,reconstruction,gate0_gate2_fixed_split_pooled10_modelset_v1::zero_shot,0,P16,test_-_P16_-_lb_part_1,64,pearson_r,0.21712489190656367,1408,adt_epoch_7,fixed_split_zero_shot_plus_pooled10_finetune_modelset_v1::zero_shot
etard_tf64,adt,reconstruction,gate0_gate2_fixed_split_pooled10_modelset_v1::zero_shot,0,P16,test_-_P16_-_lb_part_2,64,pearson_r,0.032575529673231005,1472,adt_epoch_7,fixed_split_zero_shot_plus_pooled10_finetune_modelset_v1::zero_shot
etard_tf64,adt,reconstruction,gate0_gate2_fixed_split_pooled10_modelset_v1::zero_shot,0,P16,test_-_P16_-_lb_part_3,64,pearson_r,0.04704538124279532,1408,adt_epoch_7,fixed_split_zero_shot_plus_pooled10_finetune_modelset_v1::zero_shot
etard_tf64,adt,reconstruction,gate0_gate2_fixed_split_pooled10_modelset_v1::zero_shot,0,P16,test_-_P16_-_lb_part_4,64,pearson_r,-0.0037566655850721827,1536,adt_epoch_7,fixed_split_zero_shot_plus_pooled10_finetune_modelset_v1::zero_shot
etard_tf64,adt,reconstruction,gate0_gate2_fixed_split_pooled10_modelset_v1::zero_shot,0,P16,test_-_P16_-_mbDutch_part_1,64,pearson_r,-0.011294471666636921,1024,adt_epoch_7,fixed_split_zero_shot_plus_pooled10_finetune_modelset_v1::zero_shot
etard_tf64,adt,reconstruction,gate0_gate2_fixed_split_pooled10_modelset_v1::zero_shot,0,P16,test_-_P16_-_mbDutch_part_2,64,pearson_r,0.09538347687523004,1024,adt_epoch_7,fixed_split_zero_shot_plus_pooled10_finetune_modelset_v1::zero_shot
etard_tf64,adt,reconstruction,gate0_gate2_fixed_split_pooled10_modelset_v1::zero_shot,0,P16,test_-_P16_-_mbDutch_part_3,64,pearson_r,-0.06048385344730186,1024,adt_epoch_7,fixed_split_zero_shot_plus_pooled10_finetune_modelset_v1::zero_shot
etard_tf64,adt,reconstruction,gate0_gate2_fixed_split_pooled10_modelset_v1::zero_shot,0,P16,test_-_P16_-_mbDutch_part_4,64,pearson_r,-0.042793810523084265,1024,adt_epoch_7,fixed_split_zero_shot_plus_pooled10_finetune_modelset_v1::zero_shot
etard_tf64,adt,reconstruction,gate0_gate2_fixed_split_pooled10_modelset_v1::zero_shot,0,P16,test_-_P16_-_mb_part_1,64,pearson_r,0.2564605878865364,960,adt_epoch_7,fixed_split_zero_shot_plus_pooled10_finetune_modelset_v1::zero_shot
etard_tf64,adt,reconstruction,gate0_gate2_fixed_split_pooled10_modelset_v1::zero_shot,0,P16,test_-_P16_-_mb_part_2,64,pearson_r,0.020921142762390293,1024,adt_epoch_7,fixed_split_zero_shot_plus_pooled10_finetune_modelset_v1::zero_shot
etard_tf64,adt,reconstruction,gate0_gate2_fixed_split_pooled10_modelset_v1::zero_shot,0,P16,test_-_P16_-_mb_part_3,64,pearson_r,0.139509996469175,1024,adt_epoch_7,fixed_split_zero_shot_plus_pooled10_finetune_modelset_v1::zero_shot
etard_tf64,adt,reconstruction,gate0_gate2_fixed_split_pooled10_modelset_v1::zero_shot,0,P16,test_-_P16_-_mb_part_4,64,pearson_r,-0.03783812333612327,1024,adt_epoch_7,fixed_split_zero_shot_plus_pooled10_finetune_modelset_v1::zero_shot
etard_tf64,adt,reconstruction,gate0_gate2_fixed_split_pooled10_modelset_v1::zero_shot,0,P17,test_-_P17_-_cleanDutch_part_1,64,pearson_r,0.15173779103960872,960,adt_epoch_7,fixed_split_zero_shot_plus_pooled10_finetune_modelset_v1::zero_shot
etard_tf64,adt,reconstruction,gate0_gate2_fixed_split_pooled10_modelset_v1::zero_shot,0,P17,test_-_P17_-_cleanDutch_part_2,64,pearson_r,0.144278795002771,960,adt_epoch_7,fixed_split_zero_shot_plus_pooled10_finetune_modelset_v1::zero_shot
etard_tf64,adt,reconstruction,gate0_gate2_fixed_split_pooled10_modelset_v1::zero_shot,0,P17,test_-_P17_-_cleanDutch_part_3,64,pearson_r,0.20781405734002706,960,adt_epoch_7,fixed_split_zero_shot_plus_pooled10_finetune_modelset_v1::zero_shot
etard_tf64,adt,reconstruction,gate0_gate2_fixed_split_pooled10_modelset_v1::zero_shot,0,P17,test_-_P17_-_cleanDutch_part_4,64,pearson_r,0.01135132336165055,960,adt_epoch_7,fixed_split_zero_shot_plus_pooled10_finetune_modelset_v1::zero_shot
etard_tf64,adt,reconstruction,gate0_gate2_fixed_split_pooled10_modelset_v1::zero_shot,0,P17,test_-_P17_-_clean_part_1,64,pearson_r,-0.030778360456832094,960,adt_epoch_7,fixed_split_zero_shot_plus_pooled10_finetune_modelset_v1::zero_shot
etard_tf64,adt,reconstruction,gate0_gate2_fixed_split_pooled10_modelset_v1::zero_shot,0,P17,test_-_P17_-_clean_part_2,64,pearson_r,0.12942858962835643,1024,adt_epoch_7,fixed_split_zero_shot_plus_pooled10_finetune_modelset_v1::zero_shot
etard_tf64,adt,reconstruction,gate0_gate2_fixed_split_pooled10_modelset_v1::zero_shot,0,P17,test_-_P17_-_clean_part_3,64,pearson_r,-0.029393779824763287,896,adt_epoch_7,fixed_split_zero_shot_plus_pooled10_finetune_modelset_v1::zero_shot
etard_tf64,adt,reconstruction,gate0_gate2_fixed_split_pooled10_modelset_v1::zero_shot,0,P17,test_-_P17_-_clean_part_4,64,pearson_r,0.17822305269940006,960,adt_epoch_7,fixed_split_zero_shot_plus_pooled10_finetune_modelset_v1::zero_shot
etard_tf64,adt,reconstruction,gate0_gate2_fixed_split_pooled10_modelset_v1::zero_shot,0,P17,test_-_P17_-_fM_part_1,64,pearson_r,0.028771424946847743,896,adt_epoch_7,fixed_split_zero_shot_plus_pooled10_finetune_modelset_v1::zero_shot
etard_tf64,adt,reconstruction,gate0_gate2_fixed_split_pooled10_modelset_v1::zero_shot,0,P17,test_-_P17_-_fM_part_2,64,pearson_r,0.10863710300066043,832,adt_epoch_7,fixed_split_zero_shot_plus_pooled10_finetune_modelset_v1::zero_shot
etard_tf64,adt,reconstruction,gate0_gate2_fixed_split_pooled10_modelset_v1::zero_shot,0,P17,test_-_P17_-_fM_part_3,64,pearson_r,0.10273068790393142,896,adt_epoch_7,fixed_split_zero_shot_plus_pooled10_finetune_modelset_v1::zero_shot
etard_tf64,adt,reconstruction,gate0_gate2_fixed_split_pooled10_modelset_v1::zero_shot,0,P17,test_-_P17_-_fM_part_4,64,pearson_r,0.11412520244484825,960,adt_epoch_7,fixed_split_zero_shot_plus_pooled10_finetune_modelset_v1::zero_shot
etard_tf64,adt,reconstruction,gate0_gate2_fixed_split_pooled10_modelset_v1::zero_shot,0,P17,test_-_P17_-_fW_part_1,64,pearson_r,-0.012614630372484264,832,adt_epoch_7,fixed_split_zero_shot_plus_pooled10_finetune_modelset_v1::zero_shot
etard_tf64,adt,reconstruction,gate0_gate2_fixed_split_pooled10_modelset_v1::zero_shot,0,P17,test_-_P17_-_fW_part_2,64,pearson_r,0.040076337412888026,896,adt_epoch_7,fixed_split_zero_shot_plus_pooled10_finetune_modelset_v1::zero_shot
etard_tf64,adt,reconstruction,gate0_gate2_fixed_split_pooled10_modelset_v1::zero_shot,0,P17,test_-_P17_-_fW_part_3,64,pearson_r,-0.156017273851448,960,adt_epoch_7,fixed_split_zero_shot_plus_pooled10_finetune_modelset_v1::zero_shot
etard_tf64,adt,reconstruction,gate0_gate2_fixed_split_pooled10_modelset_v1::zero_shot,0,P17,test_-_P17_-_fW_part_4,64,pearson_r,0.13612056232572328,1088,adt_epoch_7,fixed_split_zero_shot_plus_pooled10_finetune_modelset_v1::zero_shot
etard_tf64,adt,reconstruction,gate0_gate2_fixed_split_pooled10_modelset_v1::zero_shot,0,P17,test_-_P17_-_hbDutch_part_1,64,pearson_r,0.1347854401725655,1024,adt_epoch_7,fixed_split_zero_shot_plus_pooled10_finetune_modelset_v1::zero_shot
etard_tf64,adt,reconstruction,gate0_gate2_fixed_split_pooled10_modelset_v1::zero_shot,0,P17,test_-_P17_-_hbDutch_part_2,64,pearson_r,-0.12713344766988352,1024,adt_epoch_7,fixed_split_zero_shot_plus_pooled10_finetune_modelset_v1::zero_shot
etard_tf64,adt,reconstruction,gate0_gate2_fixed_split_pooled10_modelset_v1::zero_shot,0,P17,test_-_P17_-_hbDutch_part_3,64,pearson_r,-0.08508926059740278,1024,adt_epoch_7,fixed_split_zero_shot_plus_pooled10_finetune_modelset_v1::zero_shot
etard_tf64,adt,reconstruction,gate0_gate2_fixed_split_pooled10_modelset_v1::zero_shot,0,P17,test_-_P17_-_hbDutch_part_4,64,pearson_r,0.022924936362751145,1024,adt_epoch_7,fixed_split_zero_shot_plus_pooled10_finetune_modelset_v1::zero_shot
etard_tf64,adt,reconstruction,gate0_gate2_fixed_split_pooled10_modelset_v1::zero_shot,0,P17,test_-_P17_-_hb_part_1,64,pearson_r,-0.20356533196230966,1152,adt_epoch_7,fixed_split_zero_shot_plus_pooled10_finetune_modelset_v1::zero_shot
etard_tf64,adt,reconstruction,gate0_gate2_fixed_split_pooled10_modelset_v1::zero_shot,0,P17,test_-_P17_-_hb_part_2,64,pearson_r,-0.03668057843671121,1088,adt_epoch_7,fixed_split_zero_shot_plus_pooled10_finetune_modelset_v1::zero_shot
etard_tf64,adt,reconstruction,gate0_gate2_fixed_split_pooled10_modelset_v1::zero_shot,0,P17,test_-_P17_-_hb_part_3,64,pearson_r,-0.0029845617751952623,1152,adt_epoch_7,fixed_split_zero_shot_plus_pooled10_finetune_modelset_v1::zero_shot
etard_tf64,adt,reconstruction,gate0_gate2_fixed_split_pooled10_modelset_v1::zero_shot,0,P17,test_-_P17_-_hb_part_4,64,pearson_r,0.15712157701559545,1088,adt_epoch_7,fixed_split_zero_shot_plus_pooled10_finetune_modelset_v1::zero_shot
etard_tf64,adt,reconstruction,gate0_gate2_fixed_split_pooled10_modelset_v1::zero_shot,0,P17,test_-_P17_-_lbDutch_part_1,64,pearson_r,-0.042406333631424965,1024,adt_epoch_7,fixed_split_zero_shot_plus_pooled10_finetune_modelset_v1::zero_shot
etard_tf64,adt,reconstruction,gate0_gate2_fixed_split_pooled10_modelset_v1::zero_shot,0,P17,test_-_P17_-_lbDutch_part_2,64,pearson_r,0.003929863383819829,1024,adt_epoch_7,fixed_split_zero_shot_plus_pooled10_finetune_modelset_v1::zero_shot
etard_tf64,adt,reconstruction,gate0_gate2_fixed_split_pooled10_modelset_v1::zero_shot,0,P17,test_-_P17_-_lbDutch_part_3,64,pearson_r,0.012796843124391421,1024,adt_epoch_7,fixed_split_zero_shot_plus_pooled10_finetune_modelset_v1::zero_shot
etard_tf64,adt,reconstruction,gate0_gate2_fixed_split_pooled10_modelset_v1::zero_shot,0,P17,test_-_P17_-_lbDutch_part_4,64,pearson_r,0.12599315518305218,1024,adt_epoch_7,fixed_split_zero_shot_plus_pooled10_finetune_modelset_v1::zero_shot
etard_tf64,adt,reconstruction,gate0_gate2_fixed_split_pooled10_modelset_v1::zero_shot,0,P17,test_-_P17_-_lb_part_1,64,pearson_r,-0.0037981606760272135,1408,adt_epoch_7,fixed_split_zero_shot_plus_pooled10_finetune_modelset_v1::zero_shot
etard_tf64,adt,reconstruction,gate0_gate2_fixed_split_pooled10_modelset_v1::zero_shot,0,P17,test_-_P17_-_lb_part_2,64,pearson_r,-0.04089520184467964,1472,adt_epoch_7,fixed_split_zero_shot_plus_pooled10_finetune_modelset_v1::zero_shot
etard_tf64,adt,reconstruction,gate0_gate2_fixed_split_pooled10_modelset_v1::zero_shot,0,P17,test_-_P17_-_lb_part_3,64,pearson_r,0.011924924579446288,1408,adt_epoch_7,fixed_split_zero_shot_plus_pooled10_finetune_modelset_v1::zero_shot
etard_tf64,adt,reconstruction,gate0_gate2_fixed_split_pooled10_modelset_v1::zero_shot,0,P17,test_-_P17_-_lb_part_4,64,pearson_r,0.07087299801372471,1536,adt_epoch_7,fixed_split_zero_shot_plus_pooled10_finetune_modelset_v1::zero_shot
etard_tf64,adt,reconstruction,gate0_gate2_fixed_split_pooled10_modelset_v1::zero_shot,0,P17,test_-_P17_-_mbDutch_part_1,64,pearson_r,-0.13016827431072037,1024,adt_epoch_7,fixed_split_zero_shot_plus_pooled10_finetune_modelset_v1::zero_shot
etard_tf64,adt,reconstruction,gate0_gate2_fixed_split_pooled10_modelset_v1::zero_shot,0,P17,test_-_P17_-_mbDutch_part_2,64,pearson_r,-0.09648464311354167,1024,adt_epoch_7,fixed_split_zero_shot_plus_pooled10_finetune_modelset_v1::zero_shot
etard_tf64,adt,reconstruction,gate0_gate2_fixed_split_pooled10_modelset_v1::zero_shot,0,P17,test_-_P17_-_mbDutch_part_3,64,pearson_r,0.08932432638596532,1024,adt_epoch_7,fixed_split_zero_shot_plus_pooled10_finetune_modelset_v1::zero_shot
etard_tf64,adt,reconstruction,gate0_gate2_fixed_split_pooled10_modelset_v1::zero_shot,0,P17,test_-_P17_-_mbDutch_part_4,64,pearson_r,-0.04760459167155564,1024,adt_epoch_7,fixed_split_zero_shot_plus_pooled10_finetune_modelset_v1::zero_shot
etard_tf64,adt,reconstruction,gate0_gate2_fixed_split_pooled10_modelset_v1::zero_shot,0,P17,test_-_P17_-_mb_part_1,64,pearson_r,0.035235082005290394,960,adt_epoch_7,fixed_split_zero_shot_plus_pooled10_finetune_modelset_v1::zero_shot
etard_tf64,adt,reconstruction,gate0_gate2_fixed_split_pooled10_modelset_v1::zero_shot,0,P17,test_-_P17_-_mb_part_2,64,pearson_r,-0.020859144754372613,1024,adt_epoch_7,fixed_split_zero_shot_plus_pooled10_finetune_modelset_v1::zero_shot
etard_tf64,adt,reconstruction,gate0_gate2_fixed_split_pooled10_modelset_v1::zero_shot,0,P17,test_-_P17_-_mb_part_3,64,pearson_r,-0.019555388182632565,1024,adt_epoch_7,fixed_split_zero_shot_plus_pooled10_finetune_modelset_v1::zero_shot
etard_tf64,adt,reconstruction,gate0_gate2_fixed_split_pooled10_modelset_v1::zero_shot,0,P17,test_-_P17_-_mb_part_4,64,pearson_r,0.21528630788574804,1024,adt_epoch_7,fixed_split_zero_shot_plus_pooled10_finetune_modelset_v1::zero_shot
etard_tf64,adt,reconstruction,gate0_gate2_fixed_split_pooled10_modelset_v1::pooled10_finetune,0,P03,test_-_P03_-_clean_part_1,64,pearson_r,0.13638881894693977,960,adt_pooled10_epoch_10,fixed_split_zero_shot_plus_pooled10_finetune_modelset_v1::pooled10_finetune
etard_tf64,adt,reconstruction,gate0_gate2_fixed_split_pooled10_modelset_v1::pooled10_finetune,0,P03,test_-_P03_-_clean_part_2,64,pearson_r,0.18217305988112095,1024,adt_pooled10_epoch_10,fixed_split_zero_shot_plus_pooled10_finetune_modelset_v1::pooled10_finetune
etard_tf64,adt,reconstruction,gate0_gate2_fixed_split_pooled10_modelset_v1::pooled10_finetune,0,P03,test_-_P03_-_clean_part_3,64,pearson_r,0.2597420126610017,896,adt_pooled10_epoch_10,fixed_split_zero_shot_plus_pooled10_finetune_modelset_v1::pooled10_finetune
etard_tf64,adt,reconstruction,gate0_gate2_fixed_split_pooled10_modelset_v1::pooled10_finetune,0,P03,test_-_P03_-_clean_part_4,64,pearson_r,0.20365256141071175,960,adt_pooled10_epoch_10,fixed_split_zero_shot_plus_pooled10_finetune_modelset_v1::pooled10_finetune
etard_tf64,adt,reconstruction,gate0_gate2_fixed_split_pooled10_modelset_v1::pooled10_finetune,0,P03,test_-_P03_-_fM_part_1,64,pearson_r,0.05507112221585782,896,adt_pooled10_epoch_10,fixed_split_zero_shot_plus_pooled10_finetune_modelset_v1::pooled10_finetune
etard_tf64,adt,reconstruction,gate0_gate2_fixed_split_pooled10_modelset_v1::pooled10_finetune,0,P03,test_-_P03_-_fM_part_2,64,pearson_r,-0.033695245073502515,832,adt_pooled10_epoch_10,fixed_split_zero_shot_plus_pooled10_finetune_modelset_v1::pooled10_finetune
etard_tf64,adt,reconstruction,gate0_gate2_fixed_split_pooled10_modelset_v1::pooled10_finetune,0,P03,test_-_P03_-_fM_part_3,64,pearson_r,0.02562778720341265,896,adt_pooled10_epoch_10,fixed_split_zero_shot_plus_pooled10_finetune_modelset_v1::pooled10_finetune
etard_tf64,adt,reconstruction,gate0_gate2_fixed_split_pooled10_modelset_v1::pooled10_finetune,0,P03,test_-_P03_-_fM_part_4,64,pearson_r,0.0017142763973563753,960,adt_pooled10_epoch_10,fixed_split_zero_shot_plus_pooled10_finetune_modelset_v1::pooled10_finetune
etard_tf64,adt,reconstruction,gate0_gate2_fixed_split_pooled10_modelset_v1::pooled10_finetune,0,P03,test_-_P03_-_fW_part_1,64,pearson_r,0.03598578251112397,832,adt_pooled10_epoch_10,fixed_split_zero_shot_plus_pooled10_finetune_modelset_v1::pooled10_finetune
etard_tf64,adt,reconstruction,gate0_gate2_fixed_split_pooled10_modelset_v1::pooled10_finetune,0,P03,test_-_P03_-_fW_part_2,64,pearson_r,-0.12420292372665925,896,adt_pooled10_epoch_10,fixed_split_zero_shot_plus_pooled10_finetune_modelset_v1::pooled10_finetune
etard_tf64,adt,reconstruction,gate0_gate2_fixed_split_pooled10_modelset_v1::pooled10_finetune,0,P03,test_-_P03_-_fW_part_3,64,pearson_r,0.1183388293632278,960,adt_pooled10_epoch_10,fixed_split_zero_shot_plus_pooled10_finetune_modelset_v1::pooled10_finetune
etard_tf64,adt,reconstruction,gate0_gate2_fixed_split_pooled10_modelset_v1::pooled10_finetune,0,P03,test_-_P03_-_fW_part_4,64,pearson_r,0.04866909809033783,1088,adt_pooled10_epoch_10,fixed_split_zero_shot_plus_pooled10_finetune_modelset_v1::pooled10_finetune
etard_tf64,adt,reconstruction,gate0_gate2_fixed_split_pooled10_modelset_v1::pooled10_finetune,0,P03,test_-_P03_-_hb_part_1,64,pearson_r,-0.14925002901763593,1152,adt_pooled10_epoch_10,fixed_split_zero_shot_plus_pooled10_finetune_modelset_v1::pooled10_finetune
etard_tf64,adt,reconstruction,gate0_gate2_fixed_split_pooled10_modelset_v1::pooled10_finetune,0,P03,test_-_P03_-_hb_part_2,64,pearson_r,-0.005276571210224861,1088,adt_pooled10_epoch_10,fixed_split_zero_shot_plus_pooled10_finetune_modelset_v1::pooled10_finetune
etard_tf64,adt,reconstruction,gate0_gate2_fixed_split_pooled10_modelset_v1::pooled10_finetune,0,P03,test_-_P03_-_hb_part_3,64,pearson_r,-0.04971158641932869,1152,adt_pooled10_epoch_10,fixed_split_zero_shot_plus_pooled10_finetune_modelset_v1::pooled10_finetune
etard_tf64,adt,reconstruction,gate0_gate2_fixed_split_pooled10_modelset_v1::pooled10_finetune,0,P03,test_-_P03_-_hb_part_4,64,pearson_r,0.001088702088490306,1088,adt_pooled10_epoch_10,fixed_split_zero_shot_plus_pooled10_finetune_modelset_v1::pooled10_finetune
etard_tf64,adt,reconstruction,gate0_gate2_fixed_split_pooled10_modelset_v1::pooled10_finetune,0,P03,test_-_P03_-_lb_part_1,64,pearson_r,0.03983477879787343,1408,adt_pooled10_epoch_10,fixed_split_zero_shot_plus_pooled10_finetune_modelset_v1::pooled10_finetune
etard_tf64,adt,reconstruction,gate0_gate2_fixed_split_pooled10_modelset_v1::pooled10_finetune,0,P03,test_-_P03_-_lb_part_2,64,pearson_r,0.15497727909786413,1472,adt_pooled10_epoch_10,fixed_split_zero_shot_plus_pooled10_finetune_modelset_v1::pooled10_finetune
etard_tf64,adt,reconstruction,gate0_gate2_fixed_split_pooled10_modelset_v1::pooled10_finetune,0,P03,test_-_P03_-_lb_part_3,64,pearson_r,0.011598821184315256,1408,adt_pooled10_epoch_10,fixed_split_zero_shot_plus_pooled10_finetune_modelset_v1::pooled10_finetune
etard_tf64,adt,reconstruction,gate0_gate2_fixed_split_pooled10_modelset_v1::pooled10_finetune,0,P03,test_-_P03_-_lb_part_4,64,pearson_r,-0.015084455571346833,1536,adt_pooled10_epoch_10,fixed_split_zero_shot_plus_pooled10_finetune_modelset_v1::pooled10_finetune
etard_tf64,adt,reconstruction,gate0_gate2_fixed_split_pooled10_modelset_v1::pooled10_finetune,0,P03,test_-_P03_-_mb_part_1,64,pearson_r,-0.12674299180405604,960,adt_pooled10_epoch_10,fixed_split_zero_shot_plus_pooled10_finetune_modelset_v1::pooled10_finetune
etard_tf64,adt,reconstruction,gate0_gate2_fixed_split_pooled10_modelset_v1::pooled10_finetune,0,P03,test_-_P03_-_mb_part_2,64,pearson_r,-0.07547988471763853,1024,adt_pooled10_epoch_10,fixed_split_zero_shot_plus_pooled10_finetune_modelset_v1::pooled10_finetune
etard_tf64,adt,reconstruction,gate0_gate2_fixed_split_pooled10_modelset_v1::pooled10_finetune,0,P03,test_-_P03_-_mb_part_3,64,pearson_r,0.004752224038173577,1024,adt_pooled10_epoch_10,fixed_split_zero_shot_plus_pooled10_finetune_modelset_v1::pooled10_finetune
etard_tf64,adt,reconstruction,gate0_gate2_fixed_split_pooled10_modelset_v1::pooled10_finetune,0,P03,test_-_P03_-_mb_part_4,64,pearson_r,-0.02411773839736819,1024,adt_pooled10_epoch_10,fixed_split_zero_shot_plus_pooled10_finetune_modelset_v1::pooled10_finetune
etard_tf64,adt,reconstruction,gate0_gate2_fixed_split_pooled10_modelset_v1::pooled10_finetune,0,P10,test_-_P10_-_cleanDutch_part_1,64,pearson_r,-0.05365401404033708,960,adt_pooled10_epoch_10,fixed_split_zero_shot_plus_pooled10_finetune_modelset_v1::pooled10_finetune
etard_tf64,adt,reconstruction,gate0_gate2_fixed_split_pooled10_modelset_v1::pooled10_finetune,0,P10,test_-_P10_-_cleanDutch_part_2,64,pearson_r,0.010282238478417092,960,adt_pooled10_epoch_10,fixed_split_zero_shot_plus_pooled10_finetune_modelset_v1::pooled10_finetune
etard_tf64,adt,reconstruction,gate0_gate2_fixed_split_pooled10_modelset_v1::pooled10_finetune,0,P10,test_-_P10_-_cleanDutch_part_3,64,pearson_r,0.1944449404770125,960,adt_pooled10_epoch_10,fixed_split_zero_shot_plus_pooled10_finetune_modelset_v1::pooled10_finetune
etard_tf64,adt,reconstruction,gate0_gate2_fixed_split_pooled10_modelset_v1::pooled10_finetune,0,P10,test_-_P10_-_cleanDutch_part_4,64,pearson_r,0.18419500115828608,960,adt_pooled10_epoch_10,fixed_split_zero_shot_plus_pooled10_finetune_modelset_v1::pooled10_finetune
etard_tf64,adt,reconstruction,gate0_gate2_fixed_split_pooled10_modelset_v1::pooled10_finetune,0,P10,test_-_P10_-_clean_part_1,64,pearson_r,0.2686109549324934,960,adt_pooled10_epoch_10,fixed_split_zero_shot_plus_pooled10_finetune_modelset_v1::pooled10_finetune
etard_tf64,adt,reconstruction,gate0_gate2_fixed_split_pooled10_modelset_v1::pooled10_finetune,0,P10,test_-_P10_-_clean_part_2,64,pearson_r,0.27997717753271784,1024,adt_pooled10_epoch_10,fixed_split_zero_shot_plus_pooled10_finetune_modelset_v1::pooled10_finetune
etard_tf64,adt,reconstruction,gate0_gate2_fixed_split_pooled10_modelset_v1::pooled10_finetune,0,P10,test_-_P10_-_clean_part_3,64,pearson_r,0.2860971342914637,896,adt_pooled10_epoch_10,fixed_split_zero_shot_plus_pooled10_finetune_modelset_v1::pooled10_finetune
etard_tf64,adt,reconstruction,gate0_gate2_fixed_split_pooled10_modelset_v1::pooled10_finetune,0,P10,test_-_P10_-_clean_part_4,64,pearson_r,0.30562910869165494,960,adt_pooled10_epoch_10,fixed_split_zero_shot_plus_pooled10_finetune_modelset_v1::pooled10_finetune
etard_tf64,adt,reconstruction,gate0_gate2_fixed_split_pooled10_modelset_v1::pooled10_finetune,0,P10,test_-_P10_-_fM_part_1,64,pearson_r,0.07099645621773347,896,adt_pooled10_epoch_10,fixed_split_zero_shot_plus_pooled10_finetune_modelset_v1::pooled10_finetune
etard_tf64,adt,reconstruction,gate0_gate2_fixed_split_pooled10_modelset_v1::pooled10_finetune,0,P10,test_-_P10_-_fM_part_2,64,pearson_r,0.308250885555291,832,adt_pooled10_epoch_10,fixed_split_zero_shot_plus_pooled10_finetune_modelset_v1::pooled10_finetune
etard_tf64,adt,reconstruction,gate0_gate2_fixed_split_pooled10_modelset_v1::pooled10_finetune,0,P10,test_-_P10_-_fM_part_3,64,pearson_r,0.16309365298909803,896,adt_pooled10_epoch_10,fixed_split_zero_shot_plus_pooled10_finetune_modelset_v1::pooled10_finetune
etard_tf64,adt,reconstruction,gate0_gate2_fixed_split_pooled10_modelset_v1::pooled10_finetune,0,P10,test_-_P10_-_fM_part_4,64,pearson_r,0.3151185823554893,960,adt_pooled10_epoch_10,fixed_split_zero_shot_plus_pooled10_finetune_modelset_v1::pooled10_finetune
etard_tf64,adt,reconstruction,gate0_gate2_fixed_split_pooled10_modelset_v1::pooled10_finetune,0,P10,test_-_P10_-_fW_part_1,64,pearson_r,0.14950679065685887,832,adt_pooled10_epoch_10,fixed_split_zero_shot_plus_pooled10_finetune_modelset_v1::pooled10_finetune
etard_tf64,adt,reconstruction,gate0_gate2_fixed_split_pooled10_modelset_v1::pooled10_finetune,0,P10,test_-_P10_-_fW_part_2,64,pearson_r,0.14393487411755682,896,adt_pooled10_epoch_10,fixed_split_zero_shot_plus_pooled10_finetune_modelset_v1::pooled10_finetune
etard_tf64,adt,reconstruction,gate0_gate2_fixed_split_pooled10_modelset_v1::pooled10_finetune,0,P10,test_-_P10_-_fW_part_3,64,pearson_r,0.09084765919246414,960,adt_pooled10_epoch_10,fixed_split_zero_shot_plus_pooled10_finetune_modelset_v1::pooled10_finetune
etard_tf64,adt,reconstruction,gate0_gate2_fixed_split_pooled10_modelset_v1::pooled10_finetune,0,P10,test_-_P10_-_fW_part_4,64,pearson_r,0.2533146667270696,1088,adt_pooled10_epoch_10,fixed_split_zero_shot_plus_pooled10_finetune_modelset_v1::pooled10_finetune
etard_tf64,adt,reconstruction,gate0_gate2_fixed_split_pooled10_modelset_v1::pooled10_finetune,0,P10,test_-_P10_-_hbDutch_part_1,64,pearson_r,0.10397611129388458,1024,adt_pooled10_epoch_10,fixed_split_zero_shot_plus_pooled10_finetune_modelset_v1::pooled10_finetune
etard_tf64,adt,reconstruction,gate0_gate2_fixed_split_pooled10_modelset_v1::pooled10_finetune,0,P10,test_-_P10_-_hbDutch_part_2,64,pearson_r,0.1457559996840394,1024,adt_pooled10_epoch_10,fixed_split_zero_shot_plus_pooled10_finetune_modelset_v1::pooled10_finetune
etard_tf64,adt,reconstruction,gate0_gate2_fixed_split_pooled10_modelset_v1::pooled10_finetune,0,P10,test_-_P10_-_hbDutch_part_3,64,pearson_r,0.008086920499506779,1024,adt_pooled10_epoch_10,fixed_split_zero_shot_plus_pooled10_finetune_modelset_v1::pooled10_finetune
etard_tf64,adt,reconstruction,gate0_gate2_fixed_split_pooled10_modelset_v1::pooled10_finetune,0,P10,test_-_P10_-_hbDutch_part_4,64,pearson_r,0.10204156614791211,1024,adt_pooled10_epoch_10,fixed_split_zero_shot_plus_pooled10_finetune_modelset_v1::pooled10_finetune
etard_tf64,adt,reconstruction,gate0_gate2_fixed_split_pooled10_modelset_v1::pooled10_finetune,0,P10,test_-_P10_-_hb_part_1,64,pearson_r,0.1350091975886941,1152,adt_pooled10_epoch_10,fixed_split_zero_shot_plus_pooled10_finetune_modelset_v1::pooled10_finetune
etard_tf64,adt,reconstruction,gate0_gate2_fixed_split_pooled10_modelset_v1::pooled10_finetune,0,P10,test_-_P10_-_hb_part_2,64,pearson_r,0.12973516344698588,1088,adt_pooled10_epoch_10,fixed_split_zero_shot_plus_pooled10_finetune_modelset_v1::pooled10_finetune
etard_tf64,adt,reconstruction,gate0_gate2_fixed_split_pooled10_modelset_v1::pooled10_finetune,0,P10,test_-_P10_-_hb_part_3,64,pearson_r,0.18294487296072579,1152,adt_pooled10_epoch_10,fixed_split_zero_shot_plus_pooled10_finetune_modelset_v1::pooled10_finetune
etard_tf64,adt,reconstruction,gate0_gate2_fixed_split_pooled10_modelset_v1::pooled10_finetune,0,P10,test_-_P10_-_hb_part_4,64,pearson_r,0.13379353116686962,1088,adt_pooled10_epoch_10,fixed_split_zero_shot_plus_pooled10_finetune_modelset_v1::pooled10_finetune
etard_tf64,adt,reconstruction,gate0_gate2_fixed_split_pooled10_modelset_v1::pooled10_finetune,0,P10,test_-_P10_-_lbDutch_part_1,64,pearson_r,0.0350708498747937,1024,adt_pooled10_epoch_10,fixed_split_zero_shot_plus_pooled10_finetune_modelset_v1::pooled10_finetune
etard_tf64,adt,reconstruction,gate0_gate2_fixed_split_pooled10_modelset_v1::pooled10_finetune,0,P10,test_-_P10_-_lbDutch_part_2,64,pearson_r,0.10157796721181349,1024,adt_pooled10_epoch_10,fixed_split_zero_shot_plus_pooled10_finetune_modelset_v1::pooled10_finetune
etard_tf64,adt,reconstruction,gate0_gate2_fixed_split_pooled10_modelset_v1::pooled10_finetune,0,P10,test_-_P10_-_lbDutch_part_3,64,pearson_r,-0.06568866554300008,1024,adt_pooled10_epoch_10,fixed_split_zero_shot_plus_pooled10_finetune_modelset_v1::pooled10_finetune
etard_tf64,adt,reconstruction,gate0_gate2_fixed_split_pooled10_modelset_v1::pooled10_finetune,0,P10,test_-_P10_-_lbDutch_part_4,64,pearson_r,0.02903880251598151,1024,adt_pooled10_epoch_10,fixed_split_zero_shot_plus_pooled10_finetune_modelset_v1::pooled10_finetune
etard_tf64,adt,reconstruction,gate0_gate2_fixed_split_pooled10_modelset_v1::pooled10_finetune,0,P10,test_-_P10_-_lb_part_1,64,pearson_r,0.0001703857419181537,1408,adt_pooled10_epoch_10,fixed_split_zero_shot_plus_pooled10_finetune_modelset_v1::pooled10_finetune
etard_tf64,adt,reconstruction,gate0_gate2_fixed_split_pooled10_modelset_v1::pooled10_finetune,0,P10,test_-_P10_-_lb_part_2,64,pearson_r,0.16519927538012694,1472,adt_pooled10_epoch_10,fixed_split_zero_shot_plus_pooled10_finetune_modelset_v1::pooled10_finetune
etard_tf64,adt,reconstruction,gate0_gate2_fixed_split_pooled10_modelset_v1::pooled10_finetune,0,P10,test_-_P10_-_lb_part_3,64,pearson_r,0.08400809576151581,1408,adt_pooled10_epoch_10,fixed_split_zero_shot_plus_pooled10_finetune_modelset_v1::pooled10_finetune
etard_tf64,adt,reconstruction,gate0_gate2_fixed_split_pooled10_modelset_v1::pooled10_finetune,0,P10,test_-_P10_-_lb_part_4,64,pearson_r,0.16672191925722155,1536,adt_pooled10_epoch_10,fixed_split_zero_shot_plus_pooled10_finetune_modelset_v1::pooled10_finetune
etard_tf64,adt,reconstruction,gate0_gate2_fixed_split_pooled10_modelset_v1::pooled10_finetune,0,P10,test_-_P10_-_mbDutch_part_1,64,pearson_r,0.0164077859084445,1024,adt_pooled10_epoch_10,fixed_split_zero_shot_plus_pooled10_finetune_modelset_v1::pooled10_finetune
etard_tf64,adt,reconstruction,gate0_gate2_fixed_split_pooled10_modelset_v1::pooled10_finetune,0,P10,test_-_P10_-_mbDutch_part_2,64,pearson_r,0.013085419451252217,1024,adt_pooled10_epoch_10,fixed_split_zero_shot_plus_pooled10_finetune_modelset_v1::pooled10_finetune
etard_tf64,adt,reconstruction,gate0_gate2_fixed_split_pooled10_modelset_v1::pooled10_finetune,0,P10,test_-_P10_-_mbDutch_part_3,64,pearson_r,-0.03402706596462458,1024,adt_pooled10_epoch_10,fixed_split_zero_shot_plus_pooled10_finetune_modelset_v1::pooled10_finetune
etard_tf64,adt,reconstruction,gate0_gate2_fixed_split_pooled10_modelset_v1::pooled10_finetune,0,P10,test_-_P10_-_mbDutch_part_4,64,pearson_r,-0.13976825187726,1024,adt_pooled10_epoch_10,fixed_split_zero_shot_plus_pooled10_finetune_modelset_v1::pooled10_finetune
etard_tf64,adt,reconstruction,gate0_gate2_fixed_split_pooled10_modelset_v1::pooled10_finetune,0,P10,test_-_P10_-_mb_part_1,64,pearson_r,0.23454928544021694,960,adt_pooled10_epoch_10,fixed_split_zero_shot_plus_pooled10_finetune_modelset_v1::pooled10_finetune
etard_tf64,adt,reconstruction,gate0_gate2_fixed_split_pooled10_modelset_v1::pooled10_finetune,0,P10,test_-_P10_-_mb_part_2,64,pearson_r,0.18959513703923792,1024,adt_pooled10_epoch_10,fixed_split_zero_shot_plus_pooled10_finetune_modelset_v1::pooled10_finetune
etard_tf64,adt,reconstruction,gate0_gate2_fixed_split_pooled10_modelset_v1::pooled10_finetune,0,P10,test_-_P10_-_mb_part_3,64,pearson_r,0.15573477602670746,1024,adt_pooled10_epoch_10,fixed_split_zero_shot_plus_pooled10_finetune_modelset_v1::pooled10_finetune
etard_tf64,adt,reconstruction,gate0_gate2_fixed_split_pooled10_modelset_v1::pooled10_finetune,0,P10,test_-_P10_-_mb_part_4,64,pearson_r,0.16541268965232753,1024,adt_pooled10_epoch_10,fixed_split_zero_shot_plus_pooled10_finetune_modelset_v1::pooled10_finetune
etard_tf64,adt,reconstruction,gate0_gate2_fixed_split_pooled10_modelset_v1::pooled10_finetune,0,P16,test_-_P16_-_cleanDutch_part_1,64,pearson_r,0.07106562151394338,960,adt_pooled10_epoch_10,fixed_split_zero_shot_plus_pooled10_finetune_modelset_v1::pooled10_finetune
etard_tf64,adt,reconstruction,gate0_gate2_fixed_split_pooled10_modelset_v1::pooled10_finetune,0,P16,test_-_P16_-_cleanDutch_part_2,64,pearson_r,0.03929123480103061,960,adt_pooled10_epoch_10,fixed_split_zero_shot_plus_pooled10_finetune_modelset_v1::pooled10_finetune
etard_tf64,adt,reconstruction,gate0_gate2_fixed_split_pooled10_modelset_v1::pooled10_finetune,0,P16,test_-_P16_-_cleanDutch_part_3,64,pearson_r,0.09247094341013606,960,adt_pooled10_epoch_10,fixed_split_zero_shot_plus_pooled10_finetune_modelset_v1::pooled10_finetune
etard_tf64,adt,reconstruction,gate0_gate2_fixed_split_pooled10_modelset_v1::pooled10_finetune,0,P16,test_-_P16_-_cleanDutch_part_4,64,pearson_r,0.1827729133578173,960,adt_pooled10_epoch_10,fixed_split_zero_shot_plus_pooled10_finetune_modelset_v1::pooled10_finetune
etard_tf64,adt,reconstruction,gate0_gate2_fixed_split_pooled10_modelset_v1::pooled10_finetune,0,P16,test_-_P16_-_clean_part_1,64,pearson_r,-0.08364538301940333,960,adt_pooled10_epoch_10,fixed_split_zero_shot_plus_pooled10_finetune_modelset_v1::pooled10_finetune
etard_tf64,adt,reconstruction,gate0_gate2_fixed_split_pooled10_modelset_v1::pooled10_finetune,0,P16,test_-_P16_-_clean_part_2,64,pearson_r,0.12140866995495907,1024,adt_pooled10_epoch_10,fixed_split_zero_shot_plus_pooled10_finetune_modelset_v1::pooled10_finetune
etard_tf64,adt,reconstruction,gate0_gate2_fixed_split_pooled10_modelset_v1::pooled10_finetune,0,P16,test_-_P16_-_clean_part_3,64,pearson_r,-0.01798689859928106,896,adt_pooled10_epoch_10,fixed_split_zero_shot_plus_pooled10_finetune_modelset_v1::pooled10_finetune
etard_tf64,adt,reconstruction,gate0_gate2_fixed_split_pooled10_modelset_v1::pooled10_finetune,0,P16,test_-_P16_-_clean_part_4,64,pearson_r,0.14045455164583598,960,adt_pooled10_epoch_10,fixed_split_zero_shot_plus_pooled10_finetune_modelset_v1::pooled10_finetune
etard_tf64,adt,reconstruction,gate0_gate2_fixed_split_pooled10_modelset_v1::pooled10_finetune,0,P16,test_-_P16_-_fM_part_1,64,pearson_r,0.06524860366358684,896,adt_pooled10_epoch_10,fixed_split_zero_shot_plus_pooled10_finetune_modelset_v1::pooled10_finetune
etard_tf64,adt,reconstruction,gate0_gate2_fixed_split_pooled10_modelset_v1::pooled10_finetune,0,P16,test_-_P16_-_fM_part_2,64,pearson_r,0.2142383082046608,832,adt_pooled10_epoch_10,fixed_split_zero_shot_plus_pooled10_finetune_modelset_v1::pooled10_finetune
etard_tf64,adt,reconstruction,gate0_gate2_fixed_split_pooled10_modelset_v1::pooled10_finetune,0,P16,test_-_P16_-_fM_part_3,64,pearson_r,0.22766607414350187,896,adt_pooled10_epoch_10,fixed_split_zero_shot_plus_pooled10_finetune_modelset_v1::pooled10_finetune
etard_tf64,adt,reconstruction,gate0_gate2_fixed_split_pooled10_modelset_v1::pooled10_finetune,0,P16,test_-_P16_-_fM_part_4,64,pearson_r,0.1776689536152748,960,adt_pooled10_epoch_10,fixed_split_zero_shot_plus_pooled10_finetune_modelset_v1::pooled10_finetune
etard_tf64,adt,reconstruction,gate0_gate2_fixed_split_pooled10_modelset_v1::pooled10_finetune,0,P16,test_-_P16_-_fW_part_1,64,pearson_r,0.052342865499244606,832,adt_pooled10_epoch_10,fixed_split_zero_shot_plus_pooled10_finetune_modelset_v1::pooled10_finetune
etard_tf64,adt,reconstruction,gate0_gate2_fixed_split_pooled10_modelset_v1::pooled10_finetune,0,P16,test_-_P16_-_fW_part_2,64,pearson_r,0.08293363615458683,896,adt_pooled10_epoch_10,fixed_split_zero_shot_plus_pooled10_finetune_modelset_v1::pooled10_finetune
etard_tf64,adt,reconstruction,gate0_gate2_fixed_split_pooled10_modelset_v1::pooled10_finetune,0,P16,test_-_P16_-_fW_part_3,64,pearson_r,-0.05815622303380168,960,adt_pooled10_epoch_10,fixed_split_zero_shot_plus_pooled10_finetune_modelset_v1::pooled10_finetune
etard_tf64,adt,reconstruction,gate0_gate2_fixed_split_pooled10_modelset_v1::pooled10_finetune,0,P16,test_-_P16_-_fW_part_4,64,pearson_r,0.1501428410318484,1088,adt_pooled10_epoch_10,fixed_split_zero_shot_plus_pooled10_finetune_modelset_v1::pooled10_finetune
etard_tf64,adt,reconstruction,gate0_gate2_fixed_split_pooled10_modelset_v1::pooled10_finetune,0,P16,test_-_P16_-_hbDutch_part_1,64,pearson_r,-0.0591027929367517,1024,adt_pooled10_epoch_10,fixed_split_zero_shot_plus_pooled10_finetune_modelset_v1::pooled10_finetune
etard_tf64,adt,reconstruction,gate0_gate2_fixed_split_pooled10_modelset_v1::pooled10_finetune,0,P16,test_-_P16_-_hbDutch_part_2,64,pearson_r,0.10174230477710838,1024,adt_pooled10_epoch_10,fixed_split_zero_shot_plus_pooled10_finetune_modelset_v1::pooled10_finetune
etard_tf64,adt,reconstruction,gate0_gate2_fixed_split_pooled10_modelset_v1::pooled10_finetune,0,P16,test_-_P16_-_hbDutch_part_3,64,pearson_r,0.06297172870257288,1024,adt_pooled10_epoch_10,fixed_split_zero_shot_plus_pooled10_finetune_modelset_v1::pooled10_finetune
etard_tf64,adt,reconstruction,gate0_gate2_fixed_split_pooled10_modelset_v1::pooled10_finetune,0,P16,test_-_P16_-_hbDutch_part_4,64,pearson_r,-0.2185058799502683,1024,adt_pooled10_epoch_10,fixed_split_zero_shot_plus_pooled10_finetune_modelset_v1::pooled10_finetune
etard_tf64,adt,reconstruction,gate0_gate2_fixed_split_pooled10_modelset_v1::pooled10_finetune,0,P16,test_-_P16_-_hb_part_1,64,pearson_r,-0.054870577673644956,1152,adt_pooled10_epoch_10,fixed_split_zero_shot_plus_pooled10_finetune_modelset_v1::pooled10_finetune
etard_tf64,adt,reconstruction,gate0_gate2_fixed_split_pooled10_modelset_v1::pooled10_finetune,0,P16,test_-_P16_-_hb_part_2,64,pearson_r,0.07011683135266474,1088,adt_pooled10_epoch_10,fixed_split_zero_shot_plus_pooled10_finetune_modelset_v1::pooled10_finetune
etard_tf64,adt,reconstruction,gate0_gate2_fixed_split_pooled10_modelset_v1::pooled10_finetune,0,P16,test_-_P16_-_hb_part_3,64,pearson_r,0.24798629303370992,1152,adt_pooled10_epoch_10,fixed_split_zero_shot_plus_pooled10_finetune_modelset_v1::pooled10_finetune
etard_tf64,adt,reconstruction,gate0_gate2_fixed_split_pooled10_modelset_v1::pooled10_finetune,0,P16,test_-_P16_-_hb_part_4,64,pearson_r,0.05549982854276499,1088,adt_pooled10_epoch_10,fixed_split_zero_shot_plus_pooled10_finetune_modelset_v1::pooled10_finetune
etard_tf64,adt,reconstruction,gate0_gate2_fixed_split_pooled10_modelset_v1::pooled10_finetune,0,P16,test_-_P16_-_lbDutch_part_1,64,pearson_r,0.04605041823012706,1024,adt_pooled10_epoch_10,fixed_split_zero_shot_plus_pooled10_finetune_modelset_v1::pooled10_finetune
etard_tf64,adt,reconstruction,gate0_gate2_fixed_split_pooled10_modelset_v1::pooled10_finetune,0,P16,test_-_P16_-_lbDutch_part_2,64,pearson_r,-0.033971400142796974,1024,adt_pooled10_epoch_10,fixed_split_zero_shot_plus_pooled10_finetune_modelset_v1::pooled10_finetune
etard_tf64,adt,reconstruction,gate0_gate2_fixed_split_pooled10_modelset_v1::pooled10_finetune,0,P16,test_-_P16_-_lbDutch_part_3,64,pearson_r,0.13245666203753184,1024,adt_pooled10_epoch_10,fixed_split_zero_shot_plus_pooled10_finetune_modelset_v1::pooled10_finetune
etard_tf64,adt,reconstruction,gate0_gate2_fixed_split_pooled10_modelset_v1::pooled10_finetune,0,P16,test_-_P16_-_lbDutch_part_4,64,pearson_r,-0.07149556520522464,1024,adt_pooled10_epoch_10,fixed_split_zero_shot_plus_pooled10_finetune_modelset_v1::pooled10_finetune
etard_tf64,adt,reconstruction,gate0_gate2_fixed_split_pooled10_modelset_v1::pooled10_finetune,0,P16,test_-_P16_-_lb_part_1,64,pearson_r,0.226026975393142,1408,adt_pooled10_epoch_10,fixed_split_zero_shot_plus_pooled10_finetune_modelset_v1::pooled10_finetune
etard_tf64,adt,reconstruction,gate0_gate2_fixed_split_pooled10_modelset_v1::pooled10_finetune,0,P16,test_-_P16_-_lb_part_2,64,pearson_r,-0.0658140907491856,1472,adt_pooled10_epoch_10,fixed_split_zero_shot_plus_pooled10_finetune_modelset_v1::pooled10_finetune
etard_tf64,adt,reconstruction,gate0_gate2_fixed_split_pooled10_modelset_v1::pooled10_finetune,0,P16,test_-_P16_-_lb_part_3,64,pearson_r,0.09628070361962396,1408,adt_pooled10_epoch_10,fixed_split_zero_shot_plus_pooled10_finetune_modelset_v1::pooled10_finetune
etard_tf64,adt,reconstruction,gate0_gate2_fixed_split_pooled10_modelset_v1::pooled10_finetune,0,P16,test_-_P16_-_lb_part_4,64,pearson_r,-0.06304907664323235,1536,adt_pooled10_epoch_10,fixed_split_zero_shot_plus_pooled10_finetune_modelset_v1::pooled10_finetune
etard_tf64,adt,reconstruction,gate0_gate2_fixed_split_pooled10_modelset_v1::pooled10_finetune,0,P16,test_-_P16_-_mbDutch_part_1,64,pearson_r,0.04583307947302926,1024,adt_pooled10_epoch_10,fixed_split_zero_shot_plus_pooled10_finetune_modelset_v1::pooled10_finetune
etard_tf64,adt,reconstruction,gate0_gate2_fixed_split_pooled10_modelset_v1::pooled10_finetune,0,P16,test_-_P16_-_mbDutch_part_2,64,pearson_r,0.09433729204655353,1024,adt_pooled10_epoch_10,fixed_split_zero_shot_plus_pooled10_finetune_modelset_v1::pooled10_finetune
etard_tf64,adt,reconstruction,gate0_gate2_fixed_split_pooled10_modelset_v1::pooled10_finetune,0,P16,test_-_P16_-_mbDutch_part_3,64,pearson_r,0.04191977082168514,1024,adt_pooled10_epoch_10,fixed_split_zero_shot_plus_pooled10_finetune_modelset_v1::pooled10_finetune
etard_tf64,adt,reconstruction,gate0_gate2_fixed_split_pooled10_modelset_v1::pooled10_finetune,0,P16,test_-_P16_-_mbDutch_part_4,64,pearson_r,0.011700906215244168,1024,adt_pooled10_epoch_10,fixed_split_zero_shot_plus_pooled10_finetune_modelset_v1::pooled10_finetune
etard_tf64,adt,reconstruction,gate0_gate2_fixed_split_pooled10_modelset_v1::pooled10_finetune,0,P16,test_-_P16_-_mb_part_1,64,pearson_r,0.17308850922925229,960,adt_pooled10_epoch_10,fixed_split_zero_shot_plus_pooled10_finetune_modelset_v1::pooled10_finetune
etard_tf64,adt,reconstruction,gate0_gate2_fixed_split_pooled10_modelset_v1::pooled10_finetune,0,P16,test_-_P16_-_mb_part_2,64,pearson_r,0.13711406791015748,1024,adt_pooled10_epoch_10,fixed_split_zero_shot_plus_pooled10_finetune_modelset_v1::pooled10_finetune
etard_tf64,adt,reconstruction,gate0_gate2_fixed_split_pooled10_modelset_v1::pooled10_finetune,0,P16,test_-_P16_-_mb_part_3,64,pearson_r,0.005389098190127818,1024,adt_pooled10_epoch_10,fixed_split_zero_shot_plus_pooled10_finetune_modelset_v1::pooled10_finetune
etard_tf64,adt,reconstruction,gate0_gate2_fixed_split_pooled10_modelset_v1::pooled10_finetune,0,P16,test_-_P16_-_mb_part_4,64,pearson_r,0.01450404807934826,1024,adt_pooled10_epoch_10,fixed_split_zero_shot_plus_pooled10_finetune_modelset_v1::pooled10_finetune
etard_tf64,adt,reconstruction,gate0_gate2_fixed_split_pooled10_modelset_v1::pooled10_finetune,0,P17,test_-_P17_-_cleanDutch_part_1,64,pearson_r,0.11242543767838818,960,adt_pooled10_epoch_10,fixed_split_zero_shot_plus_pooled10_finetune_modelset_v1::pooled10_finetune
etard_tf64,adt,reconstruction,gate0_gate2_fixed_split_pooled10_modelset_v1::pooled10_finetune,0,P17,test_-_P17_-_cleanDutch_part_2,64,pearson_r,0.25293458345404074,960,adt_pooled10_epoch_10,fixed_split_zero_shot_plus_pooled10_finetune_modelset_v1::pooled10_finetune
etard_tf64,adt,reconstruction,gate0_gate2_fixed_split_pooled10_modelset_v1::pooled10_finetune,0,P17,test_-_P17_-_cleanDutch_part_3,64,pearson_r,0.24518812090610229,960,adt_pooled10_epoch_10,fixed_split_zero_shot_plus_pooled10_finetune_modelset_v1::pooled10_finetune
etard_tf64,adt,reconstruction,gate0_gate2_fixed_split_pooled10_modelset_v1::pooled10_finetune,0,P17,test_-_P17_-_cleanDutch_part_4,64,pearson_r,0.12811407925631155,960,adt_pooled10_epoch_10,fixed_split_zero_shot_plus_pooled10_finetune_modelset_v1::pooled10_finetune
etard_tf64,adt,reconstruction,gate0_gate2_fixed_split_pooled10_modelset_v1::pooled10_finetune,0,P17,test_-_P17_-_clean_part_1,64,pearson_r,0.022307496957597216,960,adt_pooled10_epoch_10,fixed_split_zero_shot_plus_pooled10_finetune_modelset_v1::pooled10_finetune
etard_tf64,adt,reconstruction,gate0_gate2_fixed_split_pooled10_modelset_v1::pooled10_finetune,0,P17,test_-_P17_-_clean_part_2,64,pearson_r,0.051023372402629226,1024,adt_pooled10_epoch_10,fixed_split_zero_shot_plus_pooled10_finetune_modelset_v1::pooled10_finetune
etard_tf64,adt,reconstruction,gate0_gate2_fixed_split_pooled10_modelset_v1::pooled10_finetune,0,P17,test_-_P17_-_clean_part_3,64,pearson_r,0.050732531108577276,896,adt_pooled10_epoch_10,fixed_split_zero_shot_plus_pooled10_finetune_modelset_v1::pooled10_finetune
etard_tf64,adt,reconstruction,gate0_gate2_fixed_split_pooled10_modelset_v1::pooled10_finetune,0,P17,test_-_P17_-_clean_part_4,64,pearson_r,0.2932702862448373,960,adt_pooled10_epoch_10,fixed_split_zero_shot_plus_pooled10_finetune_modelset_v1::pooled10_finetune
etard_tf64,adt,reconstruction,gate0_gate2_fixed_split_pooled10_modelset_v1::pooled10_finetune,0,P17,test_-_P17_-_fM_part_1,64,pearson_r,0.061682765004214345,896,adt_pooled10_epoch_10,fixed_split_zero_shot_plus_pooled10_finetune_modelset_v1::pooled10_finetune
etard_tf64,adt,reconstruction,gate0_gate2_fixed_split_pooled10_modelset_v1::pooled10_finetune,0,P17,test_-_P17_-_fM_part_2,64,pearson_r,0.06429199965369788,832,adt_pooled10_epoch_10,fixed_split_zero_shot_plus_pooled10_finetune_modelset_v1::pooled10_finetune
etard_tf64,adt,reconstruction,gate0_gate2_fixed_split_pooled10_modelset_v1::pooled10_finetune,0,P17,test_-_P17_-_fM_part_3,64,pearson_r,-0.04953553837866422,896,adt_pooled10_epoch_10,fixed_split_zero_shot_plus_pooled10_finetune_modelset_v1::pooled10_finetune
etard_tf64,adt,reconstruction,gate0_gate2_fixed_split_pooled10_modelset_v1::pooled10_finetune,0,P17,test_-_P17_-_fM_part_4,64,pearson_r,0.25897115025250295,960,adt_pooled10_epoch_10,fixed_split_zero_shot_plus_pooled10_finetune_modelset_v1::pooled10_finetune
etard_tf64,adt,reconstruction,gate0_gate2_fixed_split_pooled10_modelset_v1::pooled10_finetune,0,P17,test_-_P17_-_fW_part_1,64,pearson_r,0.02687588873504016,832,adt_pooled10_epoch_10,fixed_split_zero_shot_plus_pooled10_finetune_modelset_v1::pooled10_finetune
etard_tf64,adt,reconstruction,gate0_gate2_fixed_split_pooled10_modelset_v1::pooled10_finetune,0,P17,test_-_P17_-_fW_part_2,64,pearson_r,0.047306399995678955,896,adt_pooled10_epoch_10,fixed_split_zero_shot_plus_pooled10_finetune_modelset_v1::pooled10_finetune
etard_tf64,adt,reconstruction,gate0_gate2_fixed_split_pooled10_modelset_v1::pooled10_finetune,0,P17,test_-_P17_-_fW_part_3,64,pearson_r,-0.06183356914350831,960,adt_pooled10_epoch_10,fixed_split_zero_shot_plus_pooled10_finetune_modelset_v1::pooled10_finetune
etard_tf64,adt,reconstruction,gate0_gate2_fixed_split_pooled10_modelset_v1::pooled10_finetune,0,P17,test_-_P17_-_fW_part_4,64,pearson_r,0.19933963105079802,1088,adt_pooled10_epoch_10,fixed_split_zero_shot_plus_pooled10_finetune_modelset_v1::pooled10_finetune
etard_tf64,adt,reconstruction,gate0_gate2_fixed_split_pooled10_modelset_v1::pooled10_finetune,0,P17,test_-_P17_-_hbDutch_part_1,64,pearson_r,0.13211499965267148,1024,adt_pooled10_epoch_10,fixed_split_zero_shot_plus_pooled10_finetune_modelset_v1::pooled10_finetune
etard_tf64,adt,reconstruction,gate0_gate2_fixed_split_pooled10_modelset_v1::pooled10_finetune,0,P17,test_-_P17_-_hbDutch_part_2,64,pearson_r,-0.17430705749924924,1024,adt_pooled10_epoch_10,fixed_split_zero_shot_plus_pooled10_finetune_modelset_v1::pooled10_finetune
etard_tf64,adt,reconstruction,gate0_gate2_fixed_split_pooled10_modelset_v1::pooled10_finetune,0,P17,test_-_P17_-_hbDutch_part_3,64,pearson_r,-0.05859264244152167,1024,adt_pooled10_epoch_10,fixed_split_zero_shot_plus_pooled10_finetune_modelset_v1::pooled10_finetune
etard_tf64,adt,reconstruction,gate0_gate2_fixed_split_pooled10_modelset_v1::pooled10_finetune,0,P17,test_-_P17_-_hbDutch_part_4,64,pearson_r,0.10311543521344925,1024,adt_pooled10_epoch_10,fixed_split_zero_shot_plus_pooled10_finetune_modelset_v1::pooled10_finetune
etard_tf64,adt,reconstruction,gate0_gate2_fixed_split_pooled10_modelset_v1::pooled10_finetune,0,P17,test_-_P17_-_hb_part_1,64,pearson_r,-0.1368619593438648,1152,adt_pooled10_epoch_10,fixed_split_zero_shot_plus_pooled10_finetune_modelset_v1::pooled10_finetune
etard_tf64,adt,reconstruction,gate0_gate2_fixed_split_pooled10_modelset_v1::pooled10_finetune,0,P17,test_-_P17_-_hb_part_2,64,pearson_r,-0.051522858477886006,1088,adt_pooled10_epoch_10,fixed_split_zero_shot_plus_pooled10_finetune_modelset_v1::pooled10_finetune
etard_tf64,adt,reconstruction,gate0_gate2_fixed_split_pooled10_modelset_v1::pooled10_finetune,0,P17,test_-_P17_-_hb_part_3,64,pearson_r,-0.06065745190958022,1152,adt_pooled10_epoch_10,fixed_split_zero_shot_plus_pooled10_finetune_modelset_v1::pooled10_finetune
etard_tf64,adt,reconstruction,gate0_gate2_fixed_split_pooled10_modelset_v1::pooled10_finetune,0,P17,test_-_P17_-_hb_part_4,64,pearson_r,0.2242780511051673,1088,adt_pooled10_epoch_10,fixed_split_zero_shot_plus_pooled10_finetune_modelset_v1::pooled10_finetune
etard_tf64,adt,reconstruction,gate0_gate2_fixed_split_pooled10_modelset_v1::pooled10_finetune,0,P17,test_-_P17_-_lbDutch_part_1,64,pearson_r,-0.0014236593817587154,1024,adt_pooled10_epoch_10,fixed_split_zero_shot_plus_pooled10_finetune_modelset_v1::pooled10_finetune
etard_tf64,adt,reconstruction,gate0_gate2_fixed_split_pooled10_modelset_v1::pooled10_finetune,0,P17,test_-_P17_-_lbDutch_part_2,64,pearson_r,-0.04472424273046796,1024,adt_pooled10_epoch_10,fixed_split_zero_shot_plus_pooled10_finetune_modelset_v1::pooled10_finetune
etard_tf64,adt,reconstruction,gate0_gate2_fixed_split_pooled10_modelset_v1::pooled10_finetune,0,P17,test_-_P17_-_lbDutch_part_3,64,pearson_r,0.04125192852543632,1024,adt_pooled10_epoch_10,fixed_split_zero_shot_plus_pooled10_finetune_modelset_v1::pooled10_finetune
etard_tf64,adt,reconstruction,gate0_gate2_fixed_split_pooled10_modelset_v1::pooled10_finetune,0,P17,test_-_P17_-_lbDutch_part_4,64,pearson_r,0.18213172450843582,1024,adt_pooled10_epoch_10,fixed_split_zero_shot_plus_pooled10_finetune_modelset_v1::pooled10_finetune
etard_tf64,adt,reconstruction,gate0_gate2_fixed_split_pooled10_modelset_v1::pooled10_finetune,0,P17,test_-_P17_-_lb_part_1,64,pearson_r,0.011546085569554238,1408,adt_pooled10_epoch_10,fixed_split_zero_shot_plus_pooled10_finetune_modelset_v1::pooled10_finetune
etard_tf64,adt,reconstruction,gate0_gate2_fixed_split_pooled10_modelset_v1::pooled10_finetune,0,P17,test_-_P17_-_lb_part_2,64,pearson_r,-0.04234677183036249,1472,adt_pooled10_epoch_10,fixed_split_zero_shot_plus_pooled10_finetune_modelset_v1::pooled10_finetune
etard_tf64,adt,reconstruction,gate0_gate2_fixed_split_pooled10_modelset_v1::pooled10_finetune,0,P17,test_-_P17_-_lb_part_3,64,pearson_r,0.09065468266773297,1408,adt_pooled10_epoch_10,fixed_split_zero_shot_plus_pooled10_finetune_modelset_v1::pooled10_finetune
etard_tf64,adt,reconstruction,gate0_gate2_fixed_split_pooled10_modelset_v1::pooled10_finetune,0,P17,test_-_P17_-_lb_part_4,64,pearson_r,0.13979078396957698,1536,adt_pooled10_epoch_10,fixed_split_zero_shot_plus_pooled10_finetune_modelset_v1::pooled10_finetune
etard_tf64,adt,reconstruction,gate0_gate2_fixed_split_pooled10_modelset_v1::pooled10_finetune,0,P17,test_-_P17_-_mbDutch_part_1,64,pearson_r,-0.21232036226318252,1024,adt_pooled10_epoch_10,fixed_split_zero_shot_plus_pooled10_finetune_modelset_v1::pooled10_finetune
etard_tf64,adt,reconstruction,gate0_gate2_fixed_split_pooled10_modelset_v1::pooled10_finetune,0,P17,test_-_P17_-_mbDutch_part_2,64,pearson_r,-0.07851559587176722,1024,adt_pooled10_epoch_10,fixed_split_zero_shot_plus_pooled10_finetune_modelset_v1::pooled10_finetune
etard_tf64,adt,reconstruction,gate0_gate2_fixed_split_pooled10_modelset_v1::pooled10_finetune,0,P17,test_-_P17_-_mbDutch_part_3,64,pearson_r,0.1338277099367609,1024,adt_pooled10_epoch_10,fixed_split_zero_shot_plus_pooled10_finetune_modelset_v1::pooled10_finetune
etard_tf64,adt,reconstruction,gate0_gate2_fixed_split_pooled10_modelset_v1::pooled10_finetune,0,P17,test_-_P17_-_mbDutch_part_4,64,pearson_r,-0.05018472310082963,1024,adt_pooled10_epoch_10,fixed_split_zero_shot_plus_pooled10_finetune_modelset_v1::pooled10_finetune
etard_tf64,adt,reconstruction,gate0_gate2_fixed_split_pooled10_modelset_v1::pooled10_finetune,0,P17,test_-_P17_-_mb_part_1,64,pearson_r,0.053781347830655954,960,adt_pooled10_epoch_10,fixed_split_zero_shot_plus_pooled10_finetune_modelset_v1::pooled10_finetune
etard_tf64,adt,reconstruction,gate0_gate2_fixed_split_pooled10_modelset_v1::pooled10_finetune,0,P17,test_-_P17_-_mb_part_2,64,pearson_r,0.06060685786955704,1024,adt_pooled10_epoch_10,fixed_split_zero_shot_plus_pooled10_finetune_modelset_v1::pooled10_finetune
etard_tf64,adt,reconstruction,gate0_gate2_fixed_split_pooled10_modelset_v1::pooled10_finetune,0,P17,test_-_P17_-_mb_part_3,64,pearson_r,-0.07641891597114445,1024,adt_pooled10_epoch_10,fixed_split_zero_shot_plus_pooled10_finetune_modelset_v1::pooled10_finetune
etard_tf64,adt,reconstruction,gate0_gate2_fixed_split_pooled10_modelset_v1::pooled10_finetune,0,P17,test_-_P17_-_mb_part_4,64,pearson_r,0.1494162907084399,1024,adt_pooled10_epoch_10,fixed_split_zero_shot_plus_pooled10_finetune_modelset_v1::pooled10_finetune
